/*
 * Generated RGB565 + alpha assets from official Cloud Imperium company logos.
 * Source: https://github.com/The-Star-Citizen-Wikis/SharedIcons
 * Native logo colors are preserved; this project uses RGB565 without byte swapping.
 */
#include "sc_pad_logos.h"

#if LV_COLOR_DEPTH != 16 || LV_COLOR_16_SWAP != 0
#error "SC Pad logo assets require LV_COLOR_DEPTH=16 and LV_COLOR_16_SWAP=0"
#endif
static const uint8_t sc_pad_logo_rsi_map[] = {
  0x00, 0x00, 0x00, 0x00, 0x00, 0x00, 0x00, 0x00, 0x00, 0x00, 0x00, 0x00,
  0x00, 0x00, 0x00, 0x00, 0x00, 0x00, 0x00, 0x00, 0x00, 0x00, 0x00, 0x00,
  0x00, 0x00, 0x00, 0x00, 0x00, 0x00, 0x00, 0x00, 0x00, 0x00, 0x00, 0x00,
  0x00, 0x00, 0x00, 0x00, 0x00, 0x00, 0x00, 0x00, 0x00, 0x00, 0x00, 0x00,
  0x00, 0x00, 0x00, 0x00, 0x00, 0x00, 0x00, 0x00, 0x00, 0x00, 0x00, 0x00,
  0x00, 0x00, 0x00, 0x00, 0x00, 0x00, 0x00, 0x00, 0x00, 0x00, 0x00, 0x00,
  0x00, 0x00, 0x00, 0x00, 0x00, 0x00, 0x00, 0x00, 0x00, 0x00, 0x00, 0x00,
  0x00, 0x00, 0x00, 0x00, 0x00, 0x00, 0x00, 0x00, 0x00, 0x00, 0x00, 0x00,
  0x00, 0x00, 0x00, 0x00, 0x00, 0x00, 0x00, 0x00, 0x00, 0x00, 0x00, 0x00,
  0x00, 0x00, 0x00, 0x00, 0x00, 0x00, 0x00, 0x00, 0x00, 0x00, 0x00, 0x00,
  0x00, 0x00, 0x00, 0x00, 0x00, 0x00, 0x00, 0x00, 0x00, 0x00, 0x00, 0x00,
  0x00, 0x00, 0x00, 0x00, 0x00, 0x00, 0x00, 0x00, 0x00, 0x00, 0x00, 0x00,
  0x00, 0x00, 0x00, 0x00, 0x00, 0x00, 0x00, 0x00, 0x00, 0x00, 0x00, 0x00,
  0x00, 0x00, 0x00, 0x00, 0x00, 0x00, 0x00, 0x00, 0x00, 0x00, 0x00, 0x00,
  0x00, 0x00, 0x00, 0x00, 0x00, 0x00, 0x00, 0x00, 0x00, 0x00, 0x00, 0x00,
  0x00, 0x00, 0x00, 0x00, 0x00, 0x00, 0x00, 0x00, 0x00, 0x00, 0x00, 0x00,
  0x00, 0x00, 0x00, 0x00, 0x00, 0x00, 0x00, 0x00, 0x00, 0x00, 0x00, 0x00,
  0x00, 0x00, 0x00, 0x00, 0x00, 0x00, 0x00, 0x00, 0x00, 0x00, 0x00, 0x00,
  0x00, 0x00, 0x00, 0x00, 0x00, 0x00, 0x00, 0x00, 0x00, 0x00, 0x00, 0x00,
  0x00, 0x00, 0x00, 0x00, 0x00, 0x00, 0x00, 0x00, 0x00, 0x00, 0x00, 0x00,
  0x00, 0x00, 0x00, 0x00, 0x00, 0x00, 0x00, 0x00, 0x00, 0x00, 0x00, 0x00,
  0x00, 0x00, 0x00, 0x00, 0x00, 0x00, 0x00, 0x00, 0x00, 0x00, 0x00, 0x00,
  0x00, 0x00, 0x00, 0x00, 0x00, 0x00, 0x00, 0x00, 0x00, 0x00, 0x00, 0x00,
  0x00, 0x00, 0x00, 0x00, 0x00, 0x00, 0x00, 0x00, 0x00, 0x00, 0x00, 0x00,
  0x00, 0x00, 0x00, 0x00, 0x00, 0x00, 0x00, 0x00, 0x00, 0x00, 0x00, 0x00,
  0x00, 0x00, 0x00, 0x00, 0x00, 0x00, 0x00, 0x00, 0x00, 0x00, 0x00, 0x00,
  0x00, 0x00, 0x00, 0x00, 0x00, 0x00, 0x00, 0x00, 0x00, 0x00, 0x00, 0x00,
  0x00, 0x00, 0x00, 0x00, 0x00, 0x00, 0x00, 0x00, 0x00, 0x00, 0x00, 0x00,
  0x00, 0x00, 0x00, 0x00, 0x00, 0x00, 0x00, 0x00, 0x00, 0x00, 0x00, 0x00,
  0x00, 0x00, 0x00, 0x00, 0x00, 0x00, 0x00, 0x00, 0x00, 0x00, 0x00, 0x00,
  0x00, 0x00, 0x00, 0x00, 0x00, 0x00, 0x00, 0x00, 0x00, 0x00, 0x00, 0x00,
  0x00, 0x00, 0x00, 0x00, 0x00, 0x00, 0x00, 0x00, 0x00, 0x00, 0x00, 0x00,
  0x00, 0x00, 0x00, 0x00, 0x00, 0x00, 0x00, 0x00, 0x00, 0x00, 0x00, 0x00,
  0x00, 0x00, 0x00, 0x00, 0x00, 0x00, 0x00, 0x00, 0x00, 0x00, 0x00, 0x00,
  0x00, 0x00, 0x00, 0x00, 0x00, 0x00, 0x00, 0x00, 0x00, 0x00, 0x00, 0x00,
  0x00, 0x00, 0x00, 0x00, 0x00, 0x00, 0x00, 0x00, 0x00, 0x00, 0x00, 0x00,
  0x00, 0x00, 0x00, 0x00, 0x00, 0x00, 0x00, 0x00, 0x00, 0x00, 0x00, 0x00,
  0x00, 0x00, 0x00, 0x00, 0x00, 0x00, 0x00, 0x00, 0x00, 0x00, 0x00, 0x00,
  0x00, 0x00, 0x00, 0x00, 0x00, 0x00, 0x00, 0x00, 0x00, 0x00, 0x00, 0x00,
  0x00, 0x00, 0x00, 0x00, 0x00, 0x00, 0x00, 0x00, 0x00, 0x00, 0x00, 0x00,
  0x00, 0x00, 0x00, 0x00, 0x00, 0x00, 0x00, 0x00, 0x00, 0x00, 0x00, 0x00,
  0x00, 0x00, 0x00, 0x00, 0x00, 0x00, 0x00, 0x00, 0x00, 0x00, 0x00, 0x00,
  0x00, 0x00, 0x00, 0x00, 0x00, 0x00, 0x00, 0x00, 0x00, 0x00, 0x00, 0x00,
  0x00, 0x00, 0x00, 0x00, 0x00, 0x00, 0x00, 0x00, 0x00, 0x00, 0x00, 0x00,
  0x00, 0x00, 0x00, 0x00, 0x00, 0x00, 0x00, 0x00, 0x00, 0x00, 0x00, 0x00,
  0x00, 0x00, 0x00, 0x00, 0x00, 0x00, 0x00, 0x00, 0x00, 0x00, 0x00, 0x00,
  0x00, 0x00, 0x00, 0x00, 0x00, 0x00, 0x00, 0x00, 0x00, 0x00, 0x00, 0x00,
  0x00, 0x00, 0x00, 0x00, 0x00, 0x00, 0x00, 0x00, 0x00, 0x00, 0x00, 0x00,
  0x00, 0x00, 0x00, 0x00, 0x00, 0x00, 0x00, 0x00, 0x00, 0x00, 0x00, 0x00,
  0x00, 0x00, 0x00, 0x00, 0x00, 0x00, 0x00, 0x00, 0x00, 0x00, 0x00, 0x00,
  0x00, 0x00, 0x00, 0x00, 0x00, 0x00, 0x00, 0x00, 0x00, 0x00, 0x00, 0x00,
  0x00, 0x00, 0x00, 0x00, 0x00, 0x00, 0x00, 0x00, 0x00, 0x00, 0x00, 0x00,
  0x00, 0x00, 0x00, 0x00, 0x00, 0x00, 0x00, 0x00, 0x00, 0x00, 0x00, 0x00,
  0x00, 0x00, 0x00, 0x00, 0x00, 0x00, 0x00, 0x00, 0x00, 0x00, 0x00, 0x00,
  0x00, 0x00, 0x00, 0x00, 0x00, 0x00, 0x00, 0x00, 0x00, 0x00, 0x00, 0x00,
  0x00, 0x00, 0x00, 0x00, 0x00, 0x00, 0x00, 0x00, 0x00, 0x00, 0x00, 0x00,
  0x00, 0x00, 0x00, 0x00, 0x00, 0x00, 0x00, 0x00, 0x00, 0x00, 0x00, 0x00,
  0x00, 0x00, 0x00, 0x00, 0x00, 0x00, 0x00, 0x00, 0x00, 0x00, 0x00, 0x00,
  0x00, 0x00, 0x00, 0x00, 0x00, 0x00, 0x00, 0x00, 0x00, 0x00, 0x00, 0x00,
  0x00, 0x00, 0x00, 0x00, 0x00, 0x00, 0x00, 0x00, 0x00, 0x00, 0x00, 0x00,
  0x00, 0x00, 0x00, 0x00, 0x00, 0x00, 0x00, 0x00, 0x00, 0x00, 0x00, 0x00,
  0x00, 0x00, 0x00, 0x00, 0x00, 0x00, 0x00, 0x00, 0x00, 0x00, 0x00, 0x00,
  0x00, 0x00, 0x00, 0x00, 0x00, 0x00, 0x00, 0x00, 0x00, 0x00, 0x00, 0x00,
  0x00, 0x00, 0x00, 0x00, 0x00, 0x00, 0x00, 0x00, 0x00, 0x00, 0x00, 0x00,
  0x00, 0x00, 0x00, 0x00, 0x00, 0x00, 0x00, 0x00, 0x00, 0x00, 0x00, 0x00,
  0x00, 0x00, 0x00, 0x00, 0x00, 0x00, 0x00, 0x00, 0x00, 0x00, 0x00, 0x00,
  0x00, 0x00, 0x00, 0x00, 0x00, 0x00, 0x00, 0x00, 0x00, 0x00, 0x00, 0x00,
  0x00, 0x00, 0x00, 0x00, 0x00, 0x00, 0x00, 0x00, 0x00, 0x00, 0x00, 0x00,
  0x00, 0x00, 0x00, 0x00, 0x00, 0x00, 0x00, 0x00, 0x00, 0x00, 0x00, 0x00,
  0x00, 0x00, 0x00, 0x00, 0x00, 0x00, 0x00, 0x00, 0x00, 0x00, 0x00, 0x00,
  0x00, 0x00, 0x00, 0x00, 0x00, 0x00, 0x00, 0x00, 0x00, 0x00, 0x00, 0x00,
  0x00, 0x00, 0x00, 0x00, 0x00, 0x00, 0x00, 0x00, 0x00, 0x00, 0x00, 0x00,
  0x00, 0x00, 0x00, 0x00, 0x00, 0x00, 0x00, 0x00, 0x00, 0x00, 0x00, 0x00,
  0x00, 0x00, 0x00, 0x00, 0x00, 0x00, 0x10, 0x84, 0x00, 0xf1, 0x7b, 0x00,
  0x10, 0x84, 0x8d, 0x10, 0x84, 0xef, 0x10, 0x84, 0xeb, 0x10, 0x84, 0xeb,
  0x10, 0x84, 0xeb, 0x10, 0x84, 0xeb, 0x10, 0x84, 0xeb, 0x10, 0x84, 0xeb,
  0x10, 0x84, 0xeb, 0x10, 0x84, 0xeb, 0x10, 0x84, 0xeb, 0x10, 0x84, 0xeb,
  0x10, 0x84, 0xeb, 0x10, 0x84, 0xeb, 0x10, 0x84, 0xeb, 0x10, 0x84, 0xeb,
  0x10, 0x84, 0xeb, 0x10, 0x84, 0xeb, 0x10, 0x84, 0xeb, 0x10, 0x84, 0xeb,
  0x10, 0x84, 0xeb, 0x10, 0x84, 0xeb, 0x10, 0x84, 0xeb, 0x10, 0x84, 0xeb,
  0x10, 0x84, 0xeb, 0x10, 0x84, 0xeb, 0x10, 0x84, 0xe4, 0x10, 0x84, 0xa7,
  0x10, 0x84, 0x2b, 0x10, 0x84, 0x00, 0x10, 0x7c, 0x00, 0x10, 0x84, 0x00,
  0x10, 0x84, 0x01, 0x10, 0x84, 0x4a, 0x10, 0x84, 0xba, 0x10, 0x84, 0xe6,
  0x10, 0x84, 0xe9, 0x10, 0x84, 0xe9, 0x10, 0x84, 0xea, 0x10, 0x84, 0xeb,
  0x10, 0x84, 0xeb, 0x10, 0x84, 0xeb, 0x10, 0x84, 0xeb, 0x10, 0x84, 0xeb,
  0x10, 0x84, 0xeb, 0x10, 0x84, 0xeb, 0x10, 0x84, 0xeb, 0x10, 0x84, 0xeb,
  0x10, 0x84, 0xeb, 0x10, 0x84, 0xed, 0x10, 0x84, 0xed, 0x10, 0x84, 0xed,
  0x10, 0x84, 0xed, 0x10, 0x84, 0xed, 0x10, 0x84, 0xed, 0x10, 0x84, 0xe9,
  0xf1, 0x7b, 0x49, 0xc1, 0xfd, 0x43, 0xc2, 0xfd, 0xe6, 0xc2, 0xfd, 0x51,
  0xc2, 0xfd, 0x2f, 0xc2, 0xfd, 0xda, 0xc2, 0xfd, 0x4b, 0xc2, 0xfd, 0x38,
  0xc2, 0xfd, 0xdc, 0xc1, 0xfd, 0x42, 0xf1, 0x7b, 0x36, 0x10, 0x84, 0xe2,
  0x10, 0x84, 0xee, 0x10, 0x84, 0xed, 0x10, 0x84, 0xed, 0x10, 0x84, 0xed,
  0x10, 0x84, 0xed, 0x10, 0x84, 0xed, 0x10, 0x84, 0xee, 0x10, 0x84, 0xc9,
  0x00, 0x00, 0x00, 0x00, 0x00, 0x00, 0x00, 0x00, 0x00, 0x00, 0x00, 0x00,
  0x00, 0x00, 0x00, 0x00, 0x00, 0x00, 0x00, 0x00, 0x00, 0x00, 0x00, 0x00,
  0x00, 0x00, 0x00, 0x00, 0x00, 0x00, 0x00, 0x00, 0x00, 0x00, 0x00, 0x00,
  0x00, 0x00, 0x00, 0x00, 0x00, 0x00, 0x00, 0x00, 0x00, 0x00, 0x00, 0x00,
  0x00, 0x00, 0x00, 0x00, 0x00, 0x00, 0x00, 0x00, 0x00, 0x00, 0x00, 0x00,
  0x00, 0x00, 0x00, 0x00, 0x00, 0x00, 0x00, 0x00, 0x00, 0x00, 0x00, 0x00,
  0x00, 0x00, 0x00, 0x00, 0x00, 0x00, 0x00, 0x00, 0x00, 0x00, 0x00, 0x00,
  0x00, 0x00, 0x00, 0x00, 0x00, 0x00, 0x00, 0x00, 0x00, 0x00, 0x00, 0x00,
  0x00, 0x00, 0x00, 0x00, 0x00, 0x00, 0x00, 0x00, 0x00, 0x00, 0x00, 0x00,
  0x00, 0x00, 0x00, 0x00, 0x00, 0x00, 0x00, 0x00, 0x00, 0x00, 0x00, 0x00,
  0x00, 0x00, 0x00, 0x00, 0x00, 0x00, 0x00, 0x00, 0x00, 0x00, 0x00, 0x00,
  0x00, 0x00, 0x00, 0x00, 0x00, 0x00, 0x00, 0x00, 0x00, 0x00, 0x00, 0x00,
  0x00, 0x00, 0x00, 0x00, 0x00, 0x00, 0x00, 0x00, 0x00, 0x00, 0x00, 0x00,
  0x00, 0x00, 0x00, 0x00, 0x00, 0x00, 0x10, 0x84, 0x00, 0x10, 0x84, 0x0e,
  0x10, 0x84, 0xc5, 0x10, 0x84, 0xff, 0x10, 0x84, 0xff, 0x10, 0x84, 0xff,
  0x10, 0x84, 0xff, 0x10, 0x84, 0xff, 0x10, 0x84, 0xff, 0x10, 0x84, 0xff,
  0x10, 0x84, 0xff, 0x10, 0x84, 0xff, 0x10, 0x84, 0xff, 0x10, 0x84, 0xff,
  0x10, 0x84, 0xff, 0x10, 0x84, 0xff, 0x10, 0x84, 0xff, 0x10, 0x84, 0xff,
  0x10, 0x84, 0xff, 0x10, 0x84, 0xff, 0x10, 0x84, 0xff, 0x10, 0x84, 0xff,
  0x10, 0x84, 0xff, 0x10, 0x84, 0xff, 0x10, 0x84, 0xff, 0x10, 0x84, 0xff,
  0x10, 0x84, 0xff, 0x10, 0x84, 0xff, 0x10, 0x84, 0xff, 0x10, 0x84, 0xff,
  0x10, 0x84, 0xbd, 0x10, 0x84, 0x16, 0x10, 0x84, 0x00, 0xf0, 0x7b, 0x00,
  0x10, 0x84, 0x5c, 0x10, 0x84, 0xe9, 0x10, 0x84, 0xff, 0x10, 0x84, 0xff,
  0x10, 0x84, 0xff, 0x10, 0x84, 0xff, 0x10, 0x84, 0xff, 0x10, 0x84, 0xff,
  0x10, 0x84, 0xff, 0x10, 0x84, 0xff, 0x10, 0x84, 0xff, 0x10, 0x84, 0xff,
  0x10, 0x84, 0xff, 0x10, 0x84, 0xff, 0x10, 0x84, 0xff, 0x10, 0x84, 0xff,
  0x10, 0x84, 0xff, 0x10, 0x84, 0xff, 0x10, 0x84, 0xff, 0x10, 0x84, 0xff,
  0x10, 0x84, 0xff, 0x10, 0x84, 0xff, 0x10, 0x84, 0xff, 0x10, 0x84, 0xe8,
  0xf1, 0x73, 0x28, 0xc2, 0xfd, 0x7a, 0xc2, 0xfd, 0xee, 0xc2, 0xfd, 0x2c,
  0xc2, 0xfd, 0x62, 0xc2, 0xfd, 0xe8, 0xc2, 0xfd, 0x29, 0xc2, 0xfd, 0x6e,
  0xc2, 0xfd, 0xe5, 0xe1, 0xfd, 0x22, 0x11, 0x7c, 0x69, 0x10, 0x84, 0xff,
  0x10, 0x84, 0xff, 0x10, 0x84, 0xff, 0x10, 0x84, 0xff, 0x10, 0x84, 0xff,
  0x10, 0x84, 0xff, 0x10, 0x84, 0xff, 0x10, 0x84, 0xff, 0x10, 0x84, 0xa8,
  0x00, 0x00, 0x00, 0x00, 0x00, 0x00, 0x00, 0x00, 0x00, 0x00, 0x00, 0x00,
  0x00, 0x00, 0x00, 0x00, 0x00, 0x00, 0x00, 0x00, 0x00, 0x00, 0x00, 0x00,
  0x00, 0x00, 0x00, 0x00, 0x00, 0x00, 0x00, 0x00, 0x00, 0x00, 0x00, 0x00,
  0x00, 0x00, 0x00, 0x00, 0x00, 0x00, 0x00, 0x00, 0x00, 0x00, 0x00, 0x00,
  0x00, 0x00, 0x00, 0x00, 0x00, 0x00, 0x00, 0x00, 0x00, 0x00, 0x00, 0x00,
  0x00, 0x00, 0x00, 0x00, 0x00, 0x00, 0x00, 0x00, 0x00, 0x00, 0x00, 0x00,
  0x00, 0x00, 0x00, 0x00, 0x00, 0x00, 0x00, 0x00, 0x00, 0x00, 0x00, 0x00,
  0x00, 0x00, 0x00, 0x00, 0x00, 0x00, 0x00, 0x00, 0x00, 0x00, 0x00, 0x00,
  0x00, 0x00, 0x00, 0x00, 0x00, 0x00, 0x00, 0x00, 0x00, 0x00, 0x00, 0x00,
  0x00, 0x00, 0x00, 0x00, 0x00, 0x00, 0x00, 0x00, 0x00, 0x00, 0x00, 0x00,
  0x00, 0x00, 0x00, 0x00, 0x00, 0x00, 0x00, 0x00, 0x00, 0x00, 0x00, 0x00,
  0x00, 0x00, 0x00, 0x00, 0x00, 0x00, 0x00, 0x00, 0x00, 0x00, 0x00, 0x00,
  0x00, 0x00, 0x00, 0x00, 0x00, 0x00, 0x00, 0x00, 0x00, 0x00, 0x00, 0x00,
  0x00, 0x00, 0x00, 0x10, 0x84, 0x00, 0x10, 0x84, 0x00, 0x10, 0x84, 0x2d,
  0x10, 0x84, 0xea, 0x10, 0x84, 0xff, 0x10, 0x84, 0xff, 0x10, 0x84, 0xff,
  0x10, 0x84, 0xff, 0x10, 0x84, 0xff, 0x10, 0x84, 0xff, 0x10, 0x84, 0xff,
  0x10, 0x84, 0xff, 0x10, 0x84, 0xff, 0x10, 0x84, 0xff, 0x10, 0x84, 0xff,
  0x10, 0x84, 0xff, 0x10, 0x84, 0xff, 0x10, 0x84, 0xff, 0x10, 0x84, 0xff,
  0x10, 0x84, 0xff, 0x10, 0x84, 0xff, 0x10, 0x84, 0xff, 0x10, 0x84, 0xff,
  0x10, 0x84, 0xff, 0x10, 0x84, 0xff, 0x10, 0x84, 0xff, 0x10, 0x84, 0xff,
  0x10, 0x84, 0xff, 0x10, 0x84, 0xff, 0x10, 0x84, 0xff, 0x10, 0x84, 0xff,
  0x10, 0x84, 0xfb, 0x10, 0x84, 0x52, 0x10, 0x84, 0x00, 0x10, 0x84, 0x25,
  0x10, 0x84, 0xdc, 0x10, 0x84, 0xff, 0x10, 0x84, 0xff, 0x10, 0x84, 0xff,
  0x10, 0x84, 0xff, 0x10, 0x84, 0xff, 0x10, 0x84, 0xff, 0x10, 0x84, 0xff,
  0x10, 0x84, 0xff, 0x10, 0x84, 0xff, 0x10, 0x84, 0xff, 0x10, 0x84, 0xff,
  0x10, 0x84, 0xff, 0x10, 0x84, 0xff, 0x10, 0x84, 0xff, 0x10, 0x84, 0xff,
  0x10, 0x84, 0xff, 0x10, 0x84, 0xff, 0x10, 0x84, 0xff, 0x10, 0x84, 0xff,
  0x10, 0x84, 0xff, 0x10, 0x84, 0xff, 0x10, 0x84, 0xff, 0x10, 0x84, 0xc0,
  0xab, 0xac, 0x12, 0xc2, 0xfd, 0xb5, 0xc2, 0xfd, 0xca, 0xc2, 0xfd, 0x0f,
  0xc2, 0xfd, 0x9f, 0xc2, 0xfd, 0xc6, 0xc2, 0xfd, 0x0f, 0xc2, 0xfd, 0xaa,
  0xc2, 0xfd, 0xbe, 0x65, 0xe5, 0x0b, 0x10, 0x84, 0xa4, 0x10, 0x84, 0xff,
  0x10, 0x84, 0xff, 0x10, 0x84, 0xff, 0x10, 0x84, 0xff, 0x10, 0x84, 0xff,
  0x10, 0x84, 0xff, 0x10, 0x84, 0xff, 0x10, 0x84, 0xfb, 0x10, 0x84, 0x67,
  0x00, 0x00, 0x00, 0x00, 0x00, 0x00, 0x00, 0x00, 0x00, 0x00, 0x00, 0x00,
  0x00, 0x00, 0x00, 0x00, 0x00, 0x00, 0x00, 0x00, 0x00, 0x00, 0x00, 0x00,
  0x00, 0x00, 0x00, 0x00, 0x00, 0x00, 0x00, 0x00, 0x00, 0x00, 0x00, 0x00,
  0x00, 0x00, 0x00, 0x00, 0x00, 0x00, 0x00, 0x00, 0x00, 0x00, 0x00, 0x00,
  0x00, 0x00, 0x00, 0x00, 0x00, 0x00, 0x00, 0x00, 0x00, 0x00, 0x00, 0x00,
  0x00, 0x00, 0x00, 0x00, 0x00, 0x00, 0x00, 0x00, 0x00, 0x00, 0x00, 0x00,
  0x00, 0x00, 0x00, 0x00, 0x00, 0x00, 0x00, 0x00, 0x00, 0x00, 0x00, 0x00,
  0x00, 0x00, 0x00, 0x00, 0x00, 0x00, 0x00, 0x00, 0x00, 0x00, 0x00, 0x00,
  0x00, 0x00, 0x00, 0x00, 0x00, 0x00, 0x00, 0x00, 0x00, 0x00, 0x00, 0x00,
  0x00, 0x00, 0x00, 0x00, 0x00, 0x00, 0x00, 0x00, 0x00, 0x00, 0x00, 0x00,
  0x00, 0x00, 0x00, 0x00, 0x00, 0x00, 0x00, 0x00, 0x00, 0x00, 0x00, 0x00,
  0x00, 0x00, 0x00, 0x00, 0x00, 0x00, 0x00, 0x00, 0x00, 0x00, 0x00, 0x00,
  0x00, 0x00, 0x00, 0x00, 0x00, 0x00, 0x00, 0x00, 0x00, 0x00, 0x00, 0x00,
  0x00, 0x00, 0x00, 0x10, 0x84, 0x00, 0x10, 0x84, 0x00, 0x10, 0x84, 0x5d,
  0x10, 0x84, 0xfd, 0x10, 0x84, 0xff, 0x10, 0x84, 0xff, 0x10, 0x84, 0xff,
  0x10, 0x84, 0xff, 0x10, 0x84, 0xff, 0x10, 0x84, 0xff, 0x10, 0x84, 0xff,
  0x10, 0x84, 0xff, 0x10, 0x84, 0xff, 0x10, 0x84, 0xff, 0x10, 0x84, 0xff,
  0x10, 0x84, 0xff, 0x10, 0x84, 0xff, 0x10, 0x84, 0xff, 0x10, 0x84, 0xff,
  0x10, 0x84, 0xff, 0x10, 0x84, 0xff, 0x10, 0x84, 0xff, 0x10, 0x84, 0xff,
  0x10, 0x84, 0xff, 0x10, 0x84, 0xff, 0x10, 0x84, 0xff, 0x10, 0x84, 0xff,
  0x10, 0x84, 0xff, 0x10, 0x84, 0xff, 0x10, 0x84, 0xff, 0x10, 0x84, 0xff,
  0x10, 0x84, 0xff, 0x10, 0x84, 0x62, 0x10, 0x84, 0x00, 0x10, 0x84, 0x62,
  0x10, 0x84, 0xff, 0x10, 0x84, 0xff, 0x10, 0x84, 0xff, 0x10, 0x84, 0xff,
  0x10, 0x84, 0xff, 0x10, 0x84, 0xff, 0x10, 0x84, 0xff, 0x10, 0x84, 0xff,
  0x10, 0x84, 0xff, 0x10, 0x84, 0xff, 0x10, 0x84, 0xff, 0x10, 0x84, 0xff,
  0x10, 0x84, 0xff, 0x10, 0x84, 0xff, 0x10, 0x84, 0xff, 0x10, 0x84, 0xff,
  0x10, 0x84, 0xff, 0x10, 0x84, 0xff, 0x10, 0x84, 0xff, 0x10, 0x84, 0xff,
  0x10, 0x84, 0xff, 0x10, 0x84, 0xff, 0x10, 0x84, 0xff, 0x10, 0x7c, 0x8a,
  0xc1, 0xfd, 0x1e, 0xc2, 0xfd, 0xe2, 0xc2, 0xfd, 0x93, 0xc2, 0xfd, 0x12,
  0xc2, 0xfd, 0xd1, 0xc2, 0xfd, 0x90, 0xc2, 0xfd, 0x17, 0xc2, 0xfd, 0xd9,
  0xc2, 0xfd, 0x86, 0xf2, 0x73, 0x14, 0x10, 0x84, 0xd4, 0x10, 0x84, 0xff,
  0x10, 0x84, 0xff, 0x10, 0x84, 0xff, 0x10, 0x84, 0xff, 0x10, 0x84, 0xff,
  0x10, 0x84, 0xff, 0x10, 0x84, 0xff, 0x10, 0x84, 0xe6, 0x10, 0x84, 0x31,
  0x00, 0x00, 0x00, 0x00, 0x00, 0x00, 0x00, 0x00, 0x00, 0x00, 0x00, 0x00,
  0x00, 0x00, 0x00, 0x00, 0x00, 0x00, 0x00, 0x00, 0x00, 0x00, 0x00, 0x00,
  0x00, 0x00, 0x00, 0x00, 0x00, 0x00, 0x00, 0x00, 0x00, 0x00, 0x00, 0x00,
  0x00, 0x00, 0x00, 0x00, 0x00, 0x00, 0x00, 0x00, 0x00, 0x00, 0x00, 0x00,
  0x00, 0x00, 0x00, 0x00, 0x00, 0x00, 0x00, 0x00, 0x00, 0x00, 0x00, 0x00,
  0x00, 0x00, 0x00, 0x00, 0x00, 0x00, 0x00, 0x00, 0x00, 0x00, 0x00, 0x00,
  0x00, 0x00, 0x00, 0x00, 0x00, 0x00, 0x00, 0x00, 0x00, 0x00, 0x00, 0x00,
  0x00, 0x00, 0x00, 0x00, 0x00, 0x00, 0x00, 0x00, 0x00, 0x00, 0x00, 0x00,
  0x00, 0x00, 0x00, 0x00, 0x00, 0x00, 0x00, 0x00, 0x00, 0x00, 0x00, 0x00,
  0x00, 0x00, 0x00, 0x00, 0x00, 0x00, 0x00, 0x00, 0x00, 0x00, 0x00, 0x00,
  0x00, 0x00, 0x00, 0x00, 0x00, 0x00, 0x00, 0x00, 0x00, 0x00, 0x00, 0x00,
  0x00, 0x00, 0x00, 0x00, 0x00, 0x00, 0x00, 0x00, 0x00, 0x00, 0x00, 0x00,
  0x00, 0x00, 0x00, 0x00, 0x00, 0x00, 0x00, 0x00, 0x00, 0x00, 0x00, 0x00,
  0x00, 0x00, 0x00, 0x10, 0x84, 0x00, 0xf0, 0x7b, 0x00, 0x10, 0x84, 0x95,
  0x10, 0x84, 0xff, 0x10, 0x84, 0xff, 0x10, 0x84, 0xff, 0x10, 0x84, 0xff,
  0x10, 0x84, 0xff, 0x10, 0x84, 0xff, 0x10, 0x84, 0xff, 0x10, 0x84, 0xff,
  0x10, 0x84, 0xff, 0x10, 0x84, 0xff, 0x10, 0x84, 0xff, 0x10, 0x84, 0xff,
  0x10, 0x84, 0xff, 0x10, 0x84, 0xff, 0x10, 0x84, 0xff, 0x10, 0x84, 0xff,
  0x10, 0x84, 0xff, 0x10, 0x84, 0xff, 0x10, 0x84, 0xff, 0x10, 0x84, 0xff,
  0x10, 0x84, 0xff, 0x10, 0x84, 0xff, 0x10, 0x84, 0xff, 0x10, 0x84, 0xff,
  0x10, 0x84, 0xff, 0x10, 0x84, 0xff, 0x10, 0x84, 0xff, 0x10, 0x84, 0xff,
  0x10, 0x84, 0xf4, 0x10, 0x84, 0x41, 0x10, 0x84, 0x00, 0x10, 0x84, 0x9a,
  0x10, 0x84, 0xff, 0x10, 0x84, 0xff, 0x10, 0x84, 0xff, 0x10, 0x84, 0xff,
  0x10, 0x84, 0xff, 0x10, 0x84, 0xff, 0x10, 0x84, 0xff, 0x10, 0x84, 0xff,
  0x10, 0x84, 0xff, 0x10, 0x84, 0xff, 0x10, 0x84, 0xff, 0x10, 0x84, 0xff,
  0x10, 0x84, 0xff, 0x10, 0x84, 0xff, 0x10, 0x84, 0xff, 0x10, 0x84, 0xff,
  0x10, 0x84, 0xff, 0x10, 0x84, 0xff, 0x10, 0x84, 0xff, 0x10, 0x84, 0xff,
  0x10, 0x84, 0xff, 0x10, 0x84, 0xff, 0x10, 0x84, 0xfb, 0xf1, 0x7b, 0x50,
  0xc1, 0xfd, 0x46, 0xc2, 0xfd, 0xf5, 0xc2, 0xfd, 0x57, 0xc2, 0xfd, 0x33,
  0xc2, 0xfd, 0xec, 0xc2, 0xfd, 0x54, 0xc2, 0xfd, 0x3c, 0xc2, 0xfd, 0xee,
  0xc2, 0xfd, 0x4b, 0xf1, 0x73, 0x39, 0x10, 0x84, 0xf3, 0x10, 0x84, 0xff,
  0x10, 0x84, 0xff, 0x10, 0x84, 0xff, 0x10, 0x84, 0xff, 0x10, 0x84, 0xff,
  0x10, 0x84, 0xff, 0x10, 0x84, 0xff, 0x10, 0x84, 0xc1, 0x10, 0x84, 0x0e,
  0x00, 0x00, 0x00, 0x00, 0x00, 0x00, 0x00, 0x00, 0x00, 0x00, 0x00, 0x00,
  0x00, 0x00, 0x00, 0x00, 0x00, 0x00, 0x00, 0x00, 0x00, 0x00, 0x00, 0x00,
  0x00, 0x00, 0x00, 0x00, 0x00, 0x00, 0x00, 0x00, 0x00, 0x00, 0x00, 0x00,
  0x00, 0x00, 0x00, 0x00, 0x00, 0x00, 0x00, 0x00, 0x00, 0x00, 0x00, 0x00,
  0x00, 0x00, 0x00, 0x00, 0x00, 0x00, 0x00, 0x00, 0x00, 0x00, 0x00, 0x00,
  0x00, 0x00, 0x00, 0x00, 0x00, 0x00, 0x00, 0x00, 0x00, 0x00, 0x00, 0x00,
  0x00, 0x00, 0x00, 0x00, 0x00, 0x00, 0x00, 0x00, 0x00, 0x00, 0x00, 0x00,
  0x00, 0x00, 0x00, 0x00, 0x00, 0x00, 0x00, 0x00, 0x00, 0x00, 0x00, 0x00,
  0x00, 0x00, 0x00, 0x00, 0x00, 0x00, 0x00, 0x00, 0x00, 0x00, 0x00, 0x00,
  0x00, 0x00, 0x00, 0x00, 0x00, 0x00, 0x00, 0x00, 0x00, 0x00, 0x00, 0x00,
  0x00, 0x00, 0x00, 0x00, 0x00, 0x00, 0x00, 0x00, 0x00, 0x00, 0x00, 0x00,
  0x00, 0x00, 0x00, 0x00, 0x00, 0x00, 0x00, 0x00, 0x00, 0x00, 0x00, 0x00,
  0x00, 0x00, 0x00, 0x00, 0x00, 0x00, 0x00, 0x00, 0x00, 0x00, 0x00, 0x00,
  0x00, 0x00, 0x00, 0x10, 0x84, 0x00, 0x10, 0x84, 0x0f, 0x10, 0x84, 0xc7,
  0x10, 0x84, 0xff, 0x10, 0x84, 0xff, 0x10, 0x84, 0xff, 0x10, 0x84, 0xff,
  0x10, 0x84, 0xff, 0x10, 0x84, 0xff, 0x10, 0x84, 0xff, 0x10, 0x84, 0xff,
  0x10, 0x84, 0xff, 0x10, 0x84, 0xff, 0x10, 0x84, 0xff, 0x10, 0x84, 0xff,
  0x10, 0x84, 0xff, 0x10, 0x84, 0xff, 0x10, 0x84, 0xff, 0x10, 0x84, 0xff,
  0x10, 0x84, 0xff, 0x10, 0x84, 0xff, 0x10, 0x84, 0xff, 0x10, 0x84, 0xff,
  0x10, 0x84, 0xff, 0x10, 0x84, 0xff, 0x10, 0x84, 0xff, 0x10, 0x84, 0xff,
  0x10, 0x84, 0xff, 0x10, 0x84, 0xff, 0x10, 0x84, 0xff, 0x10, 0x84, 0xff,
  0x10, 0x84, 0xd7, 0x10, 0x84, 0x18, 0x10, 0x84, 0x10, 0x10, 0x84, 0xcb,
  0x10, 0x84, 0xff, 0x10, 0x84, 0xff, 0x10, 0x84, 0xff, 0x10, 0x84, 0xff,
  0x10, 0x84, 0xff, 0x10, 0x84, 0xff, 0x10, 0x84, 0xff, 0x10, 0x84, 0xff,
  0x10, 0x84, 0xff, 0x10, 0x84, 0xff, 0x10, 0x84, 0xff, 0x10, 0x84, 0xff,
  0x10, 0x84, 0xff, 0x10, 0x84, 0xff, 0x10, 0x84, 0xff, 0x10, 0x84, 0xff,
  0x10, 0x84, 0xff, 0x10, 0x84, 0xff, 0x10, 0x84, 0xff, 0x10, 0x84, 0xff,
  0x10, 0x84, 0xff, 0x10, 0x84, 0xff, 0x10, 0x84, 0xe4, 0xf1, 0x73, 0x24,
  0xc2, 0xfd, 0x7f, 0xc2, 0xfd, 0xea, 0xc2, 0xfd, 0x26, 0xc2, 0xfd, 0x69,
  0xc2, 0xfd, 0xe7, 0xc2, 0xfd, 0x25, 0xc2, 0xfd, 0x73, 0xc2, 0xfd, 0xe2,
  0xe1, 0xfd, 0x1f, 0x10, 0x7c, 0x70, 0x10, 0x84, 0xff, 0x10, 0x84, 0xff,
  0x10, 0x84, 0xff, 0x10, 0x84, 0xff, 0x10, 0x84, 0xff, 0x10, 0x84, 0xff,
  0x10, 0x84, 0xff, 0x10, 0x84, 0xff, 0x10, 0x84, 0x8d, 0x10, 0x7c, 0x00,
  0x00, 0x00, 0x00, 0x00, 0x00, 0x00, 0x00, 0x00, 0x00, 0x00, 0x00, 0x00,
  0x00, 0x00, 0x00, 0x00, 0x00, 0x00, 0x00, 0x00, 0x00, 0x00, 0x00, 0x00,
  0x00, 0x00, 0x00, 0x00, 0x00, 0x00, 0x00, 0x00, 0x00, 0x00, 0x00, 0x00,
  0x00, 0x00, 0x00, 0x00, 0x00, 0x00, 0x00, 0x00, 0x00, 0x00, 0x00, 0x00,
  0x00, 0x00, 0x00, 0x00, 0x00, 0x00, 0x00, 0x00, 0x00, 0x00, 0x00, 0x00,
  0x00, 0x00, 0x00, 0x00, 0x00, 0x00, 0x00, 0x00, 0x00, 0x00, 0x00, 0x00,
  0x00, 0x00, 0x00, 0x00, 0x00, 0x00, 0x00, 0x00, 0x00, 0x00, 0x00, 0x00,
  0x00, 0x00, 0x00, 0x00, 0x00, 0x00, 0x00, 0x00, 0x00, 0x00, 0x00, 0x00,
  0x00, 0x00, 0x00, 0x00, 0x00, 0x00, 0x00, 0x00, 0x00, 0x00, 0x00, 0x00,
  0x00, 0x00, 0x00, 0x00, 0x00, 0x00, 0x00, 0x00, 0x00, 0x00, 0x00, 0x00,
  0x00, 0x00, 0x00, 0x00, 0x00, 0x00, 0x00, 0x00, 0x00, 0x00, 0x00, 0x00,
  0x00, 0x00, 0x00, 0x00, 0x00, 0x00, 0x00, 0x00, 0x00, 0x00, 0x00, 0x00,
  0x00, 0x00, 0x00, 0x00, 0x00, 0x00, 0x00, 0x00, 0x00, 0x00, 0x00, 0x00,
  0x30, 0x84, 0x00, 0x10, 0x84, 0x00, 0x10, 0x84, 0x30, 0x10, 0x84, 0xeb,
  0x10, 0x84, 0xff, 0x10, 0x84, 0xff, 0x10, 0x84, 0xff, 0x10, 0x84, 0xff,
  0x10, 0x84, 0xff, 0x10, 0x84, 0xff, 0x10, 0x84, 0xff, 0x10, 0x84, 0xff,
  0x10, 0x84, 0xff, 0x10, 0x84, 0xff, 0x10, 0x84, 0xff, 0x10, 0x84, 0xff,
  0x10, 0x84, 0xff, 0x10, 0x84, 0xff, 0x10, 0x84, 0xff, 0x10, 0x84, 0xff,
  0x10, 0x84, 0xff, 0x10, 0x84, 0xff, 0x10, 0x84, 0xff, 0x10, 0x84, 0xff,
  0x10, 0x84, 0xff, 0x10, 0x84, 0xff, 0x10, 0x84, 0xff, 0x10, 0x84, 0xff,
  0x10, 0x84, 0xff, 0x10, 0x84, 0xff, 0x10, 0x84, 0xff, 0x10, 0x84, 0xff,
  0x10, 0x84, 0xa7, 0xff, 0xff, 0x00, 0x10, 0x84, 0x33, 0x10, 0x84, 0xed,
  0x10, 0x84, 0xff, 0x10, 0x84, 0xff, 0x10, 0x84, 0xff, 0x10, 0x84, 0xff,
  0x10, 0x84, 0xff, 0x10, 0x84, 0xff, 0x10, 0x84, 0xff, 0x10, 0x84, 0xff,
  0x10, 0x84, 0xff, 0x10, 0x84, 0xff, 0x10, 0x84, 0xff, 0x10, 0x84, 0xff,
  0x10, 0x84, 0xff, 0x10, 0x84, 0xff, 0x10, 0x84, 0xff, 0x10, 0x84, 0xff,
  0x10, 0x84, 0xff, 0x10, 0x84, 0xff, 0x10, 0x84, 0xff, 0x10, 0x84, 0xff,
  0x10, 0x84, 0xff, 0x10, 0x84, 0xff, 0x10, 0x84, 0xbc, 0xca, 0xb4, 0x11,
  0xc2, 0xfd, 0xb9, 0xc2, 0xfd, 0xc4, 0xc2, 0xfd, 0x0e, 0xc2, 0xfd, 0xa5,
  0xc2, 0xfd, 0xc3, 0xc2, 0xfd, 0x0f, 0xc2, 0xfd, 0xaf, 0xc2, 0xfd, 0xba,
  0x27, 0xd5, 0x0b, 0x10, 0x84, 0xa9, 0x10, 0x84, 0xff, 0x10, 0x84, 0xff,
  0x10, 0x84, 0xff, 0x10, 0x84, 0xff, 0x10, 0x84, 0xff, 0x10, 0x84, 0xff,
  0x10, 0x84, 0xff, 0x10, 0x84, 0xfc, 0x10, 0x84, 0x56, 0x10, 0x84, 0x00,
  0x00, 0x00, 0x00, 0x00, 0x00, 0x00, 0x00, 0x00, 0x00, 0x00, 0x00, 0x00,
  0x00, 0x00, 0x00, 0x00, 0x00, 0x00, 0x00, 0x00, 0x00, 0x00, 0x00, 0x00,
  0x00, 0x00, 0x00, 0x00, 0x00, 0x00, 0x00, 0x00, 0x00, 0x00, 0x00, 0x00,
  0x00, 0x00, 0x00, 0x00, 0x00, 0x00, 0x00, 0x00, 0x00, 0x00, 0x00, 0x00,
  0x00, 0x00, 0x00, 0x00, 0x00, 0x00, 0x00, 0x00, 0x00, 0x00, 0x00, 0x00,
  0x00, 0x00, 0x00, 0x00, 0x00, 0x00, 0x00, 0x00, 0x00, 0x00, 0x00, 0x00,
  0x00, 0x00, 0x00, 0x00, 0x00, 0x00, 0x00, 0x00, 0x00, 0x00, 0x00, 0x00,
  0x00, 0x00, 0x00, 0x00, 0x00, 0x00, 0x00, 0x00, 0x00, 0x00, 0x00, 0x00,
  0x00, 0x00, 0x00, 0x00, 0x00, 0x00, 0x00, 0x00, 0x00, 0x00, 0x00, 0x00,
  0x00, 0x00, 0x00, 0x00, 0x00, 0x00, 0x00, 0x00, 0x00, 0x00, 0x00, 0x00,
  0x00, 0x00, 0x00, 0x00, 0x00, 0x00, 0x00, 0x00, 0x00, 0x00, 0x00, 0x00,
  0x00, 0x00, 0x00, 0x00, 0x00, 0x00, 0x00, 0x00, 0x00, 0x00, 0x00, 0x00,
  0x00, 0x00, 0x00, 0x00, 0x00, 0x00, 0x00, 0x00, 0x00, 0x00, 0x00, 0x00,
  0x10, 0x84, 0x00, 0x10, 0x84, 0x00, 0x10, 0x84, 0x60, 0x10, 0x84, 0xfe,
  0x10, 0x84, 0xff, 0x10, 0x84, 0xff, 0x10, 0x84, 0xff, 0x10, 0x84, 0xff,
  0x10, 0x84, 0xff, 0x10, 0x84, 0xff, 0x10, 0x84, 0xff, 0x10, 0x84, 0xff,
  0x10, 0x84, 0xff, 0x10, 0x84, 0xff, 0x10, 0x84, 0xff, 0x10, 0x84, 0xff,
  0x10, 0x84, 0xff, 0x10, 0x84, 0xff, 0x10, 0x84, 0xff, 0x10, 0x84, 0xff,
  0x10, 0x84, 0xff, 0x10, 0x84, 0xff, 0x10, 0x84, 0xff, 0x10, 0x84, 0xff,
  0x10, 0x84, 0xff, 0x10, 0x84, 0xff, 0x10, 0x84, 0xff, 0x10, 0x84, 0xff,
  0x10, 0x84, 0xff, 0x10, 0x84, 0xff, 0x10, 0x84, 0xff, 0x10, 0x84, 0xff,
  0x10, 0x84, 0x6f, 0x10, 0x84, 0x00, 0x10, 0x84, 0x64, 0x10, 0x84, 0xff,
  0x10, 0x84, 0xff, 0x10, 0x84, 0xff, 0x10, 0x84, 0xff, 0x10, 0x84, 0xff,
  0x10, 0x84, 0xff, 0x10, 0x84, 0xff, 0x10, 0x84, 0xff, 0x10, 0x84, 0xff,
  0x10, 0x84, 0xff, 0x10, 0x84, 0xff, 0x10, 0x84, 0xff, 0x10, 0x84, 0xff,
  0x10, 0x84, 0xff, 0x10, 0x84, 0xff, 0x10, 0x84, 0xff, 0x10, 0x84, 0xff,
  0x10, 0x84, 0xff, 0x10, 0x84, 0xff, 0x10, 0x84, 0xff, 0x10, 0x84, 0xff,
  0x10, 0x84, 0xff, 0x10, 0x84, 0xff, 0x10, 0x7c, 0x85, 0xe1, 0xfd, 0x21,
  0xc2, 0xfd, 0xe7, 0xc2, 0xfd, 0x8d, 0xc2, 0xfd, 0x15, 0xc2, 0xfd, 0xd9,
  0xc2, 0xfd, 0x8c, 0xc2, 0xfd, 0x1b, 0xc2, 0xfd, 0xe0, 0xc2, 0xfd, 0x82,
  0xd2, 0x73, 0x17, 0x10, 0x84, 0xd8, 0x10, 0x84, 0xff, 0x10, 0x84, 0xff,
  0x10, 0x84, 0xff, 0x10, 0x84, 0xff, 0x10, 0x84, 0xff, 0x10, 0x84, 0xff,
  0x10, 0x84, 0xff, 0x10, 0x84, 0xe6, 0x10, 0x84, 0x28, 0x10, 0x84, 0x00,
  0x00, 0x00, 0x00, 0x00, 0x00, 0x00, 0x00, 0x00, 0x00, 0x00, 0x00, 0x00,
  0x00, 0x00, 0x00, 0x00, 0x00, 0x00, 0x00, 0x00, 0x00, 0x00, 0x00, 0x00,
  0x00, 0x00, 0x00, 0x00, 0x00, 0x00, 0x00, 0x00, 0x00, 0x00, 0x00, 0x00,
  0x00, 0x00, 0x00, 0x00, 0x00, 0x00, 0x00, 0x00, 0x00, 0x00, 0x00, 0x00,
  0x00, 0x00, 0x00, 0x00, 0x00, 0x00, 0x00, 0x00, 0x00, 0x00, 0x00, 0x00,
  0x00, 0x00, 0x00, 0x00, 0x00, 0x00, 0x00, 0x00, 0x00, 0x00, 0x00, 0x00,
  0x00, 0x00, 0x00, 0x00, 0x00, 0x00, 0x00, 0x00, 0x00, 0x00, 0x00, 0x00,
  0x00, 0x00, 0x00, 0x00, 0x00, 0x00, 0x00, 0x00, 0x00, 0x00, 0x00, 0x00,
  0x00, 0x00, 0x00, 0x00, 0x00, 0x00, 0x00, 0x00, 0x00, 0x00, 0x00, 0x00,
  0x00, 0x00, 0x00, 0x00, 0x00, 0x00, 0x00, 0x00, 0x00, 0x00, 0x00, 0x00,
  0x00, 0x00, 0x00, 0x00, 0x00, 0x00, 0x00, 0x00, 0x00, 0x00, 0x00, 0x00,
  0x00, 0x00, 0x00, 0x00, 0x00, 0x00, 0x00, 0x00, 0x00, 0x00, 0x00, 0x00,
  0x00, 0x00, 0x00, 0x00, 0x00, 0x00, 0x00, 0x00, 0x00, 0x00, 0x00, 0x00,
  0x10, 0x84, 0x00, 0x0f, 0x74, 0x00, 0x10, 0x84, 0x98, 0x10, 0x84, 0xff,
  0x10, 0x84, 0xff, 0x10, 0x84, 0xff, 0x10, 0x84, 0xff, 0x10, 0x84, 0xff,
  0x10, 0x84, 0xff, 0x10, 0x84, 0xff, 0x10, 0x84, 0xfe, 0x10, 0x84, 0xcd,
  0x10, 0x84, 0xb7, 0x10, 0x84, 0xb8, 0x10, 0x84, 0xb8, 0x10, 0x84, 0xb8,
  0x10, 0x84, 0xb8, 0x10, 0x84, 0xb8, 0x10, 0x84, 0xb8, 0x10, 0x84, 0xb8,
  0x10, 0x84, 0xb8, 0x10, 0x84, 0xb9, 0x10, 0x84, 0xd9, 0x10, 0x84, 0xfe,
  0x10, 0x84, 0xff, 0x10, 0x84, 0xff, 0x10, 0x84, 0xff, 0x10, 0x84, 0xff,
  0x10, 0x84, 0xff, 0x10, 0x84, 0xff, 0x10, 0x84, 0xff, 0x10, 0x84, 0xf1,
  0x10, 0x84, 0x3a, 0x10, 0x7c, 0x00, 0x10, 0x84, 0x9b, 0x10, 0x84, 0xff,
  0x10, 0x84, 0xff, 0x10, 0x84, 0xff, 0x10, 0x84, 0xff, 0x10, 0x84, 0xff,
  0x10, 0x84, 0xff, 0x10, 0x84, 0xff, 0x10, 0x84, 0xff, 0x10, 0x84, 0xec,
  0x10, 0x84, 0xbf, 0x10, 0x84, 0xb8, 0x10, 0x84, 0xb8, 0x10, 0x84, 0xba,
  0x10, 0x84, 0xba, 0x10, 0x84, 0xba, 0x10, 0x84, 0xba, 0x10, 0x84, 0xbb,
  0x10, 0x84, 0xbc, 0x10, 0x84, 0xbd, 0x10, 0x84, 0xbd, 0x10, 0x84, 0xbd,
  0x10, 0x84, 0xbd, 0x10, 0x84, 0xbd, 0x11, 0x7c, 0x3f, 0xe1, 0xfd, 0x30,
  0xc2, 0xfd, 0xb7, 0xc2, 0xfd, 0x43, 0xc2, 0xfd, 0x22, 0xc2, 0xfd, 0xab,
  0xc2, 0xfd, 0x41, 0xc2, 0xfd, 0x27, 0xc2, 0xfd, 0xac, 0xe1, 0xfd, 0x39,
  0xf1, 0x7b, 0x3f, 0x10, 0x84, 0xf5, 0x10, 0x84, 0xff, 0x10, 0x84, 0xff,
  0x10, 0x84, 0xff, 0x10, 0x84, 0xff, 0x10, 0x84, 0xff, 0x10, 0x84, 0xff,
  0x10, 0x84, 0xff, 0x10, 0x84, 0xbe, 0x10, 0x84, 0x0b, 0x10, 0x84, 0x00,
  0x00, 0x00, 0x00, 0x00, 0x00, 0x00, 0x00, 0x00, 0x00, 0x00, 0x00, 0x00,
  0x00, 0x00, 0x00, 0x00, 0x00, 0x00, 0x00, 0x00, 0x00, 0x00, 0x00, 0x00,
  0x00, 0x00, 0x00, 0x00, 0x00, 0x00, 0x00, 0x00, 0x00, 0x00, 0x00, 0x00,
  0x00, 0x00, 0x00, 0x00, 0x00, 0x00, 0x00, 0x00, 0x00, 0x00, 0x00, 0x00,
  0x00, 0x00, 0x00, 0x00, 0x00, 0x00, 0x00, 0x00, 0x00, 0x00, 0x00, 0x00,
  0x00, 0x00, 0x00, 0x00, 0x00, 0x00, 0x00, 0x00, 0x00, 0x00, 0x00, 0x00,
  0x00, 0x00, 0x00, 0x00, 0x00, 0x00, 0x00, 0x00, 0x00, 0x00, 0x00, 0x00,
  0x00, 0x00, 0x00, 0x00, 0x00, 0x00, 0x00, 0x00, 0x00, 0x00, 0x00, 0x00,
  0x00, 0x00, 0x00, 0x00, 0x00, 0x00, 0x00, 0x00, 0x00, 0x00, 0x00, 0x00,
  0x00, 0x00, 0x00, 0x00, 0x00, 0x00, 0x00, 0x00, 0x00, 0x00, 0x00, 0x00,
  0x00, 0x00, 0x00, 0x00, 0x00, 0x00, 0x00, 0x00, 0x00, 0x00, 0x00, 0x00,
  0x00, 0x00, 0x00, 0x00, 0x00, 0x00, 0x00, 0x00, 0x00, 0x00, 0x00, 0x00,
  0x00, 0x00, 0x00, 0x00, 0x00, 0x00, 0x00, 0x00, 0x00, 0x00, 0x00, 0x00,
  0x10, 0x84, 0x00, 0x10, 0x84, 0x10, 0x10, 0x84, 0xca, 0x10, 0x84, 0xff,
  0x10, 0x84, 0xff, 0x10, 0x84, 0xff, 0x10, 0x84, 0xff, 0x10, 0x84, 0xff,
  0x10, 0x84, 0xff, 0x10, 0x84, 0xff, 0x10, 0x84, 0xee, 0x10, 0x84, 0x39,
  0x10, 0x84, 0x04, 0x10, 0x84, 0x07, 0x10, 0x84, 0x07, 0x10, 0x84, 0x07,
  0x10, 0x84, 0x07, 0x10, 0x84, 0x07, 0x10, 0x84, 0x07, 0x10, 0x84, 0x07,
  0x10, 0x84, 0x07, 0x10, 0x84, 0x03, 0x10, 0x84, 0x4b, 0x10, 0x84, 0xf6,
  0x10, 0x84, 0xff, 0x10, 0x84, 0xff, 0x10, 0x84, 0xff, 0x10, 0x84, 0xff,
  0x10, 0x84, 0xff, 0x10, 0x84, 0xff, 0x10, 0x84, 0xff, 0x10, 0x84, 0xd0,
  0x10, 0x84, 0x13, 0x10, 0x84, 0x11, 0x10, 0x84, 0xcc, 0x10, 0x84, 0xff,
  0x10, 0x84, 0xff, 0x10, 0x84, 0xff, 0x10, 0x84, 0xff, 0x10, 0x84, 0xff,
  0x10, 0x84, 0xff, 0x10, 0x84, 0xff, 0x10, 0x84, 0xf7, 0x10, 0x84, 0x5f,
  0x10, 0x84, 0x07, 0x10, 0x84, 0x07, 0x10, 0x84, 0x07, 0x10, 0x84, 0x08,
  0x10, 0x84, 0x08, 0x10, 0x84, 0x08, 0x10, 0x84, 0x08, 0x10, 0x84, 0x08,
  0x10, 0x84, 0x09, 0x10, 0x84, 0x09, 0x10, 0x84, 0x09, 0x10, 0x84, 0x09,
  0x10, 0x84, 0x09, 0x10, 0x84, 0x0a, 0xf1, 0x73, 0x02, 0xc2, 0xfd, 0x04,
  0xc2, 0xfd, 0x0a, 0xc2, 0xfd, 0x02, 0xc2, 0xfd, 0x02, 0xc2, 0xfd, 0x07,
  0xc2, 0xfd, 0x01, 0xc2, 0xfd, 0x02, 0xc2, 0xfd, 0x07, 0x18, 0x3b, 0x00,
  0x10, 0x84, 0x77, 0x10, 0x84, 0xff, 0x10, 0x84, 0xff, 0x10, 0x84, 0xff,
  0x10, 0x84, 0xff, 0x10, 0x84, 0xff, 0x10, 0x84, 0xff, 0x10, 0x84, 0xff,
  0x10, 0x84, 0xff, 0x10, 0x84, 0x8a, 0x10, 0x84, 0x00, 0x10, 0x84, 0x00,
  0x00, 0x00, 0x00, 0x00, 0x00, 0x00, 0x00, 0x00, 0x00, 0x00, 0x00, 0x00,
  0x00, 0x00, 0x00, 0x00, 0x00, 0x00, 0x00, 0x00, 0x00, 0x00, 0x00, 0x00,
  0x00, 0x00, 0x00, 0x00, 0x00, 0x00, 0x00, 0x00, 0x00, 0x00, 0x00, 0x00,
  0x00, 0x00, 0x00, 0x00, 0x00, 0x00, 0x00, 0x00, 0x00, 0x00, 0x00, 0x00,
  0x00, 0x00, 0x00, 0x00, 0x00, 0x00, 0x00, 0x00, 0x00, 0x00, 0x00, 0x00,
  0x00, 0x00, 0x00, 0x00, 0x00, 0x00, 0x00, 0x00, 0x00, 0x00, 0x00, 0x00,
  0x00, 0x00, 0x00, 0x00, 0x00, 0x00, 0x00, 0x00, 0x00, 0x00, 0x00, 0x00,
  0x00, 0x00, 0x00, 0x00, 0x00, 0x00, 0x00, 0x00, 0x00, 0x00, 0x00, 0x00,
  0x00, 0x00, 0x00, 0x00, 0x00, 0x00, 0x00, 0x00, 0x00, 0x00, 0x00, 0x00,
  0x00, 0x00, 0x00, 0x00, 0x00, 0x00, 0x00, 0x00, 0x00, 0x00, 0x00, 0x00,
  0x00, 0x00, 0x00, 0x00, 0x00, 0x00, 0x00, 0x00, 0x00, 0x00, 0x00, 0x00,
  0x00, 0x00, 0x00, 0x00, 0x00, 0x00, 0x00, 0x00, 0x00, 0x00, 0x00, 0x00,
  0x00, 0x00, 0x00, 0x00, 0x00, 0x00, 0x00, 0x00, 0x00, 0x10, 0x7c, 0x00,
  0x10, 0x84, 0x00, 0x10, 0x84, 0x32, 0x10, 0x84, 0xed, 0x10, 0x84, 0xff,
  0x10, 0x84, 0xff, 0x10, 0x84, 0xff, 0x10, 0x84, 0xff, 0x10, 0x84, 0xff,
  0x10, 0x84, 0xff, 0x10, 0x84, 0xff, 0x10, 0x84, 0xcb, 0x10, 0x84, 0x11,
  0x10, 0x84, 0x00, 0x10, 0x84, 0x00, 0x10, 0x84, 0x00, 0x10, 0x84, 0x00,
  0x10, 0x84, 0x00, 0x10, 0x84, 0x00, 0x10, 0x84, 0x00, 0x10, 0x84, 0x00,
  0x10, 0x84, 0x00, 0x10, 0x84, 0x0c, 0x10, 0x84, 0x93, 0x10, 0x84, 0xff,
  0x10, 0x84, 0xff, 0x10, 0x84, 0xff, 0x10, 0x84, 0xff, 0x10, 0x84, 0xff,
  0x10, 0x84, 0xff, 0x10, 0x84, 0xff, 0x10, 0x84, 0xff, 0x10, 0x84, 0x9f,
  0x10, 0x7c, 0x00, 0x10, 0x84, 0x34, 0x10, 0x84, 0xee, 0x10, 0x84, 0xff,
  0x10, 0x84, 0xff, 0x10, 0x84, 0xff, 0x10, 0x84, 0xff, 0x10, 0x84, 0xff,
  0x10, 0x84, 0xff, 0x10, 0x84, 0xff, 0x10, 0x84, 0xed, 0x10, 0x84, 0x2e,
  0x10, 0x84, 0x00, 0x10, 0x84, 0x00, 0x10, 0x84, 0x00, 0x10, 0x84, 0x00,
  0x10, 0x84, 0x00, 0x10, 0x84, 0x00, 0x10, 0x84, 0x00, 0x10, 0x84, 0x00,
  0x10, 0x84, 0x00, 0x10, 0x84, 0x00, 0x10, 0x84, 0x00, 0x10, 0x84, 0x00,
  0x10, 0x84, 0x00, 0x10, 0x84, 0x00, 0xf1, 0x7b, 0x00, 0xc2, 0xfd, 0x00,
  0xc2, 0xfd, 0x00, 0xc2, 0xfd, 0x00, 0xc2, 0xfd, 0x00, 0xc2, 0xfd, 0x00,
  0xc2, 0xfd, 0x00, 0xc2, 0xfd, 0x00, 0xe9, 0xc4, 0x00, 0x11, 0x7c, 0x05,
  0x10, 0x84, 0xaf, 0x10, 0x84, 0xff, 0x10, 0x84, 0xff, 0x10, 0x84, 0xff,
  0x10, 0x84, 0xff, 0x10, 0x84, 0xff, 0x10, 0x84, 0xff, 0x10, 0x84, 0xff,
  0x10, 0x84, 0xfa, 0x10, 0x84, 0x52, 0x10, 0x84, 0x00, 0x10, 0x84, 0x00,
  0x00, 0x00, 0x00, 0x00, 0x00, 0x00, 0x00, 0x00, 0x00, 0x00, 0x00, 0x00,
  0x00, 0x00, 0x00, 0x00, 0x00, 0x00, 0x00, 0x00, 0x00, 0x00, 0x00, 0x00,
  0x00, 0x00, 0x00, 0x00, 0x00, 0x00, 0x00, 0x00, 0x00, 0x00, 0x00, 0x00,
  0x00, 0x00, 0x00, 0x00, 0x00, 0x00, 0x00, 0x00, 0x00, 0x00, 0x00, 0x00,
  0x00, 0x00, 0x00, 0x00, 0x00, 0x00, 0x00, 0x00, 0x00, 0x00, 0x00, 0x00,
  0x00, 0x00, 0x00, 0x00, 0x00, 0x00, 0x00, 0x00, 0x00, 0x00, 0x00, 0x00,
  0x00, 0x00, 0x00, 0x00, 0x00, 0x00, 0x00, 0x00, 0x00, 0x00, 0x00, 0x00,
  0x00, 0x00, 0x00, 0x00, 0x00, 0x00, 0x00, 0x00, 0x00, 0x00, 0x00, 0x00,
  0x00, 0x00, 0x00, 0x00, 0x00, 0x00, 0x00, 0x00, 0x00, 0x00, 0x00, 0x00,
  0x00, 0x00, 0x00, 0x00, 0x00, 0x00, 0x00, 0x00, 0x00, 0x00, 0x00, 0x00,
  0x00, 0x00, 0x00, 0x00, 0x00, 0x00, 0x00, 0x00, 0x00, 0x00, 0x00, 0x00,
  0x00, 0x00, 0x00, 0x00, 0x00, 0x00, 0x00, 0x00, 0x00, 0x00, 0x00, 0x00,
  0x00, 0x00, 0x00, 0x00, 0x00, 0x00, 0x00, 0x00, 0x00, 0x10, 0x84, 0x00,
  0x10, 0x84, 0x00, 0x10, 0x84, 0x63, 0x10, 0x84, 0xfe, 0x10, 0x84, 0xff,
  0x10, 0x84, 0xff, 0x10, 0x84, 0xff, 0x10, 0x84, 0xff, 0x10, 0x84, 0xff,
  0x10, 0x84, 0xff, 0x10, 0x84, 0xff, 0x10, 0x84, 0x9a, 0x10, 0x84, 0x00,
  0x10, 0x84, 0x00, 0x00, 0x00, 0x00, 0x00, 0x00, 0x00, 0x30, 0x84, 0x00,
  0x10, 0x84, 0x00, 0x10, 0x84, 0x00, 0x10, 0x84, 0x00, 0x10, 0x84, 0x08,
  0x10, 0x84, 0x48, 0x10, 0x84, 0xb3, 0x10, 0x84, 0xfb, 0x10, 0x84, 0xff,
  0x10, 0x84, 0xff, 0x10, 0x84, 0xff, 0x10, 0x84, 0xff, 0x10, 0x84, 0xff,
  0x10, 0x84, 0xff, 0x10, 0x84, 0xff, 0x10, 0x84, 0xff, 0x10, 0x84, 0x66,
  0x10, 0x84, 0x00, 0x10, 0x84, 0x62, 0x10, 0x84, 0xfe, 0x10, 0x84, 0xff,
  0x10, 0x84, 0xff, 0x10, 0x84, 0xff, 0x10, 0x84, 0xff, 0x10, 0x84, 0xff,
  0x10, 0x84, 0xff, 0x10, 0x84, 0xff, 0x10, 0x84, 0xfe, 0x10, 0x84, 0x9d,
  0x10, 0x84, 0x19, 0x10, 0x84, 0x00, 0x10, 0x84, 0x00, 0x10, 0x84, 0x00,
  0x00, 0x00, 0x00, 0x00, 0x00, 0x00, 0x00, 0x00, 0x00, 0x00, 0x00, 0x00,
  0x00, 0x00, 0x00, 0x00, 0x00, 0x00, 0x00, 0x00, 0x00, 0x00, 0x00, 0x00,
  0x00, 0x00, 0x00, 0x00, 0x00, 0x00, 0x00, 0x00, 0x00, 0x00, 0x00, 0x00,
  0x00, 0x00, 0x00, 0x00, 0x00, 0x00, 0x00, 0x00, 0x00, 0x00, 0x00, 0x00,
  0x00, 0x00, 0x00, 0x00, 0x00, 0x00, 0x10, 0x84, 0x00, 0x10, 0x84, 0x1d,
  0x10, 0x84, 0xdb, 0x10, 0x84, 0xff, 0x10, 0x84, 0xff, 0x10, 0x84, 0xff,
  0x10, 0x84, 0xff, 0x10, 0x84, 0xff, 0x10, 0x84, 0xff, 0x10, 0x84, 0xff,
  0x10, 0x84, 0xe4, 0x10, 0x84, 0x25, 0x10, 0x84, 0x00, 0x11, 0x84, 0x00,
  0x00, 0x00, 0x00, 0x00, 0x00, 0x00, 0x00, 0x00, 0x00, 0x00, 0x00, 0x00,
  0x00, 0x00, 0x00, 0x00, 0x00, 0x00, 0x00, 0x00, 0x00, 0x00, 0x00, 0x00,
  0x00, 0x00, 0x00, 0x00, 0x00, 0x00, 0x00, 0x00, 0x00, 0x00, 0x00, 0x00,
  0x00, 0x00, 0x00, 0x00, 0x00, 0x00, 0x00, 0x00, 0x00, 0x00, 0x00, 0x00,
  0x00, 0x00, 0x00, 0x00, 0x00, 0x00, 0x00, 0x00, 0x00, 0x00, 0x00, 0x00,
  0x00, 0x00, 0x00, 0x00, 0x00, 0x00, 0x00, 0x00, 0x00, 0x00, 0x00, 0x00,
  0x00, 0x00, 0x00, 0x00, 0x00, 0x00, 0x00, 0x00, 0x00, 0x00, 0x00, 0x00,
  0x00, 0x00, 0x00, 0x00, 0x00, 0x00, 0x00, 0x00, 0x00, 0x00, 0x00, 0x00,
  0x00, 0x00, 0x00, 0x00, 0x00, 0x00, 0x00, 0x00, 0x00, 0x00, 0x00, 0x00,
  0x00, 0x00, 0x00, 0x00, 0x00, 0x00, 0x00, 0x00, 0x00, 0x00, 0x00, 0x00,
  0x00, 0x00, 0x00, 0x00, 0x00, 0x00, 0x00, 0x00, 0x00, 0x00, 0x00, 0x00,
  0x00, 0x00, 0x00, 0x00, 0x00, 0x00, 0x00, 0x00, 0x00, 0x00, 0x00, 0x00,
  0x00, 0x00, 0x00, 0x00, 0x00, 0x00, 0x00, 0x00, 0x00, 0x10, 0x84, 0x00,
  0x31, 0x84, 0x00, 0x10, 0x84, 0x9a, 0x10, 0x84, 0xff, 0x10, 0x84, 0xff,
  0x10, 0x84, 0xff, 0x10, 0x84, 0xff, 0x10, 0x84, 0xff, 0x10, 0x84, 0xff,
  0x10, 0x84, 0xff, 0x10, 0x84, 0xfe, 0x10, 0x84, 0x62, 0x10, 0x84, 0x00,
  0x30, 0x84, 0x00, 0x30, 0x84, 0x00, 0x10, 0x84, 0x00, 0x10, 0x84, 0x00,
  0x10, 0x84, 0x00, 0x10, 0x84, 0x08, 0x10, 0x84, 0x46, 0x10, 0x84, 0xad,
  0x10, 0x84, 0xf3, 0x10, 0x84, 0xff, 0x10, 0x84, 0xff, 0x10, 0x84, 0xff,
  0x10, 0x84, 0xff, 0x10, 0x84, 0xff, 0x10, 0x84, 0xff, 0x10, 0x84, 0xff,
  0x10, 0x84, 0xff, 0x10, 0x84, 0xff, 0x10, 0x84, 0xed, 0x10, 0x84, 0x33,
  0x10, 0x84, 0x00, 0x10, 0x84, 0x72, 0x10, 0x84, 0xff, 0x10, 0x84, 0xff,
  0x10, 0x84, 0xff, 0x10, 0x84, 0xff, 0x10, 0x84, 0xff, 0x10, 0x84, 0xff,
  0x10, 0x84, 0xff, 0x10, 0x84, 0xff, 0x10, 0x84, 0xff, 0x10, 0x84, 0xff,
  0x10, 0x84, 0xc7, 0x10, 0x84, 0x49, 0x10, 0x84, 0x02, 0x10, 0x84, 0x00,
  0x10, 0x7c, 0x00, 0x10, 0x84, 0x00, 0x00, 0x00, 0x00, 0x00, 0x00, 0x00,
  0x00, 0x00, 0x00, 0x00, 0x00, 0x00, 0x00, 0x00, 0x00, 0x00, 0x00, 0x00,
  0x00, 0x00, 0x00, 0x00, 0x00, 0x00, 0x00, 0x00, 0x00, 0x00, 0x00, 0x00,
  0x00, 0x00, 0x00, 0x00, 0x00, 0x00, 0x00, 0x00, 0x00, 0x00, 0x00, 0x00,
  0x00, 0x00, 0x00, 0x10, 0x84, 0x00, 0x10, 0x84, 0x00, 0x10, 0x84, 0x47,
  0x10, 0x84, 0xf7, 0x10, 0x84, 0xff, 0x10, 0x84, 0xff, 0x10, 0x84, 0xff,
  0x10, 0x84, 0xff, 0x10, 0x84, 0xff, 0x10, 0x84, 0xff, 0x10, 0x84, 0xff,
  0x10, 0x84, 0xbb, 0x10, 0x84, 0x09, 0x10, 0x84, 0x00, 0x00, 0x00, 0x00,
  0x00, 0x00, 0x00, 0x00, 0x00, 0x00, 0x00, 0x00, 0x00, 0x00, 0x00, 0x00,
  0x00, 0x00, 0x00, 0x00, 0x00, 0x00, 0x00, 0x00, 0x00, 0x00, 0x00, 0x00,
  0x00, 0x00, 0x00, 0x00, 0x00, 0x00, 0x00, 0x00, 0x00, 0x00, 0x00, 0x00,
  0x00, 0x00, 0x00, 0x00, 0x00, 0x00, 0x00, 0x00, 0x00, 0x00, 0x00, 0x00,
  0x00, 0x00, 0x00, 0x00, 0x00, 0x00, 0x00, 0x00, 0x00, 0x00, 0x00, 0x00,
  0x00, 0x00, 0x00, 0x00, 0x00, 0x00, 0x00, 0x00, 0x00, 0x00, 0x00, 0x00,
  0x00, 0x00, 0x00, 0x00, 0x00, 0x00, 0x00, 0x00, 0x00, 0x00, 0x00, 0x00,
  0x00, 0x00, 0x00, 0x00, 0x00, 0x00, 0x00, 0x00, 0x00, 0x00, 0x00, 0x00,
  0x00, 0x00, 0x00, 0x00, 0x00, 0x00, 0x00, 0x00, 0x00, 0x00, 0x00, 0x00,
  0x00, 0x00, 0x00, 0x00, 0x00, 0x00, 0x00, 0x00, 0x00, 0x00, 0x00, 0x00,
  0x00, 0x00, 0x00, 0x00, 0x00, 0x00, 0x00, 0x00, 0x00, 0x00, 0x00, 0x00,
  0x00, 0x00, 0x00, 0x00, 0x00, 0x00, 0x00, 0x00, 0x00, 0x00, 0x00, 0x00,
  0x00, 0x00, 0x00, 0x00, 0x00, 0x00, 0x00, 0x00, 0x00, 0x10, 0x84, 0x00,
  0x10, 0x84, 0x12, 0x10, 0x84, 0xcc, 0x10, 0x84, 0xff, 0x10, 0x84, 0xff,
  0x10, 0x84, 0xff, 0x10, 0x84, 0xff, 0x10, 0x84, 0xff, 0x10, 0x84, 0xff,
  0x10, 0x84, 0xff, 0x10, 0x84, 0xec, 0x10, 0x84, 0x31, 0x10, 0x84, 0x00,
  0x10, 0x84, 0x00, 0x10, 0x84, 0x00, 0x10, 0x84, 0x00, 0x10, 0x84, 0x07,
  0x10, 0x84, 0x45, 0x10, 0x84, 0xab, 0x10, 0x84, 0xf2, 0x10, 0x84, 0xff,
  0x10, 0x84, 0xff, 0x10, 0x84, 0xff, 0x10, 0x84, 0xff, 0x10, 0x84, 0xff,
  0x10, 0x84, 0xff, 0x10, 0x84, 0xff, 0x10, 0x84, 0xff, 0x10, 0x84, 0xff,
  0x10, 0x84, 0xff, 0x10, 0x84, 0xff, 0x10, 0x84, 0xc7, 0x10, 0x84, 0x0f,
  0x10, 0x84, 0x00, 0x10, 0x84, 0x52, 0x10, 0x84, 0xfb, 0x10, 0x84, 0xff,
  0x10, 0x84, 0xff, 0x10, 0x84, 0xff, 0x10, 0x84, 0xff, 0x10, 0x84, 0xff,
  0x10, 0x84, 0xff, 0x10, 0x84, 0xff, 0x10, 0x84, 0xff, 0x10, 0x84, 0xff,
  0x10, 0x84, 0xff, 0x10, 0x84, 0xef, 0x10, 0x84, 0x8a, 0x10, 0x84, 0x1a,
  0x10, 0x84, 0x00, 0x10, 0x84, 0x00, 0x10, 0x84, 0x00, 0x30, 0x84, 0x00,
  0x00, 0x00, 0x00, 0x00, 0x00, 0x00, 0x00, 0x00, 0x00, 0x00, 0x00, 0x00,
  0x00, 0x00, 0x00, 0x00, 0x00, 0x00, 0x00, 0x00, 0x00, 0x00, 0x00, 0x00,
  0x00, 0x00, 0x00, 0x00, 0x00, 0x00, 0x00, 0x00, 0x00, 0x00, 0x00, 0x00,
  0x00, 0x00, 0x00, 0x10, 0x84, 0x00, 0x10, 0x84, 0x00, 0x10, 0x84, 0x7d,
  0x10, 0x84, 0xff, 0x10, 0x84, 0xff, 0x10, 0x84, 0xff, 0x10, 0x84, 0xff,
  0x10, 0x84, 0xff, 0x10, 0x84, 0xff, 0x10, 0x84, 0xff, 0x10, 0x84, 0xff,
  0x10, 0x84, 0x85, 0x10, 0x7c, 0x00, 0x10, 0x84, 0x00, 0x00, 0x00, 0x00,
  0x00, 0x00, 0x00, 0x00, 0x00, 0x00, 0x00, 0x00, 0x00, 0x00, 0x00, 0x00,
  0x00, 0x00, 0x00, 0x00, 0x00, 0x00, 0x00, 0x00, 0x00, 0x00, 0x00, 0x00,
  0x00, 0x00, 0x00, 0x00, 0x00, 0x00, 0x00, 0x00, 0x00, 0x00, 0x00, 0x00,
  0x00, 0x00, 0x00, 0x00, 0x00, 0x00, 0x00, 0x00, 0x00, 0x00, 0x00, 0x00,
  0x00, 0x00, 0x00, 0x00, 0x00, 0x00, 0x00, 0x00, 0x00, 0x00, 0x00, 0x00,
  0x00, 0x00, 0x00, 0x00, 0x00, 0x00, 0x00, 0x00, 0x00, 0x00, 0x00, 0x00,
  0x00, 0x00, 0x00, 0x00, 0x00, 0x00, 0x00, 0x00, 0x00, 0x00, 0x00, 0x00,
  0x00, 0x00, 0x00, 0x00, 0x00, 0x00, 0x00, 0x00, 0x00, 0x00, 0x00, 0x00,
  0x00, 0x00, 0x00, 0x00, 0x00, 0x00, 0x00, 0x00, 0x00, 0x00, 0x00, 0x00,
  0x00, 0x00, 0x00, 0x00, 0x00, 0x00, 0x00, 0x00, 0x00, 0x00, 0x00, 0x00,
  0x00, 0x00, 0x00, 0x00, 0x00, 0x00, 0x00, 0x00, 0x00, 0x00, 0x00, 0x00,
  0x00, 0x00, 0x00, 0x00, 0x00, 0x00, 0x00, 0x00, 0x00, 0x00, 0x00, 0x00,
  0x00, 0x00, 0x00, 0x00, 0x00, 0x00, 0x51, 0x8c, 0x00, 0x10, 0x84, 0x00,
  0x10, 0x84, 0x34, 0x10, 0x84, 0xee, 0x10, 0x84, 0xff, 0x10, 0x84, 0xff,
  0x10, 0x84, 0xff, 0x10, 0x84, 0xff, 0x10, 0x84, 0xff, 0x10, 0x84, 0xff,
  0x10, 0x84, 0xff, 0x10, 0x84, 0xc9, 0x10, 0x84, 0x10, 0x10, 0x84, 0x00,
  0x10, 0x84, 0x00, 0x10, 0x84, 0x07, 0x10, 0x84, 0x44, 0x10, 0x84, 0xaa,
  0x10, 0x84, 0xf2, 0x10, 0x84, 0xff, 0x10, 0x84, 0xff, 0x10, 0x84, 0xff,
  0x10, 0x84, 0xff, 0x10, 0x84, 0xff, 0x10, 0x84, 0xff, 0x10, 0x84, 0xff,
  0x10, 0x84, 0xff, 0x10, 0x84, 0xff, 0x10, 0x84, 0xff, 0x10, 0x84, 0xff,
  0x10, 0x84, 0xff, 0x10, 0x84, 0xff, 0x10, 0x84, 0x7d, 0x10, 0x84, 0x00,
  0x10, 0x84, 0x00, 0x10, 0x84, 0x1a, 0x10, 0x84, 0xd1, 0x10, 0x84, 0xff,
  0x10, 0x84, 0xff, 0x10, 0x84, 0xff, 0x10, 0x84, 0xff, 0x10, 0x84, 0xff,
  0x10, 0x84, 0xff, 0x10, 0x84, 0xff, 0x10, 0x84, 0xff, 0x10, 0x84, 0xff,
  0x10, 0x84, 0xff, 0x10, 0x84, 0xff, 0x10, 0x84, 0xff, 0x10, 0x84, 0xc8,
  0x10, 0x84, 0x4a, 0x10, 0x84, 0x02, 0x10, 0x84, 0x00, 0x10, 0x7c, 0x00,
  0x10, 0x84, 0x00, 0x00, 0x00, 0x00, 0x00, 0x00, 0x00, 0x00, 0x00, 0x00,
  0x00, 0x00, 0x00, 0x00, 0x00, 0x00, 0x00, 0x00, 0x00, 0x00, 0x00, 0x00,
  0x00, 0x00, 0x00, 0x00, 0x00, 0x00, 0x00, 0x00, 0x00, 0x00, 0x00, 0x00,
  0x00, 0x00, 0x00, 0x10, 0x84, 0x00, 0x10, 0x84, 0x07, 0x10, 0x84, 0xb4,
  0x10, 0x84, 0xff, 0x10, 0x84, 0xff, 0x10, 0x84, 0xff, 0x10, 0x84, 0xff,
  0x10, 0x84, 0xff, 0x10, 0x84, 0xff, 0x10, 0x84, 0xff, 0x10, 0x84, 0xf9,
  0x10, 0x84, 0x4e, 0x10, 0x84, 0x00, 0x10, 0x84, 0x00, 0x00, 0x00, 0x00,
  0x00, 0x00, 0x00, 0x00, 0x00, 0x00, 0x00, 0x00, 0x00, 0x00, 0x00, 0x00,
  0x00, 0x00, 0x00, 0x00, 0x00, 0x00, 0x00, 0x00, 0x00, 0x00, 0x00, 0x00,
  0x00, 0x00, 0x00, 0x00, 0x00, 0x00, 0x00, 0x00, 0x00, 0x00, 0x00, 0x00,
  0x00, 0x00, 0x00, 0x00, 0x00, 0x00, 0x00, 0x00, 0x00, 0x00, 0x00, 0x00,
  0x00, 0x00, 0x00, 0x00, 0x00, 0x00, 0x00, 0x00, 0x00, 0x00, 0x00, 0x00,
  0x00, 0x00, 0x00, 0x00, 0x00, 0x00, 0x00, 0x00, 0x00, 0x00, 0x00, 0x00,
  0x00, 0x00, 0x00, 0x00, 0x00, 0x00, 0x00, 0x00, 0x00, 0x00, 0x00, 0x00,
  0x00, 0x00, 0x00, 0x00, 0x00, 0x00, 0x00, 0x00, 0x00, 0x00, 0x00, 0x00,
  0x00, 0x00, 0x00, 0x00, 0x00, 0x00, 0x00, 0x00, 0x00, 0x00, 0x00, 0x00,
  0x00, 0x00, 0x00, 0x00, 0x00, 0x00, 0x00, 0x00, 0x00, 0x00, 0x00, 0x00,
  0x00, 0x00, 0x00, 0x00, 0x00, 0x00, 0x00, 0x00, 0x00, 0x00, 0x00, 0x00,
  0x00, 0x00, 0x00, 0x00, 0x00, 0x00, 0x00, 0x00, 0x00, 0x00, 0x00, 0x00,
  0x00, 0x00, 0x00, 0x00, 0x00, 0x00, 0x10, 0x7c, 0x00, 0x10, 0x84, 0x00,
  0x10, 0x84, 0x66, 0x10, 0x84, 0xff, 0x10, 0x84, 0xff, 0x10, 0x84, 0xff,
  0x10, 0x84, 0xff, 0x10, 0x84, 0xff, 0x10, 0x84, 0xff, 0x10, 0x84, 0xff,
  0x10, 0x84, 0xff, 0x10, 0x84, 0x96, 0x10, 0x84, 0x00, 0x10, 0x84, 0x06,
  0x10, 0x84, 0x43, 0x10, 0x84, 0xa9, 0x10, 0x84, 0xf1, 0x10, 0x84, 0xff,
  0x10, 0x84, 0xff, 0x10, 0x84, 0xff, 0x10, 0x84, 0xff, 0x10, 0x84, 0xff,
  0x10, 0x84, 0xff, 0x10, 0x84, 0xff, 0x10, 0x84, 0xff, 0x10, 0x84, 0xff,
  0x10, 0x84, 0xff, 0x10, 0x84, 0xff, 0x10, 0x84, 0xff, 0x10, 0x84, 0xff,
  0x10, 0x84, 0xff, 0x10, 0x84, 0xcf, 0x10, 0x84, 0x1f, 0x10, 0x84, 0x00,
  0x10, 0x84, 0x00, 0x10, 0x84, 0x00, 0x10, 0x84, 0x59, 0x10, 0x84, 0xee,
  0x10, 0x84, 0xff, 0x10, 0x84, 0xff, 0x10, 0x84, 0xff, 0x10, 0x84, 0xff,
  0x10, 0x84, 0xff, 0x10, 0x84, 0xff, 0x10, 0x84, 0xff, 0x10, 0x84, 0xff,
  0x10, 0x84, 0xff, 0x10, 0x84, 0xff, 0x10, 0x84, 0xff, 0x10, 0x84, 0xff,
  0x10, 0x84, 0xf0, 0x10, 0x84, 0x8b, 0x10, 0x84, 0x1a, 0x10, 0x84, 0x00,
  0x10, 0x84, 0x00, 0x10, 0x84, 0x00, 0xff, 0x07, 0x00, 0x00, 0x00, 0x00,
  0x00, 0x00, 0x00, 0x00, 0x00, 0x00, 0x00, 0x00, 0x00, 0x00, 0x00, 0x00,
  0x00, 0x00, 0x00, 0x00, 0x00, 0x00, 0x00, 0x00, 0x00, 0x00, 0x00, 0x00,
  0x00, 0x00, 0x00, 0x10, 0x84, 0x00, 0x10, 0x84, 0x20, 0x10, 0x84, 0xdf,
  0x10, 0x84, 0xff, 0x10, 0x84, 0xff, 0x10, 0x84, 0xff, 0x10, 0x84, 0xff,
  0x10, 0x84, 0xff, 0x10, 0x84, 0xff, 0x10, 0x84, 0xff, 0x10, 0x84, 0xe1,
  0x10, 0x84, 0x23, 0x10, 0x84, 0x00, 0x00, 0x00, 0x00, 0x00, 0x00, 0x00,
  0x00, 0x00, 0x00, 0x00, 0x00, 0x00, 0x00, 0x00, 0x00, 0x00, 0x00, 0x00,
  0x00, 0x00, 0x00, 0x00, 0x00, 0x00, 0x00, 0x00, 0x00, 0x00, 0x00, 0x00,
  0x00, 0x00, 0x00, 0x00, 0x00, 0x00, 0x00, 0x00, 0x00, 0x00, 0x00, 0x00,
  0x00, 0x00, 0x00, 0x00, 0x00, 0x00, 0x00, 0x00, 0x00, 0x00, 0x00, 0x00,
  0x00, 0x00, 0x00, 0x00, 0x00, 0x00, 0x00, 0x00, 0x00, 0x00, 0x00, 0x00,
  0x00, 0x00, 0x00, 0x00, 0x00, 0x00, 0x00, 0x00, 0x00, 0x00, 0x00, 0x00,
  0x00, 0x00, 0x00, 0x00, 0x00, 0x00, 0x00, 0x00, 0x00, 0x00, 0x00, 0x00,
  0x00, 0x00, 0x00, 0x00, 0x00, 0x00, 0x00, 0x00, 0x00, 0x00, 0x00, 0x00,
  0x00, 0x00, 0x00, 0x00, 0x00, 0x00, 0x00, 0x00, 0x00, 0x00, 0x00, 0x00,
  0x00, 0x00, 0x00, 0x00, 0x00, 0x00, 0x00, 0x00, 0x00, 0x00, 0x00, 0x00,
  0x00, 0x00, 0x00, 0x00, 0x00, 0x00, 0x00, 0x00, 0x00, 0x00, 0x00, 0x00,
  0x00, 0x00, 0x00, 0x00, 0x00, 0x00, 0x00, 0x00, 0x00, 0x00, 0x00, 0x00,
  0x00, 0x00, 0x00, 0x00, 0x00, 0x00, 0x10, 0x84, 0x00, 0x10, 0x84, 0x01,
  0x10, 0x84, 0x9d, 0x10, 0x84, 0xff, 0x10, 0x84, 0xff, 0x10, 0x84, 0xff,
  0x10, 0x84, 0xff, 0x10, 0x84, 0xff, 0x10, 0x84, 0xff, 0x10, 0x84, 0xff,
  0x10, 0x84, 0xfd, 0x10, 0x84, 0x66, 0x10, 0x84, 0x3d, 0x10, 0x84, 0xa7,
  0x10, 0x84, 0xf1, 0x10, 0x84, 0xff, 0x10, 0x84, 0xff, 0x10, 0x84, 0xff,
  0x10, 0x84, 0xff, 0x10, 0x84, 0xff, 0x10, 0x84, 0xff, 0x10, 0x84, 0xff,
  0x10, 0x84, 0xff, 0x10, 0x84, 0xff, 0x10, 0x84, 0xff, 0x10, 0x84, 0xff,
  0x10, 0x84, 0xff, 0x10, 0x84, 0xff, 0x10, 0x84, 0xff, 0x10, 0x84, 0xff,
  0x10, 0x84, 0xde, 0x10, 0x84, 0x43, 0x10, 0x84, 0x00, 0xd0, 0x73, 0x00,
  0x10, 0x84, 0x00, 0x10, 0x84, 0x00, 0x10, 0x84, 0x02, 0x10, 0x84, 0x4e,
  0x10, 0x84, 0xcd, 0x10, 0x84, 0xff, 0x10, 0x84, 0xff, 0x10, 0x84, 0xff,
  0x10, 0x84, 0xff, 0x10, 0x84, 0xff, 0x10, 0x84, 0xff, 0x10, 0x84, 0xff,
  0x10, 0x84, 0xff, 0x10, 0x84, 0xff, 0x10, 0x84, 0xff, 0x10, 0x84, 0xff,
  0x10, 0x84, 0xff, 0x10, 0x84, 0xff, 0x10, 0x84, 0xc8, 0x10, 0x84, 0x4b,
  0x10, 0x7c, 0x03, 0x10, 0x84, 0x00, 0x10, 0x7c, 0x00, 0x10, 0x84, 0x00,
  0x00, 0x00, 0x00, 0x00, 0x00, 0x00, 0x00, 0x00, 0x00, 0x00, 0x00, 0x00,
  0x00, 0x00, 0x00, 0x00, 0x00, 0x00, 0x00, 0x00, 0x00, 0x00, 0x00, 0x00,
  0x10, 0x84, 0x00, 0x10, 0x84, 0x00, 0x10, 0x84, 0x4c, 0x10, 0x84, 0xf8,
  0x10, 0x84, 0xff, 0x10, 0x84, 0xff, 0x10, 0x84, 0xff, 0x10, 0x84, 0xff,
  0x10, 0x84, 0xff, 0x10, 0x84, 0xff, 0x10, 0x84, 0xff, 0x10, 0x84, 0xb7,
  0x10, 0x84, 0x08, 0x10, 0x84, 0x00, 0x00, 0x00, 0x00, 0x00, 0x00, 0x00,
  0x00, 0x00, 0x00, 0x00, 0x00, 0x00, 0x00, 0x00, 0x00, 0x00, 0x00, 0x00,
  0x00, 0x00, 0x00, 0x00, 0x00, 0x00, 0x00, 0x00, 0x00, 0x00, 0x00, 0x00,
  0x00, 0x00, 0x00, 0x00, 0x00, 0x00, 0x00, 0x00, 0x00, 0x00, 0x00, 0x00,
  0x00, 0x00, 0x00, 0x00, 0x00, 0x00, 0x00, 0x00, 0x00, 0x00, 0x00, 0x00,
  0x00, 0x00, 0x00, 0x00, 0x00, 0x00, 0x00, 0x00, 0x00, 0x00, 0x00, 0x00,
  0x00, 0x00, 0x00, 0x00, 0x00, 0x00, 0x00, 0x00, 0x00, 0x00, 0x00, 0x00,
  0x00, 0x00, 0x00, 0x00, 0x00, 0x00, 0x00, 0x00, 0x00, 0x00, 0x00, 0x00,
  0x00, 0x00, 0x00, 0x00, 0x00, 0x00, 0x00, 0x00, 0x00, 0x00, 0x00, 0x00,
  0x00, 0x00, 0x00, 0x00, 0x00, 0x00, 0x00, 0x00, 0x00, 0x00, 0x00, 0x00,
  0x00, 0x00, 0x00, 0x00, 0x00, 0x00, 0x00, 0x00, 0x00, 0x00, 0x00, 0x00,
  0x00, 0x00, 0x00, 0x00, 0x00, 0x00, 0x00, 0x00, 0x00, 0x00, 0x00, 0x00,
  0x00, 0x00, 0x00, 0x00, 0x00, 0x00, 0x00, 0x00, 0x00, 0x00, 0x00, 0x00,
  0x00, 0x00, 0x00, 0x00, 0x00, 0x00, 0x10, 0x84, 0x00, 0x10, 0x84, 0x13,
  0x10, 0x84, 0xce, 0x10, 0x84, 0xff, 0x10, 0x84, 0xff, 0x10, 0x84, 0xff,
  0x10, 0x84, 0xff, 0x10, 0x84, 0xff, 0x10, 0x84, 0xff, 0x10, 0x84, 0xff,
  0x10, 0x84, 0xf9, 0x10, 0x84, 0xc7, 0x10, 0x84, 0xee, 0x10, 0x84, 0xff,
  0x10, 0x84, 0xff, 0x10, 0x84, 0xff, 0x10, 0x84, 0xff, 0x10, 0x84, 0xff,
  0x10, 0x84, 0xff, 0x10, 0x84, 0xff, 0x10, 0x84, 0xff, 0x10, 0x84, 0xff,
  0x10, 0x84, 0xff, 0x10, 0x84, 0xff, 0x10, 0x84, 0xff, 0x10, 0x84, 0xff,
  0x10, 0x84, 0xff, 0x10, 0x84, 0xff, 0x10, 0x84, 0xf8, 0x10, 0x84, 0xb5,
  0x10, 0x84, 0x38, 0x10, 0x84, 0x00, 0x10, 0x84, 0x00, 0x10, 0x84, 0x00,
  0x00, 0x00, 0x00, 0x10, 0x84, 0x00, 0x10, 0x84, 0x00, 0x10, 0x84, 0x00,
  0x10, 0x84, 0x1e, 0x10, 0x84, 0x92, 0x10, 0x84, 0xf3, 0x10, 0x84, 0xff,
  0x10, 0x84, 0xff, 0x10, 0x84, 0xff, 0x10, 0x84, 0xff, 0x10, 0x84, 0xff,
  0x10, 0x84, 0xff, 0x10, 0x84, 0xff, 0x10, 0x84, 0xff, 0x10, 0x84, 0xff,
  0x10, 0x84, 0xff, 0x10, 0x84, 0xff, 0x10, 0x84, 0xff, 0x10, 0x84, 0xf0,
  0x10, 0x84, 0x8d, 0x10, 0x84, 0x1b, 0x10, 0x84, 0x00, 0x10, 0x84, 0x00,
  0x10, 0x84, 0x00, 0x00, 0x00, 0x00, 0x00, 0x00, 0x00, 0x00, 0x00, 0x00,
  0x00, 0x00, 0x00, 0x00, 0x00, 0x00, 0x00, 0x00, 0x00, 0x00, 0x00, 0x00,
  0x30, 0x84, 0x00, 0x10, 0x84, 0x00, 0x10, 0x84, 0x83, 0x10, 0x84, 0xff,
  0x10, 0x84, 0xff, 0x10, 0x84, 0xff, 0x10, 0x84, 0xff, 0x10, 0x84, 0xff,
  0x10, 0x84, 0xff, 0x10, 0x84, 0xff, 0x10, 0x84, 0xff, 0x10, 0x84, 0x81,
  0x10, 0x84, 0x00, 0x10, 0x84, 0x00, 0x00, 0x00, 0x00, 0x00, 0x00, 0x00,
  0x00, 0x00, 0x00, 0x00, 0x00, 0x00, 0x00, 0x00, 0x00, 0x00, 0x00, 0x00,
  0x00, 0x00, 0x00, 0x00, 0x00, 0x00, 0x00, 0x00, 0x00, 0x00, 0x00, 0x00,
  0x00, 0x00, 0x00, 0x00, 0x00, 0x00, 0x00, 0x00, 0x00, 0x00, 0x00, 0x00,
  0x00, 0x00, 0x00, 0x00, 0x00, 0x00, 0x00, 0x00, 0x00, 0x00, 0x00, 0x00,
  0x00, 0x00, 0x00, 0x00, 0x00, 0x00, 0x00, 0x00, 0x00, 0x00, 0x00, 0x00,
  0x00, 0x00, 0x00, 0x00, 0x00, 0x00, 0x00, 0x00, 0x00, 0x00, 0x00, 0x00,
  0x00, 0x00, 0x00, 0x00, 0x00, 0x00, 0x00, 0x00, 0x00, 0x00, 0x00, 0x00,
  0x00, 0x00, 0x00, 0x00, 0x00, 0x00, 0x00, 0x00, 0x00, 0x00, 0x00, 0x00,
  0x00, 0x00, 0x00, 0x00, 0x00, 0x00, 0x00, 0x00, 0x00, 0x00, 0x00, 0x00,
  0x00, 0x00, 0x00, 0x00, 0x00, 0x00, 0x00, 0x00, 0x00, 0x00, 0x00, 0x00,
  0x00, 0x00, 0x00, 0x00, 0x00, 0x00, 0x00, 0x00, 0x00, 0x00, 0x00, 0x00,
  0x00, 0x00, 0x00, 0x00, 0x00, 0x00, 0x00, 0x00, 0x00, 0x00, 0x00, 0x00,
  0x00, 0x00, 0x00, 0x10, 0x84, 0x00, 0x10, 0x84, 0x00, 0x10, 0x84, 0x36,
  0x10, 0x84, 0xef, 0x10, 0x84, 0xff, 0x10, 0x84, 0xff, 0x10, 0x84, 0xff,
  0x10, 0x84, 0xff, 0x10, 0x84, 0xff, 0x10, 0x84, 0xff, 0x10, 0x84, 0xff,
  0x10, 0x84, 0xff, 0x10, 0x84, 0xff, 0x10, 0x84, 0xff, 0x10, 0x84, 0xff,
  0x10, 0x84, 0xff, 0x10, 0x84, 0xff, 0x10, 0x84, 0xff, 0x10, 0x84, 0xff,
  0x10, 0x84, 0xff, 0x10, 0x84, 0xff, 0x10, 0x84, 0xff, 0x10, 0x84, 0xff,
  0x10, 0x84, 0xff, 0x10, 0x84, 0xff, 0x10, 0x84, 0xff, 0x10, 0x84, 0xff,
  0x10, 0x84, 0xf7, 0x10, 0x84, 0xb9, 0x10, 0x84, 0x54, 0x10, 0x84, 0x0c,
  0x10, 0x84, 0x00, 0x10, 0x84, 0x00, 0x10, 0x84, 0x00, 0x00, 0x00, 0x00,
  0x00, 0x00, 0x00, 0x00, 0x00, 0x00, 0x10, 0x7c, 0x00, 0x10, 0x84, 0x00,
  0x10, 0x84, 0x00, 0x10, 0x84, 0x04, 0x10, 0x84, 0x51, 0x10, 0x84, 0xce,
  0x10, 0x84, 0xff, 0x10, 0x84, 0xff, 0x10, 0x84, 0xff, 0x10, 0x84, 0xff,
  0x10, 0x84, 0xff, 0x10, 0x84, 0xff, 0x10, 0x84, 0xff, 0x10, 0x84, 0xff,
  0x10, 0x84, 0xff, 0x10, 0x84, 0xff, 0x10, 0x84, 0xff, 0x10, 0x84, 0xff,
  0x10, 0x84, 0xff, 0x10, 0x84, 0xca, 0x10, 0x84, 0x4d, 0x10, 0x84, 0x03,
  0x10, 0x84, 0x00, 0x10, 0x7c, 0x00, 0x10, 0x84, 0x00, 0x00, 0x00, 0x00,
  0x00, 0x00, 0x00, 0x00, 0x00, 0x00, 0x00, 0x00, 0x00, 0x00, 0x00, 0x00,
  0x10, 0x84, 0x00, 0x10, 0x84, 0x08, 0x10, 0x84, 0xb9, 0x10, 0x84, 0xff,
  0x10, 0x84, 0xff, 0x10, 0x84, 0xff, 0x10, 0x84, 0xff, 0x10, 0x84, 0xff,
  0x10, 0x84, 0xff, 0x10, 0x84, 0xff, 0x10, 0x84, 0xf8, 0x10, 0x84, 0x4b,
  0x10, 0x84, 0x00, 0x10, 0x84, 0x00, 0x00, 0x00, 0x00, 0x00, 0x00, 0x00,
  0x00, 0x00, 0x00, 0x00, 0x00, 0x00, 0x00, 0x00, 0x00, 0x00, 0x00, 0x00,
  0x00, 0x00, 0x00, 0x00, 0x00, 0x00, 0x00, 0x00, 0x00, 0x00, 0x00, 0x00,
  0x00, 0x00, 0x00, 0x00, 0x00, 0x00, 0x00, 0x00, 0x00, 0x00, 0x00, 0x00,
  0x00, 0x00, 0x00, 0x00, 0x00, 0x00, 0x00, 0x00, 0x00, 0x00, 0x00, 0x00,
  0x00, 0x00, 0x00, 0x00, 0x00, 0x00, 0x00, 0x00, 0x00, 0x00, 0x00, 0x00,
  0x00, 0x00, 0x00, 0x00, 0x00, 0x00, 0x00, 0x00, 0x00, 0x00, 0x00, 0x00,
  0x00, 0x00, 0x00, 0x00, 0x00, 0x00, 0x00, 0x00, 0x00, 0x00, 0x00, 0x00,
  0x00, 0x00, 0x00, 0x00, 0x00, 0x00, 0x00, 0x00, 0x00, 0x00, 0x00, 0x00,
  0x00, 0x00, 0x00, 0x00, 0x00, 0x00, 0x00, 0x00, 0x00, 0x00, 0x00, 0x00,
  0x00, 0x00, 0x00, 0x00, 0x00, 0x00, 0x00, 0x00, 0x00, 0x00, 0x00, 0x00,
  0x00, 0x00, 0x00, 0x00, 0x00, 0x00, 0x00, 0x00, 0x00, 0x00, 0x00, 0x00,
  0x00, 0x00, 0x00, 0x00, 0x00, 0x00, 0x00, 0x00, 0x00, 0x00, 0x00, 0x00,
  0x00, 0x00, 0x00, 0x10, 0x7c, 0x00, 0x10, 0x84, 0x00, 0x10, 0x84, 0x69,
  0x10, 0x84, 0xff, 0x10, 0x84, 0xff, 0x10, 0x84, 0xff, 0x10, 0x84, 0xff,
  0x10, 0x84, 0xff, 0x10, 0x84, 0xff, 0x10, 0x84, 0xff, 0x10, 0x84, 0xff,
  0x10, 0x84, 0xff, 0x10, 0x84, 0xff, 0x10, 0x84, 0xff, 0x10, 0x84, 0xff,
  0x10, 0x84, 0xff, 0x10, 0x84, 0xff, 0x10, 0x84, 0xff, 0x10, 0x84, 0xff,
  0x10, 0x84, 0xff, 0x10, 0x84, 0xff, 0x10, 0x84, 0xff, 0x10, 0x84, 0xff,
  0x10, 0x84, 0xff, 0x10, 0x84, 0xff, 0x10, 0x84, 0xf7, 0x10, 0x84, 0xb9,
  0x10, 0x84, 0x53, 0x10, 0x84, 0x0d, 0x10, 0x84, 0x00, 0x10, 0x84, 0x00,
  0x10, 0x84, 0x00, 0x10, 0x84, 0x00, 0x00, 0x00, 0x00, 0x00, 0x00, 0x00,
  0x00, 0x00, 0x00, 0x00, 0x00, 0x00, 0x00, 0x00, 0x00, 0x51, 0x84, 0x00,
  0x10, 0x84, 0x00, 0x10, 0x84, 0x00, 0x10, 0x84, 0x00, 0x10, 0x84, 0x1f,
  0x10, 0x84, 0x94, 0x10, 0x84, 0xf3, 0x10, 0x84, 0xff, 0x10, 0x84, 0xff,
  0x10, 0x84, 0xff, 0x10, 0x84, 0xff, 0x10, 0x84, 0xff, 0x10, 0x84, 0xff,
  0x10, 0x84, 0xff, 0x10, 0x84, 0xff, 0x10, 0x84, 0xff, 0x10, 0x84, 0xff,
  0x10, 0x84, 0xff, 0x10, 0x84, 0xff, 0x10, 0x84, 0xf1, 0x10, 0x84, 0x8e,
  0x10, 0x84, 0x1c, 0x10, 0x84, 0x00, 0x10, 0x84, 0x00, 0x10, 0x84, 0x00,
  0x10, 0x84, 0x00, 0x00, 0x00, 0x00, 0x00, 0x00, 0x00, 0x51, 0x8c, 0x00,
  0x10, 0x84, 0x00, 0x10, 0x84, 0x24, 0x10, 0x84, 0xe2, 0x10, 0x84, 0xff,
  0x10, 0x84, 0xff, 0x10, 0x84, 0xff, 0x10, 0x84, 0xff, 0x10, 0x84, 0xff,
  0x10, 0x84, 0xff, 0x10, 0x84, 0xff, 0x10, 0x84, 0xde, 0x10, 0x84, 0x20,
  0x10, 0x84, 0x00, 0x30, 0x84, 0x00, 0x00, 0x00, 0x00, 0x00, 0x00, 0x00,
  0x00, 0x00, 0x00, 0x00, 0x00, 0x00, 0x00, 0x00, 0x00, 0x00, 0x00, 0x00,
  0x00, 0x00, 0x00, 0x00, 0x00, 0x00, 0x00, 0x00, 0x00, 0x00, 0x00, 0x00,
  0x00, 0x00, 0x00, 0x00, 0x00, 0x00, 0x00, 0x00, 0x00, 0x00, 0x00, 0x00,
  0x00, 0x00, 0x00, 0x00, 0x00, 0x00, 0x00, 0x00, 0x00, 0x00, 0x00, 0x00,
  0x00, 0x00, 0x00, 0x00, 0x00, 0x00, 0x00, 0x00, 0x00, 0x00, 0x00, 0x00,
  0x00, 0x00, 0x00, 0x00, 0x00, 0x00, 0x00, 0x00, 0x00, 0x00, 0x00, 0x00,
  0x00, 0x00, 0x00, 0x00, 0x00, 0x00, 0x00, 0x00, 0x00, 0x00, 0x00, 0x00,
  0x00, 0x00, 0x00, 0x00, 0x00, 0x00, 0x00, 0x00, 0x00, 0x00, 0x00, 0x00,
  0x00, 0x00, 0x00, 0x00, 0x00, 0x00, 0x00, 0x00, 0x00, 0x00, 0x00, 0x00,
  0x00, 0x00, 0x00, 0x00, 0x00, 0x00, 0x00, 0x00, 0x00, 0x00, 0x00, 0x00,
  0x00, 0x00, 0x00, 0x00, 0x00, 0x00, 0x00, 0x00, 0x00, 0x00, 0x00, 0x00,
  0x00, 0x00, 0x00, 0x00, 0x00, 0x00, 0x00, 0x00, 0x00, 0x00, 0x00, 0x00,
  0x00, 0x00, 0x00, 0x10, 0x84, 0x00, 0x10, 0x84, 0x02, 0x10, 0x84, 0xa0,
  0x10, 0x84, 0xff, 0x10, 0x84, 0xff, 0x10, 0x84, 0xff, 0x10, 0x84, 0xff,
  0x10, 0x84, 0xff, 0x10, 0x84, 0xff, 0x10, 0x84, 0xff, 0x10, 0x84, 0xff,
  0x10, 0x84, 0xff, 0x10, 0x84, 0xff, 0x10, 0x84, 0xff, 0x10, 0x84, 0xff,
  0x10, 0x84, 0xff, 0x10, 0x84, 0xff, 0x10, 0x84, 0xff, 0x10, 0x84, 0xff,
  0x10, 0x84, 0xff, 0x10, 0x84, 0xff, 0x10, 0x84, 0xff, 0x10, 0x84, 0xff,
  0x10, 0x84, 0xf6, 0x10, 0x84, 0xb8, 0x10, 0x84, 0x53, 0x10, 0x84, 0x0c,
  0x10, 0x84, 0x00, 0x10, 0x84, 0x00, 0x10, 0x84, 0x00, 0x10, 0x84, 0x00,
  0x00, 0x00, 0x00, 0x00, 0x00, 0x00, 0x00, 0x00, 0x00, 0x00, 0x00, 0x00,
  0x00, 0x00, 0x00, 0x00, 0x00, 0x00, 0x00, 0x00, 0x00, 0x00, 0x00, 0x00,
  0x00, 0x00, 0x00, 0x10, 0x7c, 0x00, 0x10, 0x84, 0x00, 0x10, 0x84, 0x00,
  0x10, 0x7c, 0x04, 0x10, 0x84, 0x53, 0x10, 0x84, 0xd0, 0x10, 0x84, 0xff,
  0x10, 0x84, 0xff, 0x10, 0x84, 0xff, 0x10, 0x84, 0xff, 0x10, 0x84, 0xff,
  0x10, 0x84, 0xff, 0x10, 0x84, 0xff, 0x10, 0x84, 0xff, 0x10, 0x84, 0xff,
  0x10, 0x84, 0xff, 0x10, 0x84, 0xff, 0x10, 0x84, 0xff, 0x10, 0x84, 0xff,
  0x10, 0x84, 0xca, 0x10, 0x84, 0x4e, 0x10, 0x84, 0x03, 0x10, 0x84, 0x00,
  0x10, 0x84, 0x00, 0x00, 0x00, 0x00, 0x00, 0x00, 0x00, 0x10, 0x84, 0x00,
  0x10, 0x84, 0x00, 0x10, 0x84, 0x51, 0x10, 0x84, 0xfa, 0x10, 0x84, 0xff,
  0x10, 0x84, 0xff, 0x10, 0x84, 0xff, 0x10, 0x84, 0xff, 0x10, 0x84, 0xff,
  0x10, 0x84, 0xff, 0x10, 0x84, 0xff, 0x10, 0x84, 0xb3, 0x10, 0x84, 0x07,
  0x10, 0x84, 0x00, 0x00, 0x00, 0x00, 0x00, 0x00, 0x00, 0x00, 0x00, 0x00,
  0x00, 0x00, 0x00, 0x00, 0x00, 0x00, 0x00, 0x00, 0x00, 0x00, 0x00, 0x00,
  0x00, 0x00, 0x00, 0x00, 0x00, 0x00, 0x00, 0x00, 0x00, 0x00, 0x00, 0x00,
  0x00, 0x00, 0x00, 0x00, 0x00, 0x00, 0x00, 0x00, 0x00, 0x00, 0x00, 0x00,
  0x00, 0x00, 0x00, 0x00, 0x00, 0x00, 0x00, 0x00, 0x00, 0x00, 0x00, 0x00,
  0x00, 0x00, 0x00, 0x00, 0x00, 0x00, 0x00, 0x00, 0x00, 0x00, 0x00, 0x00,
  0x00, 0x00, 0x00, 0x00, 0x00, 0x00, 0x00, 0x00, 0x00, 0x00, 0x00, 0x00,
  0x00, 0x00, 0x00, 0x00, 0x00, 0x00, 0x00, 0x00, 0x00, 0x00, 0x00, 0x00,
  0x00, 0x00, 0x00, 0x00, 0x00, 0x00, 0x00, 0x00, 0x00, 0x00, 0x00, 0x00,
  0x00, 0x00, 0x00, 0x00, 0x00, 0x00, 0x00, 0x00, 0x00, 0x00, 0x00, 0x00,
  0x00, 0x00, 0x00, 0x00, 0x00, 0x00, 0x00, 0x00, 0x00, 0x00, 0x00, 0x00,
  0x00, 0x00, 0x00, 0x00, 0x00, 0x00, 0x00, 0x00, 0x00, 0x00, 0x00, 0x00,
  0x00, 0x00, 0x00, 0x00, 0x00, 0x00, 0x00, 0x00, 0x00, 0x00, 0x00, 0x00,
  0x00, 0x00, 0x00, 0x10, 0x84, 0x00, 0x10, 0x84, 0x14, 0x10, 0x84, 0xd0,
  0x10, 0x84, 0xff, 0x10, 0x84, 0xff, 0x10, 0x84, 0xff, 0x10, 0x84, 0xff,
  0x10, 0x84, 0xff, 0x10, 0x84, 0xff, 0x10, 0x84, 0xff, 0x10, 0x84, 0xff,
  0x10, 0x84, 0xff, 0x10, 0x84, 0xff, 0x10, 0x84, 0xff, 0x10, 0x84, 0xff,
  0x10, 0x84, 0xff, 0x10, 0x84, 0xff, 0x10, 0x84, 0xff, 0x10, 0x84, 0xff,
  0x10, 0x84, 0xff, 0x10, 0x84, 0xff, 0x10, 0x84, 0xff, 0x10, 0x84, 0xff,
  0x10, 0x84, 0x9b, 0x10, 0x84, 0x0b, 0x10, 0x84, 0x00, 0x10, 0x84, 0x00,
  0x10, 0x7c, 0x00, 0x30, 0x84, 0x00, 0x00, 0x00, 0x00, 0x00, 0x00, 0x00,
  0x00, 0x00, 0x00, 0x00, 0x00, 0x00, 0x00, 0x00, 0x00, 0x00, 0x00, 0x00,
  0x00, 0x00, 0x00, 0x00, 0x00, 0x00, 0x00, 0x00, 0x00, 0x00, 0x00, 0x00,
  0x00, 0x00, 0x00, 0x00, 0x00, 0x00, 0x10, 0x7c, 0x00, 0x10, 0x84, 0x00,
  0x10, 0x84, 0x00, 0x10, 0x84, 0x00, 0x10, 0x84, 0x20, 0x10, 0x84, 0x97,
  0x10, 0x84, 0xf4, 0x10, 0x84, 0xff, 0x10, 0x84, 0xff, 0x10, 0x84, 0xff,
  0x10, 0x84, 0xff, 0x10, 0x84, 0xff, 0x10, 0x84, 0xff, 0x10, 0x84, 0xff,
  0x10, 0x84, 0xff, 0x10, 0x84, 0xff, 0x10, 0x84, 0xff, 0x10, 0x84, 0xff,
  0x10, 0x84, 0xff, 0x10, 0x84, 0xf2, 0x10, 0x84, 0x87, 0x10, 0x84, 0x0d,
  0x10, 0x84, 0x00, 0x10, 0x84, 0x00, 0x00, 0x00, 0x00, 0x30, 0x84, 0x00,
  0x10, 0x7c, 0x00, 0x10, 0x84, 0x88, 0x10, 0x84, 0xff, 0x10, 0x84, 0xff,
  0x10, 0x84, 0xff, 0x10, 0x84, 0xff, 0x10, 0x84, 0xff, 0x10, 0x84, 0xff,
  0x10, 0x84, 0xff, 0x10, 0x84, 0xff, 0x10, 0x84, 0x7d, 0x10, 0x84, 0x00,
  0x30, 0x84, 0x00, 0x00, 0x00, 0x00, 0x00, 0x00, 0x00, 0x00, 0x00, 0x00,
  0x00, 0x00, 0x00, 0x00, 0x00, 0x00, 0x00, 0x00, 0x00, 0x00, 0x00, 0x00,
  0x00, 0x00, 0x00, 0x00, 0x00, 0x00, 0x00, 0x00, 0x00, 0x00, 0x00, 0x00,
  0x00, 0x00, 0x00, 0x00, 0x00, 0x00, 0x00, 0x00, 0x00, 0x00, 0x00, 0x00,
  0x00, 0x00, 0x00, 0x00, 0x00, 0x00, 0x00, 0x00, 0x00, 0x00, 0x00, 0x00,
  0x00, 0x00, 0x00, 0x00, 0x00, 0x00, 0x00, 0x00, 0x00, 0x00, 0x00, 0x00,
  0x00, 0x00, 0x00, 0x00, 0x00, 0x00, 0x00, 0x00, 0x00, 0x00, 0x00, 0x00,
  0x00, 0x00, 0x00, 0x00, 0x00, 0x00, 0x00, 0x00, 0x00, 0x00, 0x00, 0x00,
  0x00, 0x00, 0x00, 0x00, 0x00, 0x00, 0x00, 0x00, 0x00, 0x00, 0x00, 0x00,
  0x00, 0x00, 0x00, 0x00, 0x00, 0x00, 0x00, 0x00, 0x00, 0x00, 0x00, 0x00,
  0x00, 0x00, 0x00, 0x00, 0x00, 0x00, 0x00, 0x00, 0x00, 0x00, 0x00, 0x00,
  0x00, 0x00, 0x00, 0x00, 0x00, 0x00, 0x00, 0x00, 0x00, 0x00, 0x00, 0x00,
  0x00, 0x00, 0x00, 0x00, 0x00, 0x00, 0x00, 0x00, 0x00, 0x00, 0x00, 0x00,
  0x10, 0x84, 0x00, 0x10, 0x84, 0x00, 0x10, 0x84, 0x39, 0x10, 0x84, 0xf1,
  0x10, 0x84, 0xff, 0x10, 0x84, 0xff, 0x10, 0x84, 0xff, 0x10, 0x84, 0xff,
  0x10, 0x84, 0xff, 0x10, 0x84, 0xff, 0x10, 0x84, 0xff, 0x10, 0x84, 0xff,
  0x10, 0x84, 0xff, 0x10, 0x84, 0xff, 0x10, 0x84, 0xff, 0x10, 0x84, 0xff,
  0x10, 0x84, 0xff, 0x10, 0x84, 0xff, 0x10, 0x84, 0xff, 0x10, 0x84, 0xff,
  0x10, 0x84, 0xff, 0x10, 0x84, 0xff, 0x10, 0x84, 0xff, 0x10, 0x84, 0xff,
  0x10, 0x84, 0xa9, 0x10, 0x84, 0x03, 0x10, 0x84, 0x00, 0x10, 0x7c, 0x00,
  0x00, 0x00, 0x00, 0x00, 0x00, 0x00, 0x00, 0x00, 0x00, 0x00, 0x00, 0x00,
  0x00, 0x00, 0x00, 0x00, 0x00, 0x00, 0x00, 0x00, 0x00, 0x00, 0x00, 0x00,
  0x00, 0x00, 0x00, 0x00, 0x00, 0x00, 0x00, 0x00, 0x00, 0x00, 0x00, 0x00,
  0x00, 0x00, 0x00, 0x00, 0x00, 0x00, 0x00, 0x00, 0x00, 0x00, 0x00, 0x00,
  0x10, 0x7c, 0x00, 0xef, 0x83, 0x00, 0x10, 0x84, 0x00, 0x10, 0x84, 0x05,
  0x10, 0x84, 0x56, 0x10, 0x84, 0xd1, 0x10, 0x84, 0xff, 0x10, 0x84, 0xff,
  0x10, 0x84, 0xff, 0x10, 0x84, 0xff, 0x10, 0x84, 0xff, 0x10, 0x84, 0xff,
  0x10, 0x84, 0xff, 0x10, 0x84, 0xff, 0x10, 0x84, 0xff, 0x10, 0x84, 0xff,
  0x10, 0x84, 0xff, 0x10, 0x84, 0xff, 0x10, 0x84, 0xfe, 0x10, 0x84, 0x7a,
  0x92, 0x73, 0x00, 0x10, 0x84, 0x00, 0x00, 0x00, 0x00, 0x10, 0x84, 0x00,
  0x10, 0x84, 0x0a, 0x10, 0x84, 0xbe, 0x10, 0x84, 0xff, 0x10, 0x84, 0xff,
  0x10, 0x84, 0xff, 0x10, 0x84, 0xff, 0x10, 0x84, 0xff, 0x10, 0x84, 0xff,
  0x10, 0x84, 0xff, 0x10, 0x84, 0xf7, 0x10, 0x84, 0x47, 0x10, 0x84, 0x00,
  0x30, 0x84, 0x00, 0x00, 0x00, 0x00, 0x00, 0x00, 0x00, 0x00, 0x00, 0x00,
  0x00, 0x00, 0x00, 0x00, 0x00, 0x00, 0x00, 0x00, 0x00, 0x00, 0x00, 0x00,
  0x00, 0x00, 0x00, 0x00, 0x00, 0x00, 0x00, 0x00, 0x00, 0x00, 0x00, 0x00,
  0x00, 0x00, 0x00, 0x00, 0x00, 0x00, 0x00, 0x00, 0x00, 0x00, 0x00, 0x00,
  0x00, 0x00, 0x00, 0x00, 0x00, 0x00, 0x00, 0x00, 0x00, 0x00, 0x00, 0x00,
  0x00, 0x00, 0x00, 0x00, 0x00, 0x00, 0x00, 0x00, 0x00, 0x00, 0x00, 0x00,
  0x00, 0x00, 0x00, 0x00, 0x00, 0x00, 0x00, 0x00, 0x00, 0x00, 0x00, 0x00,
  0x00, 0x00, 0x00, 0x00, 0x00, 0x00, 0x00, 0x00, 0x00, 0x00, 0x00, 0x00,
  0x00, 0x00, 0x00, 0x00, 0x00, 0x00, 0x00, 0x00, 0x00, 0x00, 0x00, 0x00,
  0x00, 0x00, 0x00, 0x00, 0x00, 0x00, 0x00, 0x00, 0x00, 0x00, 0x00, 0x00,
  0x00, 0x00, 0x00, 0x00, 0x00, 0x00, 0x00, 0x00, 0x00, 0x00, 0x00, 0x00,
  0x00, 0x00, 0x00, 0x00, 0x00, 0x00, 0x00, 0x00, 0x00, 0x00, 0x00, 0x00,
  0x00, 0x00, 0x00, 0x00, 0x00, 0x00, 0x00, 0x00, 0x00, 0x00, 0x00, 0x00,
  0x10, 0x84, 0x00, 0x10, 0x84, 0x00, 0x10, 0x84, 0x6b, 0x10, 0x84, 0xff,
  0x10, 0x84, 0xff, 0x10, 0x84, 0xff, 0x10, 0x84, 0xff, 0x10, 0x84, 0xff,
  0x10, 0x84, 0xff, 0x10, 0x84, 0xff, 0x10, 0x84, 0xff, 0x10, 0x84, 0xff,
  0x10, 0x84, 0xff, 0x10, 0x84, 0xff, 0x10, 0x84, 0xff, 0x10, 0x84, 0xff,
  0x10, 0x84, 0xff, 0x10, 0x84, 0xff, 0x10, 0x84, 0xff, 0x10, 0x84, 0xff,
  0x10, 0x84, 0xff, 0x10, 0x84, 0xff, 0x10, 0x84, 0xff, 0x10, 0x84, 0xff,
  0x10, 0x84, 0xd6, 0x10, 0x84, 0x18, 0x10, 0x84, 0x00, 0x00, 0x00, 0x00,
  0x00, 0x00, 0x00, 0x00, 0x00, 0x00, 0x00, 0x00, 0x00, 0x00, 0x00, 0x00,
  0x00, 0x00, 0x00, 0x00, 0x00, 0x00, 0x00, 0x00, 0x00, 0x00, 0x00, 0x00,
  0x00, 0x00, 0x00, 0x00, 0x00, 0x00, 0x00, 0x00, 0x00, 0x00, 0x00, 0x00,
  0x00, 0x00, 0x00, 0x00, 0x00, 0x00, 0x00, 0x00, 0x00, 0x00, 0x00, 0x00,
  0x00, 0x00, 0x00, 0x10, 0x84, 0x00, 0x10, 0x84, 0x00, 0x10, 0x84, 0x00,
  0x10, 0x84, 0x00, 0x10, 0x84, 0x21, 0x10, 0x84, 0x98, 0x10, 0x84, 0xf5,
  0x10, 0x84, 0xff, 0x10, 0x84, 0xff, 0x10, 0x84, 0xff, 0x10, 0x84, 0xff,
  0x10, 0x84, 0xff, 0x10, 0x84, 0xff, 0x10, 0x84, 0xff, 0x10, 0x84, 0xff,
  0x10, 0x84, 0xff, 0x10, 0x84, 0xff, 0x10, 0x84, 0xff, 0x10, 0x84, 0xdc,
  0x10, 0x84, 0x21, 0x10, 0x84, 0x00, 0x00, 0x00, 0x00, 0x10, 0x84, 0x00,
  0x10, 0x84, 0x28, 0x10, 0x84, 0xe5, 0x10, 0x84, 0xff, 0x10, 0x84, 0xff,
  0x10, 0x84, 0xff, 0x10, 0x84, 0xff, 0x10, 0x84, 0xff, 0x10, 0x84, 0xff,
  0x10, 0x84, 0xff, 0x10, 0x84, 0xdc, 0x10, 0x84, 0x1d, 0x10, 0x84, 0x00,
  0x00, 0x00, 0x00, 0x00, 0x00, 0x00, 0x00, 0x00, 0x00, 0x00, 0x00, 0x00,
  0x00, 0x00, 0x00, 0x00, 0x00, 0x00, 0x00, 0x00, 0x00, 0x00, 0x00, 0x00,
  0x00, 0x00, 0x00, 0x00, 0x00, 0x00, 0x00, 0x00, 0x00, 0x00, 0x00, 0x00,
  0x00, 0x00, 0x00, 0x00, 0x00, 0x00, 0x00, 0x00, 0x00, 0x00, 0x00, 0x00,
  0x00, 0x00, 0x00, 0x00, 0x00, 0x00, 0x00, 0x00, 0x00, 0x00, 0x00, 0x00,
  0x00, 0x00, 0x00, 0x00, 0x00, 0x00, 0x00, 0x00, 0x00, 0x00, 0x00, 0x00,
  0x00, 0x00, 0x00, 0x00, 0x00, 0x00, 0x00, 0x00, 0x00, 0x00, 0x00, 0x00,
  0x00, 0x00, 0x00, 0x00, 0x00, 0x00, 0x00, 0x00, 0x00, 0x00, 0x00, 0x00,
  0x00, 0x00, 0x00, 0x00, 0x00, 0x00, 0x00, 0x00, 0x00, 0x00, 0x00, 0x00,
  0x00, 0x00, 0x00, 0x00, 0x00, 0x00, 0x00, 0x00, 0x00, 0x00, 0x00, 0x00,
  0x00, 0x00, 0x00, 0x00, 0x00, 0x00, 0x00, 0x00, 0x00, 0x00, 0x00, 0x00,
  0x00, 0x00, 0x00, 0x00, 0x00, 0x00, 0x00, 0x00, 0x00, 0x00, 0x00, 0x00,
  0x00, 0x00, 0x00, 0x00, 0x00, 0x00, 0x00, 0x00, 0x00, 0x00, 0x00, 0x00,
  0x10, 0x84, 0x00, 0x10, 0x84, 0x02, 0x10, 0x84, 0xa3, 0x10, 0x84, 0xff,
  0x10, 0x84, 0xff, 0x10, 0x84, 0xff, 0x10, 0x84, 0xff, 0x10, 0x84, 0xff,
  0x10, 0x84, 0xff, 0x10, 0x84, 0xff, 0x10, 0x84, 0xff, 0x10, 0x84, 0xff,
  0x10, 0x84, 0xff, 0x10, 0x84, 0xff, 0x10, 0x84, 0xff, 0x10, 0x84, 0xff,
  0x10, 0x84, 0xff, 0x10, 0x84, 0xff, 0x10, 0x84, 0xff, 0x10, 0x84, 0xff,
  0x10, 0x84, 0xff, 0x10, 0x84, 0xff, 0x10, 0x84, 0xff, 0x10, 0x84, 0xff,
  0x10, 0x84, 0xf2, 0x10, 0x84, 0x3c, 0x10, 0x84, 0x00, 0x51, 0x84, 0x00,
  0x00, 0x00, 0x00, 0x00, 0x00, 0x00, 0x00, 0x00, 0x00, 0x00, 0x00, 0x00,
  0x00, 0x00, 0x00, 0x00, 0x00, 0x00, 0x00, 0x00, 0x00, 0x00, 0x00, 0x00,
  0x00, 0x00, 0x00, 0x00, 0x00, 0x00, 0x00, 0x00, 0x00, 0x00, 0x00, 0x00,
  0x00, 0x00, 0x00, 0x00, 0x00, 0x00, 0x00, 0x00, 0x00, 0x00, 0x00, 0x00,
  0x00, 0x00, 0x00, 0x00, 0x00, 0x00, 0x00, 0x00, 0x00, 0x10, 0x84, 0x00,
  0x73, 0x6c, 0x00, 0x10, 0x84, 0x00, 0x10, 0x84, 0x05, 0x10, 0x84, 0x57,
  0x10, 0x84, 0xd3, 0x10, 0x84, 0xff, 0x10, 0x84, 0xff, 0x10, 0x84, 0xff,
  0x10, 0x84, 0xff, 0x10, 0x84, 0xff, 0x10, 0x84, 0xff, 0x10, 0x84, 0xff,
  0x10, 0x84, 0xff, 0x10, 0x84, 0xff, 0x10, 0x84, 0xff, 0x10, 0x84, 0xfa,
  0x10, 0x84, 0x4e, 0x10, 0x84, 0x00, 0x10, 0x84, 0x00, 0x10, 0x84, 0x00,
  0x10, 0x84, 0x56, 0x10, 0x84, 0xfc, 0x10, 0x84, 0xff, 0x10, 0x84, 0xff,
  0x10, 0x84, 0xff, 0x10, 0x84, 0xff, 0x10, 0x84, 0xff, 0x10, 0x84, 0xff,
  0x10, 0x84, 0xff, 0x10, 0x84, 0xb0, 0x10, 0x84, 0x05, 0x10, 0x84, 0x00,
  0x00, 0x00, 0x00, 0x00, 0x00, 0x00, 0x00, 0x00, 0x00, 0x00, 0x00, 0x00,
  0x00, 0x00, 0x00, 0x00, 0x00, 0x00, 0x00, 0x00, 0x00, 0x00, 0x00, 0x00,
  0x00, 0x00, 0x00, 0x00, 0x00, 0x00, 0x00, 0x00, 0x00, 0x00, 0x00, 0x00,
  0x00, 0x00, 0x00, 0x00, 0x00, 0x00, 0x00, 0x00, 0x00, 0x00, 0x00, 0x00,
  0x00, 0x00, 0x00, 0x00, 0x00, 0x00, 0x00, 0x00, 0x00, 0x00, 0x00, 0x00,
  0x00, 0x00, 0x00, 0x00, 0x00, 0x00, 0x00, 0x00, 0x00, 0x00, 0x00, 0x00,
  0x00, 0x00, 0x00, 0x00, 0x00, 0x00, 0x00, 0x00, 0x00, 0x00, 0x00, 0x00,
  0x00, 0x00, 0x00, 0x00, 0x00, 0x00, 0x00, 0x00, 0x00, 0x00, 0x00, 0x00,
  0x00, 0x00, 0x00, 0x00, 0x00, 0x00, 0x00, 0x00, 0x00, 0x00, 0x00, 0x00,
  0x00, 0x00, 0x00, 0x00, 0x00, 0x00, 0x00, 0x00, 0x00, 0x00, 0x00, 0x00,
  0x00, 0x00, 0x00, 0x00, 0x00, 0x00, 0x00, 0x00, 0x00, 0x00, 0x00, 0x00,
  0x00, 0x00, 0x00, 0x00, 0x00, 0x00, 0x00, 0x00, 0x00, 0x00, 0x00, 0x00,
  0x00, 0x00, 0x00, 0x00, 0x00, 0x00, 0x00, 0x00, 0x00, 0x00, 0x00, 0x00,
  0x10, 0x84, 0x00, 0x10, 0x84, 0x16, 0x10, 0x84, 0xd2, 0x10, 0x84, 0xff,
  0x10, 0x84, 0xff, 0x10, 0x84, 0xff, 0x10, 0x84, 0xff, 0x10, 0x84, 0xff,
  0x10, 0x84, 0xff, 0x10, 0x84, 0xff, 0x10, 0x84, 0xff, 0x10, 0x84, 0xff,
  0x10, 0x84, 0xff, 0x10, 0x84, 0xff, 0x10, 0x84, 0xf7, 0x10, 0x84, 0xb6,
  0x10, 0x84, 0xbe, 0x10, 0x84, 0xff, 0x10, 0x84, 0xff, 0x10, 0x84, 0xff,
  0x10, 0x84, 0xff, 0x10, 0x84, 0xff, 0x10, 0x84, 0xff, 0x10, 0x84, 0xff,
  0x10, 0x84, 0xff, 0x10, 0x84, 0x6c, 0x10, 0x84, 0x00, 0x10, 0x7c, 0x00,
  0x00, 0x00, 0x00, 0x00, 0x00, 0x00, 0x00, 0x00, 0x00, 0x00, 0x00, 0x00,
  0x00, 0x00, 0x00, 0x00, 0x00, 0x00, 0x00, 0x00, 0x00, 0x00, 0x00, 0x00,
  0x00, 0x00, 0x00, 0x00, 0x00, 0x00, 0x00, 0x00, 0x00, 0x00, 0x00, 0x00,
  0x00, 0x00, 0x00, 0x00, 0x00, 0x00, 0x00, 0x00, 0x00, 0x00, 0x00, 0x00,
  0x00, 0x00, 0x00, 0x00, 0x00, 0x00, 0x00, 0x00, 0x00, 0x00, 0x00, 0x00,
  0x11, 0x7c, 0x00, 0x10, 0x84, 0x00, 0x10, 0x84, 0x00, 0x10, 0x84, 0x00,
  0x10, 0x84, 0x23, 0x10, 0x84, 0x9b, 0x10, 0x84, 0xf6, 0x10, 0x84, 0xff,
  0x10, 0x84, 0xff, 0x10, 0x84, 0xff, 0x10, 0x84, 0xff, 0x10, 0x84, 0xff,
  0x10, 0x84, 0xff, 0x10, 0x84, 0xff, 0x10, 0x84, 0xff, 0x10, 0x84, 0xfe,
  0x10, 0x84, 0x5c, 0x10, 0x84, 0x00, 0x10, 0x84, 0x00, 0x10, 0x7c, 0x00,
  0x10, 0x84, 0x8e, 0x10, 0x84, 0xff, 0x10, 0x84, 0xff, 0x10, 0x84, 0xff,
  0x10, 0x84, 0xff, 0x10, 0x84, 0xff, 0x10, 0x84, 0xff, 0x10, 0x84, 0xff,
  0x10, 0x84, 0xff, 0x10, 0x84, 0x79, 0x10, 0x84, 0x00, 0x10, 0x84, 0x00,
  0x00, 0x00, 0x00, 0x00, 0x00, 0x00, 0x00, 0x00, 0x00, 0x00, 0x00, 0x00,
  0x00, 0x00, 0x00, 0x00, 0x00, 0x00, 0x00, 0x00, 0x00, 0x00, 0x00, 0x00,
  0x00, 0x00, 0x00, 0x00, 0x00, 0x00, 0x00, 0x00, 0x00, 0x00, 0x00, 0x00,
  0x00, 0x00, 0x00, 0x00, 0x00, 0x00, 0x00, 0x00, 0x00, 0x00, 0x00, 0x00,
  0x00, 0x00, 0x00, 0x00, 0x00, 0x00, 0x00, 0x00, 0x00, 0x00, 0x00, 0x00,
  0x00, 0x00, 0x00, 0x00, 0x00, 0x00, 0x00, 0x00, 0x00, 0x00, 0x00, 0x00,
  0x00, 0x00, 0x00, 0x00, 0x00, 0x00, 0x00, 0x00, 0x00, 0x00, 0x00, 0x00,
  0x00, 0x00, 0x00, 0x00, 0x00, 0x00, 0x00, 0x00, 0x00, 0x00, 0x00, 0x00,
  0x00, 0x00, 0x00, 0x00, 0x00, 0x00, 0x00, 0x00, 0x00, 0x00, 0x00, 0x00,
  0x00, 0x00, 0x00, 0x00, 0x00, 0x00, 0x00, 0x00, 0x00, 0x00, 0x00, 0x00,
  0x00, 0x00, 0x00, 0x00, 0x00, 0x00, 0x00, 0x00, 0x00, 0x00, 0x00, 0x00,
  0x00, 0x00, 0x00, 0x00, 0x00, 0x00, 0x00, 0x00, 0x00, 0x00, 0x00, 0x00,
  0x00, 0x00, 0x00, 0x00, 0x00, 0x00, 0x00, 0x00, 0x00, 0x10, 0x84, 0x00,
  0x10, 0x84, 0x00, 0x10, 0x84, 0x3b, 0x10, 0x84, 0xf2, 0x10, 0x84, 0xff,
  0x10, 0x84, 0xff, 0x10, 0x84, 0xff, 0x10, 0x84, 0xff, 0x10, 0x84, 0xff,
  0x10, 0x84, 0xff, 0x10, 0x84, 0xff, 0x10, 0x84, 0xff, 0x10, 0x84, 0xff,
  0x10, 0x84, 0xf8, 0x10, 0x84, 0xb9, 0x10, 0x84, 0x53, 0x10, 0x84, 0x09,
  0x10, 0x84, 0x5d, 0x10, 0x84, 0xfd, 0x10, 0x84, 0xff, 0x10, 0x84, 0xff,
  0x10, 0x84, 0xff, 0x10, 0x84, 0xff, 0x10, 0x84, 0xff, 0x10, 0x84, 0xff,
  0x10, 0x84, 0xff, 0x10, 0x84, 0x9f, 0x10, 0x84, 0x01, 0x10, 0x84, 0x00,
  0x10, 0x84, 0x00, 0x00, 0x00, 0x00, 0x00, 0x00, 0x00, 0x00, 0x00, 0x00,
  0x00, 0x00, 0x00, 0x00, 0x00, 0x00, 0x00, 0x00, 0x00, 0x00, 0x00, 0x00,
  0x00, 0x00, 0x00, 0x00, 0x00, 0x00, 0x00, 0x00, 0x00, 0x00, 0x00, 0x00,
  0x00, 0x00, 0x00, 0x00, 0x00, 0x00, 0x00, 0x00, 0x00, 0x00, 0x00, 0x00,
  0x00, 0x00, 0x00, 0x00, 0x00, 0x00, 0x00, 0x00, 0x00, 0x00, 0x00, 0x00,
  0x00, 0x00, 0x00, 0x00, 0x00, 0x00, 0x10, 0x84, 0x00, 0x11, 0x84, 0x00,
  0x10, 0x84, 0x00, 0x10, 0x84, 0x05, 0x10, 0x84, 0x7f, 0x10, 0x84, 0xfd,
  0x10, 0x84, 0xff, 0x10, 0x84, 0xff, 0x10, 0x84, 0xff, 0x10, 0x84, 0xff,
  0x10, 0x84, 0xff, 0x10, 0x84, 0xff, 0x10, 0x84, 0xff, 0x10, 0x84, 0xf4,
  0x10, 0x84, 0x3f, 0x10, 0x84, 0x00, 0x10, 0x84, 0x00, 0x10, 0x84, 0x0d,
  0x10, 0x84, 0xc2, 0x10, 0x84, 0xff, 0x10, 0x84, 0xff, 0x10, 0x84, 0xff,
  0x10, 0x84, 0xff, 0x10, 0x84, 0xff, 0x10, 0x84, 0xff, 0x10, 0x84, 0xff,
  0x10, 0x84, 0xf5, 0x10, 0x84, 0x43, 0x10, 0x84, 0x00, 0x10, 0x84, 0x00,
  0x00, 0x00, 0x00, 0x00, 0x00, 0x00, 0x00, 0x00, 0x00, 0x00, 0x00, 0x00,
  0x00, 0x00, 0x00, 0x00, 0x00, 0x00, 0x00, 0x00, 0x00, 0x00, 0x00, 0x00,
  0x00, 0x00, 0x00, 0x00, 0x00, 0x00, 0x00, 0x00, 0x00, 0x00, 0x00, 0x00,
  0x00, 0x00, 0x00, 0x00, 0x00, 0x00, 0x00, 0x00, 0x00, 0x00, 0x00, 0x00,
  0x00, 0x00, 0x00, 0x00, 0x00, 0x00, 0x00, 0x00, 0x00, 0x00, 0x00, 0x00,
  0x00, 0x00, 0x00, 0x00, 0x00, 0x00, 0x00, 0x00, 0x00, 0x00, 0x00, 0x00,
  0x00, 0x00, 0x00, 0x00, 0x00, 0x00, 0x00, 0x00, 0x00, 0x00, 0x00, 0x00,
  0x00, 0x00, 0x00, 0x00, 0x00, 0x00, 0x00, 0x00, 0x00, 0x00, 0x00, 0x00,
  0x00, 0x00, 0x00, 0x00, 0x00, 0x00, 0x00, 0x00, 0x00, 0x00, 0x00, 0x00,
  0x00, 0x00, 0x00, 0x00, 0x00, 0x00, 0x00, 0x00, 0x00, 0x00, 0x00, 0x00,
  0x00, 0x00, 0x00, 0x00, 0x00, 0x00, 0x00, 0x00, 0x00, 0x00, 0x00, 0x00,
  0x00, 0x00, 0x00, 0x00, 0x00, 0x00, 0x00, 0x00, 0x00, 0x00, 0x00, 0x00,
  0x00, 0x00, 0x00, 0x00, 0x00, 0x00, 0x00, 0x00, 0x00, 0xf0, 0x7b, 0x00,
  0x10, 0x84, 0x00, 0x10, 0x84, 0x6e, 0x10, 0x84, 0xff, 0x10, 0x84, 0xff,
  0x10, 0x84, 0xff, 0x10, 0x84, 0xff, 0x10, 0x84, 0xff, 0x10, 0x84, 0xff,
  0x10, 0x84, 0xff, 0x10, 0x84, 0xff, 0x10, 0x84, 0xf7, 0x10, 0x84, 0xbb,
  0x10, 0x84, 0x55, 0x10, 0x84, 0x0d, 0x10, 0x84, 0x00, 0x10, 0x84, 0x00,
  0x10, 0x84, 0x30, 0x10, 0x84, 0xec, 0x10, 0x84, 0xff, 0x10, 0x84, 0xff,
  0x10, 0x84, 0xff, 0x10, 0x84, 0xff, 0x10, 0x84, 0xff, 0x10, 0x84, 0xff,
  0x10, 0x84, 0xff, 0x10, 0x84, 0xcf, 0x10, 0x84, 0x12, 0x10, 0x84, 0x00,
  0x10, 0x84, 0x00, 0x10, 0x84, 0x00, 0x10, 0x84, 0x00, 0x10, 0x7c, 0x00,
  0x65, 0xe5, 0x00, 0xc2, 0xfd, 0x00, 0xc2, 0xfd, 0x00, 0xc2, 0xfd, 0x00,
  0xc2, 0xfd, 0x00, 0xc2, 0xfd, 0x00, 0xc2, 0xfd, 0x00, 0xc2, 0xfd, 0x00,
  0xc2, 0xfd, 0x00, 0x11, 0x7c, 0x00, 0x10, 0x84, 0x00, 0x10, 0x84, 0x00,
  0x10, 0x84, 0x00, 0x10, 0x84, 0x00, 0x10, 0x84, 0x00, 0x10, 0x84, 0x00,
  0x10, 0x84, 0x00, 0x10, 0x84, 0x00, 0x10, 0x84, 0x00, 0x10, 0x84, 0x00,
  0x10, 0x84, 0x00, 0x10, 0x84, 0x00, 0x10, 0x84, 0x4a, 0x10, 0x84, 0xf8,
  0x10, 0x84, 0xff, 0x10, 0x84, 0xff, 0x10, 0x84, 0xff, 0x10, 0x84, 0xff,
  0x10, 0x84, 0xff, 0x10, 0x84, 0xff, 0x10, 0x84, 0xff, 0x10, 0x84, 0xd6,
  0x10, 0x84, 0x19, 0x10, 0x84, 0x00, 0x10, 0x84, 0x00, 0x10, 0x84, 0x2c,
  0x10, 0x84, 0xe8, 0x10, 0x84, 0xff, 0x10, 0x84, 0xff, 0x10, 0x84, 0xff,
  0x10, 0x84, 0xff, 0x10, 0x84, 0xff, 0x10, 0x84, 0xff, 0x10, 0x84, 0xff,
  0x10, 0x84, 0xd9, 0x10, 0x84, 0x1b, 0x10, 0x84, 0x00, 0x00, 0x00, 0x00,
  0x00, 0x00, 0x00, 0x00, 0x00, 0x00, 0x00, 0x00, 0x00, 0x00, 0x00, 0x00,
  0x00, 0x00, 0x00, 0x00, 0x00, 0x00, 0x00, 0x00, 0x00, 0x00, 0x00, 0x00,
  0x00, 0x00, 0x00, 0x00, 0x00, 0x00, 0x00, 0x00, 0x00, 0x00, 0x00, 0x00,
  0x00, 0x00, 0x00, 0x00, 0x00, 0x00, 0x00, 0x00, 0x00, 0x00, 0x00, 0x00,
  0x00, 0x00, 0x00, 0x00, 0x00, 0x00, 0x00, 0x00, 0x00, 0x00, 0x00, 0x00,
  0x00, 0x00, 0x00, 0x00, 0x00, 0x00, 0x00, 0x00, 0x00, 0x00, 0x00, 0x00,
  0x00, 0x00, 0x00, 0x00, 0x00, 0x00, 0x00, 0x00, 0x00, 0x00, 0x00, 0x00,
  0x00, 0x00, 0x00, 0x00, 0x00, 0x00, 0x00, 0x00, 0x00, 0x00, 0x00, 0x00,
  0x00, 0x00, 0x00, 0x00, 0x00, 0x00, 0x00, 0x00, 0x00, 0x00, 0x00, 0x00,
  0x00, 0x00, 0x00, 0x00, 0x00, 0x00, 0x00, 0x00, 0x00, 0x00, 0x00, 0x00,
  0x00, 0x00, 0x00, 0x00, 0x00, 0x00, 0x00, 0x00, 0x00, 0x00, 0x00, 0x00,
  0x00, 0x00, 0x00, 0x00, 0x00, 0x00, 0x00, 0x00, 0x00, 0x00, 0x00, 0x00,
  0x00, 0x00, 0x00, 0x00, 0x00, 0x00, 0x00, 0x00, 0x00, 0x10, 0x84, 0x00,
  0x10, 0x84, 0x03, 0x10, 0x84, 0xa6, 0x10, 0x84, 0xff, 0x10, 0x84, 0xff,
  0x10, 0x84, 0xff, 0x10, 0x84, 0xff, 0x10, 0x84, 0xff, 0x10, 0x84, 0xff,
  0x10, 0x84, 0xff, 0x10, 0x84, 0xfc, 0x10, 0x84, 0x77, 0x10, 0x84, 0x0c,
  0x10, 0x84, 0x00, 0x10, 0x84, 0x00, 0x10, 0x84, 0x00, 0x10, 0x84, 0x00,
  0x10, 0x84, 0x11, 0x10, 0x84, 0xca, 0x10, 0x84, 0xff, 0x10, 0x84, 0xff,
  0x10, 0x84, 0xff, 0x10, 0x84, 0xff, 0x10, 0x84, 0xff, 0x10, 0x84, 0xff,
  0x10, 0x84, 0xff, 0x10, 0x84, 0xf9, 0x10, 0x84, 0x8f, 0x10, 0x84, 0x4b,
  0x10, 0x84, 0x4b, 0x10, 0x84, 0x4b, 0x10, 0x84, 0x4d, 0x10, 0x7c, 0x33,
  0x65, 0xe5, 0x05, 0xc2, 0xfd, 0x3c, 0xc2, 0xfd, 0x32, 0xc2, 0xfd, 0x05,
  0xc2, 0xfd, 0x3d, 0xc2, 0xfd, 0x2f, 0xc2, 0xfd, 0x06, 0xc2, 0xfd, 0x40,
  0xc2, 0xfd, 0x2f, 0x10, 0x84, 0x02, 0x10, 0x84, 0x34, 0x10, 0x84, 0x48,
  0x10, 0x84, 0x47, 0x10, 0x84, 0x47, 0x10, 0x84, 0x47, 0x10, 0x84, 0x47,
  0x10, 0x84, 0x47, 0x10, 0x84, 0x47, 0x10, 0x84, 0x47, 0x10, 0x84, 0x47,
  0x10, 0x84, 0x46, 0x10, 0x84, 0x56, 0x10, 0x84, 0xc1, 0x10, 0x84, 0xff,
  0x10, 0x84, 0xff, 0x10, 0x84, 0xff, 0x10, 0x84, 0xff, 0x10, 0x84, 0xff,
  0x10, 0x84, 0xff, 0x10, 0x84, 0xff, 0x10, 0x84, 0xff, 0x10, 0x84, 0xa8,
  0x10, 0x84, 0x03, 0x10, 0x84, 0x00, 0x10, 0x84, 0x00, 0x10, 0x84, 0x5b,
  0x10, 0x84, 0xfd, 0x10, 0x84, 0xff, 0x10, 0x84, 0xff, 0x10, 0x84, 0xff,
  0x10, 0x84, 0xff, 0x10, 0x84, 0xff, 0x10, 0x84, 0xff, 0x10, 0x84, 0xff,
  0x10, 0x84, 0xac, 0x10, 0x84, 0x04, 0x10, 0x84, 0x00, 0x00, 0x00, 0x00,
  0x00, 0x00, 0x00, 0x00, 0x00, 0x00, 0x00, 0x00, 0x00, 0x00, 0x00, 0x00,
  0x00, 0x00, 0x00, 0x00, 0x00, 0x00, 0x00, 0x00, 0x00, 0x00, 0x00, 0x00,
  0x00, 0x00, 0x00, 0x00, 0x00, 0x00, 0x00, 0x00, 0x00, 0x00, 0x00, 0x00,
  0x00, 0x00, 0x00, 0x00, 0x00, 0x00, 0x00, 0x00, 0x00, 0x00, 0x00, 0x00,
  0x00, 0x00, 0x00, 0x00, 0x00, 0x00, 0x00, 0x00, 0x00, 0x00, 0x00, 0x00,
  0x00, 0x00, 0x00, 0x00, 0x00, 0x00, 0x00, 0x00, 0x00, 0x00, 0x00, 0x00,
  0x00, 0x00, 0x00, 0x00, 0x00, 0x00, 0x00, 0x00, 0x00, 0x00, 0x00, 0x00,
  0x00, 0x00, 0x00, 0x00, 0x00, 0x00, 0x00, 0x00, 0x00, 0x00, 0x00, 0x00,
  0x00, 0x00, 0x00, 0x00, 0x00, 0x00, 0x00, 0x00, 0x00, 0x00, 0x00, 0x00,
  0x00, 0x00, 0x00, 0x00, 0x00, 0x00, 0x00, 0x00, 0x00, 0x00, 0x00, 0x00,
  0x00, 0x00, 0x00, 0x00, 0x00, 0x00, 0x00, 0x00, 0x00, 0x00, 0x00, 0x00,
  0x00, 0x00, 0x00, 0x00, 0x00, 0x00, 0x00, 0x00, 0x00, 0x00, 0x00, 0x00,
  0x00, 0x00, 0x00, 0x00, 0x00, 0x00, 0x00, 0x00, 0x00, 0x10, 0x84, 0x00,
  0x10, 0x84, 0x17, 0x10, 0x84, 0xd5, 0x10, 0x84, 0xff, 0x10, 0x84, 0xff,
  0x10, 0x84, 0xff, 0x10, 0x84, 0xff, 0x10, 0x84, 0xff, 0x10, 0x84, 0xff,
  0x10, 0x84, 0xff, 0x10, 0x84, 0xe5, 0x10, 0x84, 0x25, 0x10, 0x84, 0x00,
  0x10, 0x84, 0x00, 0x10, 0x84, 0x00, 0x00, 0x00, 0x00, 0x10, 0x84, 0x00,
  0x10, 0x84, 0x01, 0x10, 0x84, 0x9b, 0x10, 0x84, 0xff, 0x10, 0x84, 0xff,
  0x10, 0x84, 0xff, 0x10, 0x84, 0xff, 0x10, 0x84, 0xff, 0x10, 0x84, 0xff,
  0x10, 0x84, 0xff, 0x10, 0x84, 0xff, 0x10, 0x84, 0xff, 0x10, 0x84, 0xfb,
  0x10, 0x84, 0xfa, 0x10, 0x84, 0xfa, 0x10, 0x84, 0xfe, 0x10, 0x7c, 0x8a,
  0xc2, 0xfd, 0x1d, 0xc2, 0xfd, 0xdc, 0xc2, 0xfd, 0x84, 0xc2, 0xfd, 0x1f,
  0xc2, 0xfd, 0xde, 0xc2, 0xfd, 0x7a, 0xc2, 0xfd, 0x26, 0xc2, 0xfd, 0xe5,
  0xc2, 0xfd, 0x7b, 0xd2, 0x6b, 0x13, 0x10, 0x84, 0xce, 0x10, 0x84, 0xfb,
  0x10, 0x84, 0xf8, 0x10, 0x84, 0xf8, 0x10, 0x84, 0xf8, 0x10, 0x84, 0xf8,
  0x10, 0x84, 0xf8, 0x10, 0x84, 0xf8, 0x10, 0x84, 0xf8, 0x10, 0x84, 0xf8,
  0x10, 0x84, 0xf8, 0x10, 0x84, 0xfc, 0x10, 0x84, 0xff, 0x10, 0x84, 0xff,
  0x10, 0x84, 0xff, 0x10, 0x84, 0xff, 0x10, 0x84, 0xff, 0x10, 0x84, 0xff,
  0x10, 0x84, 0xff, 0x10, 0x84, 0xff, 0x10, 0x84, 0xff, 0x10, 0x84, 0x71,
  0x10, 0x84, 0x00, 0x10, 0x84, 0x00, 0x30, 0x7c, 0x00, 0x10, 0x84, 0x93,
  0x10, 0x84, 0xff, 0x10, 0x84, 0xff, 0x10, 0x84, 0xff, 0x10, 0x84, 0xff,
  0x10, 0x84, 0xff, 0x10, 0x84, 0xff, 0x10, 0x84, 0xff, 0x10, 0x84, 0xff,
  0x10, 0x84, 0x74, 0x10, 0x84, 0x00, 0xaf, 0x73, 0x00, 0x00, 0x00, 0x00,
  0x00, 0x00, 0x00, 0x00, 0x00, 0x00, 0x00, 0x00, 0x00, 0x00, 0x00, 0x00,
  0x00, 0x00, 0x00, 0x00, 0x00, 0x00, 0x00, 0x00, 0x00, 0x00, 0x00, 0x00,
  0x00, 0x00, 0x00, 0x00, 0x00, 0x00, 0x00, 0x00, 0x00, 0x00, 0x00, 0x00,
  0x00, 0x00, 0x00, 0x00, 0x00, 0x00, 0x00, 0x00, 0x00, 0x00, 0x00, 0x00,
  0x00, 0x00, 0x00, 0x00, 0x00, 0x00, 0x00, 0x00, 0x00, 0x00, 0x00, 0x00,
  0x00, 0x00, 0x00, 0x00, 0x00, 0x00, 0x00, 0x00, 0x00, 0x00, 0x00, 0x00,
  0x00, 0x00, 0x00, 0x00, 0x00, 0x00, 0x00, 0x00, 0x00, 0x00, 0x00, 0x00,
  0x00, 0x00, 0x00, 0x00, 0x00, 0x00, 0x00, 0x00, 0x00, 0x00, 0x00, 0x00,
  0x00, 0x00, 0x00, 0x00, 0x00, 0x00, 0x00, 0x00, 0x00, 0x00, 0x00, 0x00,
  0x00, 0x00, 0x00, 0x00, 0x00, 0x00, 0x00, 0x00, 0x00, 0x00, 0x00, 0x00,
  0x00, 0x00, 0x00, 0x00, 0x00, 0x00, 0x00, 0x00, 0x00, 0x00, 0x00, 0x00,
  0x00, 0x00, 0x00, 0x00, 0x00, 0x00, 0x00, 0x00, 0x00, 0x00, 0x00, 0x00,
  0x00, 0x00, 0x00, 0x00, 0x00, 0x00, 0x00, 0x00, 0x00, 0x10, 0x84, 0x00,
  0x10, 0x84, 0x3d, 0x10, 0x84, 0xf3, 0x10, 0x84, 0xff, 0x10, 0x84, 0xff,
  0x10, 0x84, 0xff, 0x10, 0x84, 0xff, 0x10, 0x84, 0xff, 0x10, 0x84, 0xff,
  0x10, 0x84, 0xff, 0x10, 0x84, 0xbd, 0x10, 0x84, 0x0a, 0x10, 0x84, 0x00,
  0x00, 0x00, 0x00, 0x00, 0x00, 0x00, 0x00, 0x00, 0x00, 0x10, 0x7c, 0x00,
  0x10, 0x84, 0x00, 0x10, 0x84, 0x66, 0x10, 0x84, 0xff, 0x10, 0x84, 0xff,
  0x10, 0x84, 0xff, 0x10, 0x84, 0xff, 0x10, 0x84, 0xff, 0x10, 0x84, 0xff,
  0x10, 0x84, 0xff, 0x10, 0x84, 0xff, 0x10, 0x84, 0xff, 0x10, 0x84, 0xff,
  0x10, 0x84, 0xff, 0x10, 0x84, 0xff, 0x10, 0x84, 0xfc, 0xf1, 0x7b, 0x54,
  0xc1, 0xfd, 0x46, 0xc2, 0xfd, 0xf3, 0xc2, 0xfd, 0x4c, 0xc2, 0xfd, 0x49,
  0xc2, 0xfd, 0xf1, 0xc2, 0xfd, 0x44, 0xc2, 0xfd, 0x54, 0xc2, 0xfd, 0xf4,
  0xc1, 0xfd, 0x45, 0xf1, 0x7b, 0x38, 0x10, 0x84, 0xf3, 0x10, 0x84, 0xff,
  0x10, 0x84, 0xff, 0x10, 0x84, 0xff, 0x10, 0x84, 0xff, 0x10, 0x84, 0xff,
  0x10, 0x84, 0xff, 0x10, 0x84, 0xff, 0x10, 0x84, 0xff, 0x10, 0x84, 0xff,
  0x10, 0x84, 0xff, 0x10, 0x84, 0xff, 0x10, 0x84, 0xff, 0x10, 0x84, 0xff,
  0x10, 0x84, 0xff, 0x10, 0x84, 0xff, 0x10, 0x84, 0xff, 0x10, 0x84, 0xff,
  0x10, 0x84, 0xff, 0x10, 0x84, 0xff, 0x10, 0x84, 0xf3, 0x10, 0x84, 0x3d,
  0x10, 0x84, 0x00, 0x10, 0x84, 0x00, 0x10, 0x84, 0x0f, 0x10, 0x84, 0xc7,
  0x10, 0x84, 0xff, 0x10, 0x84, 0xff, 0x10, 0x84, 0xff, 0x10, 0x84, 0xff,
  0x10, 0x84, 0xff, 0x10, 0x84, 0xff, 0x10, 0x84, 0xff, 0x10, 0x84, 0xf4,
  0x10, 0x84, 0x40, 0x10, 0x84, 0x00, 0x30, 0x84, 0x00, 0x00, 0x00, 0x00,
  0x00, 0x00, 0x00, 0x00, 0x00, 0x00, 0x00, 0x00, 0x00, 0x00, 0x00, 0x00,
  0x00, 0x00, 0x00, 0x00, 0x00, 0x00, 0x00, 0x00, 0x00, 0x00, 0x00, 0x00,
  0x00, 0x00, 0x00, 0x00, 0x00, 0x00, 0x00, 0x00, 0x00, 0x00, 0x00, 0x00,
  0x00, 0x00, 0x00, 0x00, 0x00, 0x00, 0x00, 0x00, 0x00, 0x00, 0x00, 0x00,
  0x00, 0x00, 0x00, 0x00, 0x00, 0x00, 0x00, 0x00, 0x00, 0x00, 0x00, 0x00,
  0x00, 0x00, 0x00, 0x00, 0x00, 0x00, 0x00, 0x00, 0x00, 0x00, 0x00, 0x00,
  0x00, 0x00, 0x00, 0x00, 0x00, 0x00, 0x00, 0x00, 0x00, 0x00, 0x00, 0x00,
  0x00, 0x00, 0x00, 0x00, 0x00, 0x00, 0x00, 0x00, 0x00, 0x00, 0x00, 0x00,
  0x00, 0x00, 0x00, 0x00, 0x00, 0x00, 0x00, 0x00, 0x00, 0x00, 0x00, 0x00,
  0x00, 0x00, 0x00, 0x00, 0x00, 0x00, 0x00, 0x00, 0x00, 0x00, 0x00, 0x00,
  0x00, 0x00, 0x00, 0x00, 0x00, 0x00, 0x00, 0x00, 0x00, 0x00, 0x00, 0x00,
  0x00, 0x00, 0x00, 0x00, 0x00, 0x00, 0x00, 0x00, 0x00, 0x00, 0x00, 0x00,
  0x00, 0x00, 0x00, 0x00, 0x00, 0x00, 0x00, 0x00, 0x00, 0x10, 0x84, 0x00,
  0x10, 0x84, 0x70, 0x10, 0x84, 0xff, 0x10, 0x84, 0xff, 0x10, 0x84, 0xff,
  0x10, 0x84, 0xff, 0x10, 0x84, 0xff, 0x10, 0x84, 0xff, 0x10, 0x84, 0xff,
  0x10, 0x84, 0xff, 0x10, 0x84, 0x88, 0x10, 0x84, 0x00, 0x10, 0x84, 0x00,
  0x00, 0x00, 0x00, 0x00, 0x00, 0x00, 0x00, 0x00, 0x00, 0x30, 0x84, 0x00,
  0x10, 0x84, 0x00, 0x10, 0x84, 0x37, 0x10, 0x84, 0xf0, 0x10, 0x84, 0xff,
  0x10, 0x84, 0xff, 0x10, 0x84, 0xff, 0x10, 0x84, 0xff, 0x10, 0x84, 0xff,
  0x10, 0x84, 0xff, 0x10, 0x84, 0xff, 0x10, 0x84, 0xff, 0x10, 0x84, 0xff,
  0x10, 0x84, 0xff, 0x10, 0x84, 0xff, 0x10, 0x84, 0xe7, 0xf1, 0x7b, 0x27,
  0xc2, 0xfd, 0x80, 0xc2, 0xfd, 0xe4, 0xc2, 0xfd, 0x21, 0xc2, 0xfd, 0x84,
  0xc2, 0xfd, 0xdf, 0xc2, 0xfd, 0x1c, 0xc2, 0xfd, 0x8f, 0xc2, 0xfd, 0xe1,
  0x00, 0xfe, 0x1b, 0x10, 0x7c, 0x6e, 0x10, 0x84, 0xff, 0x10, 0x84, 0xff,
  0x10, 0x84, 0xff, 0x10, 0x84, 0xff, 0x10, 0x84, 0xff, 0x10, 0x84, 0xff,
  0x10, 0x84, 0xff, 0x10, 0x84, 0xff, 0x10, 0x84, 0xff, 0x10, 0x84, 0xff,
  0x10, 0x84, 0xff, 0x10, 0x84, 0xff, 0x10, 0x84, 0xff, 0x10, 0x84, 0xff,
  0x10, 0x84, 0xff, 0x10, 0x84, 0xff, 0x10, 0x84, 0xff, 0x10, 0x84, 0xff,
  0x10, 0x84, 0xff, 0x10, 0x84, 0xff, 0x10, 0x84, 0xd4, 0x10, 0x84, 0x17,
  0x10, 0x84, 0x00, 0x10, 0x84, 0x00, 0x10, 0x84, 0x30, 0x10, 0x84, 0xeb,
  0x10, 0x84, 0xff, 0x10, 0x84, 0xff, 0x10, 0x84, 0xff, 0x10, 0x84, 0xff,
  0x10, 0x84, 0xff, 0x10, 0x84, 0xff, 0x10, 0x84, 0xff, 0x10, 0x84, 0xd6,
  0x10, 0x84, 0x19, 0x10, 0x84, 0x00, 0x00, 0x00, 0x00, 0x00, 0x00, 0x00,
  0x00, 0x00, 0x00, 0x00, 0x00, 0x00, 0x00, 0x00, 0x00, 0x00, 0x00, 0x00,
  0x00, 0x00, 0x00, 0x00, 0x00, 0x00, 0x00, 0x00, 0x00, 0x00, 0x00, 0x00,
  0x00, 0x00, 0x00, 0x00, 0x00, 0x00, 0x00, 0x00, 0x00, 0x00, 0x00, 0x00,
  0x00, 0x00, 0x00, 0x00, 0x00, 0x00, 0x00, 0x00, 0x00, 0x00, 0x00, 0x00,
  0x00, 0x00, 0x00, 0x00, 0x00, 0x00, 0x00, 0x00, 0x00, 0x00, 0x00, 0x00,
  0x00, 0x00, 0x00, 0x00, 0x00, 0x00, 0x00, 0x00, 0x00, 0x00, 0x00, 0x00,
  0x00, 0x00, 0x00, 0x00, 0x00, 0x00, 0x00, 0x00, 0x00, 0x00, 0x00, 0x00,
  0x00, 0x00, 0x00, 0x00, 0x00, 0x00, 0x00, 0x00, 0x00, 0x00, 0x00, 0x00,
  0x00, 0x00, 0x00, 0x00, 0x00, 0x00, 0x00, 0x00, 0x00, 0x00, 0x00, 0x00,
  0x00, 0x00, 0x00, 0x00, 0x00, 0x00, 0x00, 0x00, 0x00, 0x00, 0x00, 0x00,
  0x00, 0x00, 0x00, 0x00, 0x00, 0x00, 0x00, 0x00, 0x00, 0x00, 0x00, 0x00,
  0x00, 0x00, 0x00, 0x00, 0x00, 0x00, 0x00, 0x00, 0x00, 0x00, 0x00, 0x00,
  0x00, 0x00, 0x00, 0x00, 0x00, 0x00, 0x00, 0x00, 0x00, 0x10, 0x84, 0x04,
  0x10, 0x84, 0xa7, 0x10, 0x84, 0xff, 0x10, 0x84, 0xff, 0x10, 0x84, 0xff,
  0x10, 0x84, 0xff, 0x10, 0x84, 0xff, 0x10, 0x84, 0xff, 0x10, 0x84, 0xff,
  0x10, 0x84, 0xfa, 0x10, 0x84, 0x51, 0x10, 0x84, 0x00, 0x10, 0x84, 0x00,
  0x00, 0x00, 0x00, 0x00, 0x00, 0x00, 0x00, 0x00, 0x00, 0x00, 0x00, 0x00,
  0x10, 0x84, 0x00, 0x10, 0x84, 0x15, 0x10, 0x84, 0xd1, 0x10, 0x84, 0xff,
  0x10, 0x84, 0xff, 0x10, 0x84, 0xff, 0x10, 0x84, 0xff, 0x10, 0x84, 0xff,
  0x10, 0x84, 0xff, 0x10, 0x84, 0xff, 0x10, 0x84, 0xff, 0x10, 0x84, 0xff,
  0x10, 0x84, 0xff, 0x10, 0x84, 0xff, 0x10, 0x84, 0xc0, 0xca, 0xb4, 0x14,
  0xc2, 0xfd, 0xbb, 0xc2, 0xfd, 0xbb, 0xc2, 0xfd, 0x11, 0xc2, 0xfd, 0xbd,
  0xc2, 0xfd, 0xb2, 0xc2, 0xfd, 0x12, 0xc2, 0xfd, 0xc6, 0xc2, 0xfd, 0xb4,
  0x27, 0xd5, 0x09, 0x10, 0x84, 0xa7, 0x10, 0x84, 0xff, 0x10, 0x84, 0xff,
  0x10, 0x84, 0xff, 0x10, 0x84, 0xff, 0x10, 0x84, 0xff, 0x10, 0x84, 0xff,
  0x10, 0x84, 0xff, 0x10, 0x84, 0xff, 0x10, 0x84, 0xff, 0x10, 0x84, 0xff,
  0x10, 0x84, 0xff, 0x10, 0x84, 0xff, 0x10, 0x84, 0xff, 0x10, 0x84, 0xff,
  0x10, 0x84, 0xff, 0x10, 0x84, 0xff, 0x10, 0x84, 0xff, 0x10, 0x84, 0xff,
  0x10, 0x84, 0xff, 0x10, 0x84, 0xff, 0x10, 0x84, 0xa5, 0x10, 0x84, 0x03,
  0x10, 0x84, 0x00, 0x10, 0x84, 0x00, 0x10, 0x84, 0x61, 0x10, 0x84, 0xfe,
  0x10, 0x84, 0xff, 0x10, 0x84, 0xff, 0x10, 0x84, 0xff, 0x10, 0x84, 0xff,
  0x10, 0x84, 0xff, 0x10, 0x84, 0xff, 0x10, 0x84, 0xff, 0x10, 0x84, 0xa8,
  0x10, 0x84, 0x03, 0x10, 0x84, 0x00, 0x00, 0x00, 0x00, 0x00, 0x00, 0x00,
  0x00, 0x00, 0x00, 0x00, 0x00, 0x00, 0x00, 0x00, 0x00, 0x00, 0x00, 0x00,
  0x00, 0x00, 0x00, 0x00, 0x00, 0x00, 0x00, 0x00, 0x00, 0x00, 0x00, 0x00,
  0x00, 0x00, 0x00, 0x00, 0x00, 0x00, 0x00, 0x00, 0x00, 0x00, 0x00, 0x00,
  0x00, 0x00, 0x00, 0x00, 0x00, 0x00, 0x00, 0x00, 0x00, 0x00, 0x00, 0x00,
  0x00, 0x00, 0x00, 0x00, 0x00, 0x00, 0x00, 0x00, 0x00, 0x00, 0x00, 0x00,
  0x00, 0x00, 0x00, 0x00, 0x00, 0x00, 0x00, 0x00, 0x00, 0x00, 0x00, 0x00,
  0x00, 0x00, 0x00, 0x00, 0x00, 0x00, 0x00, 0x00, 0x00, 0x00, 0x00, 0x00,
  0x00, 0x00, 0x00, 0x00, 0x00, 0x00, 0x00, 0x00, 0x00, 0x00, 0x00, 0x00,
  0x00, 0x00, 0x00, 0x00, 0x00, 0x00, 0x00, 0x00, 0x00, 0x00, 0x00, 0x00,
  0x00, 0x00, 0x00, 0x00, 0x00, 0x00, 0x00, 0x00, 0x00, 0x00, 0x00, 0x00,
  0x00, 0x00, 0x00, 0x00, 0x00, 0x00, 0x00, 0x00, 0x00, 0x00, 0x00, 0x00,
  0x00, 0x00, 0x00, 0x00, 0x00, 0x00, 0x00, 0x00, 0x00, 0x00, 0x00, 0x00,
  0x00, 0x00, 0x00, 0x00, 0x00, 0x00, 0x00, 0x00, 0x00, 0x10, 0x84, 0x1c,
  0x10, 0x84, 0xd5, 0x10, 0x84, 0xff, 0x10, 0x84, 0xff, 0x10, 0x84, 0xff,
  0x10, 0x84, 0xff, 0x10, 0x84, 0xff, 0x10, 0x84, 0xff, 0x10, 0x84, 0xff,
  0x10, 0x84, 0xe2, 0x10, 0x84, 0x24, 0x10, 0x84, 0x00, 0xd3, 0x94, 0x00,
  0x00, 0x00, 0x00, 0x00, 0x00, 0x00, 0x00, 0x00, 0x00, 0x00, 0x00, 0x00,
  0x10, 0x84, 0x00, 0x10, 0x84, 0x02, 0x10, 0x84, 0xa4, 0x10, 0x84, 0xff,
  0x10, 0x84, 0xff, 0x10, 0x84, 0xff, 0x10, 0x84, 0xff, 0x10, 0x84, 0xff,
  0x10, 0x84, 0xff, 0x10, 0x84, 0xff, 0x10, 0x84, 0xff, 0x10, 0x84, 0xff,
  0x10, 0x84, 0xff, 0x10, 0x84, 0xff, 0x10, 0x7c, 0x8a, 0xc2, 0xfd, 0x22,
  0xc2, 0xfd, 0xe5, 0xc2, 0xfd, 0x80, 0xc2, 0xfd, 0x22, 0xc2, 0xfd, 0xe5,
  0xc2, 0xfd, 0x77, 0xc2, 0xfd, 0x28, 0xc2, 0xfd, 0xeb, 0xc2, 0xfd, 0x7a,
  0xd2, 0x6b, 0x15, 0x10, 0x84, 0xd6, 0x10, 0x84, 0xff, 0x10, 0x84, 0xff,
  0x10, 0x84, 0xff, 0x10, 0x84, 0xff, 0x10, 0x84, 0xff, 0x10, 0x84, 0xff,
  0x10, 0x84, 0xff, 0x10, 0x84, 0xff, 0x10, 0x84, 0xff, 0x10, 0x84, 0xff,
  0x10, 0x84, 0xff, 0x10, 0x84, 0xff, 0x10, 0x84, 0xff, 0x10, 0x84, 0xff,
  0x10, 0x84, 0xff, 0x10, 0x84, 0xff, 0x10, 0x84, 0xff, 0x10, 0x84, 0xff,
  0x10, 0x84, 0xff, 0x10, 0x84, 0xff, 0x10, 0x84, 0x6e, 0x10, 0x84, 0x00,
  0x10, 0x84, 0x00, 0x30, 0x84, 0x00, 0x10, 0x84, 0x99, 0x10, 0x84, 0xff,
  0x10, 0x84, 0xff, 0x10, 0x84, 0xff, 0x10, 0x84, 0xff, 0x10, 0x84, 0xff,
  0x10, 0x84, 0xff, 0x10, 0x84, 0xff, 0x10, 0x84, 0xff, 0x10, 0x84, 0x70,
  0x10, 0x84, 0x00, 0x0e, 0x8b, 0x00, 0x00, 0x00, 0x00, 0x00, 0x00, 0x00,
  0x00, 0x00, 0x00, 0x00, 0x00, 0x00, 0x00, 0x00, 0x00, 0x00, 0x00, 0x00,
  0x00, 0x00, 0x00, 0x00, 0x00, 0x00, 0x00, 0x00, 0x00, 0x00, 0x00, 0x00,
  0x00, 0x00, 0x00, 0x00, 0x00, 0x00, 0x00, 0x00, 0x00, 0x00, 0x00, 0x00,
  0x00, 0x00, 0x00, 0x00, 0x00, 0x00, 0x00, 0x00, 0x00, 0x00, 0x00, 0x00,
  0x00, 0x00, 0x00, 0x00, 0x00, 0x00, 0x00, 0x00, 0x00, 0x00, 0x00, 0x00,
  0x00, 0x00, 0x00, 0x00, 0x00, 0x00, 0x00, 0x00, 0x00, 0x00, 0x00, 0x00,
  0x00, 0x00, 0x00, 0x00, 0x00, 0x00, 0x00, 0x00, 0x00, 0x00, 0x00, 0x00,
  0x00, 0x00, 0x00, 0x00, 0x00, 0x00, 0x00, 0x00, 0x00, 0x00, 0x00, 0x00,
  0x00, 0x00, 0x00, 0x00, 0x00, 0x00, 0x00, 0x00, 0x00, 0x00, 0x00, 0x00,
  0x00, 0x00, 0x00, 0x00, 0x00, 0x00, 0x00, 0x00, 0x00, 0x00, 0x00, 0x00,
  0x00, 0x00, 0x00, 0x00, 0x00, 0x00, 0x00, 0x00, 0x00, 0x00, 0x00, 0x00,
  0x00, 0x00, 0x00, 0x00, 0x00, 0x00, 0x00, 0x00, 0x00, 0x00, 0x00, 0x00,
  0x00, 0x00, 0x00, 0x00, 0x00, 0x00, 0x00, 0x00, 0x00, 0x10, 0x84, 0x49,
  0x10, 0x84, 0xf2, 0x10, 0x84, 0xff, 0x10, 0x84, 0xff, 0x10, 0x84, 0xff,
  0x10, 0x84, 0xff, 0x10, 0x84, 0xff, 0x10, 0x84, 0xff, 0x10, 0x84, 0xff,
  0x10, 0x84, 0xb9, 0x10, 0x84, 0x09, 0x10, 0x84, 0x00, 0x00, 0x00, 0x00,
  0x00, 0x00, 0x00, 0x00, 0x00, 0x00, 0x00, 0x00, 0x00, 0x00, 0x00, 0x00,
  0x11, 0x84, 0x00, 0x10, 0x84, 0x00, 0x10, 0x84, 0x6a, 0x10, 0x84, 0xff,
  0x10, 0x84, 0xff, 0x10, 0x84, 0xff, 0x10, 0x84, 0xff, 0x10, 0x84, 0xff,
  0x10, 0x84, 0xff, 0x10, 0x84, 0xff, 0x10, 0x84, 0xff, 0x10, 0x84, 0xff,
  0x10, 0x84, 0xff, 0x10, 0x84, 0xfb, 0xf1, 0x7b, 0x50, 0xc1, 0xfd, 0x4e,
  0xc2, 0xfd, 0xf3, 0xc2, 0xfd, 0x46, 0xc2, 0xfd, 0x4e, 0xc2, 0xfd, 0xf0,
  0xc2, 0xfd, 0x3e, 0xc2, 0xfd, 0x58, 0xc2, 0xfd, 0xf4, 0xc1, 0xfd, 0x42,
  0xf1, 0x7b, 0x3b, 0x10, 0x84, 0xf4, 0x10, 0x84, 0xff, 0x10, 0x84, 0xff,
  0x10, 0x84, 0xff, 0x10, 0x84, 0xff, 0x10, 0x84, 0xff, 0x10, 0x84, 0xff,
  0x10, 0x84, 0xff, 0x10, 0x84, 0xff, 0x10, 0x84, 0xff, 0x10, 0x84, 0xff,
  0x10, 0x84, 0xff, 0x10, 0x84, 0xff, 0x10, 0x84, 0xff, 0x10, 0x84, 0xff,
  0x10, 0x84, 0xff, 0x10, 0x84, 0xff, 0x10, 0x84, 0xff, 0x10, 0x84, 0xff,
  0x10, 0x84, 0xff, 0x10, 0x84, 0xf0, 0x10, 0x84, 0x38, 0x10, 0x84, 0x00,
  0x10, 0x84, 0x00, 0x10, 0x84, 0x11, 0x10, 0x84, 0xcb, 0x10, 0x84, 0xff,
  0x10, 0x84, 0xff, 0x10, 0x84, 0xff, 0x10, 0x84, 0xff, 0x10, 0x84, 0xff,
  0x10, 0x84, 0xff, 0x10, 0x84, 0xff, 0x10, 0x84, 0xf2, 0x10, 0x84, 0x3c,
  0x10, 0x84, 0x00, 0x10, 0x84, 0x00, 0x00, 0x00, 0x00, 0x00, 0x00, 0x00,
  0x00, 0x00, 0x00, 0x00, 0x00, 0x00, 0x00, 0x00, 0x00, 0x00, 0x00, 0x00,
  0x00, 0x00, 0x00, 0x00, 0x00, 0x00, 0x00, 0x00, 0x00, 0x00, 0x00, 0x00,
  0x00, 0x00, 0x00, 0x00, 0x00, 0x00, 0x00, 0x00, 0x00, 0x00, 0x00, 0x00,
  0x00, 0x00, 0x00, 0x00, 0x00, 0x00, 0x00, 0x00, 0x00, 0x00, 0x00, 0x00,
  0x00, 0x00, 0x00, 0x00, 0x00, 0x00, 0x00, 0x00, 0x00, 0x00, 0x00, 0x00,
  0x00, 0x00, 0x00, 0x00, 0x00, 0x00, 0x00, 0x00, 0x00, 0x00, 0x00, 0x00,
  0x00, 0x00, 0x00, 0x00, 0x00, 0x00, 0x00, 0x00, 0x00, 0x00, 0x00, 0x00,
  0x00, 0x00, 0x00, 0x00, 0x00, 0x00, 0x00, 0x00, 0x00, 0x00, 0x00, 0x00,
  0x00, 0x00, 0x00, 0x00, 0x00, 0x00, 0x00, 0x00, 0x00, 0x00, 0x00, 0x00,
  0x00, 0x00, 0x00, 0x00, 0x00, 0x00, 0x00, 0x00, 0x00, 0x00, 0x00, 0x00,
  0x00, 0x00, 0x00, 0x00, 0x00, 0x00, 0x00, 0x00, 0x00, 0x00, 0x00, 0x00,
  0x00, 0x00, 0x00, 0x00, 0x00, 0x00, 0x00, 0x00, 0x00, 0x00, 0x00, 0x00,
  0x00, 0x00, 0x00, 0x00, 0x00, 0x00, 0x00, 0x00, 0x00, 0x10, 0x84, 0x84,
  0x10, 0x84, 0xff, 0x10, 0x84, 0xff, 0x10, 0x84, 0xff, 0x10, 0x84, 0xff,
  0x10, 0x84, 0xff, 0x10, 0x84, 0xff, 0x10, 0x84, 0xff, 0x10, 0x84, 0xff,
  0x10, 0x84, 0x83, 0x10, 0x84, 0x00, 0x10, 0x84, 0x00, 0x00, 0x00, 0x00,
  0x00, 0x00, 0x00, 0x00, 0x00, 0x00, 0x00, 0x00, 0x00, 0x00, 0x00, 0x00,
  0x10, 0x84, 0x00, 0x10, 0x84, 0x00, 0x10, 0x84, 0x1d, 0x10, 0x84, 0xcb,
  0x10, 0x84, 0xff, 0x10, 0x84, 0xff, 0x10, 0x84, 0xff, 0x10, 0x84, 0xff,
  0x10, 0x84, 0xff, 0x10, 0x84, 0xff, 0x10, 0x84, 0xff, 0x10, 0x84, 0xff,
  0x10, 0x84, 0xff, 0x10, 0x84, 0xe5, 0xf1, 0x7b, 0x25, 0xc2, 0xfd, 0x89,
  0xc2, 0xfd, 0xe1, 0xc2, 0xfd, 0x1d, 0xc2, 0xfd, 0x89, 0xc2, 0xfd, 0xdb,
  0xc2, 0xfd, 0x19, 0xc2, 0xfd, 0x93, 0xc2, 0xfd, 0xdf, 0x00, 0xfe, 0x19,
  0x10, 0x7c, 0x72, 0x10, 0x84, 0xff, 0x10, 0x84, 0xff, 0x10, 0x84, 0xff,
  0x10, 0x84, 0xff, 0x10, 0x84, 0xff, 0x10, 0x84, 0xff, 0x10, 0x84, 0xff,
  0x10, 0x84, 0xff, 0x10, 0x84, 0xff, 0x10, 0x84, 0xff, 0x10, 0x84, 0xff,
  0x10, 0x84, 0xff, 0x10, 0x84, 0xff, 0x10, 0x84, 0xff, 0x10, 0x84, 0xff,
  0x10, 0x84, 0xff, 0x10, 0x84, 0xff, 0x10, 0x84, 0xff, 0x10, 0x84, 0xff,
  0x10, 0x84, 0xff, 0x10, 0x84, 0x9e, 0x10, 0x84, 0x08, 0x10, 0x84, 0x00,
  0x10, 0x84, 0x00, 0x10, 0x84, 0x34, 0x10, 0x84, 0xee, 0x10, 0x84, 0xff,
  0x10, 0x84, 0xff, 0x10, 0x84, 0xff, 0x10, 0x84, 0xff, 0x10, 0x84, 0xff,
  0x10, 0x84, 0xff, 0x10, 0x84, 0xff, 0x10, 0x84, 0xd3, 0x10, 0x84, 0x16,
  0x10, 0x84, 0x00, 0x00, 0x00, 0x00, 0x00, 0x00, 0x00, 0x00, 0x00, 0x00,
  0x00, 0x00, 0x00, 0x00, 0x00, 0x00, 0x00, 0x00, 0x00, 0x00, 0x00, 0x00,
  0x00, 0x00, 0x00, 0x00, 0x00, 0x00, 0x00, 0x00, 0x00, 0x00, 0x00, 0x00,
  0x00, 0x00, 0x00, 0x00, 0x00, 0x00, 0x00, 0x00, 0x00, 0x00, 0x00, 0x00,
  0x00, 0x00, 0x00, 0x00, 0x00, 0x00, 0x00, 0x00, 0x00, 0x00, 0x00, 0x00,
  0x00, 0x00, 0x00, 0x00, 0x00, 0x00, 0x00, 0x00, 0x00, 0x00, 0x00, 0x00,
  0x00, 0x00, 0x00, 0x00, 0x00, 0x00, 0x00, 0x00, 0x00, 0x00, 0x00, 0x00,
  0x00, 0x00, 0x00, 0x00, 0x00, 0x00, 0x00, 0x00, 0x00, 0x00, 0x00, 0x00,
  0x00, 0x00, 0x00, 0x00, 0x00, 0x00, 0x00, 0x00, 0x00, 0x00, 0x00, 0x00,
  0x00, 0x00, 0x00, 0x00, 0x00, 0x00, 0x00, 0x00, 0x00, 0x00, 0x00, 0x00,
  0x00, 0x00, 0x00, 0x00, 0x00, 0x00, 0x00, 0x00, 0x00, 0x00, 0x00, 0x00,
  0x00, 0x00, 0x00, 0x00, 0x00, 0x00, 0x00, 0x00, 0x00, 0x00, 0x00, 0x00,
  0x00, 0x00, 0x00, 0x00, 0x00, 0x00, 0x00, 0x00, 0x00, 0x00, 0x00, 0x00,
  0x00, 0x00, 0x00, 0x00, 0x00, 0x00, 0x00, 0x00, 0x00, 0x10, 0x84, 0xc5,
  0x10, 0x84, 0xff, 0x10, 0x84, 0xff, 0x10, 0x84, 0xff, 0x10, 0x84, 0xff,
  0x10, 0x84, 0xff, 0x10, 0x84, 0xff, 0x10, 0x84, 0xff, 0x10, 0x84, 0xfb,
  0x10, 0x84, 0x4c, 0x10, 0x84, 0x00, 0x10, 0x84, 0x00, 0x00, 0x00, 0x00,
  0x00, 0x00, 0x00, 0x00, 0x00, 0x00, 0x00, 0x00, 0x00, 0x00, 0x00, 0x00,
  0x00, 0x00, 0x00, 0xf0, 0x7b, 0x00, 0x10, 0x84, 0x00, 0x10, 0x84, 0x37,
  0x10, 0x84, 0xc3, 0x10, 0x84, 0xfb, 0x10, 0x84, 0xff, 0x10, 0x84, 0xff,
  0x10, 0x84, 0xff, 0x10, 0x84, 0xff, 0x10, 0x84, 0xff, 0x10, 0x84, 0xff,
  0x10, 0x84, 0xff, 0x10, 0x84, 0xbd, 0xe9, 0xc4, 0x16, 0xc2, 0xfd, 0xc5,
  0xc2, 0xfd, 0xb5, 0xc2, 0xfd, 0x11, 0xc2, 0xfd, 0xc4, 0xc2, 0xfd, 0xad,
  0xc2, 0xfd, 0x13, 0xc2, 0xfd, 0xcc, 0xc2, 0xfd, 0xb2, 0xe9, 0xbc, 0x0a,
  0x10, 0x84, 0xad, 0x10, 0x84, 0xff, 0x10, 0x84, 0xff, 0x10, 0x84, 0xff,
  0x10, 0x84, 0xff, 0x10, 0x84, 0xff, 0x10, 0x84, 0xff, 0x10, 0x84, 0xff,
  0x10, 0x84, 0xff, 0x10, 0x84, 0xff, 0x10, 0x84, 0xff, 0x10, 0x84, 0xff,
  0x10, 0x84, 0xff, 0x10, 0x84, 0xff, 0x10, 0x84, 0xff, 0x10, 0x84, 0xff,
  0x10, 0x84, 0xff, 0x10, 0x84, 0xff, 0x10, 0x84, 0xff, 0x10, 0x84, 0xf3,
  0x10, 0x84, 0x9f, 0x10, 0x84, 0x19, 0x10, 0x84, 0x00, 0x10, 0x84, 0x00,
  0x10, 0x84, 0x00, 0x10, 0x84, 0x68, 0x10, 0x84, 0xff, 0x10, 0x84, 0xff,
  0x10, 0x84, 0xff, 0x10, 0x84, 0xff, 0x10, 0x84, 0xff, 0x10, 0x84, 0xff,
  0x10, 0x84, 0xff, 0x10, 0x84, 0xff, 0x10, 0x84, 0xa4, 0x10, 0x84, 0x02,
  0x10, 0x84, 0x00, 0x00, 0x00, 0x00, 0x00, 0x00, 0x00, 0x00, 0x00, 0x00,
  0x00, 0x00, 0x00, 0x00, 0x00, 0x00, 0x00, 0x00, 0x00, 0x00, 0x00, 0x00,
  0x00, 0x00, 0x00, 0x00, 0x00, 0x00, 0x00, 0x00, 0x00, 0x00, 0x00, 0x00,
  0x00, 0x00, 0x00, 0x00, 0x00, 0x00, 0x00, 0x00, 0x00, 0x00, 0x00, 0x00,
  0x00, 0x00, 0x00, 0x00, 0x00, 0x00, 0x00, 0x00, 0x00, 0x00, 0x00, 0x00,
  0x00, 0x00, 0x00, 0x00, 0x00, 0x00, 0x00, 0x00, 0x00, 0x00, 0x00, 0x00,
  0x00, 0x00, 0x00, 0x00, 0x00, 0x00, 0x00, 0x00, 0x00, 0x00, 0x00, 0x00,
  0x00, 0x00, 0x00, 0x00, 0x00, 0x00, 0x00, 0x00, 0x00, 0x00, 0x00, 0x00,
  0x00, 0x00, 0x00, 0x00, 0x00, 0x00, 0x00, 0x00, 0x00, 0x00, 0x00, 0x00,
  0x00, 0x00, 0x00, 0x00, 0x00, 0x00, 0x00, 0x00, 0x00, 0x00, 0x00, 0x00,
  0x00, 0x00, 0x00, 0x00, 0x00, 0x00, 0x00, 0x00, 0x00, 0x00, 0x00, 0x00,
  0x00, 0x00, 0x00, 0x00, 0x00, 0x00, 0x00, 0x00, 0x00, 0x00, 0x00, 0x00,
  0x00, 0x00, 0x00, 0x00, 0x00, 0x00, 0x00, 0x00, 0x00, 0x00, 0x00, 0x00,
  0x00, 0x00, 0x00, 0x00, 0x00, 0x00, 0x00, 0x00, 0x00, 0x10, 0x84, 0x68,
  0x10, 0x84, 0x73, 0x10, 0x84, 0x73, 0x10, 0x84, 0x73, 0x10, 0x84, 0x73,
  0x10, 0x84, 0x73, 0x10, 0x84, 0x73, 0x10, 0x84, 0x73, 0x10, 0x84, 0x6a,
  0x10, 0x84, 0x14, 0x10, 0x84, 0x00, 0x00, 0x00, 0x00, 0x00, 0x00, 0x00,
  0x00, 0x00, 0x00, 0x00, 0x00, 0x00, 0x00, 0x00, 0x00, 0x00, 0x00, 0x00,
  0x00, 0x00, 0x00, 0x10, 0x84, 0x00, 0x30, 0x84, 0x00, 0x10, 0x84, 0x00,
  0x10, 0x84, 0x15, 0x10, 0x84, 0x52, 0x10, 0x84, 0x71, 0x10, 0x84, 0x73,
  0x10, 0x84, 0x73, 0x10, 0x84, 0x73, 0x10, 0x84, 0x73, 0x10, 0x84, 0x73,
  0x10, 0x84, 0x74, 0x10, 0x7c, 0x45, 0xc2, 0xfd, 0x0c, 0xc2, 0xfd, 0x65,
  0xc2, 0xfd, 0x40, 0xc2, 0xfd, 0x0b, 0xc2, 0xfd, 0x64, 0xc2, 0xfd, 0x3c,
  0xc2, 0xfd, 0x0d, 0xc2, 0xfd, 0x67, 0xc2, 0xfd, 0x3f, 0xd3, 0x6b, 0x06,
  0x10, 0x84, 0x60, 0x10, 0x84, 0x79, 0x10, 0x84, 0x78, 0x10, 0x84, 0x78,
  0x10, 0x84, 0x78, 0x10, 0x84, 0x78, 0x10, 0x84, 0x78, 0x10, 0x84, 0x78,
  0x10, 0x84, 0x78, 0x10, 0x84, 0x78, 0x10, 0x84, 0x78, 0x10, 0x84, 0x78,
  0x10, 0x84, 0x78, 0x10, 0x84, 0x78, 0x10, 0x84, 0x78, 0x10, 0x84, 0x78,
  0x10, 0x84, 0x78, 0x10, 0x84, 0x78, 0x10, 0x84, 0x70, 0x10, 0x84, 0x41,
  0x10, 0x84, 0x08, 0x10, 0x84, 0x00, 0x10, 0x84, 0x00, 0x10, 0x84, 0x00,
  0x10, 0x84, 0x00, 0x10, 0x84, 0x3f, 0x10, 0x84, 0x74, 0x10, 0x84, 0x73,
  0x10, 0x84, 0x73, 0x10, 0x84, 0x73, 0x10, 0x84, 0x73, 0x10, 0x84, 0x73,
  0x10, 0x84, 0x73, 0x10, 0x84, 0x74, 0x10, 0x84, 0x39, 0x10, 0x84, 0x00,
  0x10, 0x84, 0x00, 0x00, 0x00, 0x00, 0x00, 0x00, 0x00, 0x00, 0x00, 0x00,
  0x00, 0x00, 0x00, 0x00, 0x00, 0x00, 0x00, 0x00, 0x00, 0x00, 0x00, 0x00,
  0x00, 0x00, 0x00, 0x00, 0x00, 0x00, 0x00, 0x00, 0x00, 0x00, 0x00, 0x00,
  0x00, 0x00, 0x00, 0x00, 0x00, 0x00, 0x00, 0x00, 0x00, 0x00, 0x00, 0x00,
  0x00, 0x00, 0x00, 0x00, 0x00, 0x00, 0x00, 0x00, 0x00, 0x00, 0x00, 0x00,
  0x00, 0x00, 0x00, 0x00, 0x00, 0x00, 0x00, 0x00, 0x00, 0x00, 0x00, 0x00,
  0x00, 0x00, 0x00, 0x00, 0x00, 0x00, 0x00, 0x00, 0x00, 0x00, 0x00, 0x00,
  0x00, 0x00, 0x00, 0x00, 0x00, 0x00, 0x00, 0x00, 0x00, 0x00, 0x00, 0x00,
  0x00, 0x00, 0x00, 0x00, 0x00, 0x00, 0x00, 0x00, 0x00, 0x00, 0x00, 0x00,
  0x00, 0x00, 0x00, 0x00, 0x00, 0x00, 0x00, 0x00, 0x00, 0x00, 0x00, 0x00,
  0x00, 0x00, 0x00, 0x00, 0x00, 0x00, 0x00, 0x00, 0x00, 0x00, 0x00, 0x00,
  0x00, 0x00, 0x00, 0x00, 0x00, 0x00, 0x00, 0x00, 0x00, 0x00, 0x00, 0x00,
  0x00, 0x00, 0x00, 0x00, 0x00, 0x00, 0x00, 0x00, 0x00, 0x00, 0x00, 0x00,
  0x00, 0x00, 0x00, 0x00, 0x00, 0x00, 0x00, 0x00, 0x00, 0x10, 0x84, 0x00,
  0x10, 0x84, 0x00, 0x10, 0x84, 0x00, 0x10, 0x84, 0x00, 0x10, 0x84, 0x00,
  0x10, 0x84, 0x00, 0x10, 0x84, 0x00, 0x10, 0x84, 0x00, 0x10, 0x84, 0x00,
  0x10, 0x84, 0x00, 0x10, 0x84, 0x00, 0x00, 0x00, 0x00, 0x00, 0x00, 0x00,
  0x00, 0x00, 0x00, 0x00, 0x00, 0x00, 0x00, 0x00, 0x00, 0x00, 0x00, 0x00,
  0x00, 0x00, 0x00, 0x00, 0x00, 0x00, 0x10, 0x84, 0x00, 0x10, 0x7c, 0x00,
  0x10, 0x84, 0x00, 0x10, 0x84, 0x00, 0x10, 0x84, 0x00, 0x10, 0x84, 0x00,
  0x10, 0x84, 0x00, 0x10, 0x84, 0x00, 0x10, 0x84, 0x00, 0x10, 0x84, 0x00,
  0x10, 0x84, 0x00, 0x10, 0x7c, 0x00, 0xa3, 0xf5, 0x00, 0xc2, 0xfd, 0x00,
  0xc2, 0xfd, 0x00, 0xc2, 0xfd, 0x00, 0xc2, 0xfd, 0x00, 0xc2, 0xfd, 0x00,
  0xc2, 0xfd, 0x00, 0xc2, 0xfd, 0x00, 0xc2, 0xfd, 0x00, 0xd2, 0x6b, 0x00,
  0x10, 0x84, 0x00, 0x10, 0x84, 0x00, 0x10, 0x84, 0x00, 0x10, 0x84, 0x00,
  0x10, 0x84, 0x00, 0x10, 0x84, 0x00, 0x10, 0x84, 0x00, 0x10, 0x84, 0x00,
  0x10, 0x84, 0x00, 0x10, 0x84, 0x00, 0x10, 0x84, 0x00, 0x10, 0x84, 0x00,
  0x10, 0x84, 0x00, 0x10, 0x84, 0x00, 0x10, 0x84, 0x00, 0x10, 0x84, 0x00,
  0x10, 0x84, 0x00, 0x10, 0x84, 0x00, 0x10, 0x84, 0x00, 0x10, 0x84, 0x00,
  0x10, 0x84, 0x00, 0x10, 0x84, 0x00, 0x31, 0x84, 0x00, 0x10, 0x84, 0x00,
  0x10, 0x84, 0x00, 0x10, 0x84, 0x00, 0x10, 0x84, 0x00, 0x10, 0x84, 0x00,
  0x10, 0x84, 0x00, 0x10, 0x84, 0x00, 0x10, 0x84, 0x00, 0x10, 0x84, 0x00,
  0x10, 0x84, 0x00, 0x10, 0x84, 0x00, 0x10, 0x84, 0x00, 0x10, 0x84, 0x00,
  0x10, 0x84, 0x00, 0x00, 0x00, 0x00, 0x00, 0x00, 0x00, 0x00, 0x00, 0x00,
  0x00, 0x00, 0x00, 0x00, 0x00, 0x00, 0x00, 0x00, 0x00, 0x00, 0x00, 0x00,
  0x00, 0x00, 0x00, 0x00, 0x00, 0x00, 0x00, 0x00, 0x00, 0x00, 0x00, 0x00,
  0x00, 0x00, 0x00, 0x00, 0x00, 0x00, 0x00, 0x00, 0x00, 0x00, 0x00, 0x00,
  0x00, 0x00, 0x00, 0x00, 0x00, 0x00, 0x00, 0x00, 0x00, 0x00, 0x00, 0x00,
  0x00, 0x00, 0x00, 0x00, 0x00, 0x00, 0x00, 0x00, 0x00, 0x00, 0x00, 0x00,
  0x00, 0x00, 0x00, 0x00, 0x00, 0x00, 0x00, 0x00, 0x00, 0x00, 0x00, 0x00,
  0x00, 0x00, 0x00, 0x00, 0x00, 0x00, 0x00, 0x00, 0x00, 0x00, 0x00, 0x00,
  0x00, 0x00, 0x00, 0x00, 0x00, 0x00, 0x00, 0x00, 0x00, 0x00, 0x00, 0x00,
  0x00, 0x00, 0x00, 0x00, 0x00, 0x00, 0x00, 0x00, 0x00, 0x00, 0x00, 0x00,
  0x00, 0x00, 0x00, 0x00, 0x00, 0x00, 0x00, 0x00, 0x00, 0x00, 0x00, 0x00,
  0x00, 0x00, 0x00, 0x00, 0x00, 0x00, 0x00, 0x00, 0x00, 0x00, 0x00, 0x00,
  0x00, 0x00, 0x00, 0x00, 0x00, 0x00, 0x00, 0x00, 0x00, 0x00, 0x00, 0x00,
  0x00, 0x00, 0x00, 0x00, 0x00, 0x00, 0x00, 0x00, 0x00, 0x10, 0x84, 0x00,
  0x10, 0x84, 0x00, 0x10, 0x84, 0x00, 0x10, 0x84, 0x00, 0x10, 0x84, 0x00,
  0x10, 0x84, 0x00, 0x10, 0x84, 0x00, 0x10, 0x84, 0x00, 0x10, 0x84, 0x00,
  0x10, 0x84, 0x00, 0x10, 0x84, 0x00, 0x10, 0x84, 0x00, 0x10, 0x84, 0x00,
  0x10, 0x84, 0x00, 0x10, 0x84, 0x00, 0x10, 0x84, 0x00, 0x10, 0x84, 0x00,
  0x10, 0x84, 0x00, 0x10, 0x84, 0x00, 0x10, 0x84, 0x00, 0x10, 0x84, 0x00,
  0x10, 0x84, 0x00, 0x10, 0x84, 0x00, 0x10, 0x84, 0x00, 0x10, 0x84, 0x00,
  0x10, 0x84, 0x00, 0x10, 0x84, 0x00, 0x10, 0x84, 0x00, 0x10, 0x84, 0x00,
  0x10, 0x84, 0x00, 0x10, 0x84, 0x00, 0x10, 0x84, 0x00, 0x10, 0x84, 0x00,
  0x10, 0x84, 0x00, 0x10, 0x84, 0x00, 0x10, 0x84, 0x00, 0x10, 0x84, 0x00,
  0x10, 0x84, 0x00, 0x10, 0x84, 0x00, 0x10, 0x84, 0x00, 0x10, 0x84, 0x00,
  0x10, 0x84, 0x00, 0x10, 0x84, 0x00, 0x10, 0x84, 0x00, 0x10, 0x84, 0x00,
  0x10, 0x84, 0x00, 0x10, 0x84, 0x00, 0x10, 0x84, 0x00, 0x10, 0x84, 0x00,
  0x10, 0x84, 0x00, 0x10, 0x84, 0x00, 0x10, 0x84, 0x00, 0x10, 0x84, 0x00,
  0x10, 0x84, 0x00, 0x10, 0x84, 0x00, 0x10, 0x84, 0x00, 0x10, 0x84, 0x00,
  0x10, 0x84, 0x00, 0x10, 0x84, 0x00, 0x10, 0x84, 0x00, 0x10, 0x84, 0x00,
  0x10, 0x84, 0x00, 0x10, 0x84, 0x00, 0x10, 0x84, 0x00, 0x10, 0x84, 0x00,
  0x10, 0x84, 0x00, 0x10, 0x84, 0x00, 0x10, 0x84, 0x00, 0x10, 0x84, 0x00,
  0x10, 0x84, 0x00, 0x10, 0x84, 0x00, 0x10, 0x84, 0x00, 0x10, 0x84, 0x00,
  0x10, 0x84, 0x00, 0x10, 0x84, 0x00, 0x10, 0x84, 0x00, 0x10, 0x84, 0x00,
  0x00, 0x00, 0x00, 0x00, 0x00, 0x00, 0x00, 0x00, 0x00, 0x00, 0x00, 0x00,
  0x00, 0x00, 0x00, 0x00, 0x00, 0x00, 0x00, 0x00, 0x00, 0x00, 0x00, 0x00,
  0x00, 0x00, 0x00, 0x00, 0x00, 0x00, 0x00, 0x00, 0x00, 0x00, 0x00, 0x00,
  0x00, 0x00, 0x00, 0x00, 0x00, 0x00, 0x00, 0x00, 0x00, 0x00, 0x00, 0x00,
  0x00, 0x00, 0x00, 0x00, 0x00, 0x00, 0x00, 0x00, 0x00, 0x00, 0x00, 0x00,
  0x00, 0x00, 0x00, 0x00, 0x00, 0x00, 0x00, 0x00, 0x00, 0x00, 0x00, 0x00,
  0x00, 0x00, 0x00, 0x00, 0x00, 0x00, 0x00, 0x00, 0x00, 0x00, 0x00, 0x00,
  0x00, 0x00, 0x00, 0x00, 0x00, 0x00, 0x00, 0x00, 0x00, 0x00, 0x00, 0x00,
  0x00, 0x00, 0x00, 0x00, 0x00, 0x00, 0x00, 0x00, 0x00, 0x00, 0x00, 0x00,
  0x00, 0x00, 0x00, 0x00, 0x00, 0x00, 0x00, 0x00, 0x00, 0x00, 0x00, 0x00,
  0x00, 0x00, 0x00, 0x00, 0x00, 0x00, 0x00, 0x00, 0x00, 0x00, 0x00, 0x00,
  0x00, 0x00, 0x00, 0x00, 0x00, 0x00, 0x00, 0x00, 0x00, 0x00, 0x00, 0x00,
  0x00, 0x00, 0x00, 0x00, 0x00, 0x00, 0x00, 0x00, 0x00, 0x00, 0x00, 0x00,
  0x00, 0x00, 0x00, 0x00, 0x00, 0x00, 0x00, 0x00, 0x00, 0x10, 0x84, 0x39,
  0x10, 0x84, 0x3c, 0x10, 0x84, 0x1d, 0x10, 0x84, 0x12, 0x10, 0x84, 0x3d,
  0x10, 0x84, 0x3e, 0x10, 0x84, 0x17, 0x10, 0x84, 0x1c, 0x10, 0x84, 0x3c,
  0x10, 0x84, 0x33, 0x10, 0x84, 0x0d, 0x10, 0x84, 0x30, 0x10, 0x84, 0x3b,
  0x10, 0x84, 0x1e, 0x10, 0x84, 0x20, 0x10, 0x84, 0x3d, 0x10, 0x84, 0x2f,
  0x10, 0x84, 0x29, 0x10, 0x84, 0x3f, 0x10, 0x84, 0x39, 0x10, 0x84, 0x19,
  0x10, 0x84, 0x37, 0x10, 0x84, 0x38, 0x10, 0x84, 0x0d, 0x10, 0x84, 0x00,
  0x10, 0x84, 0x03, 0x10, 0x84, 0x2d, 0x10, 0x84, 0x3d, 0x10, 0x84, 0x1c,
  0x10, 0x84, 0x16, 0x10, 0x84, 0x3c, 0x10, 0x84, 0x36, 0x10, 0x84, 0x0a,
  0x10, 0x84, 0x21, 0x10, 0x84, 0x0e, 0x10, 0x84, 0x06, 0x10, 0x84, 0x35,
  0x10, 0x84, 0x3e, 0x10, 0x84, 0x17, 0x10, 0x84, 0x1d, 0x10, 0x84, 0x3b,
  0x10, 0x84, 0x32, 0x10, 0x84, 0x05, 0x10, 0x84, 0x00, 0x10, 0x84, 0x17,
  0x10, 0x84, 0x11, 0x10, 0x84, 0x1e, 0x10, 0x84, 0x05, 0x10, 0x84, 0x18,
  0x10, 0x84, 0x0f, 0x10, 0x84, 0x2c, 0x10, 0x84, 0x3a, 0x10, 0x84, 0x19,
  0x10, 0x84, 0x0a, 0x10, 0x84, 0x1b, 0x10, 0x84, 0x09, 0x10, 0x84, 0x1c,
  0x10, 0x84, 0x0d, 0x10, 0x84, 0x37, 0x10, 0x84, 0x38, 0x10, 0x84, 0x1e,
  0x10, 0x84, 0x3b, 0x10, 0x84, 0x3e, 0x10, 0x84, 0x25, 0x10, 0x84, 0x31,
  0x10, 0x84, 0x3d, 0x10, 0x84, 0x1e, 0x10, 0x84, 0x14, 0x10, 0x84, 0x13,
  0x10, 0x84, 0x23, 0x10, 0x84, 0x3b, 0x10, 0x84, 0x2c, 0x10, 0x84, 0x0e,
  0x10, 0x84, 0x36, 0x10, 0x84, 0x3a, 0x10, 0x84, 0x10, 0x10, 0x84, 0x00,
  0x00, 0x00, 0x00, 0x00, 0x00, 0x00, 0x00, 0x00, 0x00, 0x00, 0x00, 0x00,
  0x00, 0x00, 0x00, 0x00, 0x00, 0x00, 0x00, 0x00, 0x00, 0x00, 0x00, 0x00,
  0x00, 0x00, 0x00, 0x00, 0x00, 0x00, 0x00, 0x00, 0x00, 0x00, 0x00, 0x00,
  0x00, 0x00, 0x00, 0x00, 0x00, 0x00, 0x00, 0x00, 0x00, 0x00, 0x00, 0x00,
  0x00, 0x00, 0x00, 0x00, 0x00, 0x00, 0x00, 0x00, 0x00, 0x00, 0x00, 0x00,
  0x00, 0x00, 0x00, 0x00, 0x00, 0x00, 0x00, 0x00, 0x00, 0x00, 0x00, 0x00,
  0x00, 0x00, 0x00, 0x00, 0x00, 0x00, 0x00, 0x00, 0x00, 0x00, 0x00, 0x00,
  0x00, 0x00, 0x00, 0x00, 0x00, 0x00, 0x00, 0x00, 0x00, 0x00, 0x00, 0x00,
  0x00, 0x00, 0x00, 0x00, 0x00, 0x00, 0x00, 0x00, 0x00, 0x00, 0x00, 0x00,
  0x00, 0x00, 0x00, 0x00, 0x00, 0x00, 0x00, 0x00, 0x00, 0x00, 0x00, 0x00,
  0x00, 0x00, 0x00, 0x00, 0x00, 0x00, 0x00, 0x00, 0x00, 0x00, 0x00, 0x00,
  0x00, 0x00, 0x00, 0x00, 0x00, 0x00, 0x00, 0x00, 0x00, 0x00, 0x00, 0x00,
  0x00, 0x00, 0x00, 0x00, 0x00, 0x00, 0x00, 0x00, 0x00, 0x00, 0x00, 0x00,
  0x00, 0x00, 0x00, 0x00, 0x00, 0x00, 0x00, 0x00, 0x00, 0x10, 0x84, 0xb1,
  0x10, 0x84, 0x7b, 0x10, 0x84, 0x7b, 0x10, 0x84, 0x5e, 0x10, 0x84, 0x83,
  0x10, 0x84, 0x7a, 0x10, 0x84, 0x69, 0x10, 0x84, 0x68, 0x10, 0x84, 0x8c,
  0x10, 0x84, 0x97, 0x10, 0x84, 0x42, 0x10, 0x84, 0xa0, 0x10, 0x84, 0x70,
  0x10, 0x84, 0x2b, 0x10, 0x84, 0x79, 0x10, 0x84, 0x80, 0x10, 0x84, 0x98,
  0x10, 0x84, 0x53, 0x10, 0x84, 0xa1, 0x10, 0x84, 0x6a, 0x10, 0x84, 0x53,
  0x10, 0x84, 0x96, 0x10, 0x84, 0x82, 0x10, 0x84, 0x2a, 0x10, 0x84, 0x00,
  0x10, 0x84, 0x16, 0x10, 0x84, 0x99, 0x10, 0x84, 0x83, 0x10, 0x84, 0x52,
  0x10, 0x84, 0x58, 0x10, 0x84, 0x8f, 0x10, 0x84, 0x99, 0x10, 0x84, 0x4a,
  0x10, 0x84, 0x9b, 0x10, 0x84, 0x5a, 0x10, 0x84, 0x2a, 0x10, 0x84, 0x93,
  0x10, 0x84, 0x71, 0x10, 0x84, 0x50, 0x10, 0x84, 0x70, 0x10, 0x84, 0x8f,
  0x10, 0x84, 0x4d, 0x10, 0x84, 0x07, 0x10, 0x84, 0x00, 0x10, 0x84, 0x5f,
  0x10, 0x84, 0x45, 0x10, 0x84, 0x95, 0x10, 0x84, 0x66, 0x10, 0x84, 0x62,
  0x10, 0x84, 0x3d, 0x10, 0x84, 0x92, 0x10, 0x84, 0x6b, 0x10, 0x84, 0x85,
  0x10, 0x84, 0x3d, 0x10, 0x84, 0x6e, 0x10, 0x84, 0x24, 0x10, 0x84, 0x73,
  0x10, 0x84, 0x43, 0x10, 0x84, 0x99, 0x10, 0x84, 0x81, 0x10, 0x84, 0x42,
  0x10, 0x84, 0x75, 0x10, 0x84, 0x9b, 0x10, 0x84, 0x43, 0x10, 0x84, 0x9a,
  0x10, 0x84, 0x7b, 0x10, 0x84, 0x7e, 0x10, 0x84, 0x56, 0x10, 0x84, 0x4e,
  0x10, 0x84, 0x81, 0x10, 0x84, 0x86, 0x10, 0x84, 0x41, 0x10, 0x84, 0x3f,
  0x10, 0x84, 0x96, 0x10, 0x84, 0x82, 0x10, 0x84, 0x31, 0x10, 0x84, 0x00,
  0x00, 0x00, 0x00, 0x00, 0x00, 0x00, 0x00, 0x00, 0x00, 0x00, 0x00, 0x00,
  0x00, 0x00, 0x00, 0x00, 0x00, 0x00, 0x00, 0x00, 0x00, 0x00, 0x00, 0x00,
  0x00, 0x00, 0x00, 0x00, 0x00, 0x00, 0x00, 0x00, 0x00, 0x00, 0x00, 0x00,
  0x00, 0x00, 0x00, 0x00, 0x00, 0x00, 0x00, 0x00, 0x00, 0x00, 0x00, 0x00,
  0x00, 0x00, 0x00, 0x00, 0x00, 0x00, 0x00, 0x00, 0x00, 0x00, 0x00, 0x00,
  0x00, 0x00, 0x00, 0x00, 0x00, 0x00, 0x00, 0x00, 0x00, 0x00, 0x00, 0x00,
  0x00, 0x00, 0x00, 0x00, 0x00, 0x00, 0x00, 0x00, 0x00, 0x00, 0x00, 0x00,
  0x00, 0x00, 0x00, 0x00, 0x00, 0x00, 0x00, 0x00, 0x00, 0x00, 0x00, 0x00,
  0x00, 0x00, 0x00, 0x00, 0x00, 0x00, 0x00, 0x00, 0x00, 0x00, 0x00, 0x00,
  0x00, 0x00, 0x00, 0x00, 0x00, 0x00, 0x00, 0x00, 0x00, 0x00, 0x00, 0x00,
  0x00, 0x00, 0x00, 0x00, 0x00, 0x00, 0x00, 0x00, 0x00, 0x00, 0x00, 0x00,
  0x00, 0x00, 0x00, 0x00, 0x00, 0x00, 0x00, 0x00, 0x00, 0x00, 0x00, 0x00,
  0x00, 0x00, 0x00, 0x00, 0x00, 0x00, 0x00, 0x00, 0x00, 0x00, 0x00, 0x00,
  0x00, 0x00, 0x00, 0x00, 0x00, 0x00, 0x00, 0x00, 0x00, 0x10, 0x84, 0xbe,
  0x10, 0x84, 0xa5, 0x10, 0x84, 0x65, 0x10, 0x84, 0x65, 0x10, 0x84, 0x44,
  0x10, 0x84, 0x32, 0x10, 0x84, 0x70, 0x10, 0x84, 0x6d, 0x10, 0x84, 0x8a,
  0x10, 0x84, 0x97, 0x10, 0x84, 0x44, 0x10, 0x84, 0xa5, 0x10, 0x84, 0x53,
  0x10, 0x84, 0x03, 0x10, 0x84, 0x80, 0x10, 0x84, 0xa4, 0x10, 0x84, 0x9a,
  0x10, 0x84, 0x0f, 0x10, 0x84, 0x75, 0x10, 0x84, 0x28, 0x10, 0x84, 0x2f,
  0x10, 0x84, 0x88, 0x10, 0x84, 0x96, 0x10, 0x84, 0x3e, 0x10, 0x84, 0x00,
  0x10, 0x84, 0x10, 0x10, 0x84, 0x7e, 0x10, 0x84, 0x8e, 0x10, 0x84, 0x6f,
  0x10, 0x84, 0x5f, 0x10, 0x84, 0x98, 0x10, 0x84, 0x79, 0x10, 0x84, 0x70,
  0x10, 0x84, 0xa9, 0x10, 0x84, 0x9d, 0x10, 0x84, 0x45, 0x10, 0x84, 0x71,
  0x10, 0x84, 0x18, 0x10, 0x84, 0x29, 0x10, 0x84, 0x77, 0x10, 0x84, 0x88,
  0x10, 0x84, 0x19, 0x10, 0x84, 0x00, 0x10, 0x84, 0x00, 0x10, 0x84, 0x65,
  0x10, 0x84, 0x4a, 0x10, 0x84, 0x81, 0x10, 0x84, 0x90, 0x10, 0x84, 0xae,
  0x10, 0x84, 0x40, 0x10, 0x84, 0x83, 0x10, 0x84, 0x14, 0x10, 0x84, 0x86,
  0x10, 0x84, 0x52, 0x10, 0x84, 0x76, 0x10, 0x84, 0x2b, 0x10, 0x84, 0x7b,
  0x10, 0x84, 0x32, 0x10, 0x84, 0x89, 0x10, 0x84, 0x97, 0x10, 0x84, 0x3e,
  0x10, 0x84, 0x33, 0x10, 0x84, 0x6b, 0x10, 0x84, 0x13, 0x10, 0x84, 0xa6,
  0x10, 0x84, 0xa5, 0x10, 0x84, 0x6a, 0x10, 0x84, 0x58, 0x10, 0x84, 0x53,
  0x10, 0x84, 0x87, 0x10, 0x84, 0x79, 0x10, 0x84, 0x0f, 0x10, 0x84, 0x2b,
  0x10, 0x84, 0x87, 0x10, 0x84, 0x95, 0x10, 0x84, 0x42, 0x10, 0x84, 0x00,
  0x00, 0x00, 0x00, 0x00, 0x00, 0x00, 0x00, 0x00, 0x00, 0x00, 0x00, 0x00,
  0x00, 0x00, 0x00, 0x00, 0x00, 0x00, 0x00, 0x00, 0x00, 0x00, 0x00, 0x00,
  0x00, 0x00, 0x00, 0x00, 0x00, 0x00, 0x00, 0x00, 0x00, 0x00, 0x00, 0x00,
  0x00, 0x00, 0x00, 0x00, 0x00, 0x00, 0x00, 0x00, 0x00, 0x00, 0x00, 0x00,
  0x00, 0x00, 0x00, 0x00, 0x00, 0x00, 0x00, 0x00, 0x00, 0x00, 0x00, 0x00,
  0x00, 0x00, 0x00, 0x00, 0x00, 0x00, 0x00, 0x00, 0x00, 0x00, 0x00, 0x00,
  0x00, 0x00, 0x00, 0x00, 0x00, 0x00, 0x00, 0x00, 0x00, 0x00, 0x00, 0x00,
  0x00, 0x00, 0x00, 0x00, 0x00, 0x00, 0x00, 0x00, 0x00, 0x00, 0x00, 0x00,
  0x00, 0x00, 0x00, 0x00, 0x00, 0x00, 0x00, 0x00, 0x00, 0x00, 0x00, 0x00,
  0x00, 0x00, 0x00, 0x00, 0x00, 0x00, 0x00, 0x00, 0x00, 0x00, 0x00, 0x00,
  0x00, 0x00, 0x00, 0x00, 0x00, 0x00, 0x00, 0x00, 0x00, 0x00, 0x00, 0x00,
  0x00, 0x00, 0x00, 0x00, 0x00, 0x00, 0x00, 0x00, 0x00, 0x00, 0x00, 0x00,
  0x00, 0x00, 0x00, 0x00, 0x00, 0x00, 0x00, 0x00, 0x00, 0x00, 0x00, 0x00,
  0x00, 0x00, 0x00, 0x00, 0x00, 0x00, 0x00, 0x00, 0x00, 0x10, 0x84, 0x88,
  0x10, 0x84, 0x65, 0x10, 0x84, 0x5e, 0x10, 0x84, 0x57, 0x10, 0x84, 0xa1,
  0x10, 0x84, 0x9d, 0x10, 0x84, 0x64, 0x10, 0x84, 0x65, 0x10, 0x84, 0x9c,
  0x10, 0x84, 0x9f, 0x10, 0x84, 0x3f, 0x10, 0x84, 0xa2, 0x10, 0x84, 0x90,
  0x10, 0x84, 0x4a, 0x10, 0x84, 0x6a, 0x10, 0x84, 0x56, 0x10, 0x84, 0x85,
  0x10, 0x84, 0x12, 0x10, 0x84, 0x6d, 0x10, 0x84, 0x27, 0x10, 0x84, 0x3e,
  0x10, 0x84, 0x99, 0x10, 0x84, 0xa4, 0x10, 0x84, 0x41, 0x10, 0x84, 0x00,
  0x10, 0x84, 0x17, 0x10, 0x84, 0x90, 0x10, 0x84, 0x9c, 0x10, 0x84, 0x74,
  0x10, 0x84, 0x55, 0x10, 0x84, 0x4a, 0x10, 0x84, 0x04, 0x10, 0x84, 0x73,
  0x10, 0x84, 0x5c, 0x10, 0x84, 0x83, 0x10, 0x84, 0x61, 0x10, 0x84, 0xa2,
  0x10, 0x84, 0xa0, 0x10, 0x84, 0x5e, 0x10, 0x84, 0x6d, 0x10, 0x84, 0xa1,
  0x10, 0x84, 0x75, 0x10, 0x84, 0x0e, 0x10, 0x84, 0x00, 0x10, 0x84, 0x5c,
  0x10, 0x84, 0x45, 0x10, 0x84, 0x6b, 0x10, 0x84, 0x28, 0x10, 0x84, 0x9b,
  0x10, 0x84, 0x3a, 0x10, 0x84, 0x9b, 0x10, 0x84, 0x9a, 0x10, 0x84, 0x86,
  0x10, 0x84, 0x2c, 0x10, 0x84, 0xa4, 0x10, 0x84, 0x9d, 0x10, 0x84, 0x76,
  0x10, 0x84, 0x3e, 0x10, 0x84, 0x99, 0x10, 0x84, 0xa4, 0x10, 0x84, 0x41,
  0x10, 0x84, 0x31, 0x10, 0x84, 0x64, 0x10, 0x84, 0x14, 0x10, 0x84, 0x79,
  0x10, 0x84, 0x64, 0x10, 0x84, 0x62, 0x10, 0x84, 0x51, 0x10, 0x84, 0x4b,
  0x10, 0x84, 0x80, 0x10, 0x84, 0x9c, 0x10, 0x84, 0x68, 0x10, 0x84, 0x41,
  0x10, 0x84, 0x98, 0x10, 0x84, 0xa3, 0x10, 0x84, 0x46, 0x10, 0x84, 0x00,
  0x00, 0x00, 0x00, 0x00, 0x00, 0x00, 0x00, 0x00, 0x00, 0x00, 0x00, 0x00,
  0x00, 0x00, 0x00, 0x00, 0x00, 0x00, 0x00, 0x00, 0x00, 0x00, 0x00, 0x00,
  0x00, 0x00, 0x00, 0x00, 0x00, 0x00, 0x00, 0x00, 0x00, 0x00, 0x00, 0x00,
  0x00, 0x00, 0x00, 0x00, 0x00, 0x00, 0x00, 0x00, 0x00, 0x00, 0x00, 0x00,
  0x00, 0x00, 0x00, 0x00, 0x00, 0x00, 0x00, 0x00, 0x00, 0x00, 0x00, 0x00,
  0x00, 0x00, 0x00, 0x00, 0x00, 0x00, 0x00, 0x00, 0x00, 0x00, 0x00, 0x00,
  0x00, 0x00, 0x00, 0x00, 0x00, 0x00, 0x00, 0x00, 0x00, 0x00, 0x00, 0x00,
  0x00, 0x00, 0x00, 0x00, 0x00, 0x00, 0x00, 0x00, 0x00, 0x00, 0x00, 0x00,
  0x00, 0x00, 0x00, 0x00, 0x00, 0x00, 0x00, 0x00, 0x00, 0x00, 0x00, 0x00,
  0x00, 0x00, 0x00, 0x00, 0x00, 0x00, 0x00, 0x00, 0x00, 0x00, 0x00, 0x00,
  0x00, 0x00, 0x00, 0x00, 0x00, 0x00, 0x00, 0x00, 0x00, 0x00, 0x00, 0x00,
  0x00, 0x00, 0x00, 0x00, 0x00, 0x00, 0x00, 0x00, 0x00, 0x00, 0x00, 0x00,
  0x00, 0x00, 0x00, 0x00, 0x00, 0x00, 0x00, 0x00, 0x00, 0x00, 0x00, 0x00,
  0x00, 0x00, 0x00, 0x00, 0x00, 0x00, 0x00, 0x00, 0x00, 0x00, 0x00, 0x00,
  0x00, 0x00, 0x00, 0x00, 0x00, 0x00, 0x00, 0x00, 0x00, 0x00, 0x00, 0x00,
  0x00, 0x00, 0x00, 0x00, 0x00, 0x00, 0x00, 0x00, 0x00, 0x00, 0x00, 0x00,
  0x00, 0x00, 0x00, 0x00, 0x00, 0x00, 0x00, 0x00, 0x00, 0x00, 0x00, 0x00,
  0x00, 0x00, 0x00, 0x00, 0x00, 0x00, 0x00, 0x00, 0x00, 0x00, 0x00, 0x00,
  0x00, 0x00, 0x00, 0x00, 0x00, 0x00, 0x00, 0x00, 0x00, 0x00, 0x00, 0x00,
  0x00, 0x00, 0x00, 0x00, 0x00, 0x00, 0x00, 0x00, 0x00, 0x00, 0x00, 0x00,
  0x00, 0x00, 0x00, 0x00, 0x00, 0x00, 0x00, 0x00, 0x00, 0x00, 0x00, 0x00,
  0x00, 0x00, 0x00, 0x00, 0x00, 0x00, 0x00, 0x00, 0x00, 0x00, 0x00, 0x00,
  0x00, 0x00, 0x00, 0x00, 0x00, 0x00, 0x00, 0x00, 0x00, 0x00, 0x00, 0x00,
  0x00, 0x00, 0x00, 0x00, 0x00, 0x00, 0x00, 0x00, 0x00, 0x00, 0x00, 0x00,
  0x00, 0x00, 0x00, 0x00, 0x00, 0x00, 0x00, 0x00, 0x00, 0x00, 0x00, 0x00,
  0x00, 0x00, 0x00, 0x00, 0x00, 0x00, 0x00, 0x00, 0x00, 0x00, 0x00, 0x00,
  0x00, 0x00, 0x00, 0x00, 0x00, 0x00, 0x00, 0x00, 0x00, 0x00, 0x00, 0x00,
  0x00, 0x00, 0x00, 0x00, 0x00, 0x00, 0x00, 0x00, 0x00, 0x00, 0x00, 0x00,
  0x00, 0x00, 0x00, 0x00, 0x00, 0x00, 0x00, 0x00, 0x00, 0x00, 0x00, 0x00,
  0x00, 0x00, 0x00, 0x00, 0x00, 0x00, 0x00, 0x00, 0x00, 0x00, 0x00, 0x00,
  0x00, 0x00, 0x00, 0x00, 0x00, 0x00, 0x00, 0x00, 0x00, 0x00, 0x00, 0x00,
  0x00, 0x00, 0x00, 0x00, 0x00, 0x00, 0x00, 0x00, 0x00, 0x00, 0x00, 0x00,
  0x00, 0x00, 0x00, 0x00, 0x00, 0x00, 0x00, 0x00, 0x00, 0x00, 0x00, 0x00,
  0x00, 0x00, 0x00, 0x00, 0x00, 0x00, 0x00, 0x00, 0x00, 0x00, 0x00, 0x00,
  0x00, 0x00, 0x00, 0x00, 0x00, 0x00, 0x00, 0x00, 0x00, 0x00, 0x00, 0x00,
  0x00, 0x00, 0x00, 0x00, 0x00, 0x00, 0x00, 0x00, 0x00, 0x00, 0x00, 0x00,
  0x00, 0x00, 0x00, 0x00, 0x00, 0x00, 0x00, 0x00, 0x00, 0x00, 0x00, 0x00,
  0x00, 0x00, 0x00, 0x00, 0x00, 0x00, 0x00, 0x00, 0x00, 0x00, 0x00, 0x00,
  0x00, 0x00, 0x00, 0x00, 0x00, 0x00, 0x00, 0x00, 0x00, 0x00, 0x00, 0x00,
  0x00, 0x00, 0x00, 0x00, 0x00, 0x00, 0x00, 0x00, 0x00, 0x00, 0x00, 0x00,
  0x00, 0x00, 0x00, 0x00, 0x00, 0x00, 0x00, 0x00, 0x00, 0x00, 0x00, 0x00,
  0x00, 0x00, 0x00, 0x00, 0x00, 0x00, 0x00, 0x00, 0x00, 0x00, 0x00, 0x00,
  0x00, 0x00, 0x00, 0x00, 0x00, 0x00, 0x00, 0x00, 0x00, 0x00, 0x00, 0x00,
  0x00, 0x00, 0x00, 0x00, 0x00, 0x00, 0x00, 0x00, 0x00, 0x00, 0x00, 0x00,
  0x00, 0x00, 0x00, 0x00, 0x00, 0x00, 0x00, 0x00, 0x00, 0x00, 0x00, 0x00,
  0x00, 0x00, 0x00, 0x00, 0x00, 0x00, 0x00, 0x00, 0x00, 0x00, 0x00, 0x00,
  0x00, 0x00, 0x00, 0x00, 0x00, 0x00, 0x00, 0x00, 0x00, 0x00, 0x00, 0x00,
  0x00, 0x00, 0x00, 0x00, 0x00, 0x00, 0x00, 0x00, 0x00, 0x00, 0x00, 0x00,
  0x00, 0x00, 0x00, 0x00, 0x00, 0x00, 0x00, 0x00, 0x00, 0x00, 0x00, 0x00,
  0x00, 0x00, 0x00, 0x00, 0x00, 0x00, 0x00, 0x00, 0x00, 0x00, 0x00, 0x00,
  0x00, 0x00, 0x00, 0x00, 0x00, 0x00, 0x00, 0x00, 0x00, 0x00, 0x00, 0x00,
  0x00, 0x00, 0x00, 0x00, 0x00, 0x00, 0x00, 0x00, 0x00, 0x00, 0x00, 0x00,
  0x00, 0x00, 0x00, 0x00, 0x00, 0x00, 0x00, 0x00, 0x00, 0x00, 0x00, 0x00,
  0x00, 0x00, 0x00, 0x00, 0x00, 0x00, 0x00, 0x00, 0x00, 0x00, 0x00, 0x00,
  0x00, 0x00, 0x00, 0x00, 0x00, 0x00, 0x00, 0x00, 0x00, 0x00, 0x00, 0x00,
  0x00, 0x00, 0x00, 0x00, 0x00, 0x00, 0x00, 0x00, 0x00, 0x00, 0x00, 0x00,
  0x00, 0x00, 0x00, 0x00, 0x00, 0x00, 0x00, 0x00, 0x00, 0x00, 0x00, 0x00,
  0x00, 0x00, 0x00, 0x00, 0x00, 0x00, 0x00, 0x00, 0x00, 0x00, 0x00, 0x00,
  0x00, 0x00, 0x00, 0x00, 0x00, 0x00, 0x00, 0x00, 0x00, 0x00, 0x00, 0x00,
  0x00, 0x00, 0x00, 0x00, 0x00, 0x00, 0x00, 0x00, 0x00, 0x00, 0x00, 0x00,
  0x00, 0x00, 0x00, 0x00, 0x00, 0x00, 0x00, 0x00, 0x00, 0x00, 0x00, 0x00,
  0x00, 0x00, 0x00, 0x00, 0x00, 0x00, 0x00, 0x00, 0x00, 0x00, 0x00, 0x00,
  0x00, 0x00, 0x00, 0x00, 0x00, 0x00, 0x00, 0x00, 0x00, 0x00, 0x00, 0x00,
  0x00, 0x00, 0x00, 0x00, 0x00, 0x00, 0x00, 0x00, 0x00, 0x00, 0x00, 0x00,
  0x00, 0x00, 0x00, 0x00, 0x00, 0x00, 0x00, 0x00, 0x00, 0x00, 0x00, 0x00,
  0x00, 0x00, 0x00, 0x00, 0x00, 0x00, 0x00, 0x00, 0x00, 0x00, 0x00, 0x00,
  0x00, 0x00, 0x00, 0x00, 0x00, 0x00, 0x00, 0x00, 0x00, 0x00, 0x00, 0x00,
  0x00, 0x00, 0x00, 0x00, 0x00, 0x00, 0x00, 0x00, 0x00, 0x00, 0x00, 0x00,
  0x00, 0x00, 0x00, 0x00, 0x00, 0x00, 0x00, 0x00, 0x00, 0x00, 0x00, 0x00,
  0x00, 0x00, 0x00, 0x00, 0x00, 0x00, 0x00, 0x00, 0x00, 0x00, 0x00, 0x00,
  0x00, 0x00, 0x00, 0x00, 0x00, 0x00, 0x00, 0x00, 0x00, 0x00, 0x00, 0x00,
  0x00, 0x00, 0x00, 0x00, 0x00, 0x00, 0x00, 0x00, 0x00, 0x00, 0x00, 0x00,
  0x00, 0x00, 0x00, 0x00, 0x00, 0x00, 0x00, 0x00, 0x00, 0x00, 0x00, 0x00,
  0x00, 0x00, 0x00, 0x00, 0x00, 0x00, 0x00, 0x00, 0x00, 0x00, 0x00, 0x00
};

const lv_img_dsc_t sc_pad_logo_rsi = {
  .header.cf = LV_IMG_CF_TRUE_COLOR_ALPHA,
  .header.always_zero = 0,
  .header.reserved = 0,
  .header.w = 132,
  .header.h = 48,
  .data_size = 6336 * LV_IMG_PX_SIZE_ALPHA_BYTE,
  .data = sc_pad_logo_rsi_map,
};

static const uint8_t sc_pad_logo_aegis_map[] = {
  0x00, 0x00, 0x00, 0x00, 0x00, 0x00, 0x00, 0x00, 0x00, 0x00, 0x00, 0x00,
  0x00, 0x00, 0x00, 0x00, 0x00, 0x00, 0x00, 0x00, 0x00, 0x00, 0x00, 0x00,
  0x00, 0x00, 0x00, 0x00, 0x00, 0x00, 0x00, 0x00, 0x00, 0x00, 0x00, 0x00,
  0x00, 0x00, 0x00, 0x00, 0x00, 0x00, 0x00, 0x00, 0x00, 0x00, 0x00, 0x00,
  0x00, 0x00, 0x00, 0x00, 0x00, 0x00, 0x00, 0x00, 0x00, 0x00, 0x00, 0x00,
  0x00, 0x00, 0x00, 0x00, 0x00, 0x00, 0x00, 0x00, 0x00, 0x00, 0x00, 0x00,
  0x00, 0x00, 0x00, 0x00, 0x00, 0x00, 0x00, 0x00, 0x00, 0x00, 0x00, 0x00,
  0x00, 0x00, 0x00, 0x00, 0x00, 0x00, 0x00, 0x00, 0x00, 0x00, 0x00, 0x00,
  0x00, 0x00, 0x00, 0x00, 0x00, 0x00, 0x00, 0x00, 0x00, 0x00, 0x00, 0x00,
  0x00, 0x00, 0x00, 0x00, 0x00, 0x00, 0x00, 0x00, 0x00, 0x00, 0x00, 0x00,
  0x00, 0x00, 0x00, 0x00, 0x00, 0x00, 0x00, 0x00, 0x00, 0x00, 0x00, 0x00,
  0x00, 0x00, 0x00, 0x00, 0x00, 0x00, 0x00, 0x00, 0x00, 0x00, 0x00, 0x00,
  0x00, 0x00, 0x00, 0x00, 0x00, 0x00, 0x00, 0x00, 0x00, 0x00, 0x00, 0x00,
  0x00, 0x00, 0x00, 0x00, 0x00, 0x00, 0x00, 0x00, 0x00, 0x00, 0x00, 0x00,
  0x00, 0x00, 0x00, 0x00, 0x00, 0x00, 0x00, 0x00, 0x00, 0x00, 0x00, 0x00,
  0x00, 0x00, 0x00, 0x00, 0x00, 0x00, 0x00, 0x00, 0x00, 0x00, 0x00, 0x00,
  0x00, 0x00, 0x00, 0x00, 0x00, 0x00, 0x00, 0x00, 0x00, 0x00, 0x00, 0x00,
  0x00, 0x00, 0x00, 0x00, 0x00, 0x00, 0x00, 0x00, 0x00, 0x00, 0x00, 0x00,
  0x00, 0x00, 0x00, 0x00, 0x00, 0x00, 0x00, 0x00, 0x00, 0x00, 0x00, 0x00,
  0x00, 0x00, 0x00, 0x00, 0x00, 0x00, 0x00, 0x00, 0x00, 0x00, 0x00, 0x00,
  0x00, 0x00, 0x00, 0x00, 0x00, 0x00, 0x00, 0x00, 0x00, 0x00, 0x00, 0x00,
  0x00, 0x00, 0x00, 0x00, 0x00, 0x00, 0x00, 0x00, 0x00, 0x00, 0x00, 0x00,
  0x00, 0x00, 0x00, 0x00, 0x00, 0x00, 0x00, 0x00, 0x00, 0x00, 0x00, 0x00,
  0x00, 0x00, 0x00, 0x00, 0x00, 0x00, 0x00, 0x00, 0x00, 0x00, 0x00, 0x00,
  0x00, 0x00, 0x00, 0x00, 0x00, 0x00, 0x00, 0x00, 0x00, 0x00, 0x00, 0x00,
  0x00, 0x00, 0x00, 0x00, 0x00, 0x00, 0x00, 0x00, 0x00, 0x00, 0x00, 0x00,
  0x00, 0x00, 0x00, 0x00, 0x00, 0x00, 0x00, 0x00, 0x00, 0x00, 0x00, 0x00,
  0x00, 0x00, 0x00, 0x00, 0x00, 0x00, 0x00, 0x00, 0x00, 0x00, 0x00, 0x00,
  0x00, 0x00, 0x00, 0x00, 0x00, 0x00, 0x00, 0x00, 0x00, 0x00, 0x00, 0x00,
  0x00, 0x00, 0x00, 0x00, 0x00, 0x00, 0x00, 0x00, 0x00, 0x00, 0x00, 0x00,
  0x00, 0x00, 0x00, 0x00, 0x00, 0x00, 0x00, 0x00, 0x00, 0x00, 0x00, 0x00,
  0x00, 0x00, 0x00, 0x00, 0x00, 0x00, 0x00, 0x00, 0x00, 0x00, 0x00, 0x00,
  0x00, 0x00, 0x00, 0x00, 0x00, 0x00, 0x00, 0x00, 0x00, 0x00, 0x00, 0x00,
  0x00, 0x00, 0x00, 0x00, 0x00, 0x00, 0x00, 0x00, 0x00, 0x00, 0x00, 0x00,
  0x00, 0x00, 0x00, 0x00, 0x00, 0x00, 0x00, 0x00, 0x00, 0x00, 0x00, 0x00,
  0x00, 0x00, 0x00, 0x00, 0x00, 0x00, 0x00, 0x00, 0x00, 0x00, 0x00, 0x00,
  0x00, 0x00, 0x00, 0x00, 0x00, 0x00, 0x00, 0x00, 0x00, 0x00, 0x00, 0x00,
  0x00, 0x00, 0x00, 0x00, 0x00, 0x00, 0x00, 0x00, 0x00, 0x00, 0x00, 0x00,
  0x00, 0x00, 0x00, 0x00, 0x00, 0x00, 0x00, 0x00, 0x00, 0x00, 0x00, 0x00,
  0x00, 0x00, 0x00, 0x00, 0x00, 0x00, 0x00, 0x00, 0x00, 0x00, 0x00, 0x00,
  0x00, 0x00, 0x00, 0x00, 0x00, 0x00, 0x00, 0x00, 0x00, 0x00, 0x00, 0x00,
  0x00, 0x00, 0x00, 0x00, 0x00, 0x00, 0x00, 0x00, 0x00, 0x00, 0x00, 0x00,
  0x00, 0x00, 0x00, 0x00, 0x00, 0x00, 0x00, 0x00, 0x00, 0x00, 0x00, 0x00,
  0x00, 0x00, 0x00, 0x00, 0x00, 0x00, 0x00, 0x00, 0x00, 0x00, 0x00, 0x00,
  0x00, 0x00, 0x00, 0x00, 0x00, 0x00, 0x00, 0x00, 0x00, 0x00, 0x00, 0x00,
  0x00, 0x00, 0x00, 0x00, 0x00, 0x00, 0x00, 0x00, 0x00, 0x00, 0x00, 0x00,
  0x00, 0x00, 0x00, 0x00, 0x00, 0x00, 0x00, 0x00, 0x00, 0x00, 0x00, 0x00,
  0x00, 0x00, 0x00, 0x00, 0x00, 0x00, 0x00, 0x00, 0x00, 0x00, 0x00, 0x00,
  0x00, 0x00, 0x00, 0x00, 0x00, 0x00, 0x00, 0x00, 0x00, 0x00, 0x00, 0x00,
  0x00, 0x00, 0x00, 0x00, 0x00, 0x00, 0x00, 0x00, 0x00, 0x00, 0x00, 0x00,
  0x00, 0x00, 0x00, 0x00, 0x00, 0x00, 0x00, 0x00, 0x00, 0x00, 0x00, 0x00,
  0x00, 0x00, 0x00, 0x00, 0x00, 0x00, 0x00, 0x00, 0x00, 0x00, 0x00, 0x00,
  0x00, 0x00, 0x00, 0x00, 0x00, 0x00, 0x00, 0x00, 0x00, 0x00, 0x00, 0x00,
  0x00, 0x00, 0x00, 0x00, 0x00, 0x00, 0x00, 0x00, 0x00, 0x00, 0x00, 0x00,
  0x00, 0x00, 0x00, 0x00, 0x00, 0x00, 0x00, 0x00, 0x00, 0x00, 0x00, 0x00,
  0x00, 0x00, 0x00, 0x00, 0x00, 0x00, 0x00, 0x00, 0x00, 0x00, 0x00, 0x00,
  0x00, 0x00, 0x00, 0x00, 0x00, 0x00, 0x00, 0x00, 0x00, 0x00, 0x00, 0x00,
  0x00, 0x00, 0x00, 0x00, 0x00, 0x00, 0x00, 0x00, 0x00, 0x00, 0x00, 0x00,
  0x00, 0x00, 0x00, 0x00, 0x00, 0x00, 0x00, 0x00, 0x00, 0x00, 0x00, 0x00,
  0x00, 0x00, 0x00, 0x00, 0x00, 0x00, 0x00, 0x00, 0x00, 0x00, 0x00, 0x00,
  0x00, 0x00, 0x00, 0x00, 0x00, 0x00, 0x00, 0x00, 0x00, 0x00, 0x00, 0x00,
  0x00, 0x00, 0x00, 0x00, 0x00, 0x00, 0x00, 0x00, 0x00, 0x00, 0x00, 0x00,
  0x00, 0x00, 0x00, 0x00, 0x00, 0x00, 0x00, 0x00, 0x00, 0x00, 0x00, 0x00,
  0x00, 0x00, 0x00, 0x00, 0x00, 0x00, 0x00, 0x00, 0x00, 0x00, 0x00, 0x00,
  0x00, 0x00, 0x00, 0x00, 0x00, 0x00, 0x00, 0x00, 0x00, 0x00, 0x00, 0x00,
  0x00, 0x00, 0x00, 0x00, 0x00, 0x00, 0x00, 0x00, 0x00, 0x00, 0x00, 0x00,
  0x00, 0x00, 0x00, 0x00, 0x00, 0x00, 0x00, 0x00, 0x00, 0x00, 0x00, 0x00,
  0x00, 0x00, 0x00, 0x00, 0x00, 0x00, 0x00, 0x00, 0x00, 0x00, 0x00, 0x00,
  0x00, 0x00, 0x00, 0x00, 0x00, 0x00, 0x00, 0x00, 0x00, 0x00, 0x00, 0x00,
  0x00, 0x00, 0x00, 0x00, 0x00, 0x00, 0x00, 0x00, 0x00, 0x00, 0x00, 0x00,
  0x00, 0x00, 0x00, 0x00, 0x00, 0x00, 0x00, 0x00, 0x00, 0x00, 0x00, 0x00,
  0x00, 0x00, 0x00, 0x00, 0x00, 0x00, 0x00, 0x00, 0x00, 0x00, 0x00, 0x00,
  0x00, 0x00, 0x00, 0x00, 0x00, 0x00, 0x00, 0x00, 0x00, 0x00, 0x00, 0x00,
  0x00, 0x00, 0x00, 0x00, 0x00, 0x00, 0x00, 0x00, 0x00, 0x00, 0x00, 0x00,
  0x00, 0x00, 0x00, 0x00, 0x00, 0x00, 0x00, 0x00, 0x00, 0x00, 0x00, 0x00,
  0x00, 0x00, 0x00, 0x00, 0x00, 0x00, 0x00, 0x00, 0x00, 0x00, 0x00, 0x00,
  0x00, 0x00, 0x00, 0x00, 0x00, 0x00, 0x00, 0x00, 0x00, 0x00, 0x00, 0x00,
  0x00, 0x00, 0x00, 0x00, 0x00, 0x00, 0x00, 0x00, 0x00, 0x00, 0x00, 0x00,
  0x00, 0x00, 0x00, 0x00, 0x00, 0x00, 0x00, 0x00, 0x00, 0x00, 0x00, 0x00,
  0x00, 0x00, 0x00, 0x00, 0x00, 0x00, 0x00, 0x00, 0x00, 0x00, 0x00, 0x00,
  0x00, 0x00, 0x00, 0x00, 0x00, 0x00, 0x00, 0x00, 0x00, 0x00, 0x00, 0x00,
  0x00, 0x00, 0x00, 0x00, 0x00, 0x00, 0x00, 0x00, 0x49, 0x00, 0x00, 0xea,
  0x00, 0x00, 0xf4, 0x00, 0x00, 0xf4, 0x00, 0x00, 0xf4, 0x00, 0x00, 0xf0,
  0x00, 0x00, 0x5e, 0x00, 0x00, 0x00, 0x00, 0x00, 0x00, 0x00, 0x00, 0x00,
  0x00, 0x00, 0x00, 0x00, 0x00, 0x00, 0x00, 0x00, 0x00, 0x00, 0x00, 0x00,
  0x00, 0x00, 0x00, 0x00, 0x00, 0x00, 0x00, 0x00, 0x00, 0x00, 0x00, 0x00,
  0x00, 0x00, 0x00, 0x00, 0x00, 0x00, 0x00, 0x00, 0x00, 0x00, 0x00, 0x00,
  0x00, 0x00, 0x00, 0x00, 0x00, 0x00, 0x00, 0x00, 0x00, 0x00, 0x00, 0x00,
  0x00, 0x00, 0x00, 0x00, 0x00, 0x00, 0x00, 0x00, 0x00, 0x00, 0x00, 0x00,
  0x00, 0x00, 0x00, 0x00, 0x00, 0x00, 0x00, 0x00, 0x00, 0x00, 0x00, 0x00,
  0x00, 0x00, 0x00, 0x00, 0x00, 0x00, 0x00, 0x00, 0x00, 0x00, 0x00, 0x00,
  0x00, 0x00, 0x00, 0x00, 0x00, 0x00, 0x00, 0x00, 0x00, 0x00, 0x00, 0x00,
  0x00, 0x00, 0x00, 0x00, 0x00, 0x00, 0x00, 0x00, 0x00, 0x00, 0x00, 0x00,
  0x00, 0x00, 0x00, 0x00, 0x00, 0x00, 0x00, 0x00, 0x00, 0x00, 0x00, 0x00,
  0x00, 0x00, 0x00, 0x00, 0x00, 0x00, 0x00, 0x00, 0x00, 0x00, 0x00, 0x00,
  0x00, 0x00, 0x00, 0x00, 0x00, 0x00, 0x00, 0x00, 0x00, 0x00, 0x00, 0x00,
  0x00, 0x00, 0x00, 0x00, 0x00, 0x00, 0x00, 0x00, 0x00, 0x00, 0x00, 0x00,
  0x00, 0x00, 0x00, 0x00, 0x00, 0x00, 0x00, 0x00, 0x00, 0x00, 0x00, 0x00,
  0x00, 0x00, 0x00, 0x00, 0x00, 0x00, 0x00, 0x00, 0x00, 0x00, 0x00, 0x00,
  0x00, 0x00, 0x00, 0x00, 0x00, 0x00, 0x00, 0x00, 0x00, 0x00, 0x00, 0x00,
  0x00, 0x00, 0x00, 0x00, 0x00, 0x00, 0x00, 0x00, 0x00, 0x00, 0x00, 0x00,
  0x00, 0x00, 0x00, 0x00, 0x00, 0x00, 0x00, 0x00, 0x00, 0x00, 0x00, 0x00,
  0x00, 0x00, 0x00, 0x00, 0x00, 0x00, 0x00, 0x00, 0x00, 0x00, 0x00, 0x00,
  0x00, 0x00, 0x00, 0x00, 0x00, 0x00, 0x00, 0x00, 0x00, 0x00, 0x00, 0x00,
  0x00, 0x00, 0x00, 0x00, 0x00, 0x00, 0x00, 0x00, 0x00, 0x00, 0x00, 0x00,
  0x00, 0x00, 0x00, 0x00, 0x00, 0x00, 0x00, 0x00, 0x00, 0x00, 0x00, 0x00,
  0x00, 0x00, 0x00, 0x00, 0x00, 0x00, 0x00, 0x00, 0x00, 0x00, 0x00, 0x00,
  0x00, 0x00, 0x00, 0x00, 0x00, 0x00, 0x00, 0x00, 0x00, 0x00, 0x00, 0x00,
  0x00, 0x00, 0x00, 0x00, 0x00, 0x00, 0x00, 0x00, 0x00, 0x00, 0x00, 0x00,
  0x00, 0x00, 0x00, 0x00, 0x00, 0x00, 0x00, 0x00, 0x00, 0x00, 0x00, 0x00,
  0x00, 0x00, 0x00, 0x00, 0x00, 0x00, 0x00, 0x00, 0x00, 0x00, 0x00, 0x00,
  0x00, 0x00, 0x00, 0x00, 0x00, 0x00, 0x00, 0x00, 0x00, 0x00, 0x00, 0x00,
  0x00, 0x00, 0x00, 0x00, 0x00, 0x00, 0x00, 0x00, 0x00, 0x00, 0x00, 0x00,
  0x00, 0x00, 0x00, 0x00, 0x00, 0x00, 0x00, 0x00, 0x00, 0x00, 0x00, 0x00,
  0x00, 0x00, 0x00, 0x00, 0x00, 0x11, 0x00, 0x00, 0xba, 0x00, 0x00, 0xff,
  0x00, 0x00, 0xff, 0x00, 0x00, 0xff, 0x00, 0x00, 0xff, 0x00, 0x00, 0xff,
  0x00, 0x00, 0xcc, 0x00, 0x00, 0x1c, 0x00, 0x00, 0x00, 0x00, 0x00, 0x00,
  0x00, 0x00, 0x00, 0x00, 0x00, 0x00, 0x00, 0x00, 0x00, 0x00, 0x00, 0x00,
  0x00, 0x00, 0x00, 0x00, 0x00, 0x00, 0x00, 0x00, 0x00, 0x00, 0x00, 0x00,
  0x00, 0x00, 0x00, 0x00, 0x00, 0x00, 0x00, 0x00, 0x00, 0x00, 0x00, 0x00,
  0x00, 0x00, 0x00, 0x00, 0x00, 0x00, 0x00, 0x00, 0x00, 0x00, 0x00, 0x00,
  0x00, 0x00, 0x00, 0x00, 0x00, 0x00, 0x00, 0x00, 0x00, 0x00, 0x00, 0x00,
  0x00, 0x00, 0x00, 0x00, 0x00, 0x00, 0x00, 0x00, 0x00, 0x00, 0x00, 0x00,
  0x00, 0x00, 0x00, 0x00, 0x00, 0x00, 0x00, 0x00, 0x00, 0x00, 0x00, 0x00,
  0x00, 0x00, 0x00, 0x00, 0x00, 0x00, 0x00, 0x00, 0x00, 0x00, 0x00, 0x00,
  0x00, 0x00, 0x00, 0x00, 0x00, 0x00, 0x00, 0x00, 0x00, 0x00, 0x00, 0x00,
  0x00, 0x00, 0x00, 0x00, 0x00, 0x00, 0x00, 0x00, 0x00, 0x00, 0x00, 0x00,
  0x00, 0x00, 0x00, 0x00, 0x00, 0x00, 0x00, 0x00, 0x00, 0x00, 0x00, 0x00,
  0x00, 0x00, 0x00, 0x00, 0x00, 0x00, 0x00, 0x00, 0x00, 0x00, 0x00, 0x00,
  0x00, 0x00, 0x00, 0x00, 0x00, 0x00, 0x00, 0x00, 0x00, 0x00, 0x00, 0x00,
  0x00, 0x00, 0x00, 0x00, 0x00, 0x00, 0x00, 0x00, 0x00, 0x00, 0x00, 0x00,
  0x00, 0x00, 0x00, 0x00, 0x00, 0x00, 0x00, 0x00, 0x00, 0x00, 0x00, 0x00,
  0x00, 0x00, 0x00, 0x00, 0x00, 0x00, 0x00, 0x00, 0x00, 0x00, 0x00, 0x00,
  0x00, 0x00, 0x00, 0x00, 0x00, 0x00, 0x00, 0x00, 0x00, 0x00, 0x00, 0x00,
  0x00, 0x00, 0x00, 0x00, 0x00, 0x00, 0x00, 0x00, 0x00, 0x00, 0x00, 0x00,
  0x00, 0x00, 0x00, 0x00, 0x00, 0x00, 0x00, 0x00, 0x00, 0x00, 0x00, 0x00,
  0x00, 0x00, 0x00, 0x00, 0x00, 0x00, 0x00, 0x00, 0x00, 0x00, 0x00, 0x00,
  0x00, 0x00, 0x00, 0x00, 0x00, 0x00, 0x00, 0x00, 0x00, 0x00, 0x00, 0x00,
  0x00, 0x00, 0x00, 0x00, 0x00, 0x00, 0x00, 0x00, 0x00, 0x00, 0x00, 0x00,
  0x00, 0x00, 0x00, 0x00, 0x00, 0x00, 0x00, 0x00, 0x00, 0x00, 0x00, 0x00,
  0x00, 0x00, 0x00, 0x00, 0x00, 0x00, 0x00, 0x00, 0x00, 0x00, 0x00, 0x00,
  0x00, 0x00, 0x00, 0x00, 0x00, 0x00, 0x00, 0x00, 0x00, 0x00, 0x00, 0x00,
  0x00, 0x00, 0x00, 0x00, 0x00, 0x00, 0x00, 0x00, 0x00, 0x00, 0x00, 0x00,
  0x00, 0x00, 0x00, 0x00, 0x00, 0x00, 0x00, 0x00, 0x00, 0x00, 0x00, 0x00,
  0x00, 0x00, 0x00, 0x00, 0x00, 0x00, 0x00, 0x00, 0x00, 0x00, 0x00, 0x00,
  0x00, 0x00, 0x00, 0x00, 0x00, 0x00, 0x00, 0x00, 0x00, 0x00, 0x00, 0x00,
  0x00, 0x00, 0x00, 0x00, 0x00, 0x00, 0x00, 0x00, 0x00, 0x00, 0x00, 0x00,
  0x00, 0x00, 0x00, 0x00, 0x00, 0x72, 0x00, 0x00, 0xfd, 0x00, 0x00, 0xff,
  0x00, 0x00, 0xff, 0x00, 0x00, 0xff, 0x00, 0x00, 0xff, 0x00, 0x00, 0xff,
  0x00, 0x00, 0xff, 0x00, 0x00, 0x8a, 0x00, 0x00, 0x02, 0x00, 0x00, 0x00,
  0x00, 0x00, 0x00, 0x00, 0x00, 0x00, 0x00, 0x00, 0x00, 0x00, 0x00, 0x00,
  0x00, 0x00, 0x00, 0x00, 0x00, 0x00, 0x00, 0x00, 0x00, 0x00, 0x00, 0x00,
  0x00, 0x00, 0x00, 0x00, 0x00, 0x00, 0x00, 0x00, 0x00, 0x00, 0x00, 0x00,
  0x00, 0x00, 0x00, 0x00, 0x00, 0x00, 0x00, 0x00, 0x00, 0x00, 0x00, 0x00,
  0x00, 0x00, 0x00, 0x00, 0x00, 0x00, 0x00, 0x00, 0x00, 0x00, 0x00, 0x00,
  0x00, 0x00, 0x00, 0x00, 0x00, 0x00, 0x00, 0x00, 0x00, 0x00, 0x00, 0x00,
  0x00, 0x00, 0x00, 0x00, 0x00, 0x00, 0x00, 0x00, 0x00, 0x00, 0x00, 0x00,
  0x00, 0x00, 0x00, 0x00, 0x00, 0x00, 0x00, 0x00, 0x00, 0x00, 0x00, 0x00,
  0x00, 0x00, 0x00, 0x00, 0x00, 0x00, 0x00, 0x00, 0x00, 0x00, 0x00, 0x00,
  0x00, 0x00, 0x00, 0x00, 0x00, 0x00, 0x00, 0x00, 0x00, 0x00, 0x00, 0x00,
  0x00, 0x00, 0x00, 0x00, 0x00, 0x00, 0x00, 0x00, 0x00, 0x00, 0x00, 0x00,
  0x00, 0x00, 0x00, 0x00, 0x00, 0x00, 0x00, 0x00, 0x00, 0x00, 0x00, 0x00,
  0x00, 0x00, 0x00, 0x00, 0x00, 0x00, 0x00, 0x00, 0x00, 0x00, 0x00, 0x00,
  0x00, 0x00, 0x00, 0x00, 0x00, 0x00, 0x00, 0x00, 0x00, 0x00, 0x00, 0x00,
  0x00, 0x00, 0x00, 0x00, 0x00, 0x00, 0x00, 0x00, 0x00, 0x00, 0x00, 0x00,
  0x00, 0x00, 0x00, 0x00, 0x00, 0x00, 0x00, 0x00, 0x00, 0x00, 0x00, 0x00,
  0x00, 0x00, 0x00, 0x00, 0x00, 0x00, 0x00, 0x00, 0x00, 0x00, 0x00, 0x00,
  0x00, 0x00, 0x00, 0x00, 0x00, 0x00, 0x00, 0x00, 0x00, 0x00, 0x00, 0x00,
  0x00, 0x00, 0x00, 0x00, 0x00, 0x00, 0x00, 0x00, 0x00, 0x00, 0x00, 0x00,
  0x00, 0x00, 0x00, 0x00, 0x00, 0x00, 0x00, 0x00, 0x00, 0x00, 0x00, 0x00,
  0x00, 0x00, 0x00, 0x00, 0x00, 0x00, 0x00, 0x00, 0x00, 0x00, 0x00, 0x00,
  0x00, 0x00, 0x00, 0x00, 0x00, 0x00, 0x00, 0x00, 0x00, 0x00, 0x00, 0x00,
  0x00, 0x00, 0x00, 0x00, 0x00, 0x00, 0x00, 0x00, 0x00, 0x00, 0x00, 0x00,
  0x00, 0x00, 0x00, 0x00, 0x00, 0x00, 0x00, 0x00, 0x00, 0x00, 0x00, 0x00,
  0x00, 0x00, 0x00, 0x00, 0x00, 0x00, 0x00, 0x00, 0x00, 0x00, 0x00, 0x00,
  0x00, 0x00, 0x00, 0x00, 0x00, 0x00, 0x00, 0x00, 0x00, 0x00, 0x00, 0x00,
  0x00, 0x00, 0x00, 0x00, 0x00, 0x00, 0x00, 0x00, 0x00, 0x00, 0x00, 0x00,
  0x00, 0x00, 0x00, 0x00, 0x00, 0x00, 0x00, 0x00, 0x00, 0x00, 0x00, 0x00,
  0x00, 0x00, 0x00, 0x00, 0x00, 0x00, 0x00, 0x00, 0x00, 0x00, 0x00, 0x00,
  0x00, 0x00, 0x00, 0x00, 0x00, 0x00, 0x00, 0x00, 0x00, 0x00, 0x00, 0x00,
  0x00, 0x00, 0x2e, 0x00, 0x00, 0xe0, 0x00, 0x00, 0xff, 0x00, 0x00, 0xff,
  0x00, 0x00, 0xff, 0x00, 0x00, 0xfb, 0x00, 0x00, 0xff, 0x00, 0x00, 0xff,
  0x00, 0x00, 0xff, 0x00, 0x00, 0xed, 0x00, 0x00, 0x42, 0x00, 0x00, 0x00,
  0x00, 0x00, 0x00, 0x00, 0x00, 0x00, 0x00, 0x00, 0x00, 0x00, 0x00, 0x00,
  0x00, 0x00, 0x00, 0x00, 0x00, 0x00, 0x00, 0x00, 0x00, 0x00, 0x00, 0x00,
  0x00, 0x00, 0x00, 0x00, 0x00, 0x00, 0x00, 0x00, 0x00, 0x00, 0x00, 0x00,
  0x00, 0x00, 0x00, 0x00, 0x00, 0x00, 0x00, 0x00, 0x00, 0x00, 0x00, 0x00,
  0x00, 0x00, 0x00, 0x00, 0x00, 0x00, 0x00, 0x00, 0x00, 0x00, 0x00, 0x00,
  0x00, 0x00, 0x00, 0x00, 0x00, 0x00, 0x00, 0x00, 0x00, 0x00, 0x00, 0x00,
  0x00, 0x00, 0x00, 0x00, 0x00, 0x00, 0x00, 0x00, 0x00, 0x00, 0x00, 0x00,
  0x00, 0x00, 0x00, 0x00, 0x00, 0x00, 0x00, 0x00, 0x00, 0x00, 0x00, 0x00,
  0x00, 0x00, 0x00, 0x00, 0x00, 0x00, 0x00, 0x00, 0x00, 0x00, 0x00, 0x00,
  0x00, 0x00, 0x00, 0x00, 0x00, 0x00, 0x00, 0x00, 0x00, 0x00, 0x00, 0x00,
  0x00, 0x00, 0x00, 0x00, 0x00, 0x00, 0x00, 0x00, 0x00, 0x00, 0x00, 0x00,
  0x00, 0x00, 0x00, 0x00, 0x00, 0x00, 0x00, 0x00, 0x00, 0x00, 0x00, 0x00,
  0x00, 0x00, 0x00, 0x00, 0x00, 0x00, 0x00, 0x00, 0x00, 0x00, 0x00, 0x00,
  0x00, 0x00, 0x00, 0x00, 0x00, 0x00, 0x00, 0x00, 0x00, 0x00, 0x00, 0x00,
  0x00, 0x00, 0x00, 0x00, 0x00, 0x00, 0x00, 0x00, 0x00, 0x00, 0x00, 0x00,
  0x00, 0x00, 0x00, 0x00, 0x00, 0x00, 0x00, 0x00, 0x00, 0x00, 0x00, 0x00,
  0x00, 0x00, 0x00, 0x00, 0x00, 0x00, 0x00, 0x00, 0x00, 0x00, 0x00, 0x00,
  0x00, 0x00, 0x00, 0x00, 0x00, 0x00, 0x00, 0x00, 0x00, 0x00, 0x00, 0x00,
  0x00, 0x00, 0x00, 0x00, 0x00, 0x00, 0x00, 0x00, 0x00, 0x00, 0x00, 0x00,
  0x00, 0x00, 0x00, 0x00, 0x00, 0x00, 0x00, 0x00, 0x00, 0x00, 0x00, 0x00,
  0x00, 0x00, 0x00, 0x00, 0x00, 0x00, 0x00, 0x00, 0x00, 0x00, 0x00, 0x00,
  0x00, 0x00, 0x00, 0x00, 0x00, 0x00, 0x00, 0x00, 0x00, 0x00, 0x00, 0x00,
  0x00, 0x00, 0x00, 0x00, 0x00, 0x00, 0x00, 0x00, 0x00, 0x00, 0x00, 0x00,
  0x00, 0x00, 0x00, 0x00, 0x00, 0x00, 0x00, 0x00, 0x00, 0x00, 0x00, 0x00,
  0x00, 0x00, 0x00, 0x00, 0x00, 0x00, 0x00, 0x00, 0x00, 0x00, 0x00, 0x00,
  0x00, 0x00, 0x00, 0x00, 0x00, 0x00, 0x00, 0x00, 0x00, 0x00, 0x00, 0x00,
  0x00, 0x00, 0x00, 0x00, 0x00, 0x00, 0x00, 0x00, 0x00, 0x00, 0x00, 0x00,
  0x00, 0x00, 0x00, 0x00, 0x00, 0x00, 0x00, 0x00, 0x00, 0x00, 0x00, 0x00,
  0x00, 0x00, 0x00, 0x00, 0x00, 0x00, 0x00, 0x00, 0x00, 0x00, 0x00, 0x00,
  0x00, 0x00, 0x00, 0x00, 0x00, 0x00, 0x00, 0x00, 0x00, 0x00, 0x00, 0x08,
  0x00, 0x00, 0xa4, 0x00, 0x00, 0xff, 0x00, 0x00, 0xff, 0x00, 0x00, 0xfb,
  0x00, 0x00, 0x9e, 0x00, 0x00, 0x4c, 0x00, 0x00, 0x8a, 0x00, 0x00, 0xf5,
  0x00, 0x00, 0xff, 0x00, 0x00, 0xff, 0x00, 0x00, 0xbc, 0x00, 0x00, 0x11,
  0x00, 0x00, 0x00, 0x00, 0x00, 0x00, 0x00, 0x00, 0x00, 0x00, 0x00, 0x00,
  0x00, 0x00, 0x00, 0x00, 0x00, 0x00, 0x00, 0x00, 0x00, 0x00, 0x00, 0x00,
  0x00, 0x00, 0x00, 0x00, 0x00, 0x00, 0x00, 0x00, 0x00, 0x00, 0x00, 0x00,
  0x00, 0x00, 0x00, 0x00, 0x00, 0x00, 0x00, 0x00, 0x00, 0x00, 0x00, 0x00,
  0x00, 0x00, 0x00, 0x00, 0x00, 0x00, 0x00, 0x00, 0x00, 0x00, 0x00, 0x00,
  0x00, 0x00, 0x00, 0x00, 0x00, 0x00, 0x00, 0x00, 0x00, 0x00, 0x00, 0x00,
  0x00, 0x00, 0x00, 0x00, 0x00, 0x00, 0x00, 0x00, 0x00, 0x00, 0x00, 0x00,
  0x00, 0x00, 0x00, 0x00, 0x00, 0x00, 0x00, 0x00, 0x00, 0x00, 0x00, 0x00,
  0x00, 0x00, 0x00, 0x00, 0x00, 0x00, 0x00, 0x00, 0x00, 0x00, 0x00, 0x00,
  0x00, 0x00, 0x00, 0x00, 0x00, 0x00, 0x00, 0x00, 0x00, 0x00, 0x00, 0x00,
  0x00, 0x00, 0x00, 0x00, 0x00, 0x00, 0x00, 0x00, 0x00, 0x00, 0x00, 0x00,
  0x00, 0x00, 0x00, 0x00, 0x00, 0x00, 0x00, 0x00, 0x00, 0x00, 0x00, 0x00,
  0x00, 0x00, 0x00, 0x00, 0x00, 0x00, 0x00, 0x00, 0x00, 0x00, 0x00, 0x00,
  0x00, 0x00, 0x00, 0x00, 0x00, 0x00, 0x00, 0x00, 0x00, 0x00, 0x00, 0x00,
  0x00, 0x00, 0x00, 0x00, 0x00, 0x00, 0x00, 0x00, 0x00, 0x00, 0x00, 0x00,
  0x00, 0x00, 0x00, 0x00, 0x00, 0x00, 0x00, 0x00, 0x00, 0x00, 0x00, 0x00,
  0x00, 0x00, 0x00, 0x00, 0x00, 0x00, 0x00, 0x00, 0x00, 0x00, 0x00, 0x00,
  0x00, 0x00, 0x00, 0x00, 0x00, 0x00, 0x00, 0x00, 0x00, 0x00, 0x00, 0x00,
  0x00, 0x00, 0x00, 0x00, 0x00, 0x00, 0x00, 0x00, 0x00, 0x00, 0x00, 0x00,
  0x00, 0x00, 0x00, 0x00, 0x00, 0x00, 0x00, 0x00, 0x00, 0x00, 0x00, 0x00,
  0x00, 0x00, 0x00, 0x00, 0x00, 0x00, 0x00, 0x00, 0x00, 0x00, 0x00, 0x00,
  0x00, 0x00, 0x00, 0x00, 0x00, 0x00, 0x00, 0x00, 0x00, 0x00, 0x00, 0x00,
  0x00, 0x00, 0x00, 0x00, 0x00, 0x00, 0x00, 0x00, 0x00, 0x00, 0x00, 0x00,
  0x00, 0x00, 0x00, 0x00, 0x00, 0x00, 0x00, 0x00, 0x00, 0x00, 0x00, 0x00,
  0x00, 0x00, 0x00, 0x00, 0x00, 0x00, 0x00, 0x00, 0x00, 0x00, 0x00, 0x00,
  0x00, 0x00, 0x00, 0x00, 0x00, 0x00, 0x00, 0x00, 0x00, 0x00, 0x00, 0x00,
  0x00, 0x00, 0x00, 0x00, 0x00, 0x00, 0x00, 0x00, 0x00, 0x00, 0x00, 0x00,
  0x00, 0x00, 0x00, 0x00, 0x00, 0x00, 0x00, 0x00, 0x00, 0x00, 0x00, 0x00,
  0x00, 0x00, 0x00, 0x00, 0x00, 0x00, 0x00, 0x00, 0x00, 0x00, 0x00, 0x00,
  0x00, 0x00, 0x00, 0x00, 0x00, 0x00, 0x00, 0x00, 0x00, 0x00, 0x00, 0x59,
  0x00, 0x00, 0xf7, 0x00, 0x00, 0xff, 0x00, 0x00, 0xff, 0x00, 0x00, 0xb8,
  0x00, 0x00, 0x0e, 0x00, 0x00, 0x00, 0x00, 0x00, 0x04, 0x00, 0x00, 0xa0,
  0x00, 0x00, 0xff, 0x00, 0x00, 0xff, 0x00, 0x00, 0xfd, 0x00, 0x00, 0x74,
  0x00, 0x00, 0x00, 0x00, 0x00, 0x00, 0x00, 0x00, 0x00, 0x00, 0x00, 0x00,
  0x00, 0x00, 0x00, 0x00, 0x00, 0x00, 0x00, 0x00, 0x00, 0x00, 0x00, 0x00,
  0x00, 0x00, 0x00, 0x00, 0x00, 0x00, 0x00, 0x00, 0x00, 0x00, 0x00, 0x00,
  0x00, 0x00, 0x00, 0x00, 0x00, 0x00, 0x00, 0x00, 0x00, 0x00, 0x00, 0x00,
  0x00, 0x00, 0x00, 0x00, 0x00, 0x00, 0x00, 0x00, 0x00, 0x00, 0x00, 0x00,
  0x00, 0x00, 0x00, 0x00, 0x00, 0x00, 0x00, 0x00, 0x00, 0x00, 0x00, 0x00,
  0x00, 0x00, 0x00, 0x00, 0x00, 0x00, 0x00, 0x00, 0x00, 0x00, 0x00, 0x00,
  0x00, 0x00, 0x00, 0x00, 0x00, 0x00, 0x00, 0x00, 0x00, 0x00, 0x00, 0x00,
  0x00, 0x00, 0x00, 0x00, 0x00, 0x00, 0x00, 0x00, 0x00, 0x00, 0x00, 0x00,
  0x00, 0x00, 0x00, 0x00, 0x00, 0x00, 0x00, 0x00, 0x00, 0x00, 0x00, 0x00,
  0x00, 0x00, 0x00, 0x00, 0x00, 0x00, 0x00, 0x00, 0x00, 0x00, 0x00, 0x00,
  0x00, 0x00, 0x00, 0x00, 0x00, 0x00, 0x00, 0x00, 0x00, 0x00, 0x00, 0x00,
  0x00, 0x00, 0x00, 0x00, 0x00, 0x00, 0x00, 0x00, 0x00, 0x00, 0x00, 0x00,
  0x00, 0x00, 0x00, 0x00, 0x00, 0x00, 0x00, 0x00, 0x00, 0x00, 0x00, 0x00,
  0x00, 0x00, 0x00, 0x00, 0x00, 0x00, 0x00, 0x00, 0x00, 0x00, 0x00, 0x00,
  0x00, 0x00, 0x00, 0x00, 0x00, 0x00, 0x00, 0x00, 0x00, 0x00, 0x00, 0x00,
  0x00, 0x00, 0x00, 0x00, 0x00, 0x00, 0x00, 0x00, 0x00, 0x00, 0x00, 0x00,
  0x00, 0x00, 0x00, 0x00, 0x00, 0x00, 0x00, 0x00, 0x00, 0x00, 0x00, 0x00,
  0x00, 0x00, 0x00, 0x00, 0x00, 0x00, 0x00, 0x00, 0x00, 0x00, 0x00, 0x00,
  0x00, 0x00, 0x00, 0x00, 0x00, 0x00, 0x00, 0x00, 0x00, 0x00, 0x00, 0x00,
  0x00, 0x00, 0x00, 0x00, 0x00, 0x00, 0x00, 0x00, 0x00, 0x00, 0x00, 0x00,
  0x00, 0x00, 0x00, 0x00, 0x00, 0x00, 0x00, 0x00, 0x00, 0x00, 0x00, 0x00,
  0x00, 0x00, 0x00, 0x00, 0x00, 0x00, 0x00, 0x00, 0x00, 0x00, 0x00, 0x00,
  0x00, 0x00, 0x00, 0x00, 0x00, 0x00, 0x00, 0x00, 0x00, 0x00, 0x00, 0x00,
  0x00, 0x00, 0x00, 0x00, 0x00, 0x00, 0x00, 0x00, 0x00, 0x00, 0x00, 0x00,
  0x00, 0x00, 0x00, 0x00, 0x00, 0x00, 0x00, 0x00, 0x00, 0x00, 0x00, 0x00,
  0x00, 0x00, 0x00, 0x00, 0x00, 0x00, 0x00, 0x00, 0x00, 0x00, 0x00, 0x00,
  0x00, 0x00, 0x00, 0x00, 0x00, 0x00, 0x00, 0x00, 0x00, 0x00, 0x00, 0x00,
  0x00, 0x00, 0x00, 0x00, 0x00, 0x00, 0x00, 0x00, 0x00, 0x00, 0x00, 0x00,
  0x00, 0x00, 0x00, 0x00, 0x00, 0x00, 0x00, 0x00, 0x1d, 0x00, 0x00, 0xcf,
  0x00, 0x00, 0xff, 0x00, 0x00, 0xff, 0x00, 0x00, 0xff, 0x00, 0x00, 0x82,
  0x00, 0x00, 0x00, 0x00, 0x00, 0x00, 0x00, 0x00, 0x00, 0x00, 0x00, 0x68,
  0x00, 0x00, 0xff, 0x00, 0x00, 0xff, 0x00, 0x00, 0xff, 0x00, 0x00, 0xe2,
  0x00, 0x00, 0x31, 0x00, 0x00, 0x00, 0x00, 0x00, 0x00, 0x00, 0x00, 0x00,
  0x00, 0x00, 0x00, 0x00, 0x00, 0x00, 0x00, 0x00, 0x00, 0x00, 0x00, 0x00,
  0x00, 0x00, 0x00, 0x00, 0x00, 0x00, 0x00, 0x00, 0x00, 0x00, 0x00, 0x00,
  0x00, 0x00, 0x00, 0x00, 0x00, 0x00, 0x00, 0x00, 0x00, 0x00, 0x00, 0x00,
  0x00, 0x00, 0x00, 0x00, 0x00, 0x00, 0x00, 0x00, 0x00, 0x00, 0x00, 0x00,
  0x00, 0x00, 0x00, 0x00, 0x00, 0x00, 0x00, 0x00, 0x00, 0x00, 0x00, 0x00,
  0x00, 0x00, 0x00, 0x00, 0x00, 0x00, 0x00, 0x00, 0x00, 0x00, 0x00, 0x00,
  0x00, 0x00, 0x00, 0x00, 0x00, 0x00, 0x00, 0x00, 0x00, 0x00, 0x00, 0x00,
  0x00, 0x00, 0x00, 0x00, 0x00, 0x00, 0x00, 0x00, 0x00, 0x00, 0x00, 0x00,
  0x00, 0x00, 0x00, 0x00, 0x00, 0x00, 0x00, 0x00, 0x00, 0x00, 0x00, 0x00,
  0x00, 0x00, 0x00, 0x00, 0x00, 0x00, 0x00, 0x00, 0x00, 0x00, 0x00, 0x00,
  0x00, 0x00, 0x00, 0x00, 0x00, 0x00, 0x00, 0x00, 0x00, 0x00, 0x00, 0x00,
  0x00, 0x00, 0x00, 0x00, 0x00, 0x00, 0x00, 0x00, 0x00, 0x00, 0x00, 0x00,
  0x00, 0x00, 0x00, 0x00, 0x00, 0x00, 0x00, 0x00, 0x00, 0x00, 0x00, 0x00,
  0x00, 0x00, 0x00, 0x00, 0x00, 0x00, 0x00, 0x00, 0x00, 0x00, 0x00, 0x00,
  0x00, 0x00, 0x00, 0x00, 0x00, 0x00, 0x00, 0x00, 0x00, 0x00, 0x00, 0x00,
  0x00, 0x00, 0x00, 0x00, 0x00, 0x00, 0x00, 0x00, 0x00, 0x00, 0x00, 0x00,
  0x00, 0x00, 0x00, 0x00, 0x00, 0x00, 0x00, 0x00, 0x00, 0x00, 0x00, 0x00,
  0x00, 0x00, 0x00, 0x00, 0x00, 0x00, 0x00, 0x00, 0x00, 0x00, 0x00, 0x00,
  0x00, 0x00, 0x00, 0x00, 0x00, 0x00, 0x00, 0x00, 0x00, 0x00, 0x00, 0x00,
  0x00, 0x00, 0x00, 0x00, 0x00, 0x00, 0x00, 0x00, 0x00, 0x00, 0x00, 0x00,
  0x00, 0x00, 0x00, 0x00, 0x00, 0x00, 0x00, 0x00, 0x00, 0x00, 0x00, 0x00,
  0x00, 0x00, 0x00, 0x00, 0x00, 0x00, 0x00, 0x00, 0x00, 0x00, 0x00, 0x00,
  0x00, 0x00, 0x00, 0x00, 0x00, 0x00, 0x00, 0x00, 0x00, 0x00, 0x00, 0x00,
  0x00, 0x00, 0x00, 0x00, 0x00, 0x00, 0x00, 0x00, 0x00, 0x00, 0x00, 0x00,
  0x00, 0x00, 0x00, 0x00, 0x00, 0x00, 0x00, 0x00, 0x00, 0x00, 0x00, 0x00,
  0x00, 0x00, 0x00, 0x00, 0x00, 0x00, 0x00, 0x00, 0x00, 0x00, 0x00, 0x00,
  0x00, 0x00, 0x00, 0x00, 0x00, 0x00, 0x00, 0x00, 0x00, 0x00, 0x00, 0x00,
  0x00, 0x00, 0x00, 0x00, 0x00, 0x00, 0x00, 0x00, 0x00, 0x00, 0x00, 0x00,
  0x00, 0x00, 0x00, 0x00, 0x00, 0x02, 0x00, 0x00, 0x8b, 0x00, 0x00, 0xff,
  0x00, 0x00, 0xff, 0x00, 0x00, 0xff, 0x00, 0x00, 0xff, 0x00, 0x00, 0x80,
  0x00, 0x00, 0x00, 0x00, 0x00, 0x00, 0x00, 0x00, 0x00, 0x00, 0x00, 0x66,
  0x00, 0x00, 0xff, 0x00, 0x00, 0xff, 0x00, 0x00, 0xff, 0x00, 0x00, 0xff,
  0x00, 0x00, 0xa8, 0x00, 0x00, 0x09, 0x00, 0x00, 0x00, 0x00, 0x00, 0x00,
  0x00, 0x00, 0x00, 0x00, 0x00, 0x00, 0x00, 0x00, 0x00, 0x00, 0x00, 0x00,
  0x00, 0x00, 0x00, 0x00, 0x00, 0x00, 0x00, 0x00, 0x00, 0x00, 0x00, 0x00,
  0x00, 0x00, 0x00, 0x00, 0x00, 0x00, 0x00, 0x00, 0x00, 0x00, 0x00, 0x00,
  0x00, 0x00, 0x00, 0x00, 0x00, 0x00, 0x00, 0x00, 0x00, 0x00, 0x00, 0x00,
  0x00, 0x00, 0x00, 0x00, 0x00, 0x00, 0x00, 0x00, 0x00, 0x00, 0x00, 0x00,
  0x00, 0x00, 0x00, 0x00, 0x00, 0x00, 0x00, 0x00, 0x00, 0x00, 0x00, 0x00,
  0x00, 0x00, 0x00, 0x00, 0x00, 0x00, 0x00, 0x00, 0x00, 0x00, 0x00, 0x00,
  0x00, 0x00, 0x00, 0x00, 0x00, 0x00, 0x00, 0x00, 0x00, 0x00, 0x00, 0x00,
  0x00, 0x00, 0x00, 0x00, 0x00, 0x00, 0x00, 0x00, 0x00, 0x00, 0x00, 0x00,
  0x00, 0x00, 0x00, 0x00, 0x00, 0x00, 0x00, 0x00, 0x00, 0x00, 0x00, 0x00,
  0x00, 0x00, 0x00, 0x00, 0x00, 0x00, 0x00, 0x00, 0x00, 0x00, 0x00, 0x00,
  0x00, 0x00, 0x00, 0x00, 0x00, 0x00, 0x00, 0x00, 0x00, 0x00, 0x00, 0x00,
  0x00, 0x00, 0x00, 0x00, 0x00, 0x00, 0x00, 0x00, 0x00, 0x00, 0x00, 0x00,
  0x00, 0x00, 0x00, 0x00, 0x00, 0x00, 0x00, 0x00, 0x00, 0x00, 0x00, 0x00,
  0x00, 0x00, 0x00, 0x00, 0x00, 0x00, 0x00, 0x00, 0x00, 0x00, 0x00, 0x00,
  0x00, 0x00, 0x00, 0x00, 0x00, 0x00, 0x00, 0x00, 0x00, 0x00, 0x00, 0x00,
  0x00, 0x00, 0x00, 0x00, 0x00, 0x00, 0x00, 0x00, 0x00, 0x00, 0x00, 0x00,
  0x00, 0x00, 0x00, 0x00, 0x00, 0x00, 0x00, 0x00, 0x00, 0x00, 0x00, 0x00,
  0x00, 0x00, 0x00, 0x00, 0x00, 0x00, 0x00, 0x00, 0x00, 0x00, 0x00, 0x00,
  0x00, 0x00, 0x00, 0x00, 0x00, 0x00, 0x00, 0x00, 0x00, 0x00, 0x00, 0x00,
  0x00, 0x00, 0x00, 0x00, 0x00, 0x00, 0x00, 0x00, 0x00, 0x00, 0x00, 0x00,
  0x00, 0x00, 0x00, 0x00, 0x00, 0x00, 0x00, 0x00, 0x00, 0x00, 0x00, 0x00,
  0x00, 0x00, 0x00, 0x00, 0x00, 0x00, 0x00, 0x00, 0x00, 0x00, 0x00, 0x00,
  0x00, 0x00, 0x00, 0x00, 0x00, 0x00, 0x00, 0x00, 0x00, 0x00, 0x00, 0x00,
  0x00, 0x00, 0x00, 0x00, 0x00, 0x00, 0x00, 0x00, 0x00, 0x00, 0x00, 0x00,
  0x00, 0x00, 0x00, 0x00, 0x00, 0x00, 0x00, 0x00, 0x00, 0x00, 0x00, 0x00,
  0x00, 0x00, 0x00, 0x00, 0x00, 0x00, 0x00, 0x00, 0x00, 0x00, 0x00, 0x00,
  0x00, 0x00, 0x00, 0x00, 0x00, 0x00, 0x00, 0x00, 0x00, 0x00, 0x00, 0x00,
  0x00, 0x00, 0x00, 0x00, 0x00, 0x42, 0x00, 0x00, 0xed, 0x00, 0x00, 0xff,
  0x00, 0x00, 0xff, 0x00, 0x00, 0xff, 0x00, 0x00, 0xff, 0x00, 0x00, 0x80,
  0x00, 0x00, 0x00, 0x00, 0x00, 0x00, 0x00, 0x00, 0x00, 0x00, 0x00, 0x66,
  0x00, 0x00, 0xff, 0x00, 0x00, 0xff, 0x00, 0x00, 0xff, 0x00, 0x00, 0xff,
  0x00, 0x00, 0xf8, 0x00, 0x00, 0x5e, 0x00, 0x00, 0x00, 0x00, 0x00, 0x00,
  0x00, 0x00, 0x00, 0x00, 0x00, 0x00, 0x00, 0x00, 0x00, 0x00, 0x00, 0x00,
  0x00, 0x00, 0x00, 0x00, 0x00, 0x00, 0x00, 0x00, 0x00, 0x00, 0x00, 0x00,
  0x00, 0x00, 0x00, 0x00, 0x00, 0x00, 0x00, 0x00, 0x00, 0x00, 0x00, 0x00,
  0x00, 0x00, 0x00, 0x00, 0x00, 0x00, 0x00, 0x00, 0x00, 0x00, 0x00, 0x00,
  0x00, 0x00, 0x00, 0x00, 0x00, 0x00, 0x00, 0x00, 0x00, 0x00, 0x00, 0x00,
  0x00, 0x00, 0x00, 0x00, 0x00, 0x00, 0x00, 0x00, 0x00, 0x00, 0x00, 0x00,
  0x00, 0x00, 0x00, 0x00, 0x00, 0x00, 0x00, 0x00, 0x00, 0x00, 0x00, 0x00,
  0x00, 0x00, 0x00, 0x00, 0x00, 0x00, 0x00, 0x00, 0x00, 0x00, 0x00, 0x00,
  0x00, 0x00, 0x00, 0x00, 0x00, 0x00, 0x00, 0x00, 0x00, 0x00, 0x00, 0x00,
  0x00, 0x00, 0x00, 0x00, 0x00, 0x00, 0x00, 0x00, 0x00, 0x00, 0x00, 0x00,
  0x00, 0x00, 0x00, 0x00, 0x00, 0x00, 0x00, 0x00, 0x00, 0x00, 0x00, 0x00,
  0x00, 0x00, 0x00, 0x00, 0x00, 0x00, 0x00, 0x00, 0x00, 0x00, 0x00, 0x00,
  0x00, 0x00, 0x00, 0x00, 0x00, 0x00, 0x00, 0x00, 0x00, 0x00, 0x00, 0x00,
  0x00, 0x00, 0x00, 0x00, 0x00, 0x00, 0x00, 0x00, 0x00, 0x00, 0x00, 0x00,
  0x00, 0x00, 0x00, 0x00, 0x00, 0x00, 0x00, 0x00, 0x00, 0x00, 0x00, 0x00,
  0x00, 0x00, 0x00, 0x00, 0x00, 0x00, 0x00, 0x00, 0x00, 0x00, 0x00, 0x00,
  0x00, 0x00, 0x00, 0x00, 0x00, 0x00, 0x00, 0x00, 0x00, 0x00, 0x00, 0x00,
  0x00, 0x00, 0x00, 0x00, 0x00, 0x00, 0x00, 0x00, 0x00, 0x00, 0x00, 0x00,
  0x00, 0x00, 0x00, 0x00, 0x00, 0x00, 0x00, 0x00, 0x00, 0x00, 0x00, 0x00,
  0x00, 0x00, 0x00, 0x00, 0x00, 0x00, 0x00, 0x00, 0x00, 0x00, 0x00, 0x00,
  0x00, 0x00, 0x00, 0x00, 0x00, 0x00, 0x00, 0x00, 0x00, 0x00, 0x00, 0x00,
  0x00, 0x00, 0x00, 0x00, 0x00, 0x00, 0x00, 0x00, 0x00, 0x00, 0x00, 0x00,
  0x00, 0x00, 0x00, 0x00, 0x00, 0x00, 0x00, 0x00, 0x00, 0x00, 0x00, 0x00,
  0x00, 0x00, 0x00, 0x00, 0x00, 0x00, 0x00, 0x00, 0x00, 0x00, 0x00, 0x00,
  0x00, 0x00, 0x00, 0x00, 0x00, 0x00, 0x00, 0x00, 0x00, 0x00, 0x00, 0x00,
  0x00, 0x00, 0x00, 0x00, 0x00, 0x00, 0x00, 0x00, 0x00, 0x00, 0x00, 0x00,
  0x00, 0x00, 0x00, 0x00, 0x00, 0x00, 0x00, 0x00, 0x00, 0x00, 0x00, 0x00,
  0x00, 0x00, 0x00, 0x00, 0x00, 0x00, 0x00, 0x00, 0x00, 0x00, 0x00, 0x00,
  0x00, 0x00, 0x11, 0x00, 0x00, 0xbb, 0x00, 0x00, 0xff, 0x00, 0x00, 0xff,
  0x00, 0x00, 0xfd, 0x00, 0x00, 0xea, 0x00, 0x00, 0xff, 0x00, 0x00, 0x7f,
  0x00, 0x00, 0x00, 0x00, 0x00, 0x00, 0x00, 0x00, 0x00, 0x00, 0x00, 0x66,
  0x00, 0x00, 0xff, 0x00, 0x00, 0xec, 0x00, 0x00, 0xfb, 0x00, 0x00, 0xff,
  0x00, 0x00, 0xff, 0x00, 0x00, 0xd4, 0x00, 0x00, 0x21, 0x00, 0x00, 0x00,
  0x00, 0x00, 0x00, 0x00, 0x00, 0x00, 0x00, 0x00, 0x00, 0x00, 0x00, 0x00,
  0x00, 0x00, 0x00, 0x00, 0x00, 0x00, 0x00, 0x00, 0x00, 0x00, 0x00, 0x00,
  0x00, 0x00, 0x00, 0x00, 0x00, 0x00, 0x00, 0x00, 0x00, 0x00, 0x00, 0x00,
  0x00, 0x00, 0x00, 0x00, 0x00, 0x00, 0x00, 0x00, 0x00, 0x00, 0x00, 0x00,
  0x00, 0x00, 0x00, 0x00, 0x00, 0x00, 0x00, 0x00, 0x00, 0x00, 0x00, 0x00,
  0x00, 0x00, 0x00, 0x00, 0x00, 0x00, 0x00, 0x00, 0x00, 0x00, 0x00, 0x00,
  0x00, 0x00, 0x00, 0x00, 0x00, 0x00, 0x00, 0x00, 0x00, 0x00, 0x00, 0x00,
  0x00, 0x00, 0x00, 0x00, 0x00, 0x00, 0x00, 0x00, 0x00, 0x00, 0x00, 0x00,
  0x00, 0x00, 0x00, 0x00, 0x00, 0x00, 0x00, 0x00, 0x00, 0x00, 0x00, 0x00,
  0x00, 0x00, 0x00, 0x00, 0x00, 0x00, 0x00, 0x00, 0x00, 0x00, 0x00, 0x00,
  0x00, 0x00, 0x00, 0x00, 0x00, 0x00, 0x00, 0x00, 0x00, 0x00, 0x00, 0x00,
  0x00, 0x00, 0x00, 0x00, 0x00, 0x00, 0x00, 0x00, 0x00, 0x00, 0x00, 0x00,
  0x00, 0x00, 0x00, 0x00, 0x00, 0x00, 0x00, 0x00, 0x00, 0x00, 0x00, 0x00,
  0x00, 0x00, 0x00, 0x00, 0x00, 0x00, 0x00, 0x00, 0x00, 0x00, 0x00, 0x00,
  0x00, 0x00, 0x00, 0x00, 0x00, 0x00, 0x00, 0x00, 0x00, 0x00, 0x00, 0x00,
  0x00, 0x00, 0x00, 0x00, 0x00, 0x00, 0x00, 0x00, 0x00, 0x00, 0x00, 0x00,
  0x00, 0x00, 0x00, 0x00, 0x00, 0x00, 0x00, 0x00, 0x00, 0x00, 0x00, 0x00,
  0x00, 0x00, 0x00, 0x00, 0x00, 0x00, 0x00, 0x00, 0x00, 0x00, 0x00, 0x00,
  0x00, 0x00, 0x00, 0x00, 0x00, 0x00, 0x00, 0x00, 0x00, 0x00, 0x00, 0x00,
  0x00, 0x00, 0x00, 0x00, 0x00, 0x00, 0x00, 0x00, 0x00, 0x00, 0x00, 0x00,
  0x00, 0x00, 0x00, 0x00, 0x00, 0x00, 0x00, 0x00, 0x00, 0x00, 0x00, 0x00,
  0x00, 0x00, 0x00, 0x00, 0x00, 0x00, 0x00, 0x00, 0x00, 0x00, 0x00, 0x00,
  0x00, 0x00, 0x00, 0x00, 0x00, 0x00, 0x00, 0x00, 0x00, 0x00, 0x00, 0x00,
  0x00, 0x00, 0x00, 0x00, 0x00, 0x00, 0x00, 0x00, 0x00, 0x00, 0x00, 0x00,
  0x00, 0x00, 0x00, 0x00, 0x00, 0x00, 0x00, 0x00, 0x00, 0x00, 0x00, 0x00,
  0x00, 0x00, 0x00, 0x00, 0x00, 0x00, 0x00, 0x00, 0x00, 0x00, 0x00, 0x00,
  0x00, 0x00, 0x00, 0x00, 0x00, 0x00, 0x00, 0x00, 0x00, 0x00, 0x00, 0x00,
  0x00, 0x00, 0x00, 0x00, 0x00, 0x00, 0x00, 0x00, 0x00, 0x00, 0x00, 0x00,
  0x00, 0x00, 0x71, 0x00, 0x00, 0xfd, 0x00, 0x00, 0xff, 0x00, 0x00, 0xff,
  0x00, 0x00, 0xc5, 0x00, 0x00, 0x8e, 0x00, 0x00, 0xff, 0x00, 0x00, 0x7f,
  0x00, 0x00, 0x00, 0x00, 0x00, 0x00, 0x00, 0x00, 0x00, 0x00, 0x00, 0x65,
  0x00, 0x00, 0xff, 0x00, 0x00, 0x9d, 0x00, 0x00, 0xb5, 0x00, 0x00, 0xff,
  0x00, 0x00, 0xff, 0x00, 0x00, 0xff, 0x00, 0x00, 0x92, 0x00, 0x00, 0x03,
  0x00, 0x00, 0x00, 0x00, 0x00, 0x00, 0x00, 0x00, 0x00, 0x00, 0x00, 0x00,
  0x00, 0x00, 0x00, 0x00, 0x00, 0x00, 0x00, 0x00, 0x00, 0x00, 0x00, 0x00,
  0x00, 0x00, 0x00, 0x00, 0x00, 0x00, 0x00, 0x00, 0x00, 0x00, 0x00, 0x00,
  0x00, 0x00, 0x00, 0x00, 0x00, 0x00, 0x00, 0x00, 0x00, 0x00, 0x00, 0x00,
  0x00, 0x00, 0x00, 0x00, 0x00, 0x00, 0x00, 0x00, 0x00, 0x00, 0x00, 0x00,
  0x00, 0x00, 0x00, 0x00, 0x00, 0x00, 0x00, 0x00, 0x00, 0x00, 0x00, 0x00,
  0x00, 0x00, 0x00, 0x00, 0x00, 0x00, 0x00, 0x00, 0x00, 0x00, 0x00, 0x00,
  0x00, 0x00, 0x00, 0x00, 0x00, 0x00, 0x00, 0x00, 0x00, 0x00, 0x00, 0x00,
  0x00, 0x00, 0x00, 0x00, 0x00, 0x00, 0x00, 0x00, 0x00, 0x00, 0x00, 0x00,
  0x00, 0x00, 0x00, 0x00, 0x00, 0x00, 0x00, 0x00, 0x00, 0x00, 0x00, 0x00,
  0x00, 0x00, 0x00, 0x00, 0x00, 0x00, 0x00, 0x00, 0x00, 0x00, 0x00, 0x00,
  0x00, 0x00, 0x00, 0x00, 0x00, 0x00, 0x00, 0x00, 0x00, 0x00, 0x00, 0x00,
  0x00, 0x00, 0x00, 0x00, 0x00, 0x00, 0x00, 0x00, 0x00, 0x00, 0x00, 0x00,
  0x00, 0x00, 0x00, 0x00, 0x00, 0x00, 0x00, 0x00, 0x00, 0x00, 0x00, 0x00,
  0x00, 0x00, 0x00, 0x00, 0x00, 0x00, 0x00, 0x00, 0x00, 0x00, 0x00, 0x00,
  0x00, 0x00, 0x00, 0x00, 0x00, 0x00, 0x00, 0x00, 0x00, 0x00, 0x00, 0x00,
  0x00, 0x00, 0x00, 0x00, 0x00, 0x00, 0x00, 0x00, 0x00, 0x00, 0x00, 0x00,
  0x00, 0x00, 0x00, 0x00, 0x00, 0x00, 0x00, 0x00, 0x00, 0x00, 0x00, 0x00,
  0x00, 0x00, 0x00, 0x00, 0x00, 0x00, 0x00, 0x00, 0x00, 0x00, 0x00, 0x00,
  0x00, 0x00, 0x00, 0x00, 0x00, 0x00, 0x00, 0x00, 0x00, 0x00, 0x00, 0x00,
  0x00, 0x00, 0x00, 0x00, 0x00, 0x00, 0x00, 0x00, 0x00, 0x00, 0x00, 0x00,
  0x00, 0x00, 0x00, 0x00, 0x00, 0x00, 0x00, 0x00, 0x00, 0x00, 0x00, 0x00,
  0x00, 0x00, 0x00, 0x00, 0x00, 0x00, 0x00, 0x00, 0x00, 0x00, 0x00, 0x00,
  0x00, 0x00, 0x00, 0x00, 0x00, 0x00, 0x00, 0x00, 0x00, 0x00, 0x00, 0x00,
  0x00, 0x00, 0x00, 0x00, 0x00, 0x00, 0x00, 0x00, 0x00, 0x00, 0x00, 0x00,
  0x00, 0x00, 0x00, 0x00, 0x00, 0x00, 0x00, 0x00, 0x00, 0x00, 0x00, 0x00,
  0x00, 0x00, 0x00, 0x00, 0x00, 0x00, 0x00, 0x00, 0x00, 0x00, 0x00, 0x00,
  0x00, 0x00, 0x00, 0x00, 0x00, 0x00, 0x00, 0x00, 0x00, 0x00, 0x00, 0x2e,
  0x00, 0x00, 0xe0, 0x00, 0x00, 0xff, 0x00, 0x00, 0xff, 0x00, 0x00, 0xee,
  0x00, 0x00, 0x43, 0x00, 0x00, 0x6e, 0x00, 0x00, 0xff, 0x00, 0x00, 0x7e,
  0x00, 0x00, 0x00, 0x00, 0x00, 0x00, 0x00, 0x00, 0x00, 0x00, 0x00, 0x65,
  0x00, 0x00, 0xff, 0x00, 0x00, 0x88, 0x00, 0x00, 0x33, 0x00, 0x00, 0xe3,
  0x00, 0x00, 0xff, 0x00, 0x00, 0xff, 0x00, 0x00, 0xf1, 0x00, 0x00, 0x49,
  0x00, 0x00, 0x00, 0x00, 0x00, 0x00, 0x00, 0x00, 0x00, 0x00, 0x00, 0x00,
  0x00, 0x00, 0x00, 0x00, 0x00, 0x00, 0x00, 0x00, 0x00, 0x00, 0x00, 0x00,
  0x00, 0x00, 0x00, 0x00, 0x00, 0x00, 0x00, 0x00, 0x00, 0x00, 0x00, 0x00,
  0x00, 0x00, 0x00, 0x00, 0x00, 0x00, 0x00, 0x00, 0x00, 0x00, 0x00, 0x00,
  0x00, 0x00, 0x00, 0x00, 0x00, 0x00, 0x00, 0x00, 0x00, 0x00, 0x00, 0x00,
  0x00, 0x00, 0x00, 0x00, 0x00, 0x00, 0x00, 0x00, 0x00, 0x00, 0x00, 0x00,
  0x00, 0x00, 0x00, 0x00, 0x00, 0x00, 0x00, 0x00, 0x00, 0x00, 0x00, 0x00,
  0x00, 0x00, 0x00, 0x00, 0x00, 0x00, 0x00, 0x00, 0x00, 0x00, 0x00, 0x00,
  0x00, 0x00, 0x00, 0x00, 0x00, 0x00, 0x00, 0x00, 0x00, 0x00, 0x00, 0x00,
  0x00, 0x00, 0x00, 0x00, 0x00, 0x00, 0x00, 0x00, 0x00, 0x00, 0x00, 0x00,
  0x00, 0x00, 0x00, 0x00, 0x00, 0x00, 0x00, 0x00, 0x00, 0x00, 0x00, 0x00,
  0x00, 0x00, 0x00, 0x00, 0x00, 0x00, 0x00, 0x00, 0x00, 0x00, 0x00, 0x00,
  0x00, 0x00, 0x00, 0x00, 0x00, 0x00, 0x00, 0x00, 0x00, 0x00, 0x00, 0x00,
  0x00, 0x00, 0x00, 0x00, 0x00, 0x00, 0x00, 0x00, 0x00, 0x00, 0x00, 0x00,
  0x00, 0x00, 0x00, 0x00, 0x00, 0x00, 0x00, 0x00, 0x00, 0x00, 0x00, 0x00,
  0x00, 0x00, 0x00, 0x00, 0x00, 0x00, 0x00, 0x00, 0x00, 0x00, 0x00, 0x00,
  0x00, 0x00, 0x00, 0x00, 0x00, 0x00, 0x00, 0x00, 0x00, 0x00, 0x00, 0x00,
  0x00, 0x00, 0x00, 0x00, 0x00, 0x00, 0x00, 0x00, 0x00, 0x00, 0x00, 0x00,
  0x00, 0x00, 0x00, 0x00, 0x00, 0x00, 0x00, 0x00, 0x00, 0x00, 0x00, 0x00,
  0x00, 0x00, 0x00, 0x00, 0x00, 0x00, 0x00, 0x00, 0x00, 0x00, 0x00, 0x00,
  0x00, 0x00, 0x00, 0x00, 0x00, 0x00, 0x00, 0x00, 0x00, 0x00, 0x00, 0x00,
  0x00, 0x00, 0x00, 0x00, 0x00, 0x00, 0x00, 0x00, 0x00, 0x00, 0x00, 0x00,
  0x00, 0x00, 0x00, 0x00, 0x00, 0x00, 0x00, 0x00, 0x00, 0x00, 0x00, 0x00,
  0x00, 0x00, 0x00, 0x00, 0x00, 0x00, 0x00, 0x00, 0x00, 0x00, 0x00, 0x00,
  0x00, 0x00, 0x00, 0x00, 0x00, 0x00, 0x00, 0x00, 0x00, 0x00, 0x00, 0x00,
  0x00, 0x00, 0x00, 0x00, 0x00, 0x00, 0x00, 0x00, 0x00, 0x00, 0x00, 0x00,
  0x00, 0x00, 0x00, 0x00, 0x00, 0x00, 0x00, 0x00, 0x00, 0x00, 0x00, 0x00,
  0x00, 0x00, 0x00, 0x00, 0x00, 0x00, 0x00, 0x00, 0x07, 0x00, 0x00, 0xa3,
  0x00, 0x00, 0xff, 0x00, 0x00, 0xff, 0x00, 0x00, 0xff, 0x00, 0x00, 0x81,
  0x00, 0x00, 0x00, 0x00, 0x00, 0x71, 0x00, 0x00, 0xff, 0x00, 0x00, 0x7e,
  0x00, 0x00, 0x00, 0x00, 0x00, 0x00, 0x00, 0x00, 0x00, 0x00, 0x00, 0x64,
  0x00, 0x00, 0xff, 0x00, 0x00, 0x8b, 0x00, 0x00, 0x00, 0x00, 0x00, 0x6b,
  0x00, 0x00, 0xfa, 0x00, 0x00, 0xff, 0x00, 0x00, 0xff, 0x00, 0x00, 0xc3,
  0x00, 0x00, 0x15, 0x00, 0x00, 0x00, 0x00, 0x00, 0x00, 0x00, 0x00, 0x00,
  0x00, 0x00, 0x00, 0x00, 0x00, 0x00, 0x00, 0x00, 0x00, 0x00, 0x00, 0x00,
  0x00, 0x00, 0x00, 0x00, 0x00, 0x00, 0x00, 0x00, 0x00, 0x00, 0x00, 0x00,
  0x00, 0x00, 0x00, 0x00, 0x00, 0x00, 0x00, 0x00, 0x00, 0x00, 0x00, 0x00,
  0x00, 0x00, 0x00, 0x00, 0x00, 0x00, 0x00, 0x00, 0x00, 0x00, 0x00, 0x00,
  0x00, 0x00, 0x00, 0x00, 0x00, 0x00, 0x00, 0x00, 0x00, 0x00, 0x00, 0x00,
  0x00, 0x00, 0x00, 0x00, 0x00, 0x00, 0x00, 0x00, 0x00, 0x00, 0x00, 0x00,
  0x00, 0x00, 0x00, 0x00, 0x00, 0x00, 0x00, 0x00, 0x00, 0x00, 0x00, 0x00,
  0x00, 0x00, 0x00, 0x00, 0x00, 0x00, 0x00, 0x00, 0x00, 0x00, 0x00, 0x00,
  0x00, 0x00, 0x00, 0x00, 0x00, 0x00, 0x00, 0x00, 0x00, 0x00, 0x00, 0x00,
  0x00, 0x00, 0x00, 0x00, 0x00, 0x00, 0x00, 0x00, 0x00, 0x00, 0x00, 0x00,
  0x00, 0x00, 0x00, 0x00, 0x00, 0x00, 0x00, 0x00, 0x00, 0x00, 0x00, 0x00,
  0x00, 0x00, 0x00, 0x00, 0x00, 0x00, 0x00, 0x00, 0x00, 0x00, 0x00, 0x00,
  0x00, 0x00, 0x00, 0x00, 0x00, 0x00, 0x00, 0x00, 0x00, 0x00, 0x00, 0x00,
  0x00, 0x00, 0x00, 0x00, 0x00, 0x00, 0x00, 0x00, 0x00, 0x00, 0x00, 0x00,
  0x00, 0x00, 0x00, 0x00, 0x00, 0x00, 0x00, 0x00, 0x00, 0x00, 0x00, 0x00,
  0x00, 0x00, 0x00, 0x00, 0x00, 0x00, 0x00, 0x00, 0x00, 0x00, 0x00, 0x00,
  0x00, 0x00, 0x00, 0x00, 0x00, 0x00, 0x00, 0x00, 0x00, 0x00, 0x00, 0x00,
  0x00, 0x00, 0x00, 0x00, 0x00, 0x00, 0x00, 0x00, 0x00, 0x00, 0x00, 0x00,
  0x00, 0x00, 0x00, 0x00, 0x00, 0x00, 0x00, 0x00, 0x00, 0x00, 0x00, 0x00,
  0x00, 0x00, 0x00, 0x00, 0x00, 0x00, 0x00, 0x00, 0x00, 0x00, 0x00, 0x00,
  0x00, 0x00, 0x00, 0x00, 0x00, 0x00, 0x00, 0x00, 0x00, 0x00, 0x00, 0x00,
  0x00, 0x00, 0x00, 0x00, 0x00, 0x00, 0x00, 0x00, 0x00, 0x00, 0x00, 0x00,
  0x00, 0x00, 0x00, 0x00, 0x00, 0x00, 0x00, 0x00, 0x00, 0x00, 0x00, 0x00,
  0x00, 0x00, 0x00, 0x00, 0x00, 0x00, 0x00, 0x00, 0x00, 0x00, 0x00, 0x00,
  0x00, 0x00, 0x00, 0x00, 0x00, 0x00, 0x00, 0x00, 0x00, 0x00, 0x00, 0x00,
  0x00, 0x00, 0x00, 0x00, 0x00, 0x00, 0x00, 0x00, 0x00, 0x00, 0x00, 0x00,
  0x00, 0x00, 0x00, 0x00, 0x00, 0x00, 0x00, 0x00, 0x58, 0x00, 0x00, 0xf7,
  0x00, 0x00, 0xff, 0x00, 0x00, 0xff, 0x00, 0x00, 0xba, 0x00, 0x00, 0x13,
  0x00, 0x00, 0x00, 0x00, 0x00, 0x71, 0x00, 0x00, 0xff, 0x00, 0x00, 0x7e,
  0x00, 0x00, 0x00, 0x00, 0x00, 0x00, 0x00, 0x00, 0x00, 0x00, 0x00, 0x64,
  0x00, 0x00, 0xff, 0x00, 0x00, 0x8b, 0x00, 0x00, 0x00, 0x00, 0x00, 0x0a,
  0x00, 0x00, 0xa6, 0x00, 0x00, 0xff, 0x00, 0x00, 0xff, 0x00, 0x00, 0xff,
  0x00, 0x00, 0x7c, 0x00, 0x00, 0x00, 0x00, 0x00, 0x00, 0x00, 0x00, 0x00,
  0x00, 0x00, 0x00, 0x00, 0x00, 0x00, 0x00, 0x00, 0x00, 0x00, 0x00, 0x00,
  0x00, 0x00, 0x00, 0x00, 0x00, 0x00, 0x00, 0x00, 0x00, 0x00, 0x00, 0x00,
  0x00, 0x00, 0x00, 0x00, 0x00, 0x00, 0x00, 0x00, 0x00, 0x00, 0x00, 0x00,
  0x00, 0x00, 0x00, 0x00, 0x00, 0x00, 0x00, 0x00, 0x00, 0x00, 0x00, 0x00,
  0x00, 0x00, 0x00, 0x00, 0x00, 0x00, 0x00, 0x00, 0x00, 0x00, 0x00, 0x00,
  0x00, 0x00, 0x00, 0x00, 0x00, 0x00, 0x00, 0x00, 0x00, 0x00, 0x00, 0x00,
  0x00, 0x00, 0x00, 0x00, 0x00, 0x00, 0x00, 0x00, 0x00, 0x00, 0x00, 0x00,
  0x00, 0x00, 0x00, 0x00, 0x00, 0x00, 0x00, 0x00, 0x00, 0x00, 0x00, 0x00,
  0x00, 0x00, 0x00, 0x00, 0x00, 0x00, 0x00, 0x00, 0x00, 0x00, 0x00, 0x00,
  0x00, 0x00, 0x00, 0x00, 0x00, 0x00, 0x00, 0x00, 0x00, 0x00, 0x00, 0x00,
  0x00, 0x00, 0x00, 0x00, 0x00, 0x00, 0x00, 0x00, 0x00, 0x00, 0x00, 0x00,
  0x00, 0x00, 0x00, 0x00, 0x00, 0x00, 0x00, 0x00, 0x00, 0x00, 0x00, 0x00,
  0x00, 0x00, 0x00, 0x00, 0x00, 0x00, 0x00, 0x00, 0x00, 0x00, 0x00, 0x00,
  0x00, 0x00, 0x00, 0x00, 0x00, 0x00, 0x00, 0x00, 0x00, 0x00, 0x00, 0x00,
  0x00, 0x00, 0x00, 0x00, 0x00, 0x00, 0x00, 0x00, 0x00, 0x00, 0x00, 0x00,
  0x00, 0x00, 0x00, 0x00, 0x00, 0x00, 0x00, 0x00, 0x00, 0x00, 0x00, 0x00,
  0x00, 0x00, 0x00, 0x00, 0x00, 0x00, 0x00, 0x00, 0x00, 0x00, 0x00, 0x00,
  0x00, 0x00, 0x00, 0x00, 0x00, 0x00, 0x00, 0x00, 0x00, 0x00, 0x00, 0x00,
  0x00, 0x00, 0x00, 0x00, 0x00, 0x00, 0x00, 0x00, 0x00, 0x00, 0x00, 0x00,
  0x00, 0x00, 0x00, 0x00, 0x00, 0x00, 0x00, 0x00, 0x00, 0x00, 0x00, 0x00,
  0x00, 0x00, 0x00, 0x00, 0x00, 0x00, 0x00, 0x00, 0x00, 0x00, 0x00, 0x00,
  0x00, 0x00, 0x00, 0x00, 0x00, 0x00, 0x00, 0x00, 0x00, 0x00, 0x00, 0x00,
  0x00, 0x00, 0x00, 0x00, 0x00, 0x00, 0x00, 0x00, 0x00, 0x00, 0x00, 0x00,
  0x00, 0x00, 0x00, 0x00, 0x00, 0x00, 0x00, 0x00, 0x00, 0x00, 0x00, 0x00,
  0x00, 0x00, 0x00, 0x00, 0x00, 0x00, 0x00, 0x00, 0x00, 0x00, 0x00, 0x00,
  0x00, 0x00, 0x00, 0x00, 0x00, 0x00, 0x00, 0x00, 0x00, 0x00, 0x00, 0x00,
  0x00, 0x00, 0x00, 0x00, 0x00, 0x1d, 0x00, 0x00, 0xcf, 0x00, 0x00, 0xff,
  0x00, 0x00, 0xff, 0x00, 0x00, 0xe4, 0x00, 0x00, 0x38, 0x00, 0x00, 0x00,
  0x00, 0x00, 0x00, 0x00, 0x00, 0x71, 0x00, 0x00, 0xff, 0x00, 0x00, 0x7d,
  0x00, 0x00, 0x00, 0x00, 0x00, 0x00, 0x00, 0x00, 0x00, 0x00, 0x00, 0x64,
  0x00, 0x00, 0xff, 0x00, 0x00, 0x8b, 0x00, 0x00, 0x00, 0x00, 0x00, 0x00,
  0x00, 0x00, 0x28, 0x00, 0x00, 0xd7, 0x00, 0x00, 0xff, 0x00, 0x00, 0xff,
  0x00, 0x00, 0xe6, 0x00, 0x00, 0x37, 0x00, 0x00, 0x00, 0x00, 0x00, 0x00,
  0x00, 0x00, 0x00, 0x00, 0x00, 0x00, 0x00, 0x00, 0x00, 0x00, 0x00, 0x00,
  0x00, 0x00, 0x00, 0x00, 0x00, 0x00, 0x00, 0x00, 0x00, 0x00, 0x00, 0x00,
  0x00, 0x00, 0x00, 0x00, 0x00, 0x00, 0x00, 0x00, 0x00, 0x00, 0x00, 0x00,
  0x00, 0x00, 0x00, 0x00, 0x00, 0x00, 0x00, 0x00, 0x00, 0x00, 0x00, 0x00,
  0x00, 0x00, 0x00, 0x00, 0x00, 0x00, 0x00, 0x00, 0x00, 0x00, 0x00, 0x00,
  0x00, 0x00, 0x00, 0x00, 0x00, 0x00, 0x00, 0x00, 0x00, 0x00, 0x00, 0x00,
  0x00, 0x00, 0x00, 0x00, 0x00, 0x00, 0x00, 0x00, 0x00, 0x00, 0x00, 0x00,
  0x00, 0x00, 0x00, 0x00, 0x00, 0x00, 0x00, 0x00, 0x00, 0x00, 0x00, 0x00,
  0x00, 0x00, 0x00, 0x00, 0x00, 0x00, 0x00, 0x00, 0x00, 0x00, 0x00, 0x00,
  0x00, 0x00, 0x00, 0x00, 0x00, 0x00, 0x00, 0x00, 0x00, 0x00, 0x00, 0x00,
  0x00, 0x00, 0x00, 0x00, 0x00, 0x00, 0x00, 0x00, 0x00, 0x00, 0x00, 0x00,
  0x00, 0x00, 0x00, 0x00, 0x00, 0x00, 0x00, 0x00, 0x00, 0x00, 0x00, 0x00,
  0x00, 0x00, 0x00, 0x00, 0x00, 0x00, 0x00, 0x00, 0x00, 0x00, 0x00, 0x00,
  0x00, 0x00, 0x00, 0x00, 0x00, 0x00, 0x00, 0x00, 0x00, 0x00, 0x00, 0x00,
  0x00, 0x00, 0x00, 0x00, 0x00, 0x00, 0x00, 0x00, 0x00, 0x00, 0x00, 0x00,
  0x00, 0x00, 0x00, 0x00, 0x00, 0x00, 0x00, 0x00, 0x00, 0x00, 0x00, 0x00,
  0x00, 0x00, 0x00, 0x00, 0x00, 0x00, 0x00, 0x00, 0x00, 0x00, 0x00, 0x00,
  0x00, 0x00, 0x00, 0x00, 0x00, 0x00, 0x00, 0x00, 0x00, 0x00, 0x00, 0x00,
  0x00, 0x00, 0x00, 0x00, 0x00, 0x00, 0x00, 0x00, 0x00, 0x00, 0x00, 0x00,
  0x00, 0x00, 0x00, 0x00, 0x00, 0x00, 0x00, 0x00, 0x00, 0x00, 0x00, 0x00,
  0x00, 0x00, 0x00, 0x00, 0x00, 0x00, 0x00, 0x00, 0x00, 0x00, 0x00, 0x00,
  0x00, 0x00, 0x00, 0x00, 0x00, 0x00, 0x00, 0x00, 0x00, 0x00, 0x00, 0x00,
  0x00, 0x00, 0x00, 0x00, 0x00, 0x00, 0x00, 0x00, 0x00, 0x00, 0x00, 0x00,
  0x00, 0x00, 0x00, 0x00, 0x00, 0x00, 0x00, 0x00, 0x00, 0x00, 0x00, 0x00,
  0x00, 0x00, 0x00, 0x00, 0x00, 0x00, 0x00, 0x00, 0x00, 0x00, 0x00, 0x00,
  0x00, 0x00, 0x00, 0x00, 0x00, 0x00, 0x00, 0x00, 0x00, 0x00, 0x00, 0x00,
  0x00, 0x00, 0x01, 0x00, 0x00, 0x8b, 0x00, 0x00, 0xff, 0x00, 0x00, 0xff,
  0x00, 0x00, 0xfb, 0x00, 0x00, 0x6e, 0x00, 0x00, 0x00, 0x00, 0x00, 0x00,
  0x00, 0x00, 0x00, 0x00, 0x00, 0x71, 0x00, 0x00, 0xff, 0x00, 0x00, 0x7c,
  0x00, 0x00, 0x01, 0x00, 0x00, 0x13, 0x00, 0x00, 0x02, 0x00, 0x00, 0x63,
  0x00, 0x00, 0xff, 0x00, 0x00, 0x8b, 0x00, 0x00, 0x00, 0x00, 0x00, 0x00,
  0x00, 0x00, 0x00, 0x00, 0x00, 0x59, 0x00, 0x00, 0xf5, 0x00, 0x00, 0xff,
  0x00, 0x00, 0xff, 0x00, 0x00, 0xb0, 0x00, 0x00, 0x0c, 0x00, 0x00, 0x00,
  0x00, 0x00, 0x00, 0x00, 0x00, 0x00, 0x00, 0x00, 0x00, 0x00, 0x00, 0x00,
  0x00, 0x00, 0x00, 0x00, 0x00, 0x00, 0x00, 0x00, 0x00, 0x00, 0x00, 0x00,
  0x00, 0x00, 0x00, 0x00, 0x00, 0x00, 0x00, 0x00, 0x00, 0x00, 0x00, 0x00,
  0x00, 0x00, 0x00, 0x00, 0x00, 0x00, 0x00, 0x00, 0x00, 0x00, 0x00, 0x00,
  0x00, 0x00, 0x00, 0x00, 0x00, 0x00, 0x00, 0x00, 0x00, 0x00, 0x00, 0x00,
  0x00, 0x00, 0x00, 0x00, 0x00, 0x00, 0x00, 0x00, 0x00, 0x00, 0x00, 0x00,
  0x00, 0x00, 0x00, 0x00, 0x00, 0x00, 0x00, 0x00, 0x00, 0x00, 0x00, 0x00,
  0x00, 0x00, 0x00, 0x00, 0x00, 0x00, 0x00, 0x00, 0x00, 0x00, 0x00, 0x00,
  0x00, 0x00, 0x00, 0x00, 0x00, 0x00, 0x00, 0x00, 0x00, 0x00, 0x00, 0x00,
  0x00, 0x00, 0x00, 0x00, 0x00, 0x00, 0x00, 0x00, 0x00, 0x00, 0x00, 0x00,
  0x00, 0x00, 0x00, 0x00, 0x00, 0x00, 0x00, 0x00, 0x00, 0x00, 0x00, 0x00,
  0x00, 0x00, 0x00, 0x00, 0x00, 0x00, 0x00, 0x00, 0x00, 0x00, 0x00, 0x00,
  0x00, 0x00, 0x00, 0x00, 0x00, 0x00, 0x00, 0x00, 0x00, 0x00, 0x00, 0x00,
  0x00, 0x00, 0x00, 0x00, 0x00, 0x00, 0x00, 0x00, 0x00, 0x00, 0x00, 0x00,
  0x00, 0x00, 0x00, 0x00, 0x00, 0x00, 0x00, 0x00, 0x00, 0x00, 0x00, 0x00,
  0x00, 0x00, 0x00, 0x00, 0x00, 0x00, 0x00, 0x00, 0x00, 0x00, 0x00, 0x00,
  0x00, 0x00, 0x00, 0x00, 0x00, 0x00, 0x00, 0x00, 0x00, 0x00, 0x00, 0x00,
  0x00, 0x00, 0x00, 0x00, 0x00, 0x00, 0x00, 0x00, 0x00, 0x00, 0x00, 0x00,
  0x00, 0x00, 0x00, 0x00, 0x00, 0x00, 0x00, 0x00, 0x00, 0x00, 0x00, 0x00,
  0x00, 0x00, 0x00, 0x00, 0x00, 0x00, 0x00, 0x00, 0x00, 0x00, 0x00, 0x00,
  0x00, 0x00, 0x00, 0x00, 0x00, 0x00, 0x00, 0x00, 0x00, 0x00, 0x00, 0x00,
  0x00, 0x00, 0x00, 0x00, 0x00, 0x00, 0x00, 0x00, 0x00, 0x00, 0x00, 0x00,
  0x00, 0x00, 0x00, 0x00, 0x00, 0x00, 0x00, 0x00, 0x00, 0x00, 0x00, 0x00,
  0x00, 0x00, 0x00, 0x00, 0x00, 0x00, 0x00, 0x00, 0x00, 0x00, 0x00, 0x00,
  0x00, 0x00, 0x00, 0x00, 0x00, 0x00, 0x00, 0x00, 0x00, 0x00, 0x00, 0x00,
  0x00, 0x00, 0x00, 0x00, 0x00, 0x00, 0x00, 0x00, 0x00, 0x00, 0x00, 0x00,
  0x00, 0x00, 0x42, 0x00, 0x00, 0xed, 0x00, 0x00, 0xff, 0x00, 0x00, 0xff,
  0x00, 0x00, 0xa9, 0x00, 0x00, 0x0b, 0x00, 0x00, 0x00, 0x00, 0x00, 0x00,
  0x00, 0x00, 0x00, 0x00, 0x00, 0x6f, 0x00, 0x00, 0xff, 0x00, 0x00, 0x79,
  0x00, 0x00, 0x53, 0x00, 0x00, 0xd5, 0x00, 0x00, 0x68, 0x00, 0x00, 0x61,
  0x00, 0x00, 0xff, 0x00, 0x00, 0x89, 0x00, 0x00, 0x00, 0x00, 0x00, 0x00,
  0x00, 0x00, 0x00, 0x00, 0x00, 0x05, 0x00, 0x00, 0x94, 0x00, 0x00, 0xff,
  0x00, 0x00, 0xff, 0x00, 0x00, 0xfa, 0x00, 0x00, 0x66, 0x00, 0x00, 0x00,
  0x00, 0x00, 0x00, 0x00, 0x00, 0x00, 0x00, 0x00, 0x00, 0x00, 0x00, 0x00,
  0x00, 0x00, 0x00, 0x00, 0x00, 0x00, 0x00, 0x00, 0x00, 0x00, 0x00, 0x00,
  0x00, 0x00, 0x00, 0x00, 0x00, 0x00, 0x00, 0x00, 0x00, 0x00, 0x00, 0x00,
  0x00, 0x00, 0x00, 0x00, 0x00, 0x00, 0x00, 0x00, 0x00, 0x00, 0x00, 0x00,
  0x00, 0x00, 0x00, 0x00, 0x00, 0x00, 0x00, 0x00, 0x00, 0x00, 0x00, 0x00,
  0x00, 0x00, 0x00, 0x00, 0x00, 0x00, 0x00, 0x00, 0x00, 0x00, 0x00, 0x00,
  0x00, 0x00, 0x00, 0x00, 0x00, 0x00, 0x00, 0x00, 0x00, 0x00, 0x00, 0x00,
  0x00, 0x00, 0x00, 0x00, 0x00, 0x00, 0x00, 0x00, 0x00, 0x00, 0x00, 0x00,
  0x00, 0x00, 0x00, 0x00, 0x00, 0x00, 0x00, 0x00, 0x00, 0x00, 0x00, 0x00,
  0x00, 0x00, 0x00, 0x00, 0x00, 0x00, 0x00, 0x00, 0x00, 0x00, 0x00, 0x00,
  0x00, 0x00, 0x00, 0x00, 0x00, 0x00, 0x00, 0x00, 0x00, 0x00, 0x00, 0x00,
  0x00, 0x00, 0x00, 0x00, 0x00, 0x00, 0x00, 0x00, 0x00, 0x00, 0x00, 0x00,
  0x00, 0x00, 0x00, 0x00, 0x00, 0x00, 0x00, 0x00, 0x00, 0x00, 0x00, 0x00,
  0x00, 0x00, 0x00, 0x00, 0x00, 0x00, 0x00, 0x00, 0x00, 0x00, 0x00, 0x00,
  0x00, 0x00, 0x00, 0x00, 0x00, 0x00, 0x00, 0x00, 0x00, 0x00, 0x00, 0x00,
  0x00, 0x00, 0x00, 0x00, 0x00, 0x00, 0x00, 0x00, 0x00, 0x00, 0x00, 0x00,
  0x00, 0x00, 0x00, 0x00, 0x00, 0x00, 0x00, 0x00, 0x00, 0x00, 0x00, 0x00,
  0x00, 0x00, 0x00, 0x00, 0x00, 0x00, 0x00, 0x00, 0x00, 0x00, 0x00, 0x00,
  0x00, 0x00, 0x00, 0x00, 0x00, 0x00, 0x00, 0x00, 0x00, 0x00, 0x00, 0x00,
  0x00, 0x00, 0x00, 0x00, 0x00, 0x00, 0x00, 0x00, 0x00, 0x00, 0x00, 0x00,
  0x00, 0x00, 0x00, 0x00, 0x00, 0x00, 0x00, 0x00, 0x00, 0x00, 0x00, 0x00,
  0x00, 0x00, 0x00, 0x00, 0x00, 0x00, 0x00, 0x00, 0x00, 0x00, 0x00, 0x00,
  0x00, 0x00, 0x00, 0x00, 0x00, 0x00, 0x00, 0x00, 0x00, 0x00, 0x00, 0x00,
  0x00, 0x00, 0x00, 0x00, 0x00, 0x00, 0x00, 0x00, 0x00, 0x00, 0x00, 0x00,
  0x00, 0x00, 0x00, 0x00, 0x00, 0x00, 0x00, 0x00, 0x00, 0x00, 0x00, 0x00,
  0x00, 0x00, 0x00, 0x00, 0x00, 0x00, 0x00, 0x00, 0x00, 0x00, 0x00, 0x10,
  0x00, 0x00, 0xba, 0x00, 0x00, 0xff, 0x00, 0x00, 0xff, 0x00, 0x00, 0xd9,
  0x00, 0x00, 0x2a, 0x00, 0x00, 0x00, 0x00, 0x00, 0x00, 0x00, 0x00, 0x00,
  0x00, 0x00, 0x08, 0x00, 0x00, 0x9d, 0x00, 0x00, 0xff, 0x00, 0x00, 0x78,
  0x00, 0x00, 0x76, 0x00, 0x00, 0xff, 0x00, 0x00, 0x8f, 0x00, 0x00, 0x61,
  0x00, 0x00, 0xff, 0x00, 0x00, 0xb2, 0x00, 0x00, 0x0f, 0x00, 0x00, 0x00,
  0x00, 0x00, 0x00, 0x00, 0x00, 0x00, 0x00, 0x00, 0x1c, 0x00, 0x00, 0xc9,
  0x00, 0x00, 0xff, 0x00, 0x00, 0xff, 0x00, 0x00, 0xd9, 0x00, 0x00, 0x27,
  0x00, 0x00, 0x00, 0x00, 0x00, 0x00, 0x00, 0x00, 0x00, 0x00, 0x00, 0x00,
  0x00, 0x00, 0x00, 0x00, 0x00, 0x00, 0x00, 0x00, 0x00, 0x00, 0x00, 0x00,
  0x00, 0x00, 0x00, 0x00, 0x00, 0x00, 0x00, 0x00, 0x00, 0x00, 0x00, 0x00,
  0x00, 0x00, 0x00, 0x00, 0x00, 0x00, 0x00, 0x00, 0x00, 0x00, 0x00, 0x00,
  0x00, 0x00, 0x00, 0x00, 0x00, 0x00, 0x00, 0x00, 0x00, 0x00, 0x00, 0x00,
  0x00, 0x00, 0x00, 0x00, 0x00, 0x00, 0x00, 0x00, 0x00, 0x00, 0x00, 0x00,
  0x00, 0x00, 0x00, 0x00, 0x00, 0x00, 0x00, 0x00, 0x00, 0x00, 0x00, 0x00,
  0x00, 0x00, 0x00, 0x00, 0x00, 0x00, 0x00, 0x00, 0x00, 0x00, 0x00, 0x00,
  0x00, 0x00, 0x00, 0x00, 0x00, 0x00, 0x00, 0x00, 0x00, 0x00, 0x00, 0x00,
  0x00, 0x00, 0x00, 0x00, 0x00, 0x00, 0x00, 0x00, 0x00, 0x00, 0x00, 0x00,
  0x00, 0x00, 0x00, 0x00, 0x00, 0x00, 0x00, 0x00, 0x00, 0x00, 0x00, 0x00,
  0x00, 0x00, 0x00, 0x00, 0x00, 0x00, 0x00, 0x00, 0x00, 0x00, 0x00, 0x00,
  0x00, 0x00, 0x00, 0x00, 0x00, 0x00, 0x00, 0x00, 0x00, 0x00, 0x00, 0x00,
  0x00, 0x00, 0x00, 0x00, 0x00, 0x00, 0x00, 0x00, 0x00, 0x00, 0x00, 0x00,
  0x00, 0x00, 0x00, 0x00, 0x00, 0x00, 0x00, 0x00, 0x00, 0x00, 0x00, 0x00,
  0x00, 0x00, 0x00, 0x00, 0x00, 0x00, 0x00, 0x00, 0x00, 0x00, 0x00, 0x00,
  0x00, 0x00, 0x00, 0x00, 0x00, 0x00, 0x00, 0x00, 0x00, 0x00, 0x00, 0x00,
  0x00, 0x00, 0x00, 0x00, 0x00, 0x00, 0x00, 0x00, 0x00, 0x00, 0x00, 0x00,
  0x00, 0x00, 0x00, 0x00, 0x00, 0x00, 0x00, 0x00, 0x00, 0x00, 0x00, 0x00,
  0x00, 0x00, 0x00, 0x00, 0x00, 0x00, 0x00, 0x00, 0x00, 0x00, 0x00, 0x00,
  0x00, 0x00, 0x00, 0x00, 0x00, 0x00, 0x00, 0x00, 0x00, 0x00, 0x00, 0x00,
  0x00, 0x00, 0x00, 0x00, 0x00, 0x00, 0x00, 0x00, 0x00, 0x00, 0x00, 0x00,
  0x00, 0x00, 0x00, 0x00, 0x00, 0x00, 0x00, 0x00, 0x00, 0x00, 0x00, 0x00,
  0x00, 0x00, 0x00, 0x00, 0x00, 0x00, 0x00, 0x00, 0x00, 0x00, 0x00, 0x00,
  0x00, 0x00, 0x00, 0x00, 0x00, 0x00, 0x00, 0x00, 0x00, 0x00, 0x00, 0x00,
  0x00, 0x00, 0x00, 0x00, 0x00, 0x00, 0x00, 0x00, 0x00, 0x00, 0x00, 0x71,
  0x00, 0x00, 0xfd, 0x00, 0x00, 0xff, 0x00, 0x00, 0xf6, 0x00, 0x00, 0x5c,
  0x00, 0x00, 0x00, 0x00, 0x00, 0x00, 0x00, 0x00, 0x00, 0x00, 0x00, 0x07,
  0x00, 0x00, 0x85, 0x00, 0x00, 0xf9, 0x00, 0x00, 0xff, 0x00, 0x00, 0x78,
  0x00, 0x00, 0x74, 0x00, 0x00, 0xff, 0x00, 0x00, 0x8d, 0x00, 0x00, 0x61,
  0x00, 0x00, 0xff, 0x00, 0x00, 0xfd, 0x00, 0x00, 0x98, 0x00, 0x00, 0x0e,
  0x00, 0x00, 0x00, 0x00, 0x00, 0x00, 0x00, 0x00, 0x00, 0x00, 0x00, 0x48,
  0x00, 0x00, 0xee, 0x00, 0x00, 0xff, 0x00, 0x00, 0xff, 0x00, 0x00, 0x9b,
  0x00, 0x00, 0x05, 0x00, 0x00, 0x00, 0x00, 0x00, 0x00, 0x00, 0x00, 0x00,
  0x00, 0x00, 0x00, 0x00, 0x00, 0x00, 0x00, 0x00, 0x00, 0x00, 0x00, 0x00,
  0x00, 0x00, 0x00, 0x00, 0x00, 0x00, 0x00, 0x00, 0x00, 0x00, 0x00, 0x00,
  0x00, 0x00, 0x00, 0x00, 0x00, 0x00, 0x00, 0x00, 0x00, 0x00, 0x00, 0x00,
  0x00, 0x00, 0x00, 0x00, 0x00, 0x00, 0x00, 0x00, 0x00, 0x00, 0x00, 0x00,
  0x00, 0x00, 0x00, 0x00, 0x00, 0x00, 0x00, 0x00, 0x00, 0x00, 0x00, 0x00,
  0x00, 0x00, 0x00, 0x00, 0x00, 0x00, 0x00, 0x00, 0x00, 0x00, 0x00, 0x00,
  0x00, 0x00, 0x00, 0x00, 0x00, 0x00, 0x00, 0x00, 0x00, 0x00, 0x00, 0x00,
  0x00, 0x00, 0x00, 0x00, 0x00, 0x00, 0x00, 0x00, 0x00, 0x00, 0x00, 0x00,
  0x00, 0x00, 0x00, 0x00, 0x00, 0x00, 0x00, 0x00, 0x00, 0x00, 0x00, 0x00,
  0x00, 0x00, 0x00, 0x00, 0x00, 0x00, 0x00, 0x00, 0x00, 0x00, 0x00, 0x00,
  0x00, 0x00, 0x00, 0x00, 0x00, 0x00, 0x00, 0x00, 0x00, 0x00, 0x00, 0x00,
  0x00, 0x00, 0x00, 0x00, 0x00, 0x00, 0x00, 0x00, 0x00, 0x00, 0x00, 0x00,
  0x00, 0x00, 0x00, 0x00, 0x00, 0x00, 0x00, 0x00, 0x00, 0x00, 0x00, 0x00,
  0x00, 0x00, 0x00, 0x00, 0x00, 0x00, 0x00, 0x00, 0x00, 0x00, 0x00, 0x00,
  0x00, 0x00, 0x00, 0x00, 0x00, 0x00, 0x00, 0x00, 0x00, 0x00, 0x00, 0x00,
  0x00, 0x00, 0x00, 0x00, 0x00, 0x00, 0x00, 0x00, 0x00, 0x00, 0x00, 0x00,
  0x00, 0x00, 0x00, 0x00, 0x00, 0x00, 0x00, 0x00, 0x00, 0x00, 0x00, 0x00,
  0x00, 0x00, 0x00, 0x00, 0x00, 0x00, 0x00, 0x00, 0x00, 0x00, 0x00, 0x00,
  0x00, 0x00, 0x00, 0x00, 0x00, 0x00, 0x00, 0x00, 0x00, 0x00, 0x00, 0x00,
  0x00, 0x00, 0x00, 0x00, 0x00, 0x00, 0x00, 0x00, 0x00, 0x00, 0x00, 0x00,
  0x00, 0x00, 0x00, 0x00, 0x00, 0x00, 0x00, 0x00, 0x00, 0x00, 0x00, 0x00,
  0x00, 0x00, 0x00, 0x00, 0x00, 0x00, 0x00, 0x00, 0x00, 0x00, 0x00, 0x00,
  0x00, 0x00, 0x00, 0x00, 0x00, 0x00, 0x00, 0x00, 0x00, 0x00, 0x00, 0x00,
  0x00, 0x00, 0x00, 0x00, 0x00, 0x00, 0x00, 0x00, 0x00, 0x00, 0x00, 0x00,
  0x00, 0x00, 0x00, 0x00, 0x00, 0x00, 0x00, 0x00, 0x2d, 0x00, 0x00, 0xe0,
  0x00, 0x00, 0xff, 0x00, 0x00, 0xff, 0x00, 0x00, 0x97, 0x00, 0x00, 0x05,
  0x00, 0x00, 0x00, 0x00, 0x00, 0x00, 0x00, 0x00, 0x06, 0x00, 0x00, 0x82,
  0x00, 0x00, 0xfa, 0x00, 0x00, 0xff, 0x00, 0x00, 0xff, 0x00, 0x00, 0x78,
  0x00, 0x00, 0x74, 0x00, 0x00, 0xff, 0x00, 0x00, 0x8d, 0x00, 0x00, 0x60,
  0x00, 0x00, 0xff, 0x00, 0x00, 0xff, 0x00, 0x00, 0xfe, 0x00, 0x00, 0x95,
  0x00, 0x00, 0x0d, 0x00, 0x00, 0x00, 0x00, 0x00, 0x00, 0x00, 0x00, 0x01,
  0x00, 0x00, 0x81, 0x00, 0x00, 0xff, 0x00, 0x00, 0xff, 0x00, 0x00, 0xf4,
  0x00, 0x00, 0x51, 0x00, 0x00, 0x00, 0x00, 0x00, 0x00, 0x00, 0x00, 0x00,
  0x00, 0x00, 0x00, 0x00, 0x00, 0x00, 0x00, 0x00, 0x00, 0x00, 0x00, 0x00,
  0x00, 0x00, 0x00, 0x00, 0x00, 0x00, 0x00, 0x00, 0x00, 0x00, 0x00, 0x00,
  0x00, 0x00, 0x00, 0x00, 0x00, 0x00, 0x00, 0x00, 0x00, 0x00, 0x00, 0x00,
  0x00, 0x00, 0x00, 0x00, 0x00, 0x00, 0x00, 0x00, 0x00, 0x00, 0x00, 0x00,
  0x00, 0x00, 0x00, 0x00, 0x00, 0x00, 0x00, 0x00, 0x00, 0x00, 0x00, 0x00,
  0x00, 0x00, 0x00, 0x00, 0x00, 0x00, 0x00, 0x00, 0x00, 0x00, 0x00, 0x00,
  0x00, 0x00, 0x00, 0x00, 0x00, 0x00, 0x00, 0x00, 0x00, 0x00, 0x00, 0x00,
  0x00, 0x00, 0x00, 0x00, 0x00, 0x00, 0x00, 0x00, 0x00, 0x00, 0x00, 0x00,
  0x00, 0x00, 0x00, 0x00, 0x00, 0x00, 0x00, 0x00, 0x00, 0x00, 0x00, 0x00,
  0x00, 0x00, 0x00, 0x00, 0x00, 0x00, 0x00, 0x00, 0x00, 0x00, 0x00, 0x00,
  0x00, 0x00, 0x00, 0x00, 0x00, 0x00, 0x00, 0x00, 0x00, 0x00, 0x00, 0x00,
  0x00, 0x00, 0x00, 0x00, 0x00, 0x00, 0x00, 0x00, 0x00, 0x00, 0x00, 0x00,
  0x00, 0x00, 0x00, 0x00, 0x00, 0x00, 0x00, 0x00, 0x00, 0x00, 0x00, 0x00,
  0x00, 0x00, 0x00, 0x00, 0x00, 0x00, 0x00, 0x00, 0x00, 0x00, 0x00, 0x00,
  0x00, 0x00, 0x00, 0x00, 0x00, 0x00, 0x00, 0x00, 0x00, 0x00, 0x00, 0x00,
  0x00, 0x00, 0x00, 0x00, 0x00, 0x00, 0x00, 0x00, 0x00, 0x00, 0x00, 0x00,
  0x00, 0x00, 0x00, 0x00, 0x00, 0x00, 0x00, 0x00, 0x00, 0x00, 0x00, 0x00,
  0x00, 0x00, 0x00, 0x00, 0x00, 0x00, 0x00, 0x00, 0x00, 0x00, 0x00, 0x00,
  0x00, 0x00, 0x00, 0x00, 0x00, 0x00, 0x00, 0x00, 0x00, 0x00, 0x00, 0x00,
  0x00, 0x00, 0x00, 0x00, 0x00, 0x00, 0x00, 0x00, 0x00, 0x00, 0x00, 0x00,
  0x00, 0x00, 0x00, 0x00, 0x00, 0x00, 0x00, 0x00, 0x00, 0x00, 0x00, 0x00,
  0x00, 0x00, 0x00, 0x00, 0x00, 0x00, 0x00, 0x00, 0x00, 0x00, 0x00, 0x00,
  0x00, 0x00, 0x00, 0x00, 0x00, 0x00, 0x00, 0x00, 0x00, 0x00, 0x00, 0x00,
  0x00, 0x00, 0x00, 0x00, 0x00, 0x00, 0x00, 0x00, 0x00, 0x00, 0x00, 0x00,
  0x00, 0x00, 0x00, 0x00, 0x00, 0x07, 0x00, 0x00, 0xa3, 0x00, 0x00, 0xff,
  0x00, 0x00, 0xff, 0x00, 0x00, 0xcc, 0x00, 0x00, 0x1e, 0x00, 0x00, 0x00,
  0x00, 0x00, 0x00, 0x00, 0x00, 0x06, 0x00, 0x00, 0x7f, 0x00, 0x00, 0xf9,
  0x00, 0x00, 0xff, 0x00, 0x00, 0xff, 0x00, 0x00, 0xff, 0x00, 0x00, 0x78,
  0x00, 0x00, 0x74, 0x00, 0x00, 0xff, 0x00, 0x00, 0x8d, 0x00, 0x00, 0x60,
  0x00, 0x00, 0xff, 0x00, 0x00, 0xff, 0x00, 0x00, 0xff, 0x00, 0x00, 0xfd,
  0x00, 0x00, 0x93, 0x00, 0x00, 0x0c, 0x00, 0x00, 0x00, 0x00, 0x00, 0x00,
  0x00, 0x00, 0x13, 0x00, 0x00, 0xba, 0x00, 0x00, 0xff, 0x00, 0x00, 0xff,
  0x00, 0x00, 0xc9, 0x00, 0x00, 0x19, 0x00, 0x00, 0x00, 0x00, 0x00, 0x00,
  0x00, 0x00, 0x00, 0x00, 0x00, 0x00, 0x00, 0x00, 0x00, 0x00, 0x00, 0x00,
  0x00, 0x00, 0x00, 0x00, 0x00, 0x00, 0x00, 0x00, 0x00, 0x00, 0x00, 0x00,
  0x00, 0x00, 0x00, 0x00, 0x00, 0x00, 0x00, 0x00, 0x00, 0x00, 0x00, 0x00,
  0x00, 0x00, 0x00, 0x00, 0x00, 0x00, 0x00, 0x00, 0x00, 0x00, 0x00, 0x00,
  0x00, 0x00, 0x00, 0x00, 0x00, 0x00, 0x00, 0x00, 0x00, 0x00, 0x00, 0x00,
  0x00, 0x00, 0x00, 0x00, 0x00, 0x00, 0x00, 0x00, 0x00, 0x00, 0x00, 0x00,
  0x00, 0x00, 0x00, 0x00, 0x00, 0x00, 0x00, 0x00, 0x00, 0x00, 0x00, 0x00,
  0x00, 0x00, 0x00, 0x00, 0x00, 0x00, 0x00, 0x00, 0x00, 0x00, 0x00, 0x00,
  0x00, 0x00, 0x00, 0x00, 0x00, 0x00, 0x00, 0x00, 0x00, 0x00, 0x00, 0x00,
  0x00, 0x00, 0x00, 0x00, 0x00, 0x00, 0x00, 0x00, 0x00, 0x00, 0x00, 0x00,
  0x00, 0x00, 0x00, 0x00, 0x00, 0x00, 0x00, 0x00, 0x00, 0x00, 0x00, 0x00,
  0x00, 0x00, 0x00, 0x00, 0x00, 0x00, 0x00, 0x00, 0x00, 0x00, 0x00, 0x00,
  0x00, 0x00, 0x00, 0x00, 0x00, 0x00, 0x00, 0x00, 0x00, 0x00, 0x00, 0x00,
  0x00, 0x00, 0x00, 0x00, 0x00, 0x00, 0x00, 0x00, 0x00, 0x00, 0x00, 0x00,
  0x00, 0x00, 0x00, 0x00, 0x00, 0x00, 0x00, 0x00, 0x00, 0x00, 0x00, 0x00,
  0x00, 0x00, 0x00, 0x00, 0x00, 0x00, 0x00, 0x00, 0x00, 0x00, 0x00, 0x00,
  0x00, 0x00, 0x00, 0x00, 0x00, 0x00, 0x00, 0x00, 0x00, 0x00, 0x00, 0x00,
  0x00, 0x00, 0x00, 0x00, 0x00, 0x00, 0x00, 0x00, 0x00, 0x00, 0x00, 0x00,
  0x00, 0x00, 0x00, 0x00, 0x00, 0x00, 0x00, 0x00, 0x00, 0x00, 0x00, 0x00,
  0x00, 0x00, 0x00, 0x00, 0x00, 0x00, 0x00, 0x00, 0x00, 0x00, 0x00, 0x00,
  0x00, 0x00, 0x00, 0x00, 0x00, 0x00, 0x00, 0x00, 0x00, 0x00, 0x00, 0x00,
  0x00, 0x00, 0x00, 0x00, 0x00, 0x00, 0x00, 0x00, 0x00, 0x00, 0x00, 0x00,
  0x00, 0x00, 0x00, 0x00, 0x00, 0x00, 0x00, 0x00, 0x00, 0x00, 0x00, 0x00,
  0x00, 0x00, 0x00, 0x00, 0x00, 0x00, 0x00, 0x00, 0x00, 0x00, 0x00, 0x00,
  0x00, 0x00, 0x00, 0x00, 0x00, 0x58, 0x00, 0x00, 0xf6, 0x00, 0x00, 0xff,
  0x00, 0x00, 0xef, 0x00, 0x00, 0x4a, 0x00, 0x00, 0x00, 0x00, 0x00, 0x00,
  0x00, 0x00, 0x05, 0x00, 0x00, 0x7c, 0x00, 0x00, 0xf8, 0x00, 0x00, 0xff,
  0x00, 0x00, 0xff, 0x00, 0x00, 0xff, 0x00, 0x00, 0xff, 0x00, 0x00, 0x77,
  0x00, 0x00, 0x74, 0x00, 0x00, 0xff, 0x00, 0x00, 0x8d, 0x00, 0x00, 0x60,
  0x00, 0x00, 0xff, 0x00, 0x00, 0xff, 0x00, 0x00, 0xff, 0x00, 0x00, 0xff,
  0x00, 0x00, 0xfd, 0x00, 0x00, 0x90, 0x00, 0x00, 0x0a, 0x00, 0x00, 0x00,
  0x00, 0x00, 0x00, 0x00, 0x00, 0x38, 0x00, 0x00, 0xe4, 0x00, 0x00, 0xff,
  0x00, 0x00, 0xff, 0x00, 0x00, 0x84, 0x00, 0x00, 0x01, 0x00, 0x00, 0x00,
  0x00, 0x00, 0x00, 0x00, 0x00, 0x00, 0x00, 0x00, 0x00, 0x00, 0x00, 0x00,
  0x00, 0x00, 0x00, 0x00, 0x00, 0x00, 0x00, 0x00, 0x00, 0x00, 0x00, 0x00,
  0x00, 0x00, 0x00, 0x00, 0x00, 0x00, 0x00, 0x00, 0x00, 0x00, 0x00, 0x00,
  0x00, 0x00, 0x00, 0x00, 0x00, 0x00, 0x00, 0x00, 0x00, 0x00, 0x00, 0x00,
  0x00, 0x00, 0x00, 0x00, 0x00, 0x00, 0x00, 0x00, 0x00, 0x00, 0x00, 0x00,
  0x00, 0x00, 0x00, 0x00, 0x00, 0x00, 0x00, 0x00, 0x00, 0x00, 0x00, 0x00,
  0x00, 0x00, 0x00, 0x00, 0x00, 0x00, 0x00, 0x00, 0x00, 0x00, 0x00, 0x00,
  0x00, 0x00, 0x00, 0x00, 0x00, 0x00, 0x00, 0x00, 0x00, 0x00, 0x00, 0x00,
  0x00, 0x00, 0x00, 0x00, 0x00, 0x00, 0x00, 0x00, 0x00, 0x00, 0x00, 0x00,
  0x00, 0x00, 0x00, 0x00, 0x00, 0x00, 0x00, 0x00, 0x00, 0x00, 0x00, 0x00,
  0x00, 0x00, 0x00, 0x00, 0x00, 0x00, 0x00, 0x00, 0x00, 0x00, 0x00, 0x00,
  0x00, 0x00, 0x00, 0x00, 0x00, 0x00, 0x00, 0x00, 0x00, 0x00, 0x00, 0x00,
  0x00, 0x00, 0x00, 0x00, 0x00, 0x00, 0x00, 0x00, 0x00, 0x00, 0x00, 0x00,
  0x00, 0x00, 0x00, 0x00, 0x00, 0x00, 0x00, 0x00, 0x00, 0x00, 0x00, 0x00,
  0x00, 0x00, 0x00, 0x00, 0x00, 0x00, 0x00, 0x00, 0x00, 0x00, 0x00, 0x00,
  0x00, 0x00, 0x00, 0x00, 0x00, 0x00, 0x00, 0x00, 0x00, 0x00, 0x00, 0x00,
  0x00, 0x00, 0x00, 0x00, 0x00, 0x00, 0x00, 0x00, 0x00, 0x00, 0x00, 0x00,
  0x00, 0x00, 0x00, 0x00, 0x00, 0x00, 0x00, 0x00, 0x00, 0x00, 0x00, 0x00,
  0x00, 0x00, 0x00, 0x00, 0x00, 0x00, 0x00, 0x00, 0x00, 0x00, 0x00, 0x00,
  0x00, 0x00, 0x00, 0x00, 0x00, 0x00, 0x00, 0x00, 0x00, 0x00, 0x00, 0x00,
  0x00, 0x00, 0x00, 0x00, 0x00, 0x00, 0x00, 0x00, 0x00, 0x00, 0x00, 0x00,
  0x00, 0x00, 0x00, 0x00, 0x00, 0x00, 0x00, 0x00, 0x00, 0x00, 0x00, 0x00,
  0x00, 0x00, 0x00, 0x00, 0x00, 0x00, 0x00, 0x00, 0x00, 0x00, 0x00, 0x00,
  0x00, 0x00, 0x00, 0x00, 0x00, 0x00, 0x00, 0x00, 0x00, 0x00, 0x00, 0x00,
  0x00, 0x00, 0x1f, 0x00, 0x00, 0xd0, 0x00, 0x00, 0xff, 0x00, 0x00, 0xff,
  0x00, 0x00, 0x84, 0x00, 0x00, 0x01, 0x00, 0x00, 0x00, 0x00, 0x00, 0x04,
  0x00, 0x00, 0x7a, 0x00, 0x00, 0xf8, 0x00, 0x00, 0xff, 0x00, 0x00, 0xff,
  0x00, 0x00, 0xff, 0x00, 0x00, 0xff, 0x00, 0x00, 0xff, 0x00, 0x00, 0x77,
  0x00, 0x00, 0x74, 0x00, 0x00, 0xff, 0x00, 0x00, 0x8d, 0x00, 0x00, 0x60,
  0x00, 0x00, 0xff, 0x00, 0x00, 0xff, 0x00, 0x00, 0xff, 0x00, 0x00, 0xff,
  0x00, 0x00, 0xff, 0x00, 0x00, 0xfc, 0x00, 0x00, 0x8d, 0x00, 0x00, 0x0a,
  0x00, 0x00, 0x00, 0x00, 0x00, 0x00, 0x00, 0x00, 0x6e, 0x00, 0x00, 0xfb,
  0x00, 0x00, 0xff, 0x00, 0x00, 0xec, 0x00, 0x00, 0x3d, 0x00, 0x00, 0x00,
  0x00, 0x00, 0x00, 0x00, 0x00, 0x00, 0x00, 0x00, 0x00, 0x00, 0x00, 0x00,
  0x00, 0x00, 0x00, 0x00, 0x00, 0x00, 0x00, 0x00, 0x00, 0x00, 0x00, 0x00,
  0x00, 0x00, 0x00, 0x00, 0x00, 0x00, 0x00, 0x00, 0x00, 0x00, 0x00, 0x00,
  0x00, 0x00, 0x00, 0x00, 0x00, 0x00, 0x00, 0x00, 0x00, 0x00, 0x00, 0x00,
  0x00, 0x00, 0x00, 0x00, 0x00, 0x00, 0x00, 0x00, 0x00, 0x00, 0x00, 0x00,
  0x00, 0x00, 0x00, 0x00, 0x00, 0x00, 0x00, 0x00, 0x00, 0x00, 0x00, 0x00,
  0x00, 0x00, 0x00, 0x00, 0x00, 0x00, 0x00, 0x00, 0x00, 0x00, 0x00, 0x00,
  0x00, 0x00, 0x00, 0x00, 0x00, 0x00, 0x00, 0x00, 0x00, 0x00, 0x00, 0x00,
  0x00, 0x00, 0x00, 0x00, 0x00, 0x00, 0x00, 0x00, 0x00, 0x00, 0x00, 0x00,
  0x00, 0x00, 0x00, 0x00, 0x00, 0x00, 0x00, 0x00, 0x00, 0x00, 0x00, 0x00,
  0x00, 0x00, 0x00, 0x00, 0x00, 0x00, 0x00, 0x00, 0x00, 0x00, 0x00, 0x00,
  0x00, 0x00, 0x00, 0x00, 0x00, 0x00, 0x00, 0x00, 0x00, 0x00, 0x00, 0x00,
  0x00, 0x00, 0x00, 0x00, 0x00, 0x00, 0x00, 0x00, 0x00, 0x00, 0x00, 0x00,
  0x00, 0x00, 0x00, 0x00, 0x00, 0x00, 0x00, 0x00, 0x00, 0x00, 0x00, 0x00,
  0x00, 0x00, 0x00, 0x00, 0x00, 0x00, 0x00, 0x00, 0x00, 0x00, 0x00, 0x00,
  0x00, 0x00, 0x00, 0x00, 0x00, 0x00, 0x00, 0x00, 0x00, 0x00, 0x00, 0x00,
  0x00, 0x00, 0x00, 0x00, 0x00, 0x00, 0x00, 0x00, 0x00, 0x00, 0x00, 0x00,
  0x00, 0x00, 0x00, 0x00, 0x00, 0x00, 0x00, 0x00, 0x00, 0x00, 0x00, 0x00,
  0x00, 0x00, 0x00, 0x00, 0x00, 0x00, 0x00, 0x00, 0x00, 0x00, 0x00, 0x00,
  0x00, 0x00, 0x00, 0x00, 0x00, 0x00, 0x00, 0x00, 0x00, 0x00, 0x00, 0x00,
  0x00, 0x00, 0x00, 0x00, 0x00, 0x00, 0x00, 0x00, 0x00, 0x00, 0x00, 0x00,
  0x00, 0x00, 0x00, 0x00, 0x00, 0x00, 0x00, 0x00, 0x00, 0x00, 0x00, 0x00,
  0x00, 0x00, 0x00, 0x00, 0x00, 0x00, 0x00, 0x00, 0x00, 0x00, 0x00, 0x00,
  0x00, 0x00, 0x00, 0x00, 0x00, 0x00, 0x00, 0x00, 0x00, 0x00, 0x00, 0x00,
  0x00, 0x00, 0x34, 0x00, 0x00, 0xe2, 0x00, 0x00, 0xff, 0x00, 0x00, 0xbd,
  0x00, 0x00, 0x14, 0x00, 0x00, 0x00, 0x00, 0x00, 0x04, 0x00, 0x00, 0x77,
  0x00, 0x00, 0xf7, 0x00, 0x00, 0xff, 0x00, 0x00, 0xff, 0x00, 0x00, 0xff,
  0x00, 0x00, 0xff, 0x00, 0x00, 0xff, 0x00, 0x00, 0xff, 0x00, 0x00, 0x77,
  0x00, 0x00, 0x74, 0x00, 0x00, 0xff, 0x00, 0x00, 0x8d, 0x00, 0x00, 0x5f,
  0x00, 0x00, 0xff, 0x00, 0x00, 0xff, 0x00, 0x00, 0xff, 0x00, 0x00, 0xff,
  0x00, 0x00, 0xff, 0x00, 0x00, 0xff, 0x00, 0x00, 0xfc, 0x00, 0x00, 0x8a,
  0x00, 0x00, 0x09, 0x00, 0x00, 0x00, 0x00, 0x00, 0x0b, 0x00, 0x00, 0xa9,
  0x00, 0x00, 0xff, 0x00, 0x00, 0xe3, 0x00, 0x00, 0x3d, 0x00, 0x00, 0x00,
  0x00, 0x00, 0x00, 0x00, 0x00, 0x00, 0x00, 0x00, 0x00, 0x00, 0x00, 0x00,
  0x00, 0x00, 0x00, 0x00, 0x00, 0x00, 0x00, 0x00, 0x00, 0x00, 0x00, 0x00,
  0x00, 0x00, 0x00, 0x00, 0x00, 0x00, 0x00, 0x00, 0x00, 0x00, 0x00, 0x00,
  0x00, 0x00, 0x00, 0x00, 0x00, 0x00, 0x00, 0x00, 0x00, 0x00, 0x00, 0x00,
  0x00, 0x00, 0x00, 0x00, 0x00, 0x00, 0x00, 0x00, 0x00, 0x00, 0x00, 0x00,
  0x00, 0x00, 0x00, 0x00, 0x00, 0x00, 0x00, 0x00, 0x00, 0x00, 0x00, 0x00,
  0x00, 0x00, 0x00, 0x00, 0x00, 0x00, 0x00, 0x00, 0x00, 0x00, 0x00, 0x00,
  0x00, 0x00, 0x00, 0x00, 0x00, 0x00, 0x00, 0x00, 0x00, 0x00, 0x00, 0x00,
  0x00, 0x00, 0x00, 0x00, 0x00, 0x00, 0x00, 0x00, 0x00, 0x00, 0x00, 0x00,
  0x00, 0x00, 0x00, 0x00, 0x00, 0x00, 0x00, 0x00, 0x00, 0x00, 0x00, 0x00,
  0x00, 0x00, 0x00, 0x00, 0x00, 0x00, 0x00, 0x00, 0x00, 0x00, 0x00, 0x00,
  0x00, 0x00, 0x00, 0x00, 0x00, 0x00, 0x00, 0x00, 0x00, 0x00, 0x00, 0x00,
  0x00, 0x00, 0x00, 0x00, 0x00, 0x00, 0x00, 0x00, 0x00, 0x00, 0x00, 0x00,
  0x00, 0x00, 0x00, 0x00, 0x00, 0x00, 0x00, 0x00, 0x00, 0x00, 0x00, 0x00,
  0x00, 0x00, 0x00, 0x00, 0x00, 0x00, 0x00, 0x00, 0x00, 0x00, 0x00, 0x00,
  0x00, 0x00, 0x00, 0x00, 0x00, 0x00, 0x00, 0x00, 0x00, 0x00, 0x00, 0x00,
  0x00, 0x00, 0x00, 0x00, 0x00, 0x00, 0x00, 0x00, 0x00, 0x00, 0x00, 0x00,
  0x00, 0x00, 0x00, 0x00, 0x00, 0x00, 0x00, 0x00, 0x00, 0x00, 0x00, 0x00,
  0x00, 0x00, 0x00, 0x00, 0x00, 0x00, 0x00, 0x00, 0x00, 0x00, 0x00, 0x00,
  0x00, 0x00, 0x00, 0x00, 0x00, 0x00, 0x00, 0x00, 0x00, 0x00, 0x00, 0x00,
  0x00, 0x00, 0x00, 0x00, 0x00, 0x00, 0x00, 0x00, 0x00, 0x00, 0x00, 0x00,
  0x00, 0x00, 0x00, 0x00, 0x00, 0x00, 0x00, 0x00, 0x00, 0x00, 0x00, 0x00,
  0x00, 0x00, 0x00, 0x00, 0x00, 0x00, 0x00, 0x00, 0x00, 0x00, 0x00, 0x00,
  0x00, 0x00, 0x00, 0x00, 0x00, 0x00, 0x00, 0x00, 0x00, 0x00, 0x00, 0x00,
  0x00, 0x00, 0x00, 0x00, 0x00, 0x4b, 0x00, 0x00, 0xc4, 0x00, 0x00, 0x3c,
  0x00, 0x00, 0x00, 0x00, 0x00, 0x03, 0x00, 0x00, 0x6d, 0x00, 0x00, 0xef,
  0x00, 0x00, 0xf9, 0x00, 0x00, 0xf8, 0x00, 0x00, 0xf8, 0x00, 0x00, 0xf8,
  0x00, 0x00, 0xf8, 0x00, 0x00, 0xf8, 0x00, 0x00, 0xfb, 0x00, 0x00, 0x73,
  0x00, 0x00, 0x71, 0x00, 0x00, 0xff, 0x00, 0x00, 0x89, 0x00, 0x00, 0x5d,
  0x00, 0x00, 0xf9, 0x00, 0x00, 0xf9, 0x00, 0x00, 0xf9, 0x00, 0x00, 0xf9,
  0x00, 0x00, 0xf9, 0x00, 0x00, 0xf9, 0x00, 0x00, 0xfa, 0x00, 0x00, 0xf5,
  0x00, 0x00, 0x81, 0x00, 0x00, 0x07, 0x00, 0x00, 0x00, 0x00, 0x00, 0x2b,
  0x00, 0x00, 0xc0, 0x00, 0x00, 0x51, 0x00, 0x00, 0x00, 0x00, 0x00, 0x00,
  0x00, 0x00, 0x00, 0x00, 0x00, 0x00, 0x00, 0x00, 0x00, 0x00, 0x00, 0x00,
  0x00, 0x00, 0x00, 0x00, 0x00, 0x00, 0x00, 0x00, 0x00, 0x00, 0x00, 0x00,
  0x00, 0x00, 0x00, 0x00, 0x00, 0x00, 0x00, 0x00, 0x00, 0x00, 0x00, 0x00,
  0x00, 0x00, 0x00, 0x00, 0x00, 0x00, 0x00, 0x00, 0x00, 0x00, 0x00, 0x00,
  0x00, 0x00, 0x00, 0x00, 0x00, 0x00, 0x00, 0x00, 0x00, 0x00, 0x00, 0x00,
  0x00, 0x00, 0x00, 0x00, 0x00, 0x00, 0x00, 0x00, 0x00, 0x00, 0x00, 0x00,
  0x00, 0x00, 0x00, 0x00, 0x00, 0x00, 0x00, 0x00, 0x00, 0x00, 0x00, 0x00,
  0x00, 0x00, 0x00, 0x00, 0x00, 0x00, 0x00, 0x00, 0x00, 0x00, 0x00, 0x00,
  0x00, 0x00, 0x00, 0x00, 0x00, 0x00, 0x00, 0x00, 0x00, 0x00, 0x00, 0x00,
  0x00, 0x00, 0x00, 0x00, 0x00, 0x00, 0x00, 0x00, 0x00, 0x00, 0x00, 0x00,
  0x00, 0x00, 0x00, 0x00, 0x00, 0x00, 0x00, 0x00, 0x00, 0x00, 0x00, 0x00,
  0x00, 0x00, 0x00, 0x00, 0x00, 0x00, 0x00, 0x00, 0x00, 0x00, 0x00, 0x00,
  0x00, 0x00, 0x00, 0x00, 0x00, 0x00, 0x00, 0x00, 0x00, 0x00, 0x00, 0x00,
  0x00, 0x00, 0x00, 0x00, 0x00, 0x00, 0x00, 0x00, 0x00, 0x00, 0x00, 0x00,
  0x00, 0x00, 0x00, 0x00, 0x00, 0x00, 0x00, 0x00, 0x00, 0x00, 0x00, 0x00,
  0x00, 0x00, 0x00, 0x00, 0x00, 0x00, 0x00, 0x00, 0x00, 0x00, 0x00, 0x00,
  0x00, 0x00, 0x00, 0x00, 0x00, 0x00, 0x00, 0x00, 0x00, 0x00, 0x00, 0x00,
  0x00, 0x00, 0x00, 0x00, 0x00, 0x00, 0x00, 0x00, 0x00, 0x00, 0x00, 0x00,
  0x00, 0x00, 0x00, 0x00, 0x00, 0x00, 0x00, 0x00, 0x00, 0x00, 0x00, 0x00,
  0x00, 0x00, 0x00, 0x00, 0x00, 0x00, 0x00, 0x00, 0x00, 0x00, 0x00, 0x00,
  0x00, 0x00, 0x00, 0x00, 0x00, 0x00, 0x00, 0x00, 0x00, 0x00, 0x00, 0x00,
  0x00, 0x00, 0x00, 0x00, 0x00, 0x00, 0x00, 0x00, 0x00, 0x00, 0x00, 0x00,
  0x00, 0x00, 0x00, 0x00, 0x00, 0x00, 0x00, 0x00, 0x00, 0x00, 0x00, 0x00,
  0x00, 0x00, 0x00, 0x00, 0x00, 0x00, 0x00, 0x00, 0x00, 0x00, 0x00, 0x00,
  0x00, 0x00, 0x00, 0x00, 0x00, 0x00, 0x00, 0x00, 0x17, 0x00, 0x00, 0x02,
  0x00, 0x00, 0x00, 0x00, 0x00, 0x07, 0x00, 0x00, 0x3c, 0x00, 0x00, 0x48,
  0x00, 0x00, 0x47, 0x00, 0x00, 0x47, 0x00, 0x00, 0x47, 0x00, 0x00, 0x47,
  0x00, 0x00, 0x47, 0x00, 0x00, 0x47, 0x00, 0x00, 0x48, 0x00, 0x00, 0x21,
  0x00, 0x00, 0x20, 0x00, 0x00, 0x49, 0x00, 0x00, 0x27, 0x00, 0x00, 0x1b,
  0x00, 0x00, 0x48, 0x00, 0x00, 0x49, 0x00, 0x00, 0x49, 0x00, 0x00, 0x49,
  0x00, 0x00, 0x49, 0x00, 0x00, 0x49, 0x00, 0x00, 0x48, 0x00, 0x00, 0x4a,
  0x00, 0x00, 0x42, 0x00, 0x00, 0x0c, 0x00, 0x00, 0x00, 0x00, 0x00, 0x01,
  0x00, 0x00, 0x16, 0x00, 0x00, 0x01, 0x00, 0x00, 0x00, 0x00, 0x00, 0x00,
  0x00, 0x00, 0x00, 0x00, 0x00, 0x00, 0x00, 0x00, 0x00, 0x00, 0x00, 0x00,
  0x00, 0x00, 0x00, 0x00, 0x00, 0x00, 0x00, 0x00, 0x00, 0x00, 0x00, 0x00,
  0x00, 0x00, 0x00, 0x00, 0x00, 0x00, 0x00, 0x00, 0x00, 0x00, 0x00, 0x00,
  0x00, 0x00, 0x00, 0x00, 0x00, 0x00, 0x00, 0x00, 0x00, 0x00, 0x00, 0x00,
  0x00, 0x00, 0x00, 0x00, 0x00, 0x00, 0x00, 0x00, 0x00, 0x00, 0x00, 0x00,
  0x00, 0x00, 0x00, 0x00, 0x00, 0x00, 0x00, 0x00, 0x00, 0x00, 0x00, 0x00,
  0x00, 0x00, 0x00, 0x00, 0x00, 0x00, 0x00, 0x00, 0x00, 0x00, 0x00, 0x00,
  0x00, 0x00, 0x00, 0x00, 0x00, 0x00, 0x00, 0x00, 0x00, 0x00, 0x00, 0x00,
  0x00, 0x00, 0x00, 0x00, 0x00, 0x00, 0x00, 0x00, 0x00, 0x00, 0x00, 0x00,
  0x00, 0x00, 0x00, 0x00, 0x00, 0x00, 0x00, 0x00, 0x00, 0x00, 0x00, 0x00,
  0x00, 0x00, 0x00, 0x00, 0x00, 0x00, 0x00, 0x00, 0x00, 0x00, 0x00, 0x00,
  0x00, 0x00, 0x00, 0x00, 0x00, 0x00, 0x00, 0x00, 0x00, 0x00, 0x00, 0x00,
  0x00, 0x00, 0x00, 0x00, 0x00, 0x00, 0x00, 0x00, 0x00, 0x00, 0x00, 0x00,
  0x00, 0x00, 0x00, 0x00, 0x00, 0x00, 0x00, 0x00, 0x00, 0x00, 0x00, 0x00,
  0x00, 0x00, 0x00, 0x00, 0x00, 0x00, 0x00, 0x00, 0x00, 0x00, 0x00, 0x00,
  0x00, 0x00, 0x00, 0x00, 0x00, 0x00, 0x00, 0x00, 0x00, 0x00, 0x00, 0x00,
  0x00, 0x00, 0x00, 0x00, 0x00, 0x00, 0x00, 0x00, 0x00, 0x00, 0x00, 0x00,
  0x00, 0x00, 0x00, 0x00, 0x00, 0x00, 0x00, 0x00, 0x00, 0x00, 0x00, 0x00,
  0x00, 0x00, 0x00, 0x00, 0x00, 0x00, 0x00, 0x00, 0x00, 0x00, 0x00, 0x00,
  0x00, 0x00, 0x00, 0x00, 0x00, 0x00, 0x00, 0x00, 0x00, 0x00, 0x00, 0x00,
  0x00, 0x00, 0x00, 0x00, 0x00, 0x00, 0x00, 0x00, 0x00, 0x00, 0x00, 0x00,
  0x00, 0x00, 0x00, 0x00, 0x00, 0x00, 0x00, 0x00, 0x00, 0x00, 0x00, 0x00,
  0x00, 0x00, 0x00, 0x00, 0x00, 0x00, 0x00, 0x00, 0x00, 0x00, 0x00, 0x00,
  0x00, 0x00, 0x00, 0x00, 0x00, 0x00, 0x00, 0x00, 0x00, 0x00, 0x00, 0x00,
  0x00, 0x00, 0x00, 0x00, 0x00, 0x00, 0x00, 0x00, 0x00, 0x00, 0x00, 0x00,
  0x00, 0x00, 0x00, 0x00, 0x00, 0x00, 0x00, 0x00, 0x00, 0x00, 0x00, 0x00,
  0x00, 0x00, 0x00, 0x00, 0x00, 0x00, 0x00, 0x00, 0x00, 0x00, 0x00, 0x00,
  0x00, 0x00, 0x00, 0x00, 0x00, 0x00, 0x00, 0x00, 0x00, 0x00, 0x00, 0x00,
  0x00, 0x00, 0x00, 0x00, 0x00, 0x00, 0x00, 0x00, 0x00, 0x00, 0x00, 0x00,
  0x00, 0x00, 0x00, 0x00, 0x00, 0x00, 0x00, 0x00, 0x00, 0x00, 0x00, 0x00,
  0x00, 0x00, 0x00, 0x00, 0x00, 0x00, 0x00, 0x00, 0x00, 0x00, 0x00, 0x00,
  0x00, 0x00, 0x00, 0x00, 0x00, 0x00, 0x00, 0x00, 0x00, 0x00, 0x00, 0x00,
  0x00, 0x00, 0x00, 0x00, 0x00, 0x00, 0x00, 0x00, 0x00, 0x00, 0x00, 0x00,
  0x00, 0x00, 0x00, 0x00, 0x00, 0x00, 0x00, 0x00, 0x00, 0x00, 0x00, 0x00,
  0x00, 0x00, 0x00, 0x00, 0x00, 0x00, 0x00, 0x00, 0x00, 0x00, 0x00, 0x00,
  0x00, 0x00, 0x00, 0x00, 0x00, 0x00, 0x00, 0x00, 0x00, 0x00, 0x00, 0x00,
  0x00, 0x00, 0x00, 0x00, 0x00, 0x00, 0x00, 0x00, 0x00, 0x00, 0x00, 0x00,
  0x00, 0x00, 0x00, 0x00, 0x00, 0x00, 0x00, 0x00, 0x00, 0x00, 0x00, 0x00,
  0x00, 0x00, 0x00, 0x00, 0x00, 0x00, 0x00, 0x00, 0x00, 0x00, 0x00, 0x00,
  0x00, 0x00, 0x00, 0x00, 0x00, 0x00, 0x00, 0x00, 0x00, 0x00, 0x00, 0x00,
  0x00, 0x00, 0x00, 0x00, 0x00, 0x00, 0x00, 0x00, 0x00, 0x00, 0x00, 0x00,
  0x00, 0x00, 0x00, 0x00, 0x00, 0x00, 0x00, 0x00, 0x00, 0x00, 0x00, 0x00,
  0x00, 0x00, 0x00, 0x00, 0x00, 0x00, 0x00, 0x00, 0x00, 0x00, 0x00, 0x00,
  0x00, 0x00, 0x00, 0x00, 0x00, 0x00, 0x00, 0x00, 0x00, 0x00, 0x00, 0x00,
  0x00, 0x00, 0x00, 0x00, 0x00, 0x00, 0x00, 0x00, 0x00, 0x00, 0x00, 0x00,
  0x00, 0x00, 0x00, 0x00, 0x00, 0x00, 0x00, 0x00, 0x00, 0x00, 0x00, 0x00,
  0x00, 0x00, 0x00, 0x00, 0x00, 0x00, 0x00, 0x00, 0x00, 0x00, 0x00, 0x00,
  0x00, 0x00, 0x00, 0x00, 0x00, 0x00, 0x00, 0x00, 0x00, 0x00, 0x00, 0x00,
  0x00, 0x00, 0x00, 0x00, 0x00, 0x00, 0x00, 0x00, 0x00, 0x00, 0x00, 0x00,
  0x00, 0x00, 0x00, 0x00, 0x00, 0x00, 0x00, 0x00, 0x00, 0x00, 0x00, 0x00,
  0x00, 0x00, 0x00, 0x00, 0x00, 0x00, 0x00, 0x00, 0x00, 0x00, 0x00, 0x00,
  0x00, 0x00, 0x00, 0x00, 0x00, 0x00, 0x00, 0x00, 0x00, 0x00, 0x00, 0x00,
  0x00, 0x00, 0x00, 0x00, 0x00, 0x00, 0x00, 0x00, 0x00, 0x00, 0x00, 0x00,
  0x00, 0x00, 0x00, 0x00, 0x00, 0x00, 0x00, 0x00, 0x00, 0x00, 0x00, 0x00,
  0x00, 0x00, 0x00, 0x00, 0x00, 0x00, 0x00, 0x00, 0x00, 0x00, 0x00, 0x00,
  0x00, 0x00, 0x00, 0x00, 0x00, 0x00, 0x00, 0x00, 0x00, 0x00, 0x00, 0x00,
  0x00, 0x00, 0x00, 0x00, 0x00, 0x00, 0x00, 0x00, 0x00, 0x00, 0x00, 0x00,
  0x00, 0x00, 0x00, 0x00, 0x00, 0x00, 0x00, 0x00, 0x00, 0x00, 0x00, 0x00,
  0x00, 0x00, 0x00, 0x00, 0x00, 0x00, 0x00, 0x00, 0x00, 0x00, 0x00, 0x00,
  0x00, 0x00, 0x00, 0x00, 0x00, 0x00, 0x00, 0x00, 0x00, 0x00, 0x00, 0x00,
  0x00, 0x00, 0x00, 0x00, 0x00, 0x00, 0x00, 0x00, 0x00, 0x00, 0x00, 0x00,
  0x00, 0x00, 0x00, 0x00, 0x00, 0x00, 0x00, 0x00, 0x00, 0x00, 0x00, 0x00,
  0x00, 0x00, 0x00, 0x00, 0x00, 0x00, 0x00, 0x00, 0x00, 0x00, 0x00, 0x00,
  0x00, 0x00, 0x00, 0x00, 0x00, 0x00, 0x00, 0x00, 0x00, 0x00, 0x00, 0x00,
  0x00, 0x00, 0x00, 0x00, 0x00, 0x00, 0x00, 0x00, 0x00, 0x00, 0x00, 0x00,
  0x00, 0x00, 0x00, 0x00, 0x00, 0x00, 0x00, 0x00, 0x00, 0x00, 0x00, 0x00,
  0x00, 0x00, 0x00, 0x00, 0x00, 0x00, 0x00, 0x00, 0x00, 0x00, 0x00, 0x00,
  0x00, 0x00, 0x00, 0x00, 0x00, 0x00, 0x00, 0x00, 0x00, 0x00, 0x00, 0x00,
  0x00, 0x00, 0x00, 0x00, 0x00, 0x00, 0x00, 0x00, 0x01, 0x00, 0x00, 0x00,
  0x00, 0x00, 0x00, 0x00, 0x00, 0x00, 0x00, 0x00, 0x00, 0x00, 0x00, 0x00,
  0x00, 0x00, 0x00, 0x00, 0x00, 0x00, 0x00, 0x00, 0x00, 0x00, 0x00, 0x00,
  0x00, 0x00, 0x00, 0x00, 0x00, 0x00, 0x00, 0x00, 0x00, 0x00, 0x00, 0x00,
  0x00, 0x00, 0x00, 0x00, 0x00, 0x00, 0x00, 0x00, 0x00, 0x00, 0x00, 0x00,
  0x00, 0x00, 0x00, 0x00, 0x00, 0x00, 0x00, 0x00, 0x00, 0x00, 0x00, 0x00,
  0x00, 0x00, 0x00, 0x00, 0x00, 0x00, 0x00, 0x00, 0x00, 0x00, 0x00, 0x00,
  0x00, 0x00, 0x00, 0x00, 0x00, 0x00, 0x00, 0x00, 0x00, 0x00, 0x00, 0x00,
  0x00, 0x00, 0x00, 0x00, 0x00, 0x00, 0x00, 0x00, 0x00, 0x00, 0x00, 0x00,
  0x00, 0x00, 0x00, 0x00, 0x00, 0x00, 0x00, 0x00, 0x00, 0x00, 0x00, 0x00,
  0x00, 0x00, 0x00, 0x00, 0x00, 0x00, 0x00, 0x00, 0x00, 0x00, 0x00, 0x00,
  0x00, 0x00, 0x00, 0x00, 0x00, 0x00, 0x00, 0x00, 0x00, 0x00, 0x00, 0x00,
  0x00, 0x00, 0x00, 0x00, 0x00, 0x00, 0x00, 0x00, 0x00, 0x00, 0x00, 0x00,
  0x00, 0x00, 0x00, 0x00, 0x00, 0x00, 0x00, 0x00, 0x00, 0x00, 0x00, 0x00,
  0x00, 0x00, 0x00, 0x00, 0x00, 0x00, 0x00, 0x00, 0x00, 0x00, 0x00, 0x00,
  0x00, 0x00, 0x00, 0x00, 0x00, 0x00, 0x00, 0x00, 0x00, 0x00, 0x00, 0x00,
  0x00, 0x00, 0x00, 0x00, 0x00, 0x00, 0x00, 0x00, 0x00, 0x00, 0x00, 0x00,
  0x00, 0x00, 0x00, 0x00, 0x00, 0x00, 0x00, 0x00, 0x00, 0x00, 0x00, 0x00,
  0x00, 0x00, 0x00, 0x00, 0x00, 0x00, 0x00, 0x00, 0x00, 0x00, 0x00, 0x00,
  0x00, 0x00, 0x00, 0x00, 0x00, 0x49, 0x00, 0x00, 0x99, 0x00, 0x00, 0x9a,
  0x00, 0x00, 0x9a, 0x00, 0x00, 0x9a, 0x00, 0x00, 0x9a, 0x00, 0x00, 0x9a,
  0x00, 0x00, 0x9a, 0x00, 0x00, 0x9a, 0x00, 0x00, 0x9c, 0x00, 0x00, 0x70,
  0x00, 0x00, 0x09, 0x00, 0x00, 0x11, 0x00, 0x00, 0x86, 0x00, 0x00, 0x9c,
  0x00, 0x00, 0x9a, 0x00, 0x00, 0x9a, 0x00, 0x00, 0x9a, 0x00, 0x00, 0x9a,
  0x00, 0x00, 0x9a, 0x00, 0x00, 0x9a, 0x00, 0x00, 0x9a, 0x00, 0x00, 0x9a,
  0x00, 0x00, 0x9b, 0x00, 0x00, 0x95, 0x00, 0x00, 0x27, 0x00, 0x00, 0x04,
  0x00, 0x00, 0x66, 0x00, 0x00, 0x9c, 0x00, 0x00, 0x9a, 0x00, 0x00, 0x9a,
  0x00, 0x00, 0x9a, 0x00, 0x00, 0x9a, 0x00, 0x00, 0x9a, 0x00, 0x00, 0x9a,
  0x00, 0x00, 0x9a, 0x00, 0x00, 0x9b, 0x00, 0x00, 0x93, 0x00, 0x00, 0x32,
  0x00, 0x00, 0x02, 0x00, 0x00, 0x6e, 0x00, 0x00, 0x9d, 0x00, 0x00, 0x9c,
  0x00, 0x00, 0x4c, 0x00, 0x00, 0x01, 0x00, 0x00, 0x59, 0x00, 0x00, 0x9b,
  0x00, 0x00, 0x9a, 0x00, 0x00, 0x9a, 0x00, 0x00, 0x9a, 0x00, 0x00, 0x9a,
  0x00, 0x00, 0x9a, 0x00, 0x00, 0x9a, 0x00, 0x00, 0x9a, 0x00, 0x00, 0x9a,
  0x00, 0x00, 0x9b, 0x00, 0x00, 0x97, 0x00, 0x00, 0x34, 0x00, 0x00, 0x00,
  0x00, 0x00, 0x00, 0x00, 0x00, 0x00, 0x00, 0x00, 0x00, 0x00, 0x00, 0x00,
  0x00, 0x00, 0x00, 0x00, 0x00, 0x00, 0x00, 0x00, 0x00, 0x00, 0x00, 0x00,
  0x00, 0x00, 0x00, 0x00, 0x00, 0x00, 0x00, 0x00, 0x00, 0x00, 0x00, 0x00,
  0x00, 0x00, 0x00, 0x00, 0x00, 0x00, 0x00, 0x00, 0x00, 0x00, 0x00, 0x00,
  0x00, 0x00, 0x00, 0x00, 0x00, 0x00, 0x00, 0x00, 0x00, 0x00, 0x00, 0x00,
  0x00, 0x00, 0x00, 0x00, 0x00, 0x00, 0x00, 0x00, 0x00, 0x00, 0x00, 0x00,
  0x00, 0x00, 0x00, 0x00, 0x00, 0x00, 0x00, 0x00, 0x00, 0x00, 0x00, 0x00,
  0x00, 0x00, 0x00, 0x00, 0x00, 0x00, 0x00, 0x00, 0x00, 0x00, 0x00, 0x00,
  0x00, 0x00, 0x00, 0x00, 0x00, 0x00, 0x00, 0x00, 0x00, 0x00, 0x00, 0x00,
  0x00, 0x00, 0x00, 0x00, 0x00, 0x00, 0x00, 0x00, 0x00, 0x00, 0x00, 0x00,
  0x00, 0x00, 0x00, 0x00, 0x00, 0x00, 0x00, 0x00, 0x00, 0x00, 0x00, 0x00,
  0x00, 0x00, 0x00, 0x00, 0x00, 0x00, 0x00, 0x00, 0x00, 0x00, 0x00, 0x00,
  0x00, 0x00, 0x00, 0x00, 0x00, 0x00, 0x00, 0x00, 0x00, 0x00, 0x00, 0x00,
  0x00, 0x00, 0x00, 0x00, 0x00, 0x00, 0x00, 0x00, 0x00, 0x00, 0x00, 0x00,
  0x00, 0x00, 0x00, 0x00, 0x00, 0x00, 0x00, 0x00, 0x00, 0x00, 0x00, 0x00,
  0x00, 0x00, 0x00, 0x00, 0x00, 0x00, 0x00, 0x00, 0x00, 0x00, 0x00, 0x00,
  0x00, 0x00, 0x00, 0x00, 0x00, 0x00, 0x00, 0x00, 0x00, 0x00, 0x00, 0x00,
  0x00, 0x00, 0x00, 0x00, 0x00, 0x00, 0x00, 0x00, 0x00, 0x00, 0x00, 0x00,
  0x00, 0x00, 0x3f, 0x00, 0x00, 0xe5, 0x00, 0x00, 0xff, 0x00, 0x00, 0xff,
  0x00, 0x00, 0xff, 0x00, 0x00, 0xff, 0x00, 0x00, 0xff, 0x00, 0x00, 0xff,
  0x00, 0x00, 0xff, 0x00, 0x00, 0xff, 0x00, 0x00, 0xff, 0x00, 0x00, 0xfc,
  0x00, 0x00, 0x79, 0x00, 0x00, 0x1f, 0x00, 0x00, 0xe2, 0x00, 0x00, 0xff,
  0x00, 0x00, 0xff, 0x00, 0x00, 0xff, 0x00, 0x00, 0xff, 0x00, 0x00, 0xff,
  0x00, 0x00, 0xff, 0x00, 0x00, 0xff, 0x00, 0x00, 0xff, 0x00, 0x00, 0xff,
  0x00, 0x00, 0xff, 0x00, 0x00, 0xfb, 0x00, 0x00, 0x3f, 0x00, 0x00, 0x40,
  0x00, 0x00, 0xf3, 0x00, 0x00, 0xff, 0x00, 0x00, 0xff, 0x00, 0x00, 0xff,
  0x00, 0x00, 0xff, 0x00, 0x00, 0xff, 0x00, 0x00, 0xff, 0x00, 0x00, 0xff,
  0x00, 0x00, 0xff, 0x00, 0x00, 0xff, 0x00, 0x00, 0xff, 0x00, 0x00, 0xb9,
  0x00, 0x00, 0x11, 0x00, 0x00, 0xb7, 0x00, 0x00, 0xff, 0x00, 0x00, 0xff,
  0x00, 0x00, 0x7e, 0x00, 0x00, 0x24, 0x00, 0x00, 0xe4, 0x00, 0x00, 0xff,
  0x00, 0x00, 0xff, 0x00, 0x00, 0xff, 0x00, 0x00, 0xff, 0x00, 0x00, 0xff,
  0x00, 0x00, 0xff, 0x00, 0x00, 0xff, 0x00, 0x00, 0xff, 0x00, 0x00, 0xff,
  0x00, 0x00, 0xff, 0x00, 0x00, 0xa8, 0x00, 0x00, 0x10, 0x00, 0x00, 0x00,
  0x00, 0x00, 0x00, 0x00, 0x00, 0x00, 0x00, 0x00, 0x00, 0x00, 0x00, 0x00,
  0x00, 0x00, 0x00, 0x00, 0x00, 0x00, 0x00, 0x00, 0x00, 0x00, 0x00, 0x00,
  0x00, 0x00, 0x00, 0x00, 0x00, 0x00, 0x00, 0x00, 0x00, 0x00, 0x00, 0x00,
  0x00, 0x00, 0x00, 0x00, 0x00, 0x00, 0x00, 0x00, 0x00, 0x00, 0x00, 0x00,
  0x00, 0x00, 0x00, 0x00, 0x00, 0x00, 0x00, 0x00, 0x00, 0x00, 0x00, 0x00,
  0x00, 0x00, 0x00, 0x00, 0x00, 0x00, 0x00, 0x00, 0x00, 0x00, 0x00, 0x00,
  0x00, 0x00, 0x00, 0x00, 0x00, 0x00, 0x00, 0x00, 0x00, 0x00, 0x00, 0x00,
  0x00, 0x00, 0x00, 0x00, 0x00, 0x00, 0x00, 0x00, 0x00, 0x00, 0x00, 0x00,
  0x00, 0x00, 0x00, 0x00, 0x00, 0x00, 0x00, 0x00, 0x00, 0x00, 0x00, 0x00,
  0x00, 0x00, 0x00, 0x00, 0x00, 0x00, 0x00, 0x00, 0x00, 0x00, 0x00, 0x00,
  0x00, 0x00, 0x00, 0x00, 0x00, 0x00, 0x00, 0x00, 0x00, 0x00, 0x00, 0x00,
  0x00, 0x00, 0x00, 0x00, 0x00, 0x00, 0x00, 0x00, 0x00, 0x00, 0x00, 0x00,
  0x00, 0x00, 0x00, 0x00, 0x00, 0x00, 0x00, 0x00, 0x00, 0x00, 0x00, 0x00,
  0x00, 0x00, 0x00, 0x00, 0x00, 0x00, 0x00, 0x00, 0x00, 0x00, 0x00, 0x00,
  0x00, 0x00, 0x00, 0x00, 0x00, 0x00, 0x00, 0x00, 0x00, 0x00, 0x00, 0x00,
  0x00, 0x00, 0x00, 0x00, 0x00, 0x00, 0x00, 0x00, 0x00, 0x00, 0x00, 0x00,
  0x00, 0x00, 0x00, 0x00, 0x00, 0x00, 0x00, 0x00, 0x00, 0x00, 0x00, 0x00,
  0x00, 0x00, 0x00, 0x00, 0x00, 0x00, 0x00, 0x00, 0x00, 0x00, 0x00, 0x00,
  0x00, 0x00, 0x73, 0x00, 0x00, 0xff, 0x00, 0x00, 0xff, 0x00, 0x00, 0xfc,
  0x00, 0x00, 0xeb, 0x00, 0x00, 0xe8, 0x00, 0x00, 0xe8, 0x00, 0x00, 0xe7,
  0x00, 0x00, 0xe8, 0x00, 0x00, 0xf7, 0x00, 0x00, 0xff, 0x00, 0x00, 0xff,
  0x00, 0x00, 0xb7, 0x00, 0x00, 0x24, 0x00, 0x00, 0xde, 0x00, 0x00, 0xff,
  0x00, 0x00, 0xfe, 0x00, 0x00, 0xed, 0x00, 0x00, 0xe6, 0x00, 0x00, 0xe6,
  0x00, 0x00, 0xe6, 0x00, 0x00, 0xe6, 0x00, 0x00, 0xe6, 0x00, 0x00, 0xe6,
  0x00, 0x00, 0xe7, 0x00, 0x00, 0xde, 0x00, 0x00, 0x36, 0x00, 0x00, 0x53,
  0x00, 0x00, 0xfd, 0x00, 0x00, 0xff, 0x00, 0x00, 0xfb, 0x00, 0x00, 0xe8,
  0x00, 0x00, 0xe6, 0x00, 0x00, 0xe6, 0x00, 0x00, 0xe6, 0x00, 0x00, 0xe6,
  0x00, 0x00, 0xe6, 0x00, 0x00, 0xe6, 0x00, 0x00, 0xe9, 0x00, 0x00, 0xba,
  0x00, 0x00, 0x15, 0x00, 0x00, 0xb4, 0x00, 0x00, 0xff, 0x00, 0x00, 0xff,
  0x00, 0x00, 0x7c, 0x00, 0x00, 0x2c, 0x00, 0x00, 0xee, 0x00, 0x00, 0xff,
  0x00, 0x00, 0xfd, 0x00, 0x00, 0xeb, 0x00, 0x00, 0xe6, 0x00, 0x00, 0xe6,
  0x00, 0x00, 0xe6, 0x00, 0x00, 0xe6, 0x00, 0x00, 0xe6, 0x00, 0x00, 0xe8,
  0x00, 0x00, 0xb9, 0x00, 0x00, 0x1d, 0x00, 0x00, 0x00, 0x00, 0x00, 0x00,
  0x00, 0x00, 0x00, 0x00, 0x00, 0x00, 0x00, 0x00, 0x00, 0x00, 0x00, 0x00,
  0x00, 0x00, 0x00, 0x00, 0x00, 0x00, 0x00, 0x00, 0x00, 0x00, 0x00, 0x00,
  0x00, 0x00, 0x00, 0x00, 0x00, 0x00, 0x00, 0x00, 0x00, 0x00, 0x00, 0x00,
  0x00, 0x00, 0x00, 0x00, 0x00, 0x00, 0x00, 0x00, 0x00, 0x00, 0x00, 0x00,
  0x00, 0x00, 0x00, 0x00, 0x00, 0x00, 0x00, 0x00, 0x00, 0x00, 0x00, 0x00,
  0x00, 0x00, 0x00, 0x00, 0x00, 0x00, 0x00, 0x00, 0x00, 0x00, 0x00, 0x00,
  0x00, 0x00, 0x00, 0x00, 0x00, 0x00, 0x00, 0x00, 0x00, 0x00, 0x00, 0x00,
  0x00, 0x00, 0x00, 0x00, 0x00, 0x00, 0x00, 0x00, 0x00, 0x00, 0x00, 0x00,
  0x00, 0x00, 0x00, 0x00, 0x00, 0x00, 0x00, 0x00, 0x00, 0x00, 0x00, 0x00,
  0x00, 0x00, 0x00, 0x00, 0x00, 0x00, 0x00, 0x00, 0x00, 0x00, 0x00, 0x00,
  0x00, 0x00, 0x00, 0x00, 0x00, 0x00, 0x00, 0x00, 0x00, 0x00, 0x00, 0x00,
  0x00, 0x00, 0x00, 0x00, 0x00, 0x00, 0x00, 0x00, 0x00, 0x00, 0x00, 0x00,
  0x00, 0x00, 0x00, 0x00, 0x00, 0x00, 0x00, 0x00, 0x00, 0x00, 0x00, 0x00,
  0x00, 0x00, 0x00, 0x00, 0x00, 0x00, 0x00, 0x00, 0x00, 0x00, 0x00, 0x00,
  0x00, 0x00, 0x00, 0x00, 0x00, 0x00, 0x00, 0x00, 0x00, 0x00, 0x00, 0x00,
  0x00, 0x00, 0x00, 0x00, 0x00, 0x00, 0x00, 0x00, 0x00, 0x00, 0x00, 0x00,
  0x00, 0x00, 0x00, 0x00, 0x00, 0x00, 0x00, 0x00, 0x00, 0x00, 0x00, 0x00,
  0x00, 0x00, 0x00, 0x00, 0x00, 0x00, 0x00, 0x00, 0x00, 0x00, 0x00, 0x00,
  0x00, 0x00, 0x72, 0x00, 0x00, 0xff, 0x00, 0x00, 0xff, 0x00, 0x00, 0xcf,
  0x00, 0x00, 0x30, 0x00, 0x00, 0x23, 0x00, 0x00, 0x23, 0x00, 0x00, 0x23,
  0x00, 0x00, 0x20, 0x00, 0x00, 0x94, 0x00, 0x00, 0xff, 0x00, 0x00, 0xff,
  0x00, 0x00, 0xb5, 0x00, 0x00, 0x24, 0x00, 0x00, 0xde, 0x00, 0x00, 0xff,
  0x00, 0x00, 0xfb, 0x00, 0x00, 0x66, 0x00, 0x00, 0x24, 0x00, 0x00, 0x27,
  0x00, 0x00, 0x27, 0x00, 0x00, 0x27, 0x00, 0x00, 0x27, 0x00, 0x00, 0x27,
  0x00, 0x00, 0x27, 0x00, 0x00, 0x26, 0x00, 0x00, 0x06, 0x00, 0x00, 0x54,
  0x00, 0x00, 0xfc, 0x00, 0x00, 0xff, 0x00, 0x00, 0xdb, 0x00, 0x00, 0x38,
  0x00, 0x00, 0x26, 0x00, 0x00, 0x27, 0x00, 0x00, 0x27, 0x00, 0x00, 0x27,
  0x00, 0x00, 0x27, 0x00, 0x00, 0x27, 0x00, 0x00, 0x28, 0x00, 0x00, 0x1f,
  0x00, 0x00, 0x08, 0x00, 0x00, 0xb5, 0x00, 0x00, 0xff, 0x00, 0x00, 0xff,
  0x00, 0x00, 0x7c, 0x00, 0x00, 0x2b, 0x00, 0x00, 0xed, 0x00, 0x00, 0xff,
  0x00, 0x00, 0xf0, 0x00, 0x00, 0x4e, 0x00, 0x00, 0x25, 0x00, 0x00, 0x27,
  0x00, 0x00, 0x27, 0x00, 0x00, 0x27, 0x00, 0x00, 0x27, 0x00, 0x00, 0x28,
  0x00, 0x00, 0x15, 0x00, 0x00, 0x00, 0x00, 0x00, 0x00, 0x00, 0x00, 0x00,
  0x00, 0x00, 0x00, 0x00, 0x00, 0x00, 0x00, 0x00, 0x00, 0x00, 0x00, 0x00,
  0x00, 0x00, 0x00, 0x00, 0x00, 0x00, 0x00, 0x00, 0x00, 0x00, 0x00, 0x00,
  0x00, 0x00, 0x00, 0x00, 0x00, 0x00, 0x00, 0x00, 0x00, 0x00, 0x00, 0x00,
  0x00, 0x00, 0x00, 0x00, 0x00, 0x00, 0x00, 0x00, 0x00, 0x00, 0x00, 0x00,
  0x00, 0x00, 0x00, 0x00, 0x00, 0x00, 0x00, 0x00, 0x00, 0x00, 0x00, 0x00,
  0x00, 0x00, 0x00, 0x00, 0x00, 0x00, 0x00, 0x00, 0x00, 0x00, 0x00, 0x00,
  0x00, 0x00, 0x00, 0x00, 0x00, 0x00, 0x00, 0x00, 0x00, 0x00, 0x00, 0x00,
  0x00, 0x00, 0x00, 0x00, 0x00, 0x00, 0x00, 0x00, 0x00, 0x00, 0x00, 0x00,
  0x00, 0x00, 0x00, 0x00, 0x00, 0x00, 0x00, 0x00, 0x00, 0x00, 0x00, 0x00,
  0x00, 0x00, 0x00, 0x00, 0x00, 0x00, 0x00, 0x00, 0x00, 0x00, 0x00, 0x00,
  0x00, 0x00, 0x00, 0x00, 0x00, 0x00, 0x00, 0x00, 0x00, 0x00, 0x00, 0x00,
  0x00, 0x00, 0x00, 0x00, 0x00, 0x00, 0x00, 0x00, 0x00, 0x00, 0x00, 0x00,
  0x00, 0x00, 0x00, 0x00, 0x00, 0x00, 0x00, 0x00, 0x00, 0x00, 0x00, 0x00,
  0x00, 0x00, 0x00, 0x00, 0x00, 0x00, 0x00, 0x00, 0x00, 0x00, 0x00, 0x00,
  0x00, 0x00, 0x00, 0x00, 0x00, 0x00, 0x00, 0x00, 0x00, 0x00, 0x00, 0x00,
  0x00, 0x00, 0x00, 0x00, 0x00, 0x00, 0x00, 0x00, 0x00, 0x00, 0x00, 0x00,
  0x00, 0x00, 0x00, 0x00, 0x00, 0x00, 0x00, 0x00, 0x00, 0x00, 0x00, 0x00,
  0x00, 0x00, 0x00, 0x00, 0x00, 0x00, 0x00, 0x00, 0x00, 0x00, 0x00, 0x00,
  0x00, 0x00, 0x72, 0x00, 0x00, 0xff, 0x00, 0x00, 0xff, 0x00, 0x00, 0xd6,
  0x00, 0x00, 0x59, 0x00, 0x00, 0x51, 0x00, 0x00, 0x51, 0x00, 0x00, 0x51,
  0x00, 0x00, 0x50, 0x00, 0x00, 0xa6, 0x00, 0x00, 0xff, 0x00, 0x00, 0xff,
  0x00, 0x00, 0xb6, 0x00, 0x00, 0x24, 0x00, 0x00, 0xde, 0x00, 0x00, 0xff,
  0x00, 0x00, 0xfd, 0x00, 0x00, 0xbe, 0x00, 0x00, 0xa1, 0x00, 0x00, 0xa3,
  0x00, 0x00, 0xa3, 0x00, 0x00, 0xa3, 0x00, 0x00, 0xa3, 0x00, 0x00, 0xa3,
  0x00, 0x00, 0xa3, 0x00, 0x00, 0x9d, 0x00, 0x00, 0x25, 0x00, 0x00, 0x53,
  0x00, 0x00, 0xfc, 0x00, 0x00, 0xff, 0x00, 0x00, 0xd4, 0x00, 0x00, 0x18,
  0x00, 0x00, 0x74, 0x00, 0x00, 0xa7, 0x00, 0x00, 0xa5, 0x00, 0x00, 0xa5,
  0x00, 0x00, 0xa5, 0x00, 0x00, 0xa5, 0x00, 0x00, 0xa7, 0x00, 0x00, 0x83,
  0x00, 0x00, 0x10, 0x00, 0x00, 0xb4, 0x00, 0x00, 0xff, 0x00, 0x00, 0xff,
  0x00, 0x00, 0x7c, 0x00, 0x00, 0x2b, 0x00, 0x00, 0xed, 0x00, 0x00, 0xff,
  0x00, 0x00, 0xf8, 0x00, 0x00, 0xb3, 0x00, 0x00, 0xa2, 0x00, 0x00, 0xa3,
  0x00, 0x00, 0xa3, 0x00, 0x00, 0xa3, 0x00, 0x00, 0xa3, 0x00, 0x00, 0xa3,
  0x00, 0x00, 0xa5, 0x00, 0x00, 0x96, 0x00, 0x00, 0x1a, 0x00, 0x00, 0x00,
  0x00, 0x00, 0x00, 0x00, 0x00, 0x00, 0x00, 0x00, 0x00, 0x00, 0x00, 0x00,
  0x00, 0x00, 0x00, 0x00, 0x00, 0x00, 0x00, 0x00, 0x00, 0x00, 0x00, 0x00,
  0x00, 0x00, 0x00, 0x00, 0x00, 0x00, 0x00, 0x00, 0x00, 0x00, 0x00, 0x00,
  0x00, 0x00, 0x00, 0x00, 0x00, 0x00, 0x00, 0x00, 0x00, 0x00, 0x00, 0x00,
  0x00, 0x00, 0x00, 0x00, 0x00, 0x00, 0x00, 0x00, 0x00, 0x00, 0x00, 0x00,
  0x00, 0x00, 0x00, 0x00, 0x00, 0x00, 0x00, 0x00, 0x00, 0x00, 0x00, 0x00,
  0x00, 0x00, 0x00, 0x00, 0x00, 0x00, 0x00, 0x00, 0x00, 0x00, 0x00, 0x00,
  0x00, 0x00, 0x00, 0x00, 0x00, 0x00, 0x00, 0x00, 0x00, 0x00, 0x00, 0x00,
  0x00, 0x00, 0x00, 0x00, 0x00, 0x00, 0x00, 0x00, 0x00, 0x00, 0x00, 0x00,
  0x00, 0x00, 0x00, 0x00, 0x00, 0x00, 0x00, 0x00, 0x00, 0x00, 0x00, 0x00,
  0x00, 0x00, 0x00, 0x00, 0x00, 0x00, 0x00, 0x00, 0x00, 0x00, 0x00, 0x00,
  0x00, 0x00, 0x00, 0x00, 0x00, 0x00, 0x00, 0x00, 0x00, 0x00, 0x00, 0x00,
  0x00, 0x00, 0x00, 0x00, 0x00, 0x00, 0x00, 0x00, 0x00, 0x00, 0x00, 0x00,
  0x00, 0x00, 0x00, 0x00, 0x00, 0x00, 0x00, 0x00, 0x00, 0x00, 0x00, 0x00,
  0x00, 0x00, 0x00, 0x00, 0x00, 0x00, 0x00, 0x00, 0x00, 0x00, 0x00, 0x00,
  0x00, 0x00, 0x00, 0x00, 0x00, 0x00, 0x00, 0x00, 0x00, 0x00, 0x00, 0x00,
  0x00, 0x00, 0x00, 0x00, 0x00, 0x00, 0x00, 0x00, 0x00, 0x00, 0x00, 0x00,
  0x00, 0x00, 0x00, 0x00, 0x00, 0x00, 0x00, 0x00, 0x00, 0x00, 0x00, 0x00,
  0x00, 0x00, 0x72, 0x00, 0x00, 0xff, 0x00, 0x00, 0xff, 0x00, 0x00, 0xfe,
  0x00, 0x00, 0xfc, 0x00, 0x00, 0xfc, 0x00, 0x00, 0xfc, 0x00, 0x00, 0xfd,
  0x00, 0x00, 0xee, 0x00, 0x00, 0xcf, 0x00, 0x00, 0xff, 0x00, 0x00, 0xff,
  0x00, 0x00, 0xb6, 0x00, 0x00, 0x24, 0x00, 0x00, 0xde, 0x00, 0x00, 0xff,
  0x00, 0x00, 0xff, 0x00, 0x00, 0xff, 0x00, 0x00, 0xff, 0x00, 0x00, 0xff,
  0x00, 0x00, 0xff, 0x00, 0x00, 0xff, 0x00, 0x00, 0xff, 0x00, 0x00, 0xff,
  0x00, 0x00, 0xff, 0x00, 0x00, 0xfc, 0x00, 0x00, 0x3e, 0x00, 0x00, 0x51,
  0x00, 0x00, 0xfc, 0x00, 0x00, 0xff, 0x00, 0x00, 0xd5, 0x00, 0x00, 0x1c,
  0x00, 0x00, 0xba, 0x00, 0x00, 0xff, 0x00, 0x00, 0xff, 0x00, 0x00, 0xff,
  0x00, 0x00, 0xff, 0x00, 0x00, 0xff, 0x00, 0x00, 0xff, 0x00, 0x00, 0xcf,
  0x00, 0x00, 0x16, 0x00, 0x00, 0xb4, 0x00, 0x00, 0xff, 0x00, 0x00, 0xff,
  0x00, 0x00, 0x7c, 0x00, 0x00, 0x2c, 0x00, 0x00, 0xef, 0x00, 0x00, 0xff,
  0x00, 0x00, 0xff, 0x00, 0x00, 0xff, 0x00, 0x00, 0xff, 0x00, 0x00, 0xff,
  0x00, 0x00, 0xff, 0x00, 0x00, 0xff, 0x00, 0x00, 0xff, 0x00, 0x00, 0xff,
  0x00, 0x00, 0xff, 0x00, 0x00, 0xeb, 0x00, 0x00, 0x28, 0x00, 0x00, 0x00,
  0x00, 0x00, 0x00, 0x00, 0x00, 0x00, 0x00, 0x00, 0x00, 0x00, 0x00, 0x00,
  0x00, 0x00, 0x00, 0x00, 0x00, 0x00, 0x00, 0x00, 0x00, 0x00, 0x00, 0x00,
  0x00, 0x00, 0x00, 0x00, 0x00, 0x00, 0x00, 0x00, 0x00, 0x00, 0x00, 0x00,
  0x00, 0x00, 0x00, 0x00, 0x00, 0x00, 0x00, 0x00, 0x00, 0x00, 0x00, 0x00,
  0x00, 0x00, 0x00, 0x00, 0x00, 0x00, 0x00, 0x00, 0x00, 0x00, 0x00, 0x00,
  0x00, 0x00, 0x00, 0x00, 0x00, 0x00, 0x00, 0x00, 0x00, 0x00, 0x00, 0x00,
  0x00, 0x00, 0x00, 0x00, 0x00, 0x00, 0x00, 0x00, 0x00, 0x00, 0x00, 0x00,
  0x00, 0x00, 0x00, 0x00, 0x00, 0x00, 0x00, 0x00, 0x00, 0x00, 0x00, 0x00,
  0x00, 0x00, 0x00, 0x00, 0x00, 0x00, 0x00, 0x00, 0x00, 0x00, 0x00, 0x00,
  0x00, 0x00, 0x00, 0x00, 0x00, 0x00, 0x00, 0x00, 0x00, 0x00, 0x00, 0x00,
  0x00, 0x00, 0x00, 0x00, 0x00, 0x00, 0x00, 0x00, 0x00, 0x00, 0x00, 0x00,
  0x00, 0x00, 0x00, 0x00, 0x00, 0x00, 0x00, 0x00, 0x00, 0x00, 0x00, 0x00,
  0x00, 0x00, 0x00, 0x00, 0x00, 0x00, 0x00, 0x00, 0x00, 0x00, 0x00, 0x00,
  0x00, 0x00, 0x00, 0x00, 0x00, 0x00, 0x00, 0x00, 0x00, 0x00, 0x00, 0x00,
  0x00, 0x00, 0x00, 0x00, 0x00, 0x00, 0x00, 0x00, 0x00, 0x00, 0x00, 0x00,
  0x00, 0x00, 0x00, 0x00, 0x00, 0x00, 0x00, 0x00, 0x00, 0x00, 0x00, 0x00,
  0x00, 0x00, 0x00, 0x00, 0x00, 0x00, 0x00, 0x00, 0x00, 0x00, 0x00, 0x00,
  0x00, 0x00, 0x00, 0x00, 0x00, 0x00, 0x00, 0x00, 0x00, 0x00, 0x00, 0x00,
  0x00, 0x00, 0x72, 0x00, 0x00, 0xff, 0x00, 0x00, 0xff, 0x00, 0x00, 0xff,
  0x00, 0x00, 0xff, 0x00, 0x00, 0xff, 0x00, 0x00, 0xff, 0x00, 0x00, 0xfc,
  0x00, 0x00, 0x81, 0x00, 0x00, 0x80, 0x00, 0x00, 0xff, 0x00, 0x00, 0xff,
  0x00, 0x00, 0xb6, 0x00, 0x00, 0x24, 0x00, 0x00, 0xde, 0x00, 0x00, 0xff,
  0x00, 0x00, 0xfe, 0x00, 0x00, 0xe9, 0x00, 0x00, 0xdf, 0x00, 0x00, 0xdf,
  0x00, 0x00, 0xdf, 0x00, 0x00, 0xdf, 0x00, 0x00, 0xdf, 0x00, 0x00, 0xdf,
  0x00, 0x00, 0xe0, 0x00, 0x00, 0xd7, 0x00, 0x00, 0x35, 0x00, 0x00, 0x52,
  0x00, 0x00, 0xfc, 0x00, 0x00, 0xff, 0x00, 0x00, 0xd5, 0x00, 0x00, 0x1b,
  0x00, 0x00, 0x9b, 0x00, 0x00, 0xe0, 0x00, 0x00, 0xdd, 0x00, 0x00, 0xdc,
  0x00, 0x00, 0xeb, 0x00, 0x00, 0xff, 0x00, 0x00, 0xff, 0x00, 0x00, 0xcc,
  0x00, 0x00, 0x16, 0x00, 0x00, 0xb4, 0x00, 0x00, 0xff, 0x00, 0x00, 0xff,
  0x00, 0x00, 0x7c, 0x00, 0x00, 0x25, 0x00, 0x00, 0xcf, 0x00, 0x00, 0xe0,
  0x00, 0x00, 0xdf, 0x00, 0x00, 0xdf, 0x00, 0x00, 0xdf, 0x00, 0x00, 0xdf,
  0x00, 0x00, 0xdf, 0x00, 0x00, 0xdf, 0x00, 0x00, 0xe7, 0x00, 0x00, 0xfe,
  0x00, 0x00, 0xff, 0x00, 0x00, 0xe7, 0x00, 0x00, 0x28, 0x00, 0x00, 0x00,
  0x00, 0x00, 0x00, 0x00, 0x00, 0x00, 0x00, 0x00, 0x00, 0x00, 0x00, 0x00,
  0x00, 0x00, 0x00, 0x00, 0x00, 0x00, 0x00, 0x00, 0x00, 0x00, 0x00, 0x00,
  0x00, 0x00, 0x00, 0x00, 0x00, 0x00, 0x00, 0x00, 0x00, 0x00, 0x00, 0x00,
  0x00, 0x00, 0x00, 0x00, 0x00, 0x00, 0x00, 0x00, 0x00, 0x00, 0x00, 0x00,
  0x00, 0x00, 0x00, 0x00, 0x00, 0x00, 0x00, 0x00, 0x00, 0x00, 0x00, 0x00,
  0x00, 0x00, 0x00, 0x00, 0x00, 0x00, 0x00, 0x00, 0x00, 0x00, 0x00, 0x00,
  0x00, 0x00, 0x00, 0x00, 0x00, 0x00, 0x00, 0x00, 0x00, 0x00, 0x00, 0x00,
  0x00, 0x00, 0x00, 0x00, 0x00, 0x00, 0x00, 0x00, 0x00, 0x00, 0x00, 0x00,
  0x00, 0x00, 0x00, 0x00, 0x00, 0x00, 0x00, 0x00, 0x00, 0x00, 0x00, 0x00,
  0x00, 0x00, 0x00, 0x00, 0x00, 0x00, 0x00, 0x00, 0x00, 0x00, 0x00, 0x00,
  0x00, 0x00, 0x00, 0x00, 0x00, 0x00, 0x00, 0x00, 0x00, 0x00, 0x00, 0x00,
  0x00, 0x00, 0x00, 0x00, 0x00, 0x00, 0x00, 0x00, 0x00, 0x00, 0x00, 0x00,
  0x00, 0x00, 0x00, 0x00, 0x00, 0x00, 0x00, 0x00, 0x00, 0x00, 0x00, 0x00,
  0x00, 0x00, 0x00, 0x00, 0x00, 0x00, 0x00, 0x00, 0x00, 0x00, 0x00, 0x00,
  0x00, 0x00, 0x00, 0x00, 0x00, 0x00, 0x00, 0x00, 0x00, 0x00, 0x00, 0x00,
  0x00, 0x00, 0x00, 0x00, 0x00, 0x00, 0x00, 0x00, 0x00, 0x00, 0x00, 0x00,
  0x00, 0x00, 0x00, 0x00, 0x00, 0x00, 0x00, 0x00, 0x00, 0x00, 0x00, 0x00,
  0x00, 0x00, 0x00, 0x00, 0x00, 0x00, 0x00, 0x00, 0x00, 0x00, 0x00, 0x00,
  0x00, 0x00, 0x72, 0x00, 0x00, 0xff, 0x00, 0x00, 0xff, 0x00, 0x00, 0xd9,
  0x00, 0x00, 0x68, 0x00, 0x00, 0x61, 0x00, 0x00, 0x62, 0x00, 0x00, 0x57,
  0x00, 0x00, 0x0b, 0x00, 0x00, 0x7b, 0x00, 0x00, 0xff, 0x00, 0x00, 0xff,
  0x00, 0x00, 0xb6, 0x00, 0x00, 0x24, 0x00, 0x00, 0xde, 0x00, 0x00, 0xff,
  0x00, 0x00, 0xfb, 0x00, 0x00, 0x64, 0x00, 0x00, 0x20, 0x00, 0x00, 0x23,
  0x00, 0x00, 0x23, 0x00, 0x00, 0x23, 0x00, 0x00, 0x23, 0x00, 0x00, 0x23,
  0x00, 0x00, 0x24, 0x00, 0x00, 0x22, 0x00, 0x00, 0x05, 0x00, 0x00, 0x54,
  0x00, 0x00, 0xfc, 0x00, 0x00, 0xff, 0x00, 0x00, 0xd6, 0x00, 0x00, 0x1b,
  0x00, 0x00, 0x17, 0x00, 0x00, 0x22, 0x00, 0x00, 0x22, 0x00, 0x00, 0x1e,
  0x00, 0x00, 0x77, 0x00, 0x00, 0xff, 0x00, 0x00, 0xff, 0x00, 0x00, 0xcc,
  0x00, 0x00, 0x16, 0x00, 0x00, 0xb4, 0x00, 0x00, 0xff, 0x00, 0x00, 0xff,
  0x00, 0x00, 0x7e, 0x00, 0x00, 0x03, 0x00, 0x00, 0x21, 0x00, 0x00, 0x24,
  0x00, 0x00, 0x23, 0x00, 0x00, 0x23, 0x00, 0x00, 0x23, 0x00, 0x00, 0x23,
  0x00, 0x00, 0x23, 0x00, 0x00, 0x20, 0x00, 0x00, 0x59, 0x00, 0x00, 0xf6,
  0x00, 0x00, 0xff, 0x00, 0x00, 0xe7, 0x00, 0x00, 0x28, 0x00, 0x00, 0x00,
  0x00, 0x00, 0x00, 0x00, 0x00, 0x00, 0x00, 0x00, 0x00, 0x00, 0x00, 0x00,
  0x00, 0x00, 0x00, 0x00, 0x00, 0x00, 0x00, 0x00, 0x00, 0x00, 0x00, 0x00,
  0x00, 0x00, 0x00, 0x00, 0x00, 0x00, 0x00, 0x00, 0x00, 0x00, 0x00, 0x00,
  0x00, 0x00, 0x00, 0x00, 0x00, 0x00, 0x00, 0x00, 0x00, 0x00, 0x00, 0x00,
  0x00, 0x00, 0x00, 0x00, 0x00, 0x00, 0x00, 0x00, 0x00, 0x00, 0x00, 0x00,
  0x00, 0x00, 0x00, 0x00, 0x00, 0x00, 0x00, 0x00, 0x00, 0x00, 0x00, 0x00,
  0x00, 0x00, 0x00, 0x00, 0x00, 0x00, 0x00, 0x00, 0x00, 0x00, 0x00, 0x00,
  0x00, 0x00, 0x00, 0x00, 0x00, 0x00, 0x00, 0x00, 0x00, 0x00, 0x00, 0x00,
  0x00, 0x00, 0x00, 0x00, 0x00, 0x00, 0x00, 0x00, 0x00, 0x00, 0x00, 0x00,
  0x00, 0x00, 0x00, 0x00, 0x00, 0x00, 0x00, 0x00, 0x00, 0x00, 0x00, 0x00,
  0x00, 0x00, 0x00, 0x00, 0x00, 0x00, 0x00, 0x00, 0x00, 0x00, 0x00, 0x00,
  0x00, 0x00, 0x00, 0x00, 0x00, 0x00, 0x00, 0x00, 0x00, 0x00, 0x00, 0x00,
  0x00, 0x00, 0x00, 0x00, 0x00, 0x00, 0x00, 0x00, 0x00, 0x00, 0x00, 0x00,
  0x00, 0x00, 0x00, 0x00, 0x00, 0x00, 0x00, 0x00, 0x00, 0x00, 0x00, 0x00,
  0x00, 0x00, 0x00, 0x00, 0x00, 0x00, 0x00, 0x00, 0x00, 0x00, 0x00, 0x00,
  0x00, 0x00, 0x00, 0x00, 0x00, 0x00, 0x00, 0x00, 0x00, 0x00, 0x00, 0x00,
  0x00, 0x00, 0x00, 0x00, 0x00, 0x00, 0x00, 0x00, 0x00, 0x00, 0x00, 0x00,
  0x00, 0x00, 0x00, 0x00, 0x00, 0x00, 0x00, 0x00, 0x00, 0x00, 0x00, 0x00,
  0x00, 0x00, 0x72, 0x00, 0x00, 0xff, 0x00, 0x00, 0xff, 0x00, 0x00, 0xc1,
  0x00, 0x00, 0x06, 0x00, 0x00, 0x00, 0x00, 0x00, 0x00, 0x00, 0x00, 0x00,
  0x00, 0x00, 0x00, 0x00, 0x00, 0x7d, 0x00, 0x00, 0xff, 0x00, 0x00, 0xff,
  0x00, 0x00, 0xb6, 0x00, 0x00, 0x24, 0x00, 0x00, 0xde, 0x00, 0x00, 0xff,
  0x00, 0x00, 0xfd, 0x00, 0x00, 0xc6, 0x00, 0x00, 0xae, 0x00, 0x00, 0xaf,
  0x00, 0x00, 0xaf, 0x00, 0x00, 0xaf, 0x00, 0x00, 0xaf, 0x00, 0x00, 0xaf,
  0x00, 0x00, 0xb0, 0x00, 0x00, 0xa9, 0x00, 0x00, 0x28, 0x00, 0x00, 0x53,
  0x00, 0x00, 0xfc, 0x00, 0x00, 0xff, 0x00, 0x00, 0xf2, 0x00, 0x00, 0xb9,
  0x00, 0x00, 0xb1, 0x00, 0x00, 0xb1, 0x00, 0x00, 0xb1, 0x00, 0x00, 0xb0,
  0x00, 0x00, 0xcf, 0x00, 0x00, 0xff, 0x00, 0x00, 0xff, 0x00, 0x00, 0xcc,
  0x00, 0x00, 0x16, 0x00, 0x00, 0xb4, 0x00, 0x00, 0xff, 0x00, 0x00, 0xff,
  0x00, 0x00, 0x7c, 0x00, 0x00, 0x22, 0x00, 0x00, 0xa5, 0x00, 0x00, 0xb0,
  0x00, 0x00, 0xaf, 0x00, 0x00, 0xaf, 0x00, 0x00, 0xaf, 0x00, 0x00, 0xaf,
  0x00, 0x00, 0xaf, 0x00, 0x00, 0xae, 0x00, 0x00, 0xc2, 0x00, 0x00, 0xfc,
  0x00, 0x00, 0xff, 0x00, 0x00, 0xe8, 0x00, 0x00, 0x28, 0x00, 0x00, 0x00,
  0x00, 0x00, 0x00, 0x00, 0x00, 0x00, 0x00, 0x00, 0x00, 0x00, 0x00, 0x00,
  0x00, 0x00, 0x00, 0x00, 0x00, 0x00, 0x00, 0x00, 0x00, 0x00, 0x00, 0x00,
  0x00, 0x00, 0x00, 0x00, 0x00, 0x00, 0x00, 0x00, 0x00, 0x00, 0x00, 0x00,
  0x00, 0x00, 0x00, 0x00, 0x00, 0x00, 0x00, 0x00, 0x00, 0x00, 0x00, 0x00,
  0x00, 0x00, 0x00, 0x00, 0x00, 0x00, 0x00, 0x00, 0x00, 0x00, 0x00, 0x00,
  0x00, 0x00, 0x00, 0x00, 0x00, 0x00, 0x00, 0x00, 0x00, 0x00, 0x00, 0x00,
  0x00, 0x00, 0x00, 0x00, 0x00, 0x00, 0x00, 0x00, 0x00, 0x00, 0x00, 0x00,
  0x00, 0x00, 0x00, 0x00, 0x00, 0x00, 0x00, 0x00, 0x00, 0x00, 0x00, 0x00,
  0x00, 0x00, 0x00, 0x00, 0x00, 0x00, 0x00, 0x00, 0x00, 0x00, 0x00, 0x00,
  0x00, 0x00, 0x00, 0x00, 0x00, 0x00, 0x00, 0x00, 0x00, 0x00, 0x00, 0x00,
  0x00, 0x00, 0x00, 0x00, 0x00, 0x00, 0x00, 0x00, 0x00, 0x00, 0x00, 0x00,
  0x00, 0x00, 0x00, 0x00, 0x00, 0x00, 0x00, 0x00, 0x00, 0x00, 0x00, 0x00,
  0x00, 0x00, 0x00, 0x00, 0x00, 0x00, 0x00, 0x00, 0x00, 0x00, 0x00, 0x00,
  0x00, 0x00, 0x00, 0x00, 0x00, 0x00, 0x00, 0x00, 0x00, 0x00, 0x00, 0x00,
  0x00, 0x00, 0x00, 0x00, 0x00, 0x00, 0x00, 0x00, 0x00, 0x00, 0x00, 0x00,
  0x00, 0x00, 0x00, 0x00, 0x00, 0x00, 0x00, 0x00, 0x00, 0x00, 0x00, 0x00,
  0x00, 0x00, 0x00, 0x00, 0x00, 0x00, 0x00, 0x00, 0x00, 0x00, 0x00, 0x00,
  0x00, 0x00, 0x00, 0x00, 0x00, 0x00, 0x00, 0x00, 0x00, 0x00, 0x00, 0x00,
  0x00, 0x00, 0x73, 0x00, 0x00, 0xff, 0x00, 0x00, 0xff, 0x00, 0x00, 0xc3,
  0x00, 0x00, 0x0b, 0x00, 0x00, 0x00, 0x00, 0x00, 0x00, 0x00, 0x00, 0x00,
  0x00, 0x00, 0x00, 0x00, 0x00, 0x7e, 0x00, 0x00, 0xff, 0x00, 0x00, 0xff,
  0x00, 0x00, 0xb8, 0x00, 0x00, 0x25, 0x00, 0x00, 0xe0, 0x00, 0x00, 0xff,
  0x00, 0x00, 0xff, 0x00, 0x00, 0xff, 0x00, 0x00, 0xff, 0x00, 0x00, 0xff,
  0x00, 0x00, 0xff, 0x00, 0x00, 0xff, 0x00, 0x00, 0xff, 0x00, 0x00, 0xff,
  0x00, 0x00, 0xff, 0x00, 0x00, 0xfc, 0x00, 0x00, 0x3e, 0x00, 0x00, 0x4d,
  0x00, 0x00, 0xfd, 0x00, 0x00, 0xff, 0x00, 0x00, 0xff, 0x00, 0x00, 0xff,
  0x00, 0x00, 0xff, 0x00, 0x00, 0xff, 0x00, 0x00, 0xff, 0x00, 0x00, 0xff,
  0x00, 0x00, 0xff, 0x00, 0x00, 0xff, 0x00, 0x00, 0xff, 0x00, 0x00, 0xc9,
  0x00, 0x00, 0x14, 0x00, 0x00, 0xb6, 0x00, 0x00, 0xff, 0x00, 0x00, 0xff,
  0x00, 0x00, 0x7c, 0x00, 0x00, 0x35, 0x00, 0x00, 0xf7, 0x00, 0x00, 0xff,
  0x00, 0x00, 0xff, 0x00, 0x00, 0xff, 0x00, 0x00, 0xff, 0x00, 0x00, 0xff,
  0x00, 0x00, 0xff, 0x00, 0x00, 0xff, 0x00, 0x00, 0xff, 0x00, 0x00, 0xff,
  0x00, 0x00, 0xff, 0x00, 0x00, 0xe8, 0x00, 0x00, 0x26, 0x00, 0x00, 0x00,
  0x00, 0x00, 0x00, 0x00, 0x00, 0x00, 0x00, 0x00, 0x00, 0x00, 0x00, 0x00,
  0x00, 0x00, 0x00, 0x00, 0x00, 0x00, 0x00, 0x00, 0x00, 0x00, 0x00, 0x00,
  0x00, 0x00, 0x00, 0x00, 0x00, 0x00, 0x00, 0x00, 0x00, 0x00, 0x00, 0x00,
  0x00, 0x00, 0x00, 0x00, 0x00, 0x00, 0x00, 0x00, 0x00, 0x00, 0x00, 0x00,
  0x00, 0x00, 0x00, 0x00, 0x00, 0x00, 0x00, 0x00, 0x00, 0x00, 0x00, 0x00,
  0x00, 0x00, 0x00, 0x00, 0x00, 0x00, 0x00, 0x00, 0x00, 0x00, 0x00, 0x00,
  0x00, 0x00, 0x00, 0x00, 0x00, 0x00, 0x00, 0x00, 0x00, 0x00, 0x00, 0x00,
  0x00, 0x00, 0x00, 0x00, 0x00, 0x00, 0x00, 0x00, 0x00, 0x00, 0x00, 0x00,
  0x00, 0x00, 0x00, 0x00, 0x00, 0x00, 0x00, 0x00, 0x00, 0x00, 0x00, 0x00,
  0x00, 0x00, 0x00, 0x00, 0x00, 0x00, 0x00, 0x00, 0x00, 0x00, 0x00, 0x00,
  0x00, 0x00, 0x00, 0x00, 0x00, 0x00, 0x00, 0x00, 0x00, 0x00, 0x00, 0x00,
  0x00, 0x00, 0x00, 0x00, 0x00, 0x00, 0x00, 0x00, 0x00, 0x00, 0x00, 0x00,
  0x00, 0x00, 0x00, 0x00, 0x00, 0x00, 0x00, 0x00, 0x00, 0x00, 0x00, 0x00,
  0x00, 0x00, 0x00, 0x00, 0x00, 0x00, 0x00, 0x00, 0x00, 0x00, 0x00, 0x00,
  0x00, 0x00, 0x00, 0x00, 0x00, 0x00, 0x00, 0x00, 0x00, 0x00, 0x00, 0x00,
  0x00, 0x00, 0x00, 0x00, 0x00, 0x00, 0x00, 0x00, 0x00, 0x00, 0x00, 0x00,
  0x00, 0x00, 0x00, 0x00, 0x00, 0x00, 0x00, 0x00, 0x00, 0x00, 0x00, 0x00,
  0x00, 0x00, 0x00, 0x00, 0x00, 0x00, 0x00, 0x00, 0x00, 0x00, 0x00, 0x00,
  0x00, 0x00, 0x61, 0x00, 0x00, 0xdc, 0x00, 0x00, 0xde, 0x00, 0x00, 0xa7,
  0x00, 0x00, 0x09, 0x00, 0x00, 0x00, 0x00, 0x00, 0x00, 0x00, 0x00, 0x00,
  0x00, 0x00, 0x00, 0x00, 0x00, 0x6a, 0x00, 0x00, 0xdc, 0x00, 0x00, 0xdc,
  0x00, 0x00, 0x9b, 0x00, 0x00, 0x1f, 0x00, 0x00, 0xbb, 0x00, 0x00, 0xd9,
  0x00, 0x00, 0xd7, 0x00, 0x00, 0xd7, 0x00, 0x00, 0xd7, 0x00, 0x00, 0xd7,
  0x00, 0x00, 0xd7, 0x00, 0x00, 0xd7, 0x00, 0x00, 0xd7, 0x00, 0x00, 0xd7,
  0x00, 0x00, 0xd8, 0x00, 0x00, 0xd0, 0x00, 0x00, 0x35, 0x00, 0x00, 0x14,
  0x00, 0x00, 0xa3, 0x00, 0x00, 0xd9, 0x00, 0x00, 0xd7, 0x00, 0x00, 0xd7,
  0x00, 0x00, 0xd7, 0x00, 0x00, 0xd7, 0x00, 0x00, 0xd7, 0x00, 0x00, 0xd7,
  0x00, 0x00, 0xd7, 0x00, 0x00, 0xd8, 0x00, 0x00, 0xd3, 0x00, 0x00, 0x61,
  0x00, 0x00, 0x06, 0x00, 0x00, 0x99, 0x00, 0x00, 0xdb, 0x00, 0x00, 0xda,
  0x00, 0x00, 0x68, 0x00, 0x00, 0x2c, 0x00, 0x00, 0xcf, 0x00, 0x00, 0xdb,
  0x00, 0x00, 0xda, 0x00, 0x00, 0xda, 0x00, 0x00, 0xda, 0x00, 0x00, 0xda,
  0x00, 0x00, 0xd9, 0x00, 0x00, 0xd9, 0x00, 0x00, 0xd9, 0x00, 0x00, 0xd9,
  0x00, 0x00, 0xd9, 0x00, 0x00, 0x88, 0x00, 0x00, 0x0a, 0x00, 0x00, 0x00,
  0x00, 0x00, 0x00, 0x00, 0x00, 0x00, 0x00, 0x00, 0x00, 0x00, 0x00, 0x00,
  0x00, 0x00, 0x00, 0x00, 0x00, 0x00, 0x00, 0x00, 0x00, 0x00, 0x00, 0x00,
  0x00, 0x00, 0x00, 0x00, 0x00, 0x00, 0x00, 0x00, 0x00, 0x00, 0x00, 0x00,
  0x00, 0x00, 0x00, 0x00, 0x00, 0x00, 0x00, 0x00, 0x00, 0x00, 0x00, 0x00,
  0x00, 0x00, 0x00, 0x00, 0x00, 0x00, 0x00, 0x00, 0x00, 0x00, 0x00, 0x00,
  0x00, 0x00, 0x00, 0x00, 0x00, 0x00, 0x00, 0x00, 0x00, 0x00, 0x00, 0x00,
  0x00, 0x00, 0x00, 0x00, 0x00, 0x00, 0x00, 0x00, 0x00, 0x00, 0x00, 0x00,
  0x00, 0x00, 0x00, 0x00, 0x00, 0x00, 0x00, 0x00, 0x00, 0x00, 0x00, 0x00,
  0x00, 0x00, 0x00, 0x00, 0x00, 0x00, 0x00, 0x00, 0x00, 0x00, 0x00, 0x00,
  0x00, 0x00, 0x00, 0x00, 0x00, 0x00, 0x00, 0x00, 0x00, 0x00, 0x00, 0x00,
  0x00, 0x00, 0x00, 0x00, 0x00, 0x00, 0x00, 0x00, 0x00, 0x00, 0x00, 0x00,
  0x00, 0x00, 0x00, 0x00, 0x00, 0x00, 0x00, 0x00, 0x00, 0x00, 0x00, 0x00,
  0x00, 0x00, 0x00, 0x00, 0x00, 0x00, 0x00, 0x00, 0x00, 0x00, 0x00, 0x00,
  0x00, 0x00, 0x00, 0x00, 0x00, 0x00, 0x00, 0x00, 0x00, 0x00, 0x00, 0x00,
  0x00, 0x00, 0x00, 0x00, 0x00, 0x00, 0x00, 0x00, 0x00, 0x00, 0x00, 0x00,
  0x00, 0x00, 0x00, 0x00, 0x00, 0x00, 0x00, 0x00, 0x00, 0x00, 0x00, 0x00,
  0x00, 0x00, 0x00, 0x00, 0x00, 0x00, 0x00, 0x00, 0x00, 0x00, 0x00, 0x00,
  0x00, 0x00, 0x00, 0x00, 0x00, 0x00, 0x00, 0x00, 0x00, 0x00, 0x00, 0x00,
  0x00, 0x00, 0x0b, 0x00, 0x00, 0x1a, 0x00, 0x00, 0x1b, 0x00, 0x00, 0x15,
  0x00, 0x00, 0x01, 0x00, 0x00, 0x00, 0x24, 0xc1, 0x00, 0xe3, 0xa0, 0x00,
  0x00, 0x00, 0x00, 0x00, 0x00, 0x0c, 0x00, 0x00, 0x19, 0x00, 0x00, 0x19,
  0x00, 0x00, 0x12, 0x00, 0x00, 0x03, 0x00, 0x00, 0x14, 0x00, 0x00, 0x18,
  0x00, 0x00, 0x17, 0x00, 0x00, 0x17, 0x00, 0x00, 0x17, 0x00, 0x00, 0x17,
  0x00, 0x00, 0x17, 0x00, 0x00, 0x17, 0x00, 0x00, 0x17, 0x00, 0x00, 0x17,
  0x00, 0x00, 0x17, 0x00, 0x00, 0x16, 0x00, 0x00, 0x06, 0x00, 0x00, 0x00,
  0x00, 0x00, 0x0a, 0x00, 0x00, 0x18, 0x00, 0x00, 0x17, 0x00, 0x00, 0x17,
  0x00, 0x00, 0x17, 0x00, 0x00, 0x17, 0x00, 0x00, 0x17, 0x00, 0x00, 0x17,
  0x00, 0x00, 0x17, 0x00, 0x00, 0x17, 0x00, 0x00, 0x15, 0x00, 0x00, 0x01,
  0x00, 0x00, 0x00, 0x00, 0x00, 0x11, 0x00, 0x00, 0x18, 0x00, 0x00, 0x18,
  0x00, 0x00, 0x0b, 0x00, 0x00, 0x06, 0x00, 0x00, 0x19, 0x00, 0x00, 0x1a,
  0x00, 0x00, 0x1a, 0x00, 0x00, 0x1a, 0x00, 0x00, 0x1a, 0x00, 0x00, 0x1a,
  0x00, 0x00, 0x19, 0x00, 0x00, 0x19, 0x00, 0x00, 0x19, 0x00, 0x00, 0x19,
  0x00, 0x00, 0x17, 0x00, 0x00, 0x05, 0x00, 0x00, 0x00, 0x00, 0x00, 0x00,
  0x04, 0xc1, 0x00, 0x00, 0x00, 0x00, 0x00, 0x00, 0x00, 0x00, 0x00, 0x00,
  0x00, 0x00, 0x00, 0x00, 0x00, 0x00, 0x00, 0x00, 0x00, 0x00, 0x00, 0x00,
  0x00, 0x00, 0x00, 0x00, 0x00, 0x00, 0x00, 0x00, 0x00, 0x00, 0x00, 0x00,
  0x00, 0x00, 0x00, 0x00, 0x00, 0x00, 0x00, 0x00, 0x00, 0x00, 0x00, 0x00,
  0x00, 0x00, 0x00, 0x00, 0x00, 0x00, 0x00, 0x00, 0x00, 0x00, 0x00, 0x00,
  0x00, 0x00, 0x00, 0x00, 0x00, 0x00, 0x00, 0x00, 0x00, 0x00, 0x00, 0x00,
  0x00, 0x00, 0x00, 0x00, 0x00, 0x00, 0x00, 0x00, 0x00, 0x00, 0x00, 0x00,
  0x00, 0x00, 0x00, 0x00, 0x00, 0x00, 0x00, 0x00, 0x00, 0x00, 0x00, 0x00,
  0x00, 0x00, 0x00, 0x00, 0x00, 0x00, 0x00, 0x00, 0x00, 0x00, 0x00, 0x00,
  0x00, 0x00, 0x00, 0x00, 0x00, 0x00, 0x00, 0x00, 0x00, 0x00, 0x00, 0x00,
  0x00, 0x00, 0x00, 0x00, 0x00, 0x00, 0x00, 0x00, 0x00, 0x00, 0x00, 0x00,
  0x00, 0x00, 0x00, 0x00, 0x00, 0x00, 0x00, 0x00, 0x00, 0x00, 0x00, 0x00,
  0x00, 0x00, 0x00, 0x00, 0x00, 0x00, 0x00, 0x00, 0x00, 0x00, 0x00, 0x00,
  0x00, 0x00, 0x00, 0x00, 0x00, 0x00, 0x00, 0x00, 0x00, 0x00, 0x00, 0x00,
  0x00, 0x00, 0x00, 0x00, 0x00, 0x00, 0x00, 0x00, 0x00, 0x00, 0x00, 0x00,
  0x00, 0x00, 0x00, 0x00, 0x00, 0x00, 0x00, 0x00, 0x00, 0x00, 0x00, 0x00,
  0x00, 0x00, 0x00, 0x00, 0x00, 0x00, 0x00, 0x00, 0x00, 0x00, 0x00, 0x00,
  0x00, 0x00, 0x00, 0x00, 0x00, 0x00, 0x00, 0x00, 0x00, 0x04, 0xc1, 0x00,
  0xc3, 0x90, 0x00, 0xa2, 0x78, 0x00, 0x61, 0x50, 0x00, 0x00, 0x00, 0x00,
  0x00, 0x00, 0x00, 0x00, 0x00, 0x00, 0x04, 0xc1, 0x00, 0x04, 0xc1, 0x00,
  0x04, 0xc1, 0x00, 0xa2, 0x78, 0x00, 0x82, 0x60, 0x00, 0x00, 0x00, 0x00,
  0x00, 0x00, 0x00, 0x00, 0x00, 0x00, 0x00, 0x00, 0x00, 0x00, 0x00, 0x00,
  0xa2, 0x70, 0x00, 0xa2, 0x78, 0x00, 0x41, 0x30, 0x00, 0xa2, 0x68, 0x00,
  0x00, 0x08, 0x00, 0x00, 0x00, 0x00, 0x00, 0x00, 0x00, 0x00, 0x00, 0x00,
  0x00, 0x00, 0x00, 0x41, 0x30, 0x00, 0xe3, 0xa8, 0x00, 0x24, 0xc9, 0x00,
  0x00, 0x00, 0x00, 0x00, 0x00, 0x00, 0x00, 0x00, 0x00, 0x00, 0x00, 0x00,
  0x00, 0x00, 0x00, 0x82, 0x60, 0x00, 0xc3, 0x80, 0x00, 0x61, 0x40, 0x00,
  0xc3, 0x80, 0x00, 0x61, 0x40, 0x00, 0x00, 0x00, 0x00, 0x00, 0x00, 0x00,
  0x00, 0x00, 0x00, 0x00, 0x00, 0x00, 0x82, 0x60, 0x00, 0x61, 0x48, 0x00,
  0x00, 0x00, 0x00, 0x00, 0x00, 0x00, 0x00, 0x00, 0x00, 0x00, 0x00, 0x00,
  0x82, 0x58, 0x00, 0xa2, 0x78, 0x00, 0xa2, 0x70, 0x00, 0xa2, 0x70, 0x00,
  0x20, 0x18, 0x00, 0x00, 0x00, 0x00, 0x00, 0x00, 0x00, 0x00, 0x00, 0x00,
  0x00, 0x00, 0x00, 0xe3, 0xa0, 0x00, 0x04, 0xc1, 0x00, 0x04, 0xc1, 0x00,
  0x04, 0xc1, 0x00, 0x00, 0x00, 0x00, 0x00, 0x00, 0x00, 0x00, 0x00, 0x00,
  0x00, 0x00, 0x00, 0x00, 0x00, 0x00, 0x00, 0x00, 0x00, 0x00, 0x00, 0x00,
  0x00, 0x00, 0x00, 0x00, 0x00, 0x00, 0x00, 0x00, 0x00, 0x00, 0x00, 0x00,
  0x00, 0x00, 0x00, 0x00, 0x00, 0x00, 0x00, 0x00, 0x00, 0x00, 0x00, 0x00,
  0x00, 0x00, 0x00, 0x00, 0x00, 0x00, 0x00, 0x00, 0x00, 0x00, 0x00, 0x00,
  0x00, 0x00, 0x00, 0x00, 0x00, 0x00, 0x00, 0x00, 0x00, 0x00, 0x00, 0x00,
  0x00, 0x00, 0x00, 0x00, 0x00, 0x00, 0x00, 0x00, 0x00, 0x00, 0x00, 0x00,
  0x00, 0x00, 0x00, 0x00, 0x00, 0x00, 0x00, 0x00, 0x00, 0x00, 0x00, 0x00,
  0x00, 0x00, 0x00, 0x00, 0x00, 0x00, 0x00, 0x00, 0x00, 0x00, 0x00, 0x00,
  0x00, 0x00, 0x00, 0x00, 0x00, 0x00, 0x00, 0x00, 0x00, 0x00, 0x00, 0x00,
  0x00, 0x00, 0x00, 0x00, 0x00, 0x00, 0x00, 0x00, 0x00, 0x00, 0x00, 0x00,
  0x00, 0x00, 0x00, 0x00, 0x00, 0x00, 0x00, 0x00, 0x00, 0x00, 0x00, 0x00,
  0x00, 0x00, 0x00, 0x00, 0x00, 0x00, 0x00, 0x00, 0x00, 0x00, 0x00, 0x00,
  0x00, 0x00, 0x00, 0x00, 0x00, 0x00, 0x00, 0x00, 0x00, 0x00, 0x00, 0x00,
  0x00, 0x00, 0x00, 0x00, 0x00, 0x00, 0x00, 0x00, 0x00, 0x00, 0x00, 0x00,
  0x00, 0x00, 0x00, 0x00, 0x00, 0x00, 0x00, 0x00, 0x00, 0x00, 0x00, 0x00,
  0x00, 0x00, 0x00, 0x00, 0x00, 0x00, 0x00, 0x00, 0x00, 0x00, 0x00, 0x00,
  0x00, 0x00, 0x00, 0x00, 0x00, 0x00, 0x00, 0x00, 0x00, 0x04, 0xc1, 0x76,
  0x04, 0xc1, 0x6c, 0x04, 0xc1, 0x68, 0x04, 0xc1, 0x1c, 0x04, 0xc1, 0x00,
  0x00, 0x00, 0x00, 0x00, 0x00, 0x00, 0x04, 0xc1, 0x00, 0x04, 0xc1, 0x14,
  0x04, 0xc1, 0x48, 0x04, 0xc1, 0x1b, 0x04, 0xc1, 0x48, 0x04, 0xc1, 0x05,
  0x04, 0xc1, 0x00, 0x00, 0x00, 0x00, 0x24, 0xc1, 0x00, 0x04, 0xc1, 0x00,
  0x04, 0xc1, 0x41, 0x04, 0xc1, 0x4e, 0x04, 0xc1, 0x0b, 0x04, 0xc1, 0x3c,
  0x04, 0xc1, 0x04, 0x04, 0xc1, 0x00, 0x00, 0x00, 0x00, 0x24, 0xc1, 0x00,
  0x04, 0xc1, 0x00, 0x04, 0xc1, 0x08, 0x04, 0xc1, 0x52, 0x04, 0xc1, 0x1b,
  0x04, 0xc1, 0x00, 0x04, 0xc1, 0x00, 0x00, 0x00, 0x00, 0x00, 0x00, 0x00,
  0x04, 0xc1, 0x00, 0x04, 0xc1, 0x26, 0x04, 0xc1, 0x4d, 0x04, 0xc1, 0x0f,
  0x04, 0xc1, 0x56, 0x04, 0xc1, 0x13, 0x04, 0xc1, 0x00, 0x00, 0x00, 0x00,
  0x00, 0x00, 0x00, 0x04, 0xc1, 0x00, 0x04, 0xc1, 0x35, 0x04, 0xc1, 0x22,
  0x04, 0xc1, 0x00, 0x00, 0x00, 0x00, 0x00, 0x00, 0x00, 0x04, 0xc1, 0x00,
  0x04, 0xc1, 0x20, 0x04, 0xc1, 0x67, 0x04, 0xc1, 0x6a, 0x04, 0xc1, 0x5b,
  0x04, 0xc1, 0x0c, 0x04, 0xc1, 0x00, 0x00, 0x00, 0x00, 0x04, 0xc1, 0x00,
  0x04, 0xc1, 0x00, 0x04, 0xc1, 0x33, 0x04, 0xc1, 0x68, 0x04, 0xc1, 0x69,
  0x04, 0xc1, 0x5c, 0x00, 0x00, 0x00, 0x00, 0x00, 0x00, 0x00, 0x00, 0x00,
  0x00, 0x00, 0x00, 0x00, 0x00, 0x00, 0x00, 0x00, 0x00, 0x00, 0x00, 0x00,
  0x00, 0x00, 0x00, 0x00, 0x00, 0x00, 0x00, 0x00, 0x00, 0x00, 0x00, 0x00,
  0x00, 0x00, 0x00, 0x00, 0x00, 0x00, 0x00, 0x00, 0x00, 0x00, 0x00, 0x00,
  0x00, 0x00, 0x00, 0x00, 0x00, 0x00, 0x00, 0x00, 0x00, 0x00, 0x00, 0x00,
  0x00, 0x00, 0x00, 0x00, 0x00, 0x00, 0x00, 0x00, 0x00, 0x00, 0x00, 0x00,
  0x00, 0x00, 0x00, 0x00, 0x00, 0x00, 0x00, 0x00, 0x00, 0x00, 0x00, 0x00,
  0x00, 0x00, 0x00, 0x00, 0x00, 0x00, 0x00, 0x00, 0x00, 0x00, 0x00, 0x00,
  0x00, 0x00, 0x00, 0x00, 0x00, 0x00, 0x00, 0x00, 0x00, 0x00, 0x00, 0x00,
  0x00, 0x00, 0x00, 0x00, 0x00, 0x00, 0x00, 0x00, 0x00, 0x00, 0x00, 0x00,
  0x00, 0x00, 0x00, 0x00, 0x00, 0x00, 0x00, 0x00, 0x00, 0x00, 0x00, 0x00,
  0x00, 0x00, 0x00, 0x00, 0x00, 0x00, 0x00, 0x00, 0x00, 0x00, 0x00, 0x00,
  0x00, 0x00, 0x00, 0x00, 0x00, 0x00, 0x00, 0x00, 0x00, 0x00, 0x00, 0x00,
  0x00, 0x00, 0x00, 0x00, 0x00, 0x00, 0x00, 0x00, 0x00, 0x00, 0x00, 0x00,
  0x00, 0x00, 0x00, 0x00, 0x00, 0x00, 0x00, 0x00, 0x00, 0x00, 0x00, 0x00,
  0x00, 0x00, 0x00, 0x00, 0x00, 0x00, 0x00, 0x00, 0x00, 0x00, 0x00, 0x00,
  0x00, 0x00, 0x00, 0x00, 0x00, 0x00, 0x00, 0x00, 0x00, 0x00, 0x00, 0x00,
  0x00, 0x00, 0x00, 0x00, 0x00, 0x00, 0x00, 0x00, 0x00, 0x04, 0xc1, 0xa7,
  0x04, 0xc1, 0x37, 0x04, 0xc1, 0x74, 0x04, 0xc1, 0x58, 0x04, 0xc1, 0x00,
  0x00, 0x00, 0x00, 0x00, 0x00, 0x00, 0x04, 0xc1, 0x00, 0x04, 0xc1, 0x05,
  0x04, 0xc1, 0x6a, 0x04, 0xc1, 0xa4, 0x04, 0xc1, 0x48, 0x04, 0xc1, 0x00,
  0x04, 0xc1, 0x00, 0x00, 0x00, 0x00, 0x24, 0xc1, 0x00, 0x04, 0xc1, 0x00,
  0x04, 0xc1, 0x7f, 0x04, 0xc1, 0x9c, 0x04, 0xc1, 0x70, 0x04, 0xc1, 0x85,
  0x04, 0xc1, 0x07, 0x04, 0xc1, 0x00, 0x00, 0x00, 0x00, 0x04, 0xc1, 0x00,
  0x04, 0xc1, 0x00, 0x04, 0xc1, 0x4b, 0x04, 0xc1, 0xd5, 0x04, 0xc1, 0x81,
  0x04, 0xc1, 0x01, 0x04, 0xc1, 0x00, 0x00, 0x00, 0x00, 0x00, 0x00, 0x00,
  0x04, 0xc1, 0x00, 0x04, 0xc1, 0x5e, 0x04, 0xc1, 0xb9, 0x04, 0xc1, 0x71,
  0x04, 0xc1, 0xbf, 0x04, 0xc1, 0x36, 0x04, 0xc1, 0x00, 0x00, 0x00, 0x00,
  0x00, 0x00, 0x00, 0x04, 0xc1, 0x00, 0x04, 0xc1, 0x6e, 0x04, 0xc1, 0x45,
  0x04, 0xc1, 0x00, 0x00, 0x00, 0x00, 0x00, 0x00, 0x00, 0x04, 0xc1, 0x00,
  0x04, 0xc1, 0x60, 0x04, 0xc1, 0x6d, 0x04, 0xc1, 0x36, 0x04, 0xc1, 0x31,
  0x04, 0xc1, 0x06, 0x04, 0xc1, 0x00, 0x00, 0x00, 0x00, 0x04, 0xc1, 0x00,
  0x04, 0xc1, 0x00, 0x04, 0xc1, 0x72, 0x04, 0xc1, 0xb8, 0x04, 0xc1, 0xb0,
  0x04, 0xc1, 0xa2, 0x00, 0x00, 0x00, 0x00, 0x00, 0x00, 0x00, 0x00, 0x00,
  0x00, 0x00, 0x00, 0x00, 0x00, 0x00, 0x00, 0x00, 0x00, 0x00, 0x00, 0x00,
  0x00, 0x00, 0x00, 0x00, 0x00, 0x00, 0x00, 0x00, 0x00, 0x00, 0x00, 0x00,
  0x00, 0x00, 0x00, 0x00, 0x00, 0x00, 0x00, 0x00, 0x00, 0x00, 0x00, 0x00,
  0x00, 0x00, 0x00, 0x00, 0x00, 0x00, 0x00, 0x00, 0x00, 0x00, 0x00, 0x00,
  0x00, 0x00, 0x00, 0x00, 0x00, 0x00, 0x00, 0x00, 0x00, 0x00, 0x00, 0x00,
  0x00, 0x00, 0x00, 0x00, 0x00, 0x00, 0x00, 0x00, 0x00, 0x00, 0x00, 0x00,
  0x00, 0x00, 0x00, 0x00, 0x00, 0x00, 0x00, 0x00, 0x00, 0x00, 0x00, 0x00,
  0x00, 0x00, 0x00, 0x00, 0x00, 0x00, 0x00, 0x00, 0x00, 0x00, 0x00, 0x00,
  0x00, 0x00, 0x00, 0x00, 0x00, 0x00, 0x00, 0x00, 0x00, 0x00, 0x00, 0x00,
  0x00, 0x00, 0x00, 0x00, 0x00, 0x00, 0x00, 0x00, 0x00, 0x00, 0x00, 0x00,
  0x00, 0x00, 0x00, 0x00, 0x00, 0x00, 0x00, 0x00, 0x00, 0x00, 0x00, 0x00,
  0x00, 0x00, 0x00, 0x00, 0x00, 0x00, 0x00, 0x00, 0x00, 0x00, 0x00, 0x00,
  0x00, 0x00, 0x00, 0x00, 0x00, 0x00, 0x00, 0x00, 0x00, 0x00, 0x00, 0x00,
  0x00, 0x00, 0x00, 0x00, 0x00, 0x00, 0x00, 0x00, 0x00, 0x00, 0x00, 0x00,
  0x00, 0x00, 0x00, 0x00, 0x00, 0x00, 0x00, 0x00, 0x00, 0x00, 0x00, 0x00,
  0x00, 0x00, 0x00, 0x00, 0x00, 0x00, 0x00, 0x00, 0x00, 0x00, 0x00, 0x00,
  0x00, 0x00, 0x00, 0x00, 0x00, 0x00, 0x00, 0x00, 0x00, 0x04, 0xc1, 0xbc,
  0x04, 0xc1, 0x88, 0x04, 0xc1, 0x9d, 0x04, 0xc1, 0x41, 0x04, 0xc1, 0x00,
  0x00, 0x00, 0x00, 0x00, 0x00, 0x00, 0x04, 0xc1, 0x00, 0x04, 0xc1, 0x00,
  0x04, 0xc1, 0x1c, 0x04, 0xc1, 0x80, 0x04, 0xc1, 0x06, 0x04, 0xc1, 0x00,
  0x04, 0xc1, 0x00, 0x00, 0x00, 0x00, 0x24, 0xc1, 0x00, 0x45, 0xb9, 0x00,
  0x04, 0xc1, 0x6b, 0x04, 0xc1, 0x30, 0x04, 0xc1, 0x8a, 0x04, 0xc1, 0x8e,
  0x04, 0xc1, 0x03, 0x04, 0xc1, 0x00, 0x00, 0x00, 0x00, 0x04, 0xc1, 0x00,
  0x04, 0xc1, 0x06, 0x04, 0xc1, 0x7e, 0x04, 0xc1, 0x64, 0x04, 0xc1, 0x88,
  0x04, 0xc1, 0x21, 0x04, 0xc1, 0x00, 0x00, 0x00, 0x00, 0x00, 0x00, 0x00,
  0x04, 0xc1, 0x00, 0x04, 0xc1, 0x51, 0x04, 0xc1, 0x7b, 0x04, 0xc1, 0xa7,
  0x04, 0xc1, 0x78, 0x04, 0xc1, 0x33, 0x04, 0xc1, 0x00, 0x00, 0x00, 0x00,
  0x00, 0x00, 0x00, 0x04, 0xc1, 0x00, 0x04, 0xc1, 0x64, 0x04, 0xc1, 0x3f,
  0x04, 0xc1, 0x00, 0x00, 0x00, 0x00, 0x00, 0x00, 0x00, 0x04, 0xc1, 0x00,
  0x04, 0xc1, 0x4a, 0x04, 0xc1, 0x9d, 0x04, 0xc1, 0x8c, 0x04, 0xc1, 0x79,
  0x04, 0xc1, 0x10, 0x04, 0xc1, 0x00, 0x00, 0x00, 0x00, 0x24, 0xc1, 0x00,
  0x04, 0xc1, 0x00, 0x04, 0xc1, 0x55, 0x04, 0xc1, 0xb7, 0x04, 0xc1, 0xb6,
  0x04, 0xc1, 0xba, 0x00, 0x00, 0x00, 0x00, 0x00, 0x00, 0x00, 0x00, 0x00,
  0x00, 0x00, 0x00, 0x00, 0x00, 0x00, 0x00, 0x00, 0x00, 0x00, 0x00, 0x00,
  0x00, 0x00, 0x00, 0x00, 0x00, 0x00, 0x00, 0x00, 0x00, 0x00, 0x00, 0x00,
  0x00, 0x00, 0x00, 0x00, 0x00, 0x00, 0x00, 0x00, 0x00, 0x00, 0x00, 0x00,
  0x00, 0x00, 0x00, 0x00, 0x00, 0x00, 0x00, 0x00, 0x00, 0x00, 0x00, 0x00,
  0x00, 0x00, 0x00, 0x00, 0x00, 0x00, 0x00, 0x00, 0x00, 0x00, 0x00, 0x00,
  0x00, 0x00, 0x00, 0x00, 0x00, 0x00, 0x00, 0x00, 0x00, 0x00, 0x00, 0x00,
  0x00, 0x00, 0x00, 0x00, 0x00, 0x00, 0x00, 0x00, 0x00, 0x00, 0x00, 0x00,
  0x00, 0x00, 0x00, 0x00, 0x00, 0x00, 0x00, 0x00, 0x00, 0x00, 0x00, 0x00,
  0x00, 0x00, 0x00, 0x00, 0x00, 0x00, 0x00, 0x00, 0x00, 0x00, 0x00, 0x00,
  0x00, 0x00, 0x00, 0x00, 0x00, 0x00, 0x00, 0x00, 0x00, 0x00, 0x00, 0x00,
  0x00, 0x00, 0x00, 0x00, 0x00, 0x00, 0x00, 0x00, 0x00, 0x00, 0x00, 0x00,
  0x00, 0x00, 0x00, 0x00, 0x00, 0x00, 0x00, 0x00, 0x00, 0x00, 0x00, 0x00,
  0x00, 0x00, 0x00, 0x00, 0x00, 0x00, 0x00, 0x00, 0x00, 0x00, 0x00, 0x00,
  0x00, 0x00, 0x00, 0x00, 0x00, 0x00, 0x00, 0x00, 0x00, 0x00, 0x00, 0x00,
  0x00, 0x00, 0x00, 0x00, 0x00, 0x00, 0x00, 0x00, 0x00, 0x00, 0x00, 0x00,
  0x00, 0x00, 0x00, 0x00, 0x00, 0x00, 0x00, 0x00, 0x00, 0x00, 0x00, 0x00,
  0x00, 0x00, 0x00, 0x00, 0x00, 0x00, 0x00, 0x00, 0x00, 0x00, 0x00, 0x00,
  0x00, 0x00, 0x00, 0x00, 0x00, 0x00, 0x00, 0x00, 0x00, 0x00, 0x00, 0x00,
  0x00, 0x00, 0x00, 0x00, 0x00, 0x00, 0x00, 0x00, 0x00, 0x00, 0x00, 0x00,
  0x00, 0x00, 0x00, 0x00, 0x00, 0x00, 0x00, 0x00, 0x00, 0x00, 0x00, 0x00,
  0x00, 0x00, 0x00, 0x00, 0x00, 0x00, 0x00, 0x00, 0x00, 0x00, 0x00, 0x00,
  0x00, 0x00, 0x00, 0x00, 0x00, 0x00, 0x00, 0x00, 0x00, 0x00, 0x00, 0x00,
  0x00, 0x00, 0x00, 0x00, 0x00, 0x00, 0x00, 0x00, 0x00, 0x00, 0x00, 0x00,
  0x00, 0x00, 0x00, 0x00, 0x00, 0x00, 0x00, 0x00, 0x00, 0x00, 0x00, 0x00,
  0x00, 0x00, 0x00, 0x00, 0x00, 0x00, 0x00, 0x00, 0x00, 0x00, 0x00, 0x00,
  0x00, 0x00, 0x00, 0x00, 0x00, 0x00, 0x00, 0x00, 0x00, 0x00, 0x00, 0x00,
  0x00, 0x00, 0x00, 0x00, 0x00, 0x00, 0x00, 0x00, 0x00, 0x00, 0x00, 0x00,
  0x00, 0x00, 0x00, 0x00, 0x00, 0x00, 0x00, 0x00, 0x00, 0x00, 0x00, 0x00,
  0x00, 0x00, 0x00, 0x00, 0x00, 0x00, 0x00, 0x00, 0x00, 0x00, 0x00, 0x00,
  0x00, 0x00, 0x00, 0x00, 0x00, 0x00, 0x00, 0x00, 0x00, 0x00, 0x00, 0x00,
  0x00, 0x00, 0x00, 0x00, 0x00, 0x00, 0x00, 0x00, 0x00, 0x00, 0x00, 0x00,
  0x00, 0x00, 0x00, 0x00, 0x00, 0x00, 0x00, 0x00, 0x00, 0x00, 0x00, 0x00,
  0x00, 0x00, 0x00, 0x00, 0x00, 0x00, 0x00, 0x00, 0x00, 0x00, 0x00, 0x00,
  0x00, 0x00, 0x00, 0x00, 0x00, 0x00, 0x00, 0x00, 0x00, 0x00, 0x00, 0x00,
  0x00, 0x00, 0x00, 0x00, 0x00, 0x00, 0x00, 0x00, 0x00, 0x00, 0x00, 0x00,
  0x00, 0x00, 0x00, 0x00, 0x00, 0x00, 0x00, 0x00, 0x00, 0x00, 0x00, 0x00,
  0x00, 0x00, 0x00, 0x00, 0x00, 0x00, 0x00, 0x00, 0x00, 0x00, 0x00, 0x00,
  0x00, 0x00, 0x00, 0x00, 0x00, 0x00, 0x00, 0x00, 0x00, 0x00, 0x00, 0x00,
  0x00, 0x00, 0x00, 0x00, 0x00, 0x00, 0x00, 0x00, 0x00, 0x00, 0x00, 0x00,
  0x00, 0x00, 0x00, 0x00, 0x00, 0x00, 0x00, 0x00, 0x00, 0x00, 0x00, 0x00,
  0x00, 0x00, 0x00, 0x00, 0x00, 0x00, 0x00, 0x00, 0x00, 0x00, 0x00, 0x00,
  0x00, 0x00, 0x00, 0x00, 0x00, 0x00, 0x00, 0x00, 0x00, 0x00, 0x00, 0x00,
  0x00, 0x00, 0x00, 0x00, 0x00, 0x00, 0x00, 0x00, 0x00, 0x00, 0x00, 0x00,
  0x00, 0x00, 0x00, 0x00, 0x00, 0x00, 0x00, 0x00, 0x00, 0x00, 0x00, 0x00,
  0x00, 0x00, 0x00, 0x00, 0x00, 0x00, 0x00, 0x00, 0x00, 0x00, 0x00, 0x00,
  0x00, 0x00, 0x00, 0x00, 0x00, 0x00, 0x00, 0x00, 0x00, 0x00, 0x00, 0x00,
  0x00, 0x00, 0x00, 0x00, 0x00, 0x00, 0x00, 0x00, 0x00, 0x00, 0x00, 0x00,
  0x00, 0x00, 0x00, 0x00, 0x00, 0x00, 0x00, 0x00, 0x00, 0x00, 0x00, 0x00,
  0x00, 0x00, 0x00, 0x00, 0x00, 0x00, 0x00, 0x00, 0x00, 0x00, 0x00, 0x00,
  0x00, 0x00, 0x00, 0x00, 0x00, 0x00, 0x00, 0x00, 0x00, 0x00, 0x00, 0x00,
  0x00, 0x00, 0x00, 0x00, 0x00, 0x00, 0x00, 0x00, 0x00, 0x00, 0x00, 0x00,
  0x00, 0x00, 0x00, 0x00, 0x00, 0x00, 0x00, 0x00, 0x00, 0x00, 0x00, 0x00,
  0x00, 0x00, 0x00, 0x00, 0x00, 0x00, 0x00, 0x00, 0x00, 0x00, 0x00, 0x00,
  0x00, 0x00, 0x00, 0x00, 0x00, 0x00, 0x00, 0x00, 0x00, 0x00, 0x00, 0x00,
  0x00, 0x00, 0x00, 0x00, 0x00, 0x00, 0x00, 0x00, 0x00, 0x00, 0x00, 0x00,
  0x00, 0x00, 0x00, 0x00, 0x00, 0x00, 0x00, 0x00, 0x00, 0x00, 0x00, 0x00,
  0x00, 0x00, 0x00, 0x00, 0x00, 0x00, 0x00, 0x00, 0x00, 0x00, 0x00, 0x00,
  0x00, 0x00, 0x00, 0x00, 0x00, 0x00, 0x00, 0x00, 0x00, 0x00, 0x00, 0x00,
  0x00, 0x00, 0x00, 0x00, 0x00, 0x00, 0x00, 0x00, 0x00, 0x00, 0x00, 0x00,
  0x00, 0x00, 0x00, 0x00, 0x00, 0x00, 0x00, 0x00, 0x00, 0x00, 0x00, 0x00,
  0x00, 0x00, 0x00, 0x00, 0x00, 0x00, 0x00, 0x00, 0x00, 0x00, 0x00, 0x00,
  0x00, 0x00, 0x00, 0x00, 0x00, 0x00, 0x00, 0x00, 0x00, 0x00, 0x00, 0x00,
  0x00, 0x00, 0x00, 0x00, 0x00, 0x00, 0x00, 0x00, 0x00, 0x00, 0x00, 0x00,
  0x00, 0x00, 0x00, 0x00, 0x00, 0x00, 0x00, 0x00, 0x00, 0x00, 0x00, 0x00,
  0x00, 0x00, 0x00, 0x00, 0x00, 0x00, 0x00, 0x00, 0x00, 0x00, 0x00, 0x00,
  0x00, 0x00, 0x00, 0x00, 0x00, 0x00, 0x00, 0x00, 0x00, 0x00, 0x00, 0x00,
  0x00, 0x00, 0x00, 0x00, 0x00, 0x00, 0x00, 0x00, 0x00, 0x00, 0x00, 0x00,
  0x00, 0x00, 0x00, 0x00, 0x00, 0x00, 0x00, 0x00, 0x00, 0x00, 0x00, 0x00,
  0x00, 0x00, 0x00, 0x00, 0x00, 0x00, 0x00, 0x00, 0x00, 0x00, 0x00, 0x00,
  0x00, 0x00, 0x00, 0x00, 0x00, 0x00, 0x00, 0x00, 0x00, 0x00, 0x00, 0x00,
  0x00, 0x00, 0x00, 0x00, 0x00, 0x00, 0x00, 0x00, 0x00, 0x00, 0x00, 0x00,
  0x00, 0x00, 0x00, 0x00, 0x00, 0x00, 0x00, 0x00, 0x00, 0x00, 0x00, 0x00,
  0x00, 0x00, 0x00, 0x00, 0x00, 0x00, 0x00, 0x00, 0x00, 0x00, 0x00, 0x00,
  0x00, 0x00, 0x00, 0x00, 0x00, 0x00, 0x00, 0x00, 0x00, 0x00, 0x00, 0x00
};

const lv_img_dsc_t sc_pad_logo_aegis = {
  .header.cf = LV_IMG_CF_TRUE_COLOR_ALPHA,
  .header.always_zero = 0,
  .header.reserved = 0,
  .header.w = 132,
  .header.h = 48,
  .data_size = 6336 * LV_IMG_PX_SIZE_ALPHA_BYTE,
  .data = sc_pad_logo_aegis_map,
};

static const uint8_t sc_pad_logo_anvil_map[] = {
  0x00, 0x00, 0x00, 0x00, 0x00, 0x00, 0x00, 0x00, 0x00, 0x00, 0x00, 0x00,
  0x00, 0x00, 0x00, 0x00, 0x00, 0x00, 0x00, 0x00, 0x00, 0x00, 0x00, 0x00,
  0x00, 0x00, 0x00, 0x00, 0x00, 0x00, 0x00, 0x00, 0x00, 0x00, 0x00, 0x00,
  0x00, 0x00, 0x00, 0x00, 0x00, 0x00, 0x00, 0x00, 0x00, 0x00, 0x00, 0x00,
  0x00, 0x00, 0x00, 0x00, 0x00, 0x00, 0x00, 0x00, 0x00, 0x00, 0x00, 0x00,
  0x00, 0x00, 0x00, 0x00, 0x00, 0x00, 0x00, 0x00, 0x00, 0x00, 0x00, 0x00,
  0x00, 0x00, 0x00, 0x00, 0x00, 0x00, 0x00, 0x00, 0x00, 0x00, 0x00, 0x00,
  0x00, 0x00, 0x00, 0x00, 0x00, 0x00, 0x00, 0x00, 0x00, 0x00, 0x00, 0x00,
  0x00, 0x00, 0x00, 0x00, 0x00, 0x00, 0x00, 0x00, 0x00, 0x00, 0x00, 0x00,
  0x00, 0x00, 0x00, 0x00, 0x00, 0x00, 0x00, 0x00, 0x00, 0x00, 0x00, 0x00,
  0x00, 0x00, 0x00, 0x00, 0x00, 0x00, 0x00, 0x00, 0x00, 0x00, 0x00, 0x00,
  0x00, 0x00, 0x00, 0x00, 0x00, 0x00, 0x00, 0x00, 0x00, 0x00, 0x00, 0x00,
  0x00, 0x00, 0x00, 0x00, 0x00, 0x00, 0x00, 0x00, 0x00, 0x00, 0x00, 0x00,
  0x00, 0x00, 0x00, 0x00, 0x00, 0x00, 0x00, 0x00, 0x00, 0x00, 0x00, 0x00,
  0x00, 0x00, 0x00, 0x00, 0x00, 0x00, 0x00, 0x00, 0x00, 0x00, 0x00, 0x00,
  0x00, 0x00, 0x00, 0x00, 0x00, 0x00, 0x00, 0x00, 0x00, 0x00, 0x00, 0x00,
  0x00, 0x00, 0x00, 0x00, 0x00, 0x00, 0x00, 0x00, 0x00, 0x00, 0x00, 0x00,
  0x00, 0x00, 0x00, 0x00, 0x00, 0x00, 0x00, 0x00, 0x00, 0x00, 0x00, 0x00,
  0x00, 0x00, 0x00, 0x00, 0x00, 0x00, 0x00, 0x00, 0x00, 0x00, 0x00, 0x00,
  0x00, 0x00, 0x00, 0x00, 0x00, 0x00, 0x00, 0x00, 0x00, 0x00, 0x00, 0x00,
  0x00, 0x00, 0x00, 0x00, 0x00, 0x00, 0x00, 0x00, 0x00, 0x00, 0x00, 0x00,
  0x00, 0x00, 0x00, 0x00, 0x00, 0x00, 0x00, 0x00, 0x00, 0x00, 0x00, 0x00,
  0x00, 0x00, 0x00, 0x00, 0x00, 0x00, 0x00, 0x00, 0x00, 0x00, 0x00, 0x00,
  0x00, 0x00, 0x00, 0x00, 0x00, 0x00, 0x00, 0x00, 0x00, 0x00, 0x00, 0x00,
  0x00, 0x00, 0x00, 0x00, 0x00, 0x00, 0x00, 0x00, 0x00, 0x00, 0x00, 0x00,
  0x00, 0x00, 0x00, 0x00, 0x00, 0x00, 0x00, 0x00, 0x00, 0x00, 0x00, 0x00,
  0x00, 0x00, 0x00, 0x00, 0x00, 0x00, 0x00, 0x00, 0x00, 0x00, 0x00, 0x00,
  0x00, 0x00, 0x00, 0x00, 0x00, 0x00, 0x00, 0x00, 0x00, 0x00, 0x00, 0x00,
  0x00, 0x00, 0x00, 0x00, 0x00, 0x00, 0x00, 0x00, 0x00, 0x00, 0x00, 0x00,
  0x00, 0x00, 0x00, 0x00, 0x00, 0x00, 0x00, 0x00, 0x00, 0x00, 0x00, 0x00,
  0x00, 0x00, 0x00, 0x00, 0x00, 0x00, 0x00, 0x00, 0x00, 0x00, 0x00, 0x00,
  0x00, 0x00, 0x00, 0x00, 0x00, 0x00, 0x00, 0x00, 0x00, 0x00, 0x00, 0x00,
  0x00, 0x00, 0x00, 0x00, 0x00, 0x00, 0x00, 0x00, 0x00, 0x00, 0x00, 0x00,
  0x00, 0x00, 0x00, 0x00, 0x00, 0x00, 0x00, 0x00, 0x00, 0x00, 0x00, 0x00,
  0x00, 0x00, 0x00, 0x00, 0x00, 0x00, 0x00, 0x00, 0x00, 0x00, 0x00, 0x00,
  0x00, 0x00, 0x00, 0x00, 0x00, 0x00, 0x00, 0x00, 0x00, 0x00, 0x00, 0x00,
  0x00, 0x00, 0x00, 0x00, 0x00, 0x00, 0x00, 0x00, 0x00, 0x00, 0x00, 0x00,
  0x00, 0x00, 0x00, 0x00, 0x00, 0x00, 0x00, 0x00, 0x00, 0x00, 0x00, 0x00,
  0x00, 0x00, 0x00, 0x00, 0x00, 0x00, 0x00, 0x00, 0x00, 0x00, 0x00, 0x00,
  0x00, 0x00, 0x00, 0x00, 0x00, 0x00, 0x00, 0x00, 0x00, 0x00, 0x00, 0x00,
  0x00, 0x00, 0x00, 0x00, 0x00, 0x00, 0x00, 0x00, 0x00, 0x00, 0x00, 0x00,
  0x00, 0x00, 0x00, 0x00, 0x00, 0x00, 0x00, 0x00, 0x00, 0x00, 0x00, 0x00,
  0x00, 0x00, 0x00, 0x00, 0x00, 0x00, 0x00, 0x00, 0x00, 0x00, 0x00, 0x00,
  0x00, 0x00, 0x00, 0x00, 0x00, 0x00, 0x00, 0x00, 0x00, 0x00, 0x00, 0x00,
  0x00, 0x00, 0x00, 0x00, 0x00, 0x00, 0x00, 0x00, 0x00, 0x00, 0x00, 0x00,
  0x00, 0x00, 0x00, 0x00, 0x00, 0x00, 0x00, 0x00, 0x00, 0x00, 0x00, 0x00,
  0x00, 0x00, 0x00, 0x00, 0x00, 0x00, 0x00, 0x00, 0x00, 0x00, 0x00, 0x00,
  0x00, 0x00, 0x00, 0x00, 0x00, 0x00, 0x00, 0x00, 0x00, 0x00, 0x00, 0x00,
  0x00, 0x00, 0x00, 0x00, 0x00, 0x00, 0x00, 0x00, 0x00, 0x00, 0x00, 0x00,
  0x00, 0x00, 0x00, 0x00, 0x00, 0x00, 0x00, 0x00, 0x00, 0x00, 0x00, 0x00,
  0x00, 0x00, 0x00, 0x00, 0x00, 0x00, 0x00, 0x00, 0x00, 0x00, 0x00, 0x00,
  0x00, 0x00, 0x00, 0x00, 0x00, 0x00, 0x00, 0x00, 0x00, 0x00, 0x00, 0x00,
  0x00, 0x00, 0x00, 0x00, 0x00, 0x00, 0x00, 0x00, 0x00, 0x00, 0x00, 0x00,
  0x00, 0x00, 0x00, 0x00, 0x00, 0x00, 0x00, 0x00, 0x00, 0x00, 0x00, 0x00,
  0x00, 0x00, 0x00, 0x00, 0x00, 0x00, 0x00, 0x00, 0x00, 0x00, 0x00, 0x00,
  0x00, 0x00, 0x00, 0x00, 0x00, 0x00, 0x00, 0x00, 0x00, 0x00, 0x00, 0x00,
  0x00, 0x00, 0x00, 0x00, 0x00, 0x00, 0x00, 0x00, 0x00, 0x00, 0x00, 0x00,
  0x00, 0x00, 0x00, 0x00, 0x00, 0x00, 0x00, 0x00, 0x00, 0x00, 0x00, 0x00,
  0x00, 0x00, 0x00, 0x00, 0x00, 0x00, 0x00, 0x00, 0x00, 0x00, 0x00, 0x00,
  0x00, 0x00, 0x00, 0x00, 0x00, 0x00, 0x00, 0x00, 0x00, 0x00, 0x00, 0x00,
  0x00, 0x00, 0x00, 0x00, 0x00, 0x00, 0x00, 0x00, 0x00, 0x00, 0x00, 0x00,
  0x00, 0x00, 0x00, 0x00, 0x00, 0x00, 0x00, 0x00, 0x00, 0x00, 0x00, 0x00,
  0x00, 0x00, 0x00, 0x00, 0x00, 0x00, 0x00, 0x00, 0x00, 0x00, 0x00, 0x00,
  0x00, 0x00, 0x00, 0x00, 0x00, 0x00, 0x00, 0x00, 0x00, 0x00, 0x00, 0x00,
  0x00, 0x00, 0x00, 0x00, 0x00, 0x00, 0x00, 0x00, 0x00, 0x00, 0x00, 0x00,
  0x00, 0x00, 0x00, 0x00, 0x00, 0x00, 0x00, 0x00, 0x00, 0x00, 0x00, 0x00,
  0x00, 0x00, 0x00, 0x00, 0x00, 0x00, 0x00, 0x00, 0x00, 0x00, 0x00, 0x00,
  0x00, 0x00, 0x00, 0x00, 0x00, 0x00, 0x00, 0x00, 0x00, 0x00, 0x00, 0x00,
  0x00, 0x00, 0x00, 0x00, 0x00, 0x00, 0x00, 0x00, 0x00, 0x00, 0x00, 0x00,
  0x00, 0x00, 0x00, 0x00, 0x00, 0x00, 0x00, 0x00, 0x00, 0x00, 0x00, 0x00,
  0x00, 0x00, 0x00, 0x00, 0x00, 0x00, 0x00, 0x00, 0x00, 0x00, 0x00, 0x00,
  0x00, 0x00, 0x00, 0x00, 0x00, 0x00, 0x00, 0x00, 0x00, 0x00, 0x00, 0x00,
  0x00, 0x00, 0x00, 0x00, 0x00, 0x00, 0x00, 0x00, 0x00, 0x00, 0x00, 0x00,
  0x00, 0x00, 0x00, 0x00, 0x00, 0x00, 0x00, 0x00, 0x00, 0x00, 0x00, 0x00,
  0x00, 0x00, 0x00, 0x00, 0x00, 0x00, 0x00, 0x00, 0x00, 0x00, 0x00, 0x00,
  0x00, 0x00, 0x00, 0x00, 0x00, 0x00, 0x00, 0x00, 0x00, 0x00, 0x00, 0x00,
  0x00, 0x00, 0x00, 0x00, 0x00, 0x00, 0x00, 0x00, 0x00, 0x00, 0x00, 0x00,
  0x00, 0x00, 0x00, 0x00, 0x00, 0x00, 0x00, 0x00, 0x00, 0x00, 0x00, 0x00,
  0x00, 0x00, 0x00, 0x00, 0x00, 0x00, 0x00, 0x00, 0x00, 0x00, 0x00, 0x00,
  0x00, 0x00, 0x00, 0x00, 0x00, 0x00, 0x00, 0x00, 0x00, 0x00, 0x00, 0x00,
  0x00, 0x00, 0x00, 0x00, 0x00, 0x00, 0x00, 0x00, 0x00, 0x00, 0x00, 0x00,
  0x00, 0x00, 0x00, 0x00, 0x00, 0x00, 0x00, 0x00, 0x00, 0x00, 0x00, 0x00,
  0x00, 0x00, 0x00, 0x00, 0x00, 0x00, 0x00, 0x00, 0x00, 0x00, 0x00, 0x00,
  0x00, 0x00, 0x00, 0x00, 0x00, 0x00, 0x00, 0x00, 0x00, 0x00, 0x00, 0x00,
  0x00, 0x00, 0x00, 0x00, 0x00, 0x00, 0x00, 0x00, 0x00, 0x00, 0x00, 0x00,
  0x00, 0x00, 0x00, 0x00, 0x00, 0x00, 0x00, 0x00, 0x00, 0x00, 0x00, 0x00,
  0x00, 0x00, 0x00, 0x00, 0x00, 0x00, 0x00, 0x00, 0x00, 0x00, 0x00, 0x00,
  0x00, 0x00, 0x00, 0x00, 0x00, 0x00, 0x00, 0x00, 0x00, 0x00, 0x00, 0x00,
  0x00, 0x00, 0x00, 0x00, 0x00, 0x00, 0x00, 0x00, 0x00, 0x00, 0x00, 0x00,
  0x00, 0x00, 0x00, 0x00, 0x00, 0x00, 0x00, 0x00, 0x00, 0x00, 0x00, 0x00,
  0x00, 0x00, 0x00, 0x00, 0x00, 0x00, 0x00, 0x00, 0x00, 0x00, 0x00, 0x00,
  0x00, 0x00, 0x00, 0x00, 0x00, 0x00, 0x00, 0x00, 0x00, 0x00, 0x00, 0x00,
  0x00, 0x00, 0x00, 0x00, 0x00, 0x00, 0x00, 0x00, 0x00, 0x00, 0x00, 0x00,
  0x00, 0x00, 0x00, 0x00, 0x00, 0x00, 0x00, 0x00, 0x00, 0x00, 0x00, 0x00,
  0x00, 0x00, 0x00, 0x00, 0x00, 0x00, 0x00, 0x00, 0x00, 0x00, 0x00, 0x00,
  0x00, 0x00, 0x00, 0x00, 0x00, 0x00, 0x00, 0x00, 0x00, 0x00, 0x00, 0x00,
  0x00, 0x00, 0x00, 0x00, 0x00, 0x00, 0x00, 0x00, 0x00, 0x00, 0x00, 0x00,
  0x00, 0x00, 0x00, 0x00, 0x00, 0x00, 0x00, 0x00, 0x00, 0x00, 0x00, 0x00,
  0x00, 0x00, 0x00, 0x00, 0x00, 0x00, 0x00, 0x00, 0x00, 0x00, 0x00, 0x00,
  0x00, 0x00, 0x00, 0x00, 0x00, 0x00, 0x00, 0x00, 0x00, 0x00, 0x00, 0x00,
  0x00, 0x00, 0x00, 0x00, 0x00, 0x00, 0x00, 0x00, 0x00, 0x00, 0x00, 0x00,
  0x00, 0x00, 0x00, 0x00, 0x00, 0x00, 0x00, 0x00, 0x00, 0x00, 0x00, 0x00,
  0x00, 0x00, 0x00, 0x00, 0x00, 0x00, 0x00, 0x00, 0x00, 0x00, 0x00, 0x00,
  0x00, 0x00, 0x00, 0x00, 0x00, 0x00, 0x00, 0x00, 0x00, 0x00, 0x00, 0x00,
  0x00, 0x00, 0x00, 0x00, 0x00, 0x00, 0x00, 0x00, 0x00, 0x00, 0x00, 0x00,
  0x00, 0x00, 0x00, 0x00, 0x00, 0x00, 0x00, 0x00, 0x00, 0x00, 0x00, 0x00,
  0x00, 0x00, 0x00, 0x00, 0x00, 0x00, 0x00, 0x00, 0x00, 0x00, 0x00, 0x00,
  0x00, 0x00, 0x00, 0x00, 0x00, 0x00, 0x00, 0x00, 0x00, 0x00, 0x00, 0x00,
  0x00, 0x00, 0x00, 0x00, 0x00, 0x00, 0x00, 0x00, 0x00, 0x00, 0x00, 0x00,
  0x00, 0x00, 0x00, 0x00, 0x00, 0x00, 0x00, 0x00, 0x00, 0x00, 0x00, 0x00,
  0x00, 0x00, 0x00, 0x00, 0x00, 0x00, 0x00, 0x00, 0x00, 0x00, 0x00, 0x00,
  0x00, 0x00, 0x00, 0x00, 0x00, 0x00, 0x00, 0x00, 0x00, 0x00, 0x00, 0x00,
  0x00, 0x00, 0x00, 0x00, 0x00, 0x00, 0x00, 0x00, 0x00, 0x00, 0x00, 0x00,
  0x00, 0x00, 0x00, 0x00, 0x00, 0x00, 0x00, 0x00, 0x00, 0x00, 0x00, 0x00,
  0x00, 0x00, 0x00, 0x00, 0x00, 0x00, 0x00, 0x00, 0x00, 0x00, 0x00, 0x00,
  0x00, 0x00, 0x00, 0x00, 0x00, 0x00, 0x00, 0x00, 0x00, 0x00, 0x00, 0x00,
  0x00, 0x00, 0x00, 0x00, 0x00, 0x00, 0x00, 0x00, 0x00, 0x00, 0x00, 0x00,
  0x00, 0x00, 0x00, 0x00, 0x00, 0x00, 0x00, 0x00, 0x00, 0x00, 0x00, 0x00,
  0x00, 0x00, 0x00, 0x00, 0x00, 0x00, 0x00, 0x00, 0x00, 0x00, 0x00, 0x00,
  0x00, 0x00, 0x00, 0x00, 0x00, 0x00, 0x00, 0x00, 0x00, 0x00, 0x00, 0x00,
  0x00, 0x00, 0x00, 0x00, 0x00, 0x00, 0x00, 0x00, 0x00, 0x00, 0x00, 0x00,
  0x00, 0x00, 0x00, 0x00, 0x00, 0x00, 0x00, 0x00, 0x00, 0x00, 0x00, 0x00,
  0x00, 0x00, 0x00, 0x00, 0x00, 0x00, 0x00, 0x00, 0x00, 0x00, 0x00, 0x00,
  0x00, 0x00, 0x00, 0x00, 0x00, 0x00, 0x00, 0x00, 0x00, 0x00, 0x00, 0x00,
  0x00, 0x00, 0x00, 0x00, 0x00, 0x00, 0x00, 0x00, 0x00, 0x00, 0x00, 0x00,
  0x00, 0x00, 0x00, 0x00, 0x00, 0x00, 0x00, 0x00, 0x00, 0x00, 0x00, 0x00,
  0x00, 0x00, 0x00, 0x00, 0x00, 0x00, 0x00, 0x00, 0x00, 0x00, 0x00, 0x00,
  0x00, 0x00, 0x00, 0x00, 0x00, 0x00, 0x00, 0x00, 0x00, 0x00, 0x00, 0x00,
  0x00, 0x00, 0x00, 0x00, 0x00, 0x00, 0x00, 0x00, 0x00, 0x00, 0x00, 0x00,
  0x00, 0x00, 0x00, 0x00, 0x00, 0x00, 0x00, 0x00, 0x00, 0x00, 0x00, 0x00,
  0x00, 0x00, 0x00, 0x00, 0x00, 0x00, 0x00, 0x00, 0x00, 0x00, 0x00, 0x00,
  0x00, 0x00, 0x00, 0x00, 0x00, 0x00, 0x00, 0x00, 0x00, 0x00, 0x00, 0x00,
  0x00, 0x00, 0x00, 0x00, 0x00, 0x00, 0x00, 0x00, 0x00, 0x00, 0x00, 0x00,
  0x00, 0x00, 0x00, 0x00, 0x00, 0x00, 0x00, 0x00, 0x00, 0x00, 0x00, 0x00,
  0x00, 0x00, 0x00, 0x00, 0x00, 0x00, 0x00, 0x00, 0x00, 0x00, 0x00, 0x00,
  0x00, 0x00, 0x00, 0x00, 0x00, 0x00, 0x00, 0x00, 0x00, 0x00, 0x00, 0x00,
  0x00, 0x00, 0x00, 0x00, 0x00, 0x00, 0x00, 0x00, 0x00, 0x00, 0x00, 0x00,
  0x00, 0x00, 0x00, 0x00, 0x00, 0x00, 0x00, 0x00, 0x00, 0x00, 0x00, 0x00,
  0x00, 0x00, 0x00, 0x00, 0x00, 0x00, 0x00, 0x00, 0x00, 0x00, 0x00, 0x00,
  0x00, 0x00, 0x00, 0x00, 0x00, 0x00, 0x00, 0x00, 0x00, 0x00, 0x00, 0x00,
  0x00, 0x00, 0x00, 0x00, 0x00, 0x00, 0x00, 0x00, 0x00, 0x00, 0x00, 0x00,
  0x00, 0x00, 0x00, 0x00, 0x00, 0x00, 0x00, 0x00, 0x00, 0x00, 0x00, 0x00,
  0x00, 0x00, 0x00, 0x00, 0x00, 0x00, 0x00, 0x00, 0x00, 0x00, 0x00, 0x00,
  0x00, 0x00, 0x00, 0x00, 0x00, 0x00, 0x00, 0x00, 0x00, 0x00, 0x00, 0x00,
  0x00, 0x00, 0x00, 0x00, 0x00, 0x00, 0x00, 0x00, 0x00, 0x00, 0x00, 0x00,
  0x00, 0x00, 0x00, 0x00, 0x00, 0x00, 0x00, 0x00, 0x00, 0x00, 0x00, 0x00,
  0x00, 0x00, 0x00, 0x00, 0x00, 0x00, 0x00, 0x00, 0x00, 0x00, 0x00, 0x00,
  0x00, 0x00, 0x00, 0x00, 0x00, 0x00, 0x00, 0x00, 0x00, 0x00, 0x00, 0x00,
  0x00, 0x00, 0x00, 0x00, 0x00, 0x00, 0x00, 0x00, 0x00, 0x00, 0x00, 0x00,
  0x00, 0x00, 0x00, 0x00, 0x00, 0x00, 0x00, 0x00, 0x00, 0x00, 0x00, 0x00,
  0x00, 0x00, 0x00, 0x00, 0x00, 0x00, 0x00, 0x00, 0x00, 0x00, 0x00, 0x00,
  0x00, 0x00, 0x00, 0x00, 0x00, 0x00, 0x00, 0x00, 0x00, 0x00, 0x00, 0x00,
  0x00, 0x00, 0x00, 0x00, 0x00, 0x00, 0x00, 0x00, 0x00, 0x00, 0x00, 0x00,
  0x00, 0x00, 0x00, 0x00, 0x00, 0x00, 0x00, 0x00, 0x00, 0x00, 0x00, 0x00,
  0x00, 0x00, 0x00, 0x00, 0x00, 0x00, 0x00, 0x00, 0x00, 0x00, 0x00, 0x00,
  0x00, 0x00, 0x00, 0x00, 0x00, 0x00, 0x00, 0x00, 0x00, 0x00, 0x00, 0x00,
  0x00, 0x00, 0x00, 0x00, 0x00, 0x00, 0x00, 0x00, 0x00, 0x00, 0x00, 0x00,
  0x00, 0x00, 0x00, 0x00, 0x00, 0x00, 0x00, 0x00, 0x00, 0x00, 0x00, 0x00,
  0x00, 0x00, 0x00, 0x00, 0x00, 0x00, 0x00, 0x00, 0x00, 0x00, 0x00, 0x00,
  0x00, 0x00, 0x00, 0x00, 0x00, 0x00, 0x00, 0x00, 0x00, 0x00, 0x00, 0x00,
  0x00, 0x00, 0x00, 0x00, 0x00, 0x00, 0x00, 0x00, 0x00, 0x00, 0x00, 0x00,
  0x00, 0x00, 0x00, 0x00, 0x00, 0x00, 0x00, 0x00, 0x00, 0x00, 0x00, 0x00,
  0x00, 0x00, 0x00, 0x00, 0x00, 0x00, 0x00, 0x00, 0x00, 0x00, 0x00, 0x00,
  0x00, 0x00, 0x00, 0x00, 0x00, 0x00, 0x00, 0x00, 0x00, 0x00, 0x00, 0x00,
  0x00, 0x00, 0x00, 0x00, 0x00, 0x00, 0x00, 0x00, 0x00, 0x00, 0x00, 0x00,
  0x00, 0x00, 0x00, 0x00, 0x00, 0x00, 0x00, 0x00, 0x00, 0x00, 0x00, 0x00,
  0x00, 0x00, 0x00, 0x00, 0x00, 0x00, 0x00, 0x00, 0x00, 0x00, 0x00, 0x00,
  0x00, 0x00, 0x00, 0x00, 0x00, 0x00, 0x00, 0x00, 0x00, 0x00, 0x00, 0x00,
  0x00, 0x00, 0x00, 0x00, 0x00, 0x00, 0x00, 0x00, 0x00, 0x00, 0x00, 0x00,
  0x00, 0x00, 0x00, 0x00, 0x00, 0x00, 0x00, 0x00, 0x00, 0x00, 0x00, 0x00,
  0x00, 0x00, 0x00, 0x00, 0x00, 0x00, 0x00, 0x00, 0x00, 0x00, 0x00, 0x00,
  0x00, 0x00, 0x00, 0x00, 0x00, 0x00, 0x00, 0x00, 0x00, 0x00, 0x00, 0x00,
  0x00, 0x00, 0x00, 0x00, 0x00, 0x00, 0x00, 0x00, 0x00, 0x00, 0x00, 0x00,
  0x00, 0x00, 0x00, 0x00, 0x00, 0x00, 0x00, 0x00, 0x00, 0x00, 0x00, 0x00,
  0x00, 0x00, 0x00, 0x00, 0x00, 0x00, 0x00, 0x00, 0x00, 0x00, 0x00, 0x00,
  0x00, 0x00, 0x00, 0x00, 0x00, 0x00, 0x00, 0x00, 0x00, 0x00, 0x00, 0x00,
  0x00, 0x00, 0x00, 0x00, 0x00, 0x00, 0x00, 0x00, 0x00, 0x00, 0x00, 0x00,
  0x00, 0x00, 0x00, 0x00, 0x00, 0x00, 0x00, 0x00, 0x00, 0x00, 0x00, 0x00,
  0x00, 0x00, 0x00, 0x00, 0x00, 0x00, 0x00, 0x00, 0x00, 0x00, 0x00, 0x00,
  0x00, 0x00, 0x00, 0x00, 0x00, 0x00, 0x00, 0x00, 0x00, 0x00, 0x00, 0x00,
  0x00, 0x00, 0x00, 0x00, 0x00, 0x00, 0x00, 0x00, 0x00, 0x00, 0x00, 0x00,
  0x00, 0x00, 0x00, 0x00, 0x00, 0x00, 0x00, 0x00, 0x00, 0x00, 0x00, 0x00,
  0x00, 0x00, 0x00, 0x00, 0x00, 0x00, 0x00, 0x00, 0x00, 0x00, 0x00, 0x00,
  0x00, 0x00, 0x00, 0x00, 0x00, 0x00, 0x00, 0x00, 0x00, 0x00, 0x00, 0x00,
  0x00, 0x00, 0x00, 0x00, 0x00, 0x00, 0x00, 0x00, 0x00, 0x00, 0x00, 0x00,
  0x00, 0x00, 0x00, 0x00, 0x00, 0x00, 0x00, 0x00, 0x00, 0x00, 0x00, 0x00,
  0x00, 0x00, 0x00, 0x00, 0x00, 0x00, 0x00, 0x00, 0x00, 0x00, 0x00, 0x00,
  0x00, 0x00, 0x00, 0x00, 0x00, 0x00, 0x00, 0x00, 0x00, 0x00, 0x00, 0x00,
  0x00, 0x00, 0x00, 0x00, 0x00, 0x00, 0x00, 0x00, 0x00, 0x00, 0x00, 0x00,
  0x00, 0x00, 0x00, 0x00, 0x00, 0x00, 0x00, 0x00, 0x00, 0x00, 0x00, 0x00,
  0x00, 0x00, 0x00, 0x00, 0x00, 0x00, 0x00, 0x00, 0x00, 0x00, 0x00, 0x00,
  0x00, 0x00, 0x00, 0x00, 0x00, 0x00, 0x00, 0x00, 0x00, 0x00, 0x00, 0x00,
  0x00, 0x00, 0x00, 0x00, 0x00, 0x00, 0x00, 0x00, 0x00, 0x00, 0x00, 0x00,
  0x00, 0x00, 0x00, 0x00, 0x00, 0x00, 0x00, 0x00, 0x00, 0x00, 0x00, 0x00,
  0x00, 0x00, 0x00, 0x00, 0x00, 0x00, 0x00, 0x00, 0x00, 0x00, 0x00, 0x00,
  0x00, 0x00, 0x00, 0x00, 0x00, 0x00, 0x00, 0x00, 0x00, 0x00, 0x00, 0x00,
  0x00, 0x00, 0x00, 0x00, 0x00, 0x00, 0x00, 0x00, 0x00, 0x00, 0x00, 0x00,
  0x00, 0x00, 0x00, 0x00, 0x00, 0x00, 0x00, 0x00, 0x00, 0x00, 0x00, 0x00,
  0x00, 0x00, 0x00, 0x00, 0x00, 0x00, 0x00, 0x00, 0x00, 0x00, 0x00, 0x00,
  0x00, 0x00, 0x00, 0x00, 0x00, 0x00, 0x00, 0x00, 0x00, 0x00, 0x00, 0x00,
  0x00, 0x00, 0x00, 0x00, 0x00, 0x00, 0x88, 0x52, 0x00, 0xa8, 0x52, 0x00,
  0xa8, 0x52, 0x1c, 0xa8, 0x52, 0x49, 0x88, 0x52, 0x00, 0x26, 0x83, 0x00,
  0x00, 0x00, 0x00, 0x00, 0x00, 0x00, 0x00, 0x00, 0x00, 0x00, 0x00, 0x00,
  0x00, 0x00, 0x00, 0x00, 0x00, 0x00, 0x00, 0x00, 0x00, 0x00, 0x00, 0x00,
  0x00, 0x00, 0x00, 0x00, 0x00, 0x00, 0x00, 0x00, 0x00, 0x00, 0x00, 0x00,
  0x00, 0x00, 0x00, 0x00, 0x00, 0x00, 0x00, 0x00, 0x00, 0x00, 0x00, 0x00,
  0x00, 0x00, 0x00, 0x00, 0x00, 0x00, 0x00, 0x00, 0x00, 0x00, 0x00, 0x00,
  0x00, 0x00, 0x00, 0x00, 0x00, 0x00, 0x00, 0x00, 0x00, 0x00, 0x00, 0x00,
  0x00, 0x00, 0x00, 0x00, 0x00, 0x00, 0x00, 0x00, 0x00, 0x00, 0x00, 0x00,
  0x00, 0x00, 0x00, 0x00, 0x00, 0x00, 0x00, 0x00, 0x00, 0x00, 0x00, 0x00,
  0x00, 0x00, 0x00, 0x00, 0x00, 0x00, 0x00, 0x00, 0x00, 0x00, 0x00, 0x00,
  0x00, 0x00, 0x00, 0x00, 0x00, 0x00, 0x00, 0x00, 0x00, 0x00, 0x00, 0x00,
  0x00, 0x00, 0x00, 0x00, 0x00, 0x00, 0x00, 0x00, 0x00, 0x00, 0x00, 0x00,
  0x00, 0x00, 0x00, 0x00, 0x00, 0x00, 0x00, 0x00, 0x00, 0x00, 0x00, 0x00,
  0x00, 0x00, 0x00, 0x00, 0x00, 0x00, 0x00, 0x00, 0x00, 0x00, 0x00, 0x00,
  0x00, 0x00, 0x00, 0x00, 0x00, 0x00, 0x00, 0x00, 0x00, 0x00, 0x00, 0x00,
  0x00, 0x00, 0x00, 0x00, 0x00, 0x00, 0x00, 0x00, 0x00, 0x00, 0x00, 0x00,
  0x00, 0x00, 0x00, 0x00, 0x00, 0x00, 0x00, 0x00, 0x00, 0x00, 0x00, 0x00,
  0x00, 0x00, 0x00, 0x00, 0x00, 0x00, 0x00, 0x00, 0x00, 0x00, 0x00, 0x00,
  0x00, 0x00, 0x00, 0x00, 0x00, 0x00, 0x00, 0x00, 0x00, 0x00, 0x00, 0x00,
  0x00, 0x00, 0x00, 0x00, 0x00, 0x00, 0x00, 0x00, 0x00, 0x00, 0x00, 0x00,
  0x00, 0x00, 0x00, 0x00, 0x00, 0x00, 0x00, 0x00, 0x00, 0x00, 0x00, 0x00,
  0x00, 0x00, 0x00, 0x00, 0x00, 0x00, 0x00, 0x00, 0x00, 0x00, 0x00, 0x00,
  0x00, 0x00, 0x00, 0x00, 0x00, 0x00, 0x00, 0x00, 0x00, 0x00, 0x00, 0x00,
  0x00, 0x00, 0x00, 0x00, 0x00, 0x00, 0x00, 0x00, 0x00, 0x00, 0x00, 0x00,
  0x00, 0x00, 0x00, 0x00, 0x00, 0x00, 0x00, 0x00, 0x00, 0x00, 0x00, 0x00,
  0x00, 0x00, 0x00, 0x00, 0x00, 0x00, 0x00, 0x00, 0x00, 0x00, 0x00, 0x00,
  0x00, 0x00, 0x00, 0x00, 0x00, 0x00, 0x00, 0x00, 0x00, 0x00, 0x00, 0x00,
  0x00, 0x00, 0x00, 0x00, 0x00, 0x00, 0x00, 0x00, 0x00, 0x00, 0x00, 0x00,
  0x00, 0x00, 0x00, 0x00, 0x00, 0x00, 0x00, 0x00, 0x00, 0x00, 0x00, 0x00,
  0x00, 0x00, 0x00, 0x00, 0x00, 0x00, 0x00, 0x00, 0x00, 0x00, 0x00, 0x00,
  0x00, 0x00, 0x00, 0x00, 0x00, 0x00, 0x00, 0x00, 0x00, 0x00, 0x00, 0x00,
  0x00, 0x00, 0x00, 0x00, 0x00, 0x00, 0x00, 0x00, 0x00, 0x00, 0x00, 0x00,
  0x00, 0x00, 0x00, 0x00, 0x00, 0x00, 0xa8, 0x52, 0x00, 0xa8, 0x52, 0x00,
  0xa8, 0x52, 0x63, 0xa8, 0x52, 0xbc, 0xa8, 0x52, 0x10, 0xa8, 0x52, 0x00,
  0xc8, 0x52, 0x00, 0x00, 0x00, 0x00, 0x00, 0x00, 0x00, 0x00, 0x00, 0x00,
  0x00, 0x00, 0x00, 0x00, 0x00, 0x00, 0x00, 0x00, 0x00, 0x00, 0x00, 0x00,
  0x00, 0x00, 0x00, 0x00, 0x00, 0x00, 0x00, 0x00, 0x00, 0x00, 0x00, 0x00,
  0x00, 0x00, 0x00, 0x00, 0x00, 0x00, 0x00, 0x00, 0x00, 0x00, 0x00, 0x00,
  0x00, 0x00, 0x00, 0x00, 0x00, 0x00, 0x00, 0x00, 0x00, 0x00, 0x00, 0x00,
  0x00, 0x00, 0x00, 0x00, 0x00, 0x00, 0x00, 0x00, 0x00, 0x00, 0x00, 0x00,
  0x00, 0x00, 0x00, 0x00, 0x00, 0x00, 0x00, 0x00, 0x00, 0x00, 0x00, 0x00,
  0x00, 0x00, 0x00, 0x00, 0x00, 0x00, 0x00, 0x00, 0x00, 0x00, 0x00, 0x00,
  0x00, 0x00, 0x00, 0x00, 0x00, 0x00, 0x00, 0x00, 0x00, 0x00, 0x00, 0x00,
  0x00, 0x00, 0x00, 0x00, 0x00, 0x00, 0x00, 0x00, 0x00, 0x00, 0x00, 0x00,
  0x00, 0x00, 0x00, 0x00, 0x00, 0x00, 0x00, 0x00, 0x00, 0x00, 0x00, 0x00,
  0x00, 0x00, 0x00, 0x00, 0x00, 0x00, 0x00, 0x00, 0x00, 0x00, 0x00, 0x00,
  0x00, 0x00, 0x00, 0x00, 0x00, 0x00, 0x00, 0x00, 0x00, 0x00, 0x00, 0x00,
  0x00, 0x00, 0x00, 0x00, 0x00, 0x00, 0x00, 0x00, 0x00, 0x00, 0x00, 0x00,
  0x00, 0x00, 0x00, 0x00, 0x00, 0x00, 0x00, 0x00, 0x00, 0x00, 0x00, 0x00,
  0x00, 0x00, 0x00, 0x00, 0x00, 0x00, 0x00, 0x00, 0x00, 0x00, 0x00, 0x00,
  0x00, 0x00, 0x00, 0x00, 0x00, 0x00, 0x00, 0x00, 0x00, 0x00, 0x00, 0x00,
  0x00, 0x00, 0x00, 0x00, 0x00, 0x00, 0x00, 0x00, 0x00, 0x00, 0x00, 0x00,
  0x00, 0x00, 0x00, 0x00, 0x00, 0x00, 0x00, 0x00, 0x00, 0x00, 0x00, 0x00,
  0x00, 0x00, 0x00, 0x00, 0x00, 0x00, 0x00, 0x00, 0x00, 0x00, 0x00, 0x00,
  0x00, 0x00, 0x00, 0x00, 0x00, 0x00, 0x00, 0x00, 0x00, 0x00, 0x00, 0x00,
  0x00, 0x00, 0x00, 0x00, 0x00, 0x00, 0x00, 0x00, 0x00, 0x00, 0x00, 0x00,
  0x00, 0x00, 0x00, 0x00, 0x00, 0x00, 0x00, 0x00, 0x00, 0x00, 0x00, 0x00,
  0x00, 0x00, 0x00, 0x00, 0x00, 0x00, 0x00, 0x00, 0x00, 0x00, 0x00, 0x00,
  0x00, 0x00, 0x00, 0x00, 0x00, 0x00, 0x00, 0x00, 0x00, 0x00, 0x00, 0x00,
  0x00, 0x00, 0x00, 0x00, 0x00, 0x00, 0x00, 0x00, 0x00, 0x00, 0x00, 0x00,
  0x00, 0x00, 0x00, 0x00, 0x00, 0x00, 0x00, 0x00, 0x00, 0x00, 0x00, 0x00,
  0x00, 0x00, 0x00, 0x00, 0x00, 0x00, 0x00, 0x00, 0x00, 0x00, 0x00, 0x00,
  0x00, 0x00, 0x00, 0x00, 0x00, 0x00, 0x00, 0x00, 0x00, 0x00, 0x00, 0x00,
  0x00, 0x00, 0x00, 0x00, 0x00, 0x00, 0x00, 0x00, 0x00, 0x00, 0x00, 0x00,
  0x00, 0x00, 0x00, 0x00, 0x00, 0x00, 0x00, 0x00, 0x00, 0x00, 0x00, 0x00,
  0x00, 0x00, 0x00, 0xa8, 0x52, 0x00, 0x88, 0x52, 0x00, 0x88, 0x52, 0x0c,
  0xa8, 0x52, 0xba, 0xa8, 0x52, 0xfa, 0xa8, 0x52, 0x4f, 0xa8, 0x52, 0x00,
  0x88, 0x52, 0x00, 0x00, 0x00, 0x00, 0x00, 0x00, 0x00, 0x00, 0x00, 0x00,
  0x00, 0x00, 0x00, 0x00, 0x00, 0x00, 0x00, 0x00, 0x00, 0x00, 0x00, 0x00,
  0x00, 0x00, 0x00, 0x00, 0x00, 0x00, 0x00, 0x00, 0x00, 0x00, 0x00, 0x00,
  0x00, 0x00, 0x00, 0x00, 0x00, 0x00, 0x00, 0x00, 0x00, 0x00, 0x00, 0x00,
  0x00, 0x00, 0x00, 0x00, 0x00, 0x00, 0x00, 0x00, 0x00, 0x00, 0x00, 0x00,
  0x00, 0x00, 0x00, 0x00, 0x00, 0x00, 0x00, 0x00, 0x00, 0x00, 0x00, 0x00,
  0x00, 0x00, 0x00, 0x00, 0x00, 0x00, 0x00, 0x00, 0x00, 0x00, 0x00, 0x00,
  0x00, 0x00, 0x00, 0x00, 0x00, 0x00, 0x00, 0x00, 0x00, 0x00, 0x00, 0x00,
  0x00, 0x00, 0x00, 0x00, 0x00, 0x00, 0x00, 0x00, 0x00, 0x00, 0x00, 0x00,
  0x00, 0x00, 0x00, 0x00, 0x00, 0x00, 0x00, 0x00, 0x00, 0x00, 0x00, 0x00,
  0x00, 0x00, 0x00, 0x00, 0x00, 0x00, 0x00, 0x00, 0x00, 0x00, 0x00, 0x00,
  0x00, 0x00, 0x00, 0x00, 0x00, 0x00, 0x00, 0x00, 0x00, 0x00, 0x00, 0x00,
  0x00, 0x00, 0x00, 0x00, 0x00, 0x00, 0x00, 0x00, 0x00, 0x00, 0x00, 0x00,
  0x00, 0x00, 0x00, 0x00, 0x00, 0x00, 0x00, 0x00, 0x00, 0x00, 0x00, 0x00,
  0x00, 0x00, 0x00, 0x00, 0x00, 0x00, 0x00, 0x00, 0x00, 0x00, 0x00, 0x00,
  0x00, 0x00, 0x00, 0x00, 0x00, 0x00, 0x00, 0x00, 0x00, 0x00, 0x00, 0x00,
  0x00, 0x00, 0x00, 0x00, 0x00, 0x00, 0x00, 0x00, 0x00, 0x00, 0x00, 0x00,
  0x00, 0x00, 0x00, 0x00, 0x00, 0x00, 0x00, 0x00, 0x00, 0x00, 0x00, 0x00,
  0x00, 0x00, 0x00, 0x00, 0x00, 0x00, 0x00, 0x00, 0x00, 0x00, 0x00, 0x00,
  0x00, 0x00, 0x00, 0x00, 0x00, 0x00, 0x00, 0x00, 0x00, 0x00, 0x00, 0x00,
  0x00, 0x00, 0x00, 0x00, 0x00, 0x00, 0x00, 0x00, 0x00, 0x00, 0x00, 0x00,
  0x00, 0x00, 0x00, 0x00, 0x00, 0x00, 0x00, 0x00, 0x00, 0x00, 0x00, 0x00,
  0x00, 0x00, 0x00, 0x00, 0x00, 0x00, 0x00, 0x00, 0x00, 0x00, 0x00, 0x00,
  0x00, 0x00, 0x00, 0x00, 0x00, 0x00, 0x00, 0x00, 0x00, 0x00, 0x00, 0x00,
  0x00, 0x00, 0x00, 0x00, 0x00, 0x00, 0x00, 0x00, 0x00, 0x00, 0x00, 0x00,
  0x00, 0x00, 0x00, 0x00, 0x00, 0x00, 0x00, 0x00, 0x00, 0x00, 0x00, 0x00,
  0x00, 0x00, 0x00, 0x00, 0x00, 0x00, 0x00, 0x00, 0x00, 0x00, 0x00, 0x00,
  0x00, 0x00, 0x00, 0x00, 0x00, 0x00, 0x00, 0x00, 0x00, 0x00, 0x00, 0x00,
  0x00, 0x00, 0x00, 0x00, 0x00, 0x00, 0x00, 0x00, 0x00, 0x00, 0x00, 0x00,
  0x00, 0x00, 0x00, 0x00, 0x00, 0x00, 0x00, 0x00, 0x00, 0x00, 0x00, 0x00,
  0x00, 0x00, 0x00, 0x00, 0x00, 0x00, 0x00, 0x00, 0x00, 0x00, 0x00, 0x00,
  0x00, 0x00, 0x00, 0xa8, 0x52, 0x00, 0xa8, 0x52, 0x00, 0xa8, 0x52, 0x46,
  0xa8, 0x52, 0xf2, 0xa8, 0x52, 0xff, 0xa8, 0x52, 0xa9, 0xa8, 0x52, 0x06,
  0xa8, 0x52, 0x00, 0x00, 0x00, 0x00, 0x00, 0x00, 0x00, 0x00, 0x00, 0x00,
  0x00, 0x00, 0x00, 0x00, 0x00, 0x00, 0x00, 0x00, 0x00, 0x00, 0x00, 0x00,
  0x00, 0x00, 0x00, 0x00, 0x00, 0x00, 0x00, 0x00, 0x00, 0x00, 0x00, 0x00,
  0x00, 0x00, 0x00, 0x00, 0x00, 0x00, 0x00, 0x00, 0x00, 0x00, 0x00, 0x00,
  0x00, 0x00, 0x00, 0x00, 0x00, 0x00, 0x00, 0x00, 0x00, 0x00, 0x00, 0x00,
  0x00, 0x00, 0x00, 0x00, 0x00, 0x00, 0x00, 0x00, 0x00, 0x00, 0x00, 0x00,
  0x00, 0x00, 0x00, 0x00, 0x00, 0x00, 0x00, 0x00, 0x00, 0x00, 0x00, 0x00,
  0x00, 0x00, 0x00, 0x00, 0x00, 0x00, 0x00, 0x00, 0x00, 0x00, 0x00, 0x00,
  0x00, 0x00, 0x00, 0x00, 0x00, 0x00, 0x00, 0x00, 0x00, 0x00, 0x00, 0x00,
  0x00, 0x00, 0x00, 0x00, 0x00, 0x00, 0x00, 0x00, 0x00, 0x00, 0x00, 0x00,
  0x00, 0x00, 0x00, 0x00, 0x00, 0x00, 0x00, 0x00, 0x00, 0x00, 0x00, 0x00,
  0x00, 0x00, 0x00, 0x00, 0x00, 0x00, 0x00, 0x00, 0x00, 0x00, 0x00, 0x00,
  0x00, 0x00, 0x00, 0x00, 0x00, 0x00, 0x00, 0x00, 0x00, 0x00, 0x00, 0x00,
  0x00, 0x00, 0x00, 0x00, 0x00, 0x00, 0x00, 0x00, 0x00, 0x00, 0x00, 0x00,
  0x00, 0x00, 0x00, 0x00, 0x00, 0x00, 0x00, 0x00, 0x00, 0x00, 0x00, 0x00,
  0x00, 0x00, 0x00, 0x00, 0x00, 0x00, 0x00, 0x00, 0x00, 0x00, 0x00, 0x00,
  0x00, 0x00, 0x00, 0x00, 0x00, 0x00, 0x00, 0x00, 0x00, 0x00, 0x00, 0x00,
  0x00, 0x00, 0x00, 0x00, 0x00, 0x00, 0x00, 0x00, 0x00, 0x00, 0x00, 0x00,
  0x00, 0x00, 0x00, 0x00, 0x00, 0x00, 0x00, 0x00, 0x00, 0x00, 0x00, 0x00,
  0x00, 0x00, 0x00, 0x00, 0x00, 0x00, 0x00, 0x00, 0x00, 0x00, 0x00, 0x00,
  0x00, 0x00, 0x00, 0x00, 0x00, 0x00, 0x00, 0x00, 0x00, 0x00, 0x00, 0x00,
  0x00, 0x00, 0x00, 0x00, 0x00, 0x00, 0x00, 0x00, 0x00, 0x00, 0x00, 0x00,
  0x00, 0x00, 0x00, 0x00, 0x00, 0x00, 0x00, 0x00, 0x00, 0x00, 0x00, 0x00,
  0x00, 0x00, 0x00, 0x00, 0x00, 0x00, 0x00, 0x00, 0x00, 0x00, 0x00, 0x00,
  0x00, 0x00, 0x00, 0x00, 0x00, 0x00, 0x00, 0x00, 0x00, 0x00, 0x00, 0x00,
  0x00, 0x00, 0x00, 0x00, 0x00, 0x00, 0x00, 0x00, 0x00, 0x00, 0x00, 0x00,
  0x00, 0x00, 0x00, 0x00, 0x00, 0x00, 0x00, 0x00, 0x00, 0x00, 0x00, 0x00,
  0x00, 0x00, 0x00, 0x00, 0x00, 0x00, 0x00, 0x00, 0x00, 0x00, 0x00, 0x00,
  0x00, 0x00, 0x00, 0x00, 0x00, 0x00, 0x00, 0x00, 0x00, 0x00, 0x00, 0x00,
  0x00, 0x00, 0x00, 0x00, 0x00, 0x00, 0x00, 0x00, 0x00, 0x00, 0x00, 0x00,
  0x00, 0x00, 0x00, 0x00, 0x00, 0x00, 0x00, 0x00, 0x00, 0x00, 0x00, 0x00,
  0x00, 0x00, 0x00, 0xa8, 0x52, 0x00, 0xa8, 0x52, 0x04, 0xa8, 0x52, 0x9d,
  0xa8, 0x52, 0xd5, 0xa8, 0x52, 0xd7, 0xa8, 0x52, 0xd4, 0xa8, 0x52, 0x39,
  0xa8, 0x52, 0x00, 0xa8, 0x52, 0x00, 0x00, 0x00, 0x00, 0x00, 0x00, 0x00,
  0x00, 0x00, 0x00, 0x00, 0x00, 0x00, 0x00, 0x00, 0x00, 0x00, 0x00, 0x00,
  0x00, 0x00, 0x00, 0x00, 0x00, 0x00, 0x00, 0x00, 0x00, 0x00, 0x00, 0x00,
  0x00, 0x00, 0x00, 0x00, 0x00, 0x00, 0x00, 0x00, 0x00, 0x00, 0x00, 0x00,
  0x00, 0x00, 0x00, 0x00, 0x00, 0x00, 0x00, 0x00, 0x00, 0x00, 0x00, 0x00,
  0x00, 0x00, 0x00, 0x00, 0x00, 0x00, 0x00, 0x00, 0x00, 0x00, 0x00, 0x00,
  0x00, 0x00, 0x00, 0x00, 0x00, 0x00, 0x00, 0x00, 0x00, 0x00, 0x00, 0x00,
  0x00, 0x00, 0x00, 0x00, 0x00, 0x00, 0x00, 0x00, 0x00, 0x00, 0x00, 0x00,
  0x00, 0x00, 0x00, 0x00, 0x00, 0x00, 0x00, 0x00, 0x00, 0x00, 0x00, 0x00,
  0x00, 0x00, 0x00, 0x00, 0x00, 0x00, 0x00, 0x00, 0x00, 0x00, 0x00, 0x00,
  0x00, 0x00, 0x00, 0x00, 0x00, 0x00, 0x00, 0x00, 0x00, 0x00, 0x00, 0x00,
  0x00, 0x00, 0x00, 0x00, 0x00, 0x00, 0x00, 0x00, 0x00, 0x00, 0x00, 0x00,
  0x00, 0x00, 0x00, 0x00, 0x00, 0x00, 0x00, 0x00, 0x00, 0x00, 0x00, 0x00,
  0x00, 0x00, 0x00, 0x00, 0x00, 0x00, 0x00, 0x00, 0x00, 0x00, 0x00, 0x00,
  0x00, 0x00, 0x00, 0x00, 0x00, 0x00, 0x00, 0x00, 0x00, 0x00, 0x00, 0x00,
  0x00, 0x00, 0x00, 0x00, 0x00, 0x00, 0x00, 0x00, 0x00, 0x00, 0x00, 0x00,
  0x00, 0x00, 0x00, 0x00, 0x00, 0x00, 0x00, 0x00, 0x00, 0x00, 0x00, 0x00,
  0x00, 0x00, 0x00, 0x00, 0x00, 0x00, 0x00, 0x00, 0x00, 0x00, 0x00, 0x00,
  0x00, 0x00, 0x00, 0x00, 0x00, 0x00, 0x00, 0x00, 0x00, 0x00, 0x00, 0x00,
  0x00, 0x00, 0x00, 0x00, 0x00, 0x00, 0x00, 0x00, 0x00, 0x00, 0x00, 0x00,
  0x00, 0x00, 0x00, 0x00, 0x00, 0x00, 0x00, 0x00, 0x00, 0x00, 0x00, 0x00,
  0x00, 0x00, 0x00, 0x00, 0x00, 0x00, 0x00, 0x00, 0x00, 0x00, 0x00, 0x00,
  0x00, 0x00, 0x00, 0x00, 0x00, 0x00, 0x00, 0x00, 0x00, 0x00, 0x00, 0x00,
  0x00, 0x00, 0x00, 0x00, 0x00, 0x00, 0x00, 0x00, 0x00, 0x00, 0x00, 0x00,
  0x00, 0x00, 0x00, 0x00, 0x00, 0x00, 0x00, 0x00, 0x00, 0x00, 0x00, 0x00,
  0x00, 0x00, 0x00, 0x00, 0x00, 0x00, 0x00, 0x00, 0x00, 0x00, 0x00, 0x00,
  0x00, 0x00, 0x00, 0x00, 0x00, 0x00, 0x00, 0x00, 0x00, 0x00, 0x00, 0x00,
  0x00, 0x00, 0x00, 0x00, 0x00, 0x00, 0x00, 0x00, 0x00, 0x00, 0x00, 0x00,
  0x00, 0x00, 0x00, 0x00, 0x00, 0x00, 0x00, 0x00, 0x00, 0x00, 0x00, 0x00,
  0x00, 0x00, 0x00, 0x00, 0x00, 0x00, 0x00, 0x00, 0x00, 0x00, 0x00, 0x00,
  0x00, 0x00, 0x00, 0x00, 0x00, 0x00, 0x00, 0x00, 0x00, 0x00, 0x00, 0x00,
  0xa8, 0x52, 0x00, 0xa8, 0x52, 0x00, 0xa8, 0x52, 0x30, 0xa8, 0x52, 0xca,
  0xa8, 0x52, 0x82, 0xa8, 0x52, 0xae, 0xa8, 0x52, 0x9d, 0xa8, 0x52, 0x91,
  0xc9, 0x52, 0x00, 0xa8, 0x52, 0x00, 0x00, 0x00, 0x00, 0x00, 0x00, 0x00,
  0x00, 0x00, 0x00, 0x00, 0x00, 0x00, 0x00, 0x00, 0x00, 0x00, 0x00, 0x00,
  0x00, 0x00, 0x00, 0x00, 0x00, 0x00, 0x00, 0x00, 0x00, 0x00, 0x00, 0x00,
  0x00, 0x00, 0x00, 0x00, 0x00, 0x00, 0x00, 0x00, 0x00, 0x00, 0x00, 0x00,
  0x00, 0x00, 0x00, 0x00, 0x00, 0x00, 0x00, 0x00, 0x00, 0x00, 0x00, 0x00,
  0x00, 0x00, 0x00, 0x00, 0x00, 0x00, 0x00, 0x00, 0x00, 0x00, 0x00, 0x00,
  0x00, 0x00, 0x00, 0x00, 0x00, 0x00, 0x00, 0x00, 0x00, 0x00, 0x00, 0x00,
  0x00, 0x00, 0x00, 0x00, 0x00, 0x00, 0x00, 0x00, 0x00, 0x00, 0x00, 0x00,
  0x00, 0x00, 0x00, 0x00, 0x00, 0x00, 0x00, 0x00, 0x00, 0x00, 0x00, 0x00,
  0x00, 0x00, 0x00, 0x00, 0x00, 0x00, 0x00, 0x00, 0x00, 0x00, 0x00, 0x00,
  0x00, 0x00, 0x00, 0x00, 0x00, 0x00, 0x00, 0x00, 0x00, 0x00, 0x00, 0x00,
  0x00, 0x00, 0x00, 0x00, 0x00, 0x00, 0x00, 0x00, 0x00, 0x00, 0x00, 0x00,
  0x00, 0x00, 0x00, 0x00, 0x00, 0x00, 0x00, 0x00, 0x00, 0x00, 0x00, 0x00,
  0x00, 0x00, 0x00, 0x00, 0x00, 0x00, 0x00, 0x00, 0x00, 0x00, 0x00, 0x00,
  0x00, 0x00, 0x00, 0x00, 0x00, 0x00, 0x00, 0x00, 0x00, 0x00, 0x00, 0x00,
  0x00, 0x00, 0x00, 0x00, 0x00, 0x00, 0x00, 0x00, 0x00, 0x00, 0x00, 0x00,
  0x00, 0x00, 0x00, 0x00, 0x00, 0x00, 0x00, 0x00, 0x00, 0x00, 0x00, 0x00,
  0x00, 0x00, 0x00, 0x00, 0x00, 0x00, 0x00, 0x00, 0x00, 0x00, 0x00, 0x00,
  0x00, 0x00, 0x00, 0x00, 0x00, 0x00, 0x00, 0x00, 0x00, 0x00, 0x00, 0x00,
  0x00, 0x00, 0x00, 0x00, 0x00, 0x00, 0x00, 0x00, 0x00, 0x00, 0x00, 0x00,
  0x00, 0x00, 0x00, 0x00, 0x00, 0x00, 0x00, 0x00, 0x00, 0x00, 0x00, 0x00,
  0x00, 0x00, 0x00, 0x00, 0x00, 0x00, 0x00, 0x00, 0x00, 0x00, 0x00, 0x00,
  0x00, 0x00, 0x00, 0x00, 0x00, 0x00, 0x00, 0x00, 0x00, 0x00, 0x00, 0x00,
  0x00, 0x00, 0x00, 0x00, 0x00, 0x00, 0x00, 0x00, 0x00, 0x00, 0x00, 0x00,
  0x00, 0x00, 0x00, 0x00, 0x00, 0x00, 0x00, 0x00, 0x00, 0x00, 0x00, 0x00,
  0x00, 0x00, 0x00, 0x00, 0x00, 0x00, 0x00, 0x00, 0x00, 0x00, 0x00, 0x00,
  0x00, 0x00, 0x00, 0x00, 0x00, 0x00, 0x00, 0x00, 0x00, 0x00, 0x00, 0x00,
  0x00, 0x00, 0x00, 0x00, 0x00, 0x00, 0x00, 0x00, 0x00, 0x00, 0x00, 0x00,
  0x00, 0x00, 0x00, 0x00, 0x00, 0x00, 0x00, 0x00, 0x00, 0x00, 0x00, 0x00,
  0x00, 0x00, 0x00, 0x00, 0x00, 0x00, 0x00, 0x00, 0x00, 0x00, 0x00, 0x00,
  0x00, 0x00, 0x00, 0x00, 0x00, 0x00, 0x00, 0x00, 0x00, 0x00, 0x00, 0x00,
  0xa8, 0x52, 0x00, 0xa8, 0x52, 0x00, 0xa8, 0x52, 0x86, 0xa8, 0x52, 0x9d,
  0xa8, 0x52, 0x54, 0xa8, 0x52, 0xac, 0xa8, 0x52, 0x43, 0xa8, 0x52, 0xca,
  0xa8, 0x52, 0x25, 0xa8, 0x52, 0x00, 0x88, 0x52, 0x00, 0x00, 0x00, 0x00,
  0x00, 0x00, 0x00, 0x00, 0x00, 0x00, 0x00, 0x00, 0x00, 0x00, 0x00, 0x00,
  0x00, 0x00, 0x00, 0x00, 0x00, 0x00, 0x00, 0x00, 0x00, 0x00, 0x00, 0x00,
  0x00, 0x00, 0x00, 0x00, 0x00, 0x00, 0x00, 0x00, 0x00, 0x00, 0x00, 0x00,
  0x00, 0x00, 0x00, 0x00, 0x00, 0x00, 0x00, 0x00, 0x00, 0x00, 0x00, 0x00,
  0x00, 0x00, 0x00, 0x00, 0x00, 0x00, 0x00, 0x00, 0x00, 0x00, 0x00, 0x00,
  0x00, 0x00, 0x00, 0x00, 0x00, 0x00, 0x00, 0x00, 0x00, 0x00, 0x00, 0x00,
  0x00, 0x00, 0x00, 0x00, 0x00, 0x00, 0x00, 0x00, 0x00, 0x00, 0x00, 0x00,
  0x00, 0x00, 0x00, 0x00, 0x00, 0x00, 0x00, 0x00, 0x00, 0x00, 0x00, 0x00,
  0x00, 0x00, 0x00, 0x00, 0x00, 0x00, 0x00, 0x00, 0x00, 0x00, 0x00, 0x00,
  0x00, 0x00, 0x00, 0x00, 0x00, 0x00, 0x00, 0x00, 0x00, 0x00, 0x00, 0x00,
  0x00, 0x00, 0x00, 0x00, 0x00, 0x00, 0x00, 0x00, 0x00, 0x00, 0x00, 0x00,
  0x00, 0x00, 0x00, 0x00, 0x00, 0x00, 0x00, 0x00, 0x00, 0x00, 0x00, 0x00,
  0x00, 0x00, 0x00, 0x00, 0x00, 0x00, 0x00, 0x00, 0x00, 0x00, 0x00, 0x00,
  0x00, 0x00, 0x00, 0x00, 0x00, 0x00, 0x00, 0x00, 0x00, 0x00, 0x00, 0x00,
  0x00, 0x00, 0x00, 0x00, 0x00, 0x00, 0x00, 0x00, 0x00, 0x00, 0x00, 0x00,
  0x00, 0x00, 0x00, 0x00, 0x00, 0x00, 0x00, 0x00, 0x00, 0x00, 0x00, 0x00,
  0x00, 0x00, 0x00, 0x00, 0x00, 0x00, 0x00, 0x00, 0x00, 0x00, 0x00, 0x00,
  0x00, 0x00, 0x00, 0x00, 0x00, 0x00, 0x00, 0x00, 0x00, 0x00, 0x00, 0x00,
  0x00, 0x00, 0x00, 0x00, 0x00, 0x00, 0x00, 0x00, 0x00, 0x00, 0x00, 0x00,
  0x00, 0x00, 0x00, 0x00, 0x00, 0x00, 0x00, 0x00, 0x00, 0x00, 0x00, 0x00,
  0x00, 0x00, 0x00, 0x00, 0x00, 0x00, 0x00, 0x00, 0x00, 0x00, 0x00, 0x00,
  0x00, 0x00, 0x00, 0x00, 0x00, 0x00, 0x00, 0x00, 0x00, 0x00, 0x00, 0x00,
  0x00, 0x00, 0x00, 0x00, 0x00, 0x00, 0x00, 0x00, 0x00, 0x00, 0x00, 0x00,
  0x00, 0x00, 0x00, 0x00, 0x00, 0x00, 0x00, 0x00, 0x00, 0x00, 0x00, 0x00,
  0x00, 0x00, 0x00, 0x00, 0x00, 0x00, 0x00, 0x00, 0x00, 0x00, 0x00, 0x00,
  0x00, 0x00, 0x00, 0x00, 0x00, 0x00, 0x00, 0x00, 0x00, 0x00, 0x00, 0x00,
  0x00, 0x00, 0x00, 0x00, 0x00, 0x00, 0x00, 0x00, 0x00, 0x00, 0x00, 0x00,
  0x00, 0x00, 0x00, 0x00, 0x00, 0x00, 0x00, 0x00, 0x00, 0x00, 0x00, 0x00,
  0x00, 0x00, 0x00, 0x00, 0x00, 0x00, 0x00, 0x00, 0x00, 0x00, 0x00, 0x00,
  0x00, 0x00, 0x00, 0x00, 0x00, 0x00, 0xa8, 0x52, 0x00, 0xa8, 0x52, 0x00,
  0xa8, 0x52, 0x00, 0xa8, 0x52, 0x1c, 0xa8, 0x52, 0xc8, 0xa8, 0x52, 0x44,
  0xa8, 0x52, 0x4c, 0xa8, 0x52, 0xae, 0xa8, 0x52, 0x0e, 0xa8, 0x52, 0xab,
  0xa8, 0x52, 0x75, 0xa8, 0x52, 0x00, 0xa8, 0x52, 0x00, 0xa8, 0x52, 0x00,
  0xa8, 0x52, 0x00, 0x00, 0x00, 0x00, 0x00, 0x00, 0x00, 0x00, 0x00, 0x00,
  0x00, 0x00, 0x00, 0x00, 0x00, 0x00, 0x00, 0x00, 0x00, 0x00, 0x00, 0x00,
  0x00, 0x00, 0x00, 0x00, 0x00, 0x00, 0x00, 0x00, 0x00, 0x00, 0x00, 0x00,
  0x00, 0x00, 0x00, 0x00, 0x00, 0x00, 0x00, 0x00, 0x00, 0x00, 0x00, 0x00,
  0x00, 0x00, 0x00, 0x00, 0x00, 0x00, 0x00, 0x00, 0x00, 0x00, 0x00, 0x00,
  0x00, 0x00, 0x00, 0x00, 0x00, 0x00, 0x00, 0x00, 0x00, 0x00, 0x00, 0x00,
  0x00, 0x00, 0x00, 0x00, 0x00, 0x00, 0x00, 0x00, 0x00, 0x00, 0x00, 0x00,
  0x00, 0x00, 0x00, 0x00, 0x00, 0x00, 0x00, 0x00, 0x00, 0x00, 0x00, 0x00,
  0x00, 0x00, 0x00, 0x00, 0x00, 0x00, 0x00, 0x00, 0x00, 0x00, 0x00, 0x00,
  0x00, 0x00, 0x00, 0x00, 0x00, 0x00, 0x00, 0x00, 0x00, 0x00, 0x00, 0x00,
  0x00, 0x00, 0x00, 0x00, 0x00, 0x00, 0x00, 0x00, 0x00, 0x00, 0x00, 0x00,
  0x00, 0x00, 0x00, 0x00, 0x00, 0x00, 0x00, 0x00, 0x00, 0x00, 0x00, 0x00,
  0x00, 0x00, 0x00, 0x00, 0x00, 0x00, 0x00, 0x00, 0x00, 0x00, 0x00, 0x00,
  0x00, 0x00, 0x00, 0x00, 0x00, 0x00, 0x00, 0x00, 0x00, 0x00, 0x00, 0x00,
  0x00, 0x00, 0x00, 0x00, 0x00, 0x00, 0x00, 0x00, 0x00, 0x00, 0x00, 0x00,
  0x00, 0x00, 0x00, 0x00, 0x00, 0x00, 0x00, 0x00, 0x00, 0x00, 0x00, 0x00,
  0x00, 0x00, 0x00, 0x00, 0x00, 0x00, 0x00, 0x00, 0x00, 0x00, 0x00, 0x00,
  0x00, 0x00, 0x00, 0x00, 0x00, 0x00, 0x00, 0x00, 0x00, 0x00, 0x00, 0x00,
  0x00, 0x00, 0x00, 0x00, 0x00, 0x00, 0x00, 0x00, 0x00, 0x00, 0x00, 0x00,
  0x00, 0x00, 0x00, 0x00, 0x00, 0x00, 0x00, 0x00, 0x00, 0x00, 0x00, 0x00,
  0x00, 0x00, 0x00, 0x00, 0x00, 0x00, 0x00, 0x00, 0x00, 0x00, 0x00, 0x00,
  0x00, 0x00, 0x00, 0x00, 0x00, 0x00, 0x00, 0x00, 0x00, 0x00, 0x00, 0x00,
  0x00, 0x00, 0x00, 0x00, 0x00, 0x00, 0x00, 0x00, 0x00, 0x00, 0x00, 0x00,
  0x00, 0x00, 0x00, 0x00, 0x00, 0x00, 0x00, 0x00, 0x00, 0x00, 0x00, 0x00,
  0x00, 0x00, 0x00, 0x00, 0x00, 0x00, 0x00, 0x00, 0x00, 0x00, 0x00, 0x00,
  0x00, 0x00, 0x00, 0x00, 0x00, 0x00, 0x00, 0x00, 0x00, 0x00, 0x00, 0x00,
  0x00, 0x00, 0x00, 0x00, 0x00, 0x00, 0x00, 0x00, 0x00, 0x00, 0x00, 0x00,
  0x00, 0x00, 0x00, 0x00, 0x00, 0x00, 0x00, 0x00, 0x00, 0x00, 0x00, 0x00,
  0x00, 0x00, 0x00, 0x00, 0x00, 0x00, 0x00, 0x00, 0x00, 0x00, 0x00, 0x00,
  0xa8, 0x52, 0x00, 0xa8, 0x52, 0x00, 0xa8, 0x52, 0x00, 0xa8, 0x52, 0x00,
  0xa8, 0x52, 0x17, 0xa8, 0x52, 0x87, 0xa8, 0x52, 0xb5, 0xa8, 0x52, 0x08,
  0xa8, 0x52, 0x4e, 0xa8, 0x52, 0xae, 0xa8, 0x52, 0x03, 0xa8, 0x52, 0x52,
  0xa8, 0x52, 0xc9, 0xa8, 0x52, 0x3c, 0xa8, 0x52, 0x05, 0xa8, 0x52, 0x00,
  0xa8, 0x52, 0x00, 0xa8, 0x52, 0x00, 0x00, 0x00, 0x00, 0x00, 0x00, 0x00,
  0x00, 0x00, 0x00, 0x00, 0x00, 0x00, 0x00, 0x00, 0x00, 0x00, 0x00, 0x00,
  0x00, 0x00, 0x00, 0x00, 0x00, 0x00, 0x00, 0x00, 0x00, 0x00, 0x00, 0x00,
  0x00, 0x00, 0x00, 0x00, 0x00, 0x00, 0x00, 0x00, 0x00, 0x00, 0x00, 0x00,
  0x00, 0x00, 0x00, 0x00, 0x00, 0x00, 0x00, 0x00, 0x00, 0x00, 0x00, 0x00,
  0x00, 0x00, 0x00, 0x00, 0x00, 0x00, 0x00, 0x00, 0x00, 0x00, 0x00, 0x00,
  0x00, 0x00, 0x00, 0x00, 0x00, 0x00, 0x00, 0x00, 0x00, 0x00, 0x00, 0x00,
  0x00, 0x00, 0x00, 0x00, 0x00, 0x00, 0x00, 0x00, 0x00, 0x00, 0x00, 0x00,
  0x00, 0x00, 0x00, 0x00, 0x00, 0x00, 0x00, 0x00, 0x00, 0x00, 0x00, 0x00,
  0x00, 0x00, 0x00, 0x00, 0x00, 0x00, 0x00, 0x00, 0x00, 0x00, 0x00, 0x00,
  0x00, 0x00, 0x00, 0x00, 0x00, 0x00, 0x00, 0x00, 0x00, 0x00, 0x00, 0x00,
  0x00, 0x00, 0x00, 0x00, 0x00, 0x00, 0x00, 0x00, 0x00, 0x00, 0x00, 0x00,
  0x00, 0x00, 0x00, 0x00, 0x00, 0x00, 0x00, 0x00, 0x00, 0x00, 0x00, 0x00,
  0x00, 0x00, 0x00, 0x00, 0x00, 0x00, 0x00, 0x00, 0x00, 0x00, 0x00, 0x00,
  0x00, 0x00, 0x00, 0x00, 0x00, 0x00, 0x00, 0x00, 0x00, 0x00, 0x00, 0x00,
  0x00, 0x00, 0x00, 0x00, 0x00, 0x00, 0x00, 0x00, 0x00, 0x00, 0x00, 0x00,
  0x00, 0x00, 0x00, 0x00, 0x00, 0x00, 0x00, 0x00, 0x00, 0x00, 0x00, 0x00,
  0x00, 0x00, 0x00, 0x00, 0x00, 0x00, 0x00, 0x00, 0x00, 0x00, 0x00, 0x00,
  0x00, 0x00, 0x00, 0x00, 0x00, 0x00, 0x00, 0x00, 0x00, 0x00, 0x00, 0x00,
  0x00, 0x00, 0x00, 0x00, 0x00, 0x00, 0x00, 0x00, 0x00, 0x00, 0x00, 0x00,
  0x00, 0x00, 0x00, 0x00, 0x00, 0x00, 0x00, 0x00, 0x00, 0x00, 0x00, 0x00,
  0x00, 0x00, 0x00, 0x00, 0x00, 0x00, 0x00, 0x00, 0x00, 0x00, 0x00, 0x00,
  0x00, 0x00, 0x00, 0x00, 0x00, 0x00, 0x00, 0x00, 0x00, 0x00, 0x00, 0x00,
  0x00, 0x00, 0x00, 0x00, 0x00, 0x00, 0x00, 0x00, 0x00, 0x00, 0x00, 0x00,
  0x00, 0x00, 0x00, 0x00, 0x00, 0x00, 0x00, 0x00, 0x00, 0x00, 0x00, 0x00,
  0x00, 0x00, 0x00, 0x00, 0x00, 0x00, 0x00, 0x00, 0x00, 0x00, 0x00, 0x00,
  0x00, 0x00, 0x00, 0x00, 0x00, 0x00, 0x00, 0x00, 0x00, 0x00, 0x00, 0x00,
  0x00, 0x00, 0x00, 0x00, 0x00, 0x00, 0x00, 0x00, 0x00, 0x00, 0x00, 0x00,
  0x00, 0x00, 0x00, 0x00, 0x00, 0x00, 0x00, 0x00, 0x00, 0xa8, 0x52, 0x00,
  0xa8, 0x52, 0x00, 0xa8, 0x52, 0x00, 0xa8, 0x52, 0x0d, 0xa8, 0x52, 0x6b,
  0xa8, 0x52, 0xc7, 0xa8, 0x52, 0xe1, 0xa8, 0x52, 0x5e, 0xa8, 0x52, 0x00,
  0xa8, 0x52, 0x4e, 0xa8, 0x52, 0xad, 0xa8, 0x52, 0x05, 0xa8, 0x52, 0x10,
  0xa8, 0x52, 0xb9, 0xa8, 0x52, 0xda, 0xa8, 0x52, 0xa0, 0xa8, 0x52, 0x2f,
  0xa8, 0x52, 0x00, 0xa8, 0x52, 0x00, 0xa8, 0x52, 0x00, 0x00, 0x00, 0x00,
  0x00, 0x00, 0x00, 0x00, 0x00, 0x00, 0x00, 0x00, 0x00, 0x00, 0x00, 0x00,
  0x00, 0x00, 0x00, 0x00, 0x00, 0x00, 0x00, 0x00, 0x00, 0x00, 0x00, 0x00,
  0x00, 0x00, 0x00, 0x00, 0x00, 0x00, 0x00, 0x00, 0x00, 0x00, 0x00, 0x00,
  0x00, 0x00, 0x00, 0x00, 0x00, 0x00, 0x00, 0x00, 0x00, 0x00, 0x00, 0x00,
  0x00, 0x00, 0x00, 0x00, 0x00, 0x00, 0x00, 0x00, 0x00, 0x00, 0x00, 0x00,
  0x00, 0x00, 0x00, 0x00, 0x00, 0x00, 0x00, 0x00, 0x00, 0x00, 0x00, 0x00,
  0x00, 0x00, 0x00, 0x00, 0x00, 0x00, 0x00, 0x00, 0x00, 0x00, 0x00, 0x00,
  0x00, 0x00, 0x00, 0x00, 0x00, 0x00, 0x00, 0x00, 0x00, 0x00, 0x00, 0x00,
  0x00, 0x00, 0x00, 0x00, 0x00, 0x00, 0x00, 0x00, 0x00, 0x00, 0x00, 0x00,
  0x00, 0x00, 0x00, 0x00, 0x00, 0x00, 0x00, 0x00, 0x00, 0x00, 0x00, 0x00,
  0x00, 0x00, 0x00, 0x00, 0x00, 0x00, 0x00, 0x00, 0x00, 0x00, 0x00, 0x00,
  0x00, 0x00, 0x00, 0x00, 0x00, 0x00, 0x00, 0x00, 0x00, 0x00, 0x00, 0x00,
  0x00, 0x00, 0x00, 0x00, 0x00, 0x00, 0x00, 0x00, 0x00, 0x00, 0x00, 0x00,
  0x00, 0x00, 0x00, 0x00, 0x00, 0x00, 0x00, 0x00, 0x00, 0x00, 0x00, 0x00,
  0x00, 0x00, 0x00, 0x00, 0x00, 0x00, 0x00, 0x00, 0x00, 0x00, 0x00, 0x00,
  0x00, 0x00, 0x00, 0x00, 0x00, 0x00, 0x00, 0x00, 0x00, 0x00, 0x00, 0x00,
  0x00, 0x00, 0x00, 0x00, 0x00, 0x00, 0x00, 0x00, 0x00, 0x00, 0x00, 0x00,
  0x00, 0x00, 0x00, 0x00, 0x00, 0x00, 0x00, 0x00, 0x00, 0x00, 0x00, 0x00,
  0x00, 0x00, 0x00, 0x00, 0x00, 0x00, 0x00, 0x00, 0x00, 0x00, 0x00, 0x00,
  0x00, 0x00, 0x00, 0x00, 0x00, 0x00, 0x00, 0x00, 0x00, 0x00, 0x00, 0x00,
  0x00, 0x00, 0x00, 0x00, 0x00, 0x00, 0x00, 0x00, 0x00, 0x00, 0x00, 0x00,
  0x00, 0x00, 0x00, 0x00, 0x00, 0x00, 0x00, 0x00, 0x00, 0x00, 0x00, 0x00,
  0x00, 0x00, 0x00, 0x00, 0x00, 0x00, 0x00, 0x00, 0x00, 0x00, 0x00, 0x00,
  0x00, 0x00, 0x00, 0x00, 0x00, 0x00, 0x00, 0x00, 0x00, 0x00, 0x00, 0x00,
  0x00, 0x00, 0x00, 0x00, 0x00, 0x00, 0x00, 0x00, 0x00, 0x00, 0x00, 0x00,
  0x00, 0x00, 0x00, 0x00, 0x00, 0x00, 0x00, 0x00, 0x00, 0x00, 0x00, 0x00,
  0x00, 0x00, 0x00, 0x00, 0x00, 0x00, 0x00, 0x00, 0x00, 0x00, 0x00, 0x00,
  0x00, 0x00, 0x00, 0x00, 0x00, 0x00, 0xa8, 0x52, 0x00, 0x88, 0x52, 0x00,
  0x88, 0x52, 0x00, 0xa8, 0x52, 0x21, 0xa8, 0x52, 0xab, 0xa8, 0x52, 0xcc,
  0xa8, 0x52, 0x66, 0xa8, 0x52, 0x7c, 0xa8, 0x52, 0x1a, 0xa8, 0x52, 0x00,
  0xa8, 0x52, 0x4e, 0xa8, 0x52, 0xad, 0xa8, 0x52, 0x06, 0xa8, 0x52, 0x00,
  0xa8, 0x52, 0x57, 0xa8, 0x52, 0x66, 0xa8, 0x52, 0x9b, 0xa8, 0x52, 0xd2,
  0xa8, 0x52, 0x59, 0x88, 0x52, 0x01, 0xa8, 0x52, 0x00, 0xa8, 0x52, 0x00,
  0x00, 0x00, 0x00, 0x00, 0x00, 0x00, 0x00, 0x00, 0x00, 0x00, 0x00, 0x00,
  0x00, 0x00, 0x00, 0x00, 0x00, 0x00, 0x88, 0x52, 0x00, 0x88, 0x52, 0x00,
  0x88, 0x52, 0x00, 0x88, 0x52, 0x00, 0x88, 0x52, 0x00, 0x88, 0x52, 0x00,
  0xa8, 0x52, 0x00, 0xa8, 0x52, 0x00, 0xa8, 0x52, 0x00, 0xa8, 0x52, 0x00,
  0xa8, 0x52, 0x00, 0xa8, 0x52, 0x00, 0xa8, 0x52, 0x00, 0xa8, 0x52, 0x00,
  0x88, 0x52, 0x00, 0x88, 0x52, 0x00, 0x88, 0x52, 0x00, 0x88, 0x52, 0x00,
  0xa8, 0x52, 0x00, 0xa8, 0x52, 0x00, 0x88, 0x52, 0x00, 0x88, 0x52, 0x00,
  0xa8, 0x52, 0x00, 0x88, 0x52, 0x00, 0x88, 0x52, 0x00, 0xc8, 0x52, 0x00,
  0xa8, 0x52, 0x00, 0x88, 0x52, 0x00, 0x88, 0x52, 0x00, 0x88, 0x52, 0x00,
  0x00, 0x00, 0x00, 0x00, 0x00, 0x00, 0x00, 0x00, 0x00, 0x00, 0x00, 0x00,
  0x00, 0x00, 0x00, 0x00, 0x00, 0x00, 0x88, 0x52, 0x00, 0xa8, 0x52, 0x00,
  0x88, 0x52, 0x00, 0x88, 0x52, 0x00, 0xa8, 0x52, 0x00, 0xa8, 0x52, 0x00,
  0x88, 0x52, 0x00, 0x88, 0x52, 0x00, 0x88, 0x52, 0x00, 0x88, 0x52, 0x00,
  0x88, 0x52, 0x00, 0x88, 0x52, 0x00, 0x88, 0x52, 0x00, 0x88, 0x52, 0x00,
  0x88, 0x52, 0x00, 0x88, 0x52, 0x00, 0x88, 0x52, 0x00, 0x88, 0x52, 0x00,
  0xa8, 0x52, 0x00, 0xa8, 0x52, 0x00, 0x88, 0x52, 0x00, 0xa8, 0x52, 0x00,
  0xa8, 0x52, 0x00, 0xa8, 0x52, 0x00, 0xa8, 0x52, 0x00, 0xa8, 0x52, 0x00,
  0xa8, 0x52, 0x00, 0xe7, 0x4a, 0x00, 0xa8, 0x52, 0x00, 0x88, 0x52, 0x00,
  0xa8, 0x52, 0x00, 0xa8, 0x52, 0x00, 0xa8, 0x52, 0x00, 0xa8, 0x52, 0x00,
  0xa8, 0x52, 0x00, 0xa8, 0x52, 0x00, 0xa8, 0x52, 0x00, 0x88, 0x52, 0x00,
  0x88, 0x52, 0x00, 0x88, 0x52, 0x00, 0x88, 0x52, 0x00, 0xa8, 0x52, 0x00,
  0xa9, 0x52, 0x00, 0xa8, 0x52, 0x00, 0x88, 0x52, 0x00, 0x88, 0x52, 0x00,
  0x88, 0x52, 0x00, 0x88, 0x52, 0x00, 0xa8, 0x52, 0x00, 0xa8, 0x52, 0x00,
  0xa8, 0x52, 0x00, 0xa8, 0x52, 0x00, 0xa8, 0x52, 0x00, 0xa8, 0x52, 0x00,
  0xa8, 0x52, 0x00, 0xa8, 0x52, 0x00, 0xa8, 0x52, 0x00, 0xa8, 0x52, 0x00,
  0xa8, 0x52, 0x00, 0x88, 0x52, 0x00, 0x88, 0x52, 0x00, 0x88, 0x52, 0x00,
  0x88, 0x52, 0x00, 0x88, 0x52, 0x00, 0x00, 0x00, 0x00, 0x00, 0x00, 0x00,
  0x00, 0x00, 0x00, 0x00, 0x00, 0x00, 0xa8, 0x52, 0x00, 0xa8, 0x52, 0x00,
  0xa8, 0x52, 0x22, 0xa8, 0x52, 0xbe, 0xa8, 0x52, 0xb2, 0xa8, 0x52, 0x21,
  0xa8, 0x52, 0x2c, 0xa8, 0x52, 0x5d, 0x88, 0x52, 0x00, 0xa8, 0x52, 0x00,
  0xa8, 0x52, 0x4e, 0xa8, 0x52, 0xad, 0xa8, 0x52, 0x06, 0xa8, 0x52, 0x00,
  0xa8, 0x52, 0x1f, 0xa8, 0x52, 0x61, 0x88, 0x52, 0x07, 0xa8, 0x52, 0x67,
  0xa8, 0x52, 0xd9, 0xa8, 0x52, 0x62, 0xa9, 0x4a, 0x00, 0xa8, 0x52, 0x00,
  0xa8, 0x52, 0x00, 0x00, 0x00, 0x00, 0x00, 0x00, 0x00, 0x00, 0x00, 0x00,
  0x00, 0x00, 0x00, 0x00, 0x00, 0x00, 0x88, 0x52, 0x00, 0x88, 0x52, 0x02,
  0x88, 0x52, 0x11, 0x88, 0x52, 0x12, 0x88, 0x52, 0x04, 0x88, 0x52, 0x00,
  0xa8, 0x52, 0x00, 0xa8, 0x52, 0x07, 0xa8, 0x52, 0x15, 0xa8, 0x52, 0x0c,
  0xa8, 0x52, 0x00, 0xa8, 0x52, 0x02, 0xa8, 0x52, 0x13, 0xa8, 0x52, 0x0d,
  0x88, 0x52, 0x07, 0x88, 0x52, 0x13, 0x88, 0x52, 0x09, 0x88, 0x52, 0x00,
  0xa8, 0x52, 0x00, 0xa8, 0x52, 0x02, 0x88, 0x52, 0x11, 0x88, 0x52, 0x0f,
  0xa8, 0x52, 0x04, 0x88, 0x52, 0x12, 0x88, 0x52, 0x0b, 0xc8, 0x52, 0x00,
  0xa8, 0x52, 0x0e, 0x88, 0x52, 0x11, 0x88, 0x52, 0x02, 0x88, 0x52, 0x00,
  0x00, 0x00, 0x00, 0x00, 0x00, 0x00, 0x00, 0x00, 0x00, 0x00, 0x00, 0x00,
  0x00, 0x00, 0x00, 0xc8, 0x4a, 0x00, 0xa8, 0x52, 0x00, 0xa8, 0x52, 0x04,
  0x88, 0x52, 0x12, 0x88, 0x52, 0x11, 0xa8, 0x52, 0x02, 0xa8, 0x52, 0x00,
  0x88, 0x52, 0x00, 0x88, 0x52, 0x09, 0x88, 0x52, 0x13, 0x88, 0x52, 0x13,
  0x88, 0x52, 0x13, 0x88, 0x52, 0x14, 0x88, 0x52, 0x0b, 0x88, 0x52, 0x02,
  0x88, 0x52, 0x10, 0x88, 0x52, 0x13, 0x88, 0x52, 0x13, 0x88, 0x52, 0x13,
  0xa8, 0x52, 0x0e, 0x89, 0x4a, 0x00, 0xa8, 0x52, 0x00, 0xa8, 0x52, 0x00,
  0xa8, 0x52, 0x07, 0xa8, 0x52, 0x17, 0xa8, 0x52, 0x19, 0xa8, 0x52, 0x18,
  0xa8, 0x52, 0x0b, 0xa8, 0x52, 0x00, 0xa8, 0x52, 0x00, 0xa8, 0x52, 0x00,
  0xa8, 0x52, 0x0e, 0xa8, 0x52, 0x17, 0xa8, 0x52, 0x17, 0xa8, 0x52, 0x14,
  0xa8, 0x52, 0x02, 0xa8, 0x52, 0x00, 0xa8, 0x52, 0x05, 0x88, 0x52, 0x12,
  0x88, 0x52, 0x13, 0x88, 0x52, 0x13, 0x88, 0x52, 0x13, 0xa8, 0x52, 0x0a,
  0xa8, 0x52, 0x00, 0x88, 0x52, 0x00, 0x88, 0x52, 0x00, 0x88, 0x52, 0x08,
  0x88, 0x52, 0x14, 0x88, 0x52, 0x0d, 0xc8, 0x4a, 0x00, 0xc8, 0x4a, 0x00,
  0xa8, 0x52, 0x00, 0x88, 0x52, 0x00, 0xa8, 0x52, 0x0d, 0xa8, 0x52, 0x17,
  0xa8, 0x52, 0x17, 0xa8, 0x52, 0x14, 0xa8, 0x52, 0x02, 0xa8, 0x52, 0x00,
  0xa8, 0x52, 0x04, 0x88, 0x52, 0x12, 0x88, 0x52, 0x13, 0x88, 0x52, 0x13,
  0x88, 0x52, 0x13, 0x88, 0x52, 0x12, 0x00, 0x00, 0x00, 0x00, 0x00, 0x00,
  0x00, 0x00, 0x00, 0x00, 0x00, 0x00, 0xa8, 0x52, 0x00, 0xa8, 0x52, 0x0e,
  0xa8, 0x52, 0xac, 0xa8, 0x52, 0xb7, 0xa8, 0x52, 0x16, 0xa8, 0x52, 0x1e,
  0xa8, 0x52, 0x8f, 0xa8, 0x52, 0x27, 0xa8, 0x52, 0x00, 0xa8, 0x52, 0x00,
  0xa8, 0x52, 0x4e, 0xa8, 0x52, 0xad, 0xa8, 0x52, 0x06, 0x88, 0x52, 0x00,
  0xa8, 0x4a, 0x00, 0xa8, 0x52, 0x6c, 0xa8, 0x52, 0x5e, 0xa8, 0x52, 0x01,
  0xa8, 0x52, 0x5f, 0xa8, 0x52, 0xd9, 0xa8, 0x52, 0x44, 0xa8, 0x52, 0x00,
  0xa8, 0x52, 0x00, 0x00, 0x00, 0x00, 0x00, 0x00, 0x00, 0x00, 0x00, 0x00,
  0x00, 0x00, 0x00, 0x00, 0x00, 0x00, 0xa8, 0x52, 0x00, 0xa8, 0x52, 0x25,
  0xa8, 0x52, 0xbe, 0xa8, 0x52, 0xca, 0xa8, 0x52, 0x3c, 0xa8, 0x52, 0x00,
  0xa8, 0x52, 0x00, 0xa8, 0x52, 0x41, 0xa8, 0x52, 0xd1, 0xa8, 0x52, 0x90,
  0xa8, 0x52, 0x03, 0xa8, 0x52, 0x18, 0xa8, 0x52, 0xbb, 0xa8, 0x52, 0x7e,
  0xa8, 0x52, 0x39, 0xa8, 0x52, 0xcb, 0xa8, 0x52, 0x70, 0xa8, 0x52, 0x00,
  0xa8, 0x52, 0x00, 0xa8, 0x52, 0x21, 0xa8, 0x52, 0xbe, 0xa8, 0x52, 0x8c,
  0xa8, 0x52, 0x2b, 0xa8, 0x52, 0xc3, 0xa8, 0x52, 0x76, 0xa8, 0x4a, 0x03,
  0xa8, 0x52, 0x93, 0xa8, 0x52, 0xb1, 0xa8, 0x52, 0x15, 0xa8, 0x52, 0x00,
  0x00, 0x00, 0x00, 0x00, 0x00, 0x00, 0x00, 0x00, 0x00, 0x00, 0x00, 0x00,
  0x00, 0x00, 0x00, 0x08, 0x42, 0x00, 0xa8, 0x52, 0x00, 0xa8, 0x52, 0x3f,
  0xa8, 0x52, 0xca, 0xa8, 0x52, 0xbd, 0xa8, 0x52, 0x23, 0xa8, 0x52, 0x00,
  0xa8, 0x52, 0x00, 0xa8, 0x52, 0x60, 0xa8, 0x52, 0xd0, 0xa8, 0x52, 0xd2,
  0xa8, 0x52, 0xd3, 0xa8, 0x52, 0xd6, 0xa8, 0x52, 0x79, 0x88, 0x52, 0x13,
  0xa8, 0x52, 0xac, 0xa8, 0x52, 0xd2, 0xa8, 0x52, 0xd2, 0xa8, 0x52, 0xd3,
  0xa8, 0x52, 0xc6, 0xa8, 0x52, 0x5c, 0x68, 0x4a, 0x00, 0xa8, 0x52, 0x15,
  0xa8, 0x52, 0x9d, 0xa8, 0x52, 0xda, 0xa8, 0x52, 0xdc, 0xa8, 0x52, 0xdc,
  0xa8, 0x52, 0xb2, 0xa8, 0x52, 0x28, 0xa8, 0x52, 0x00, 0xa8, 0x52, 0x44,
  0xa8, 0x52, 0xc3, 0xa8, 0x52, 0xd9, 0xa8, 0x52, 0xd9, 0xa8, 0x52, 0xd3,
  0xa8, 0x52, 0x7b, 0xa8, 0x52, 0x04, 0xa8, 0x52, 0x30, 0xa8, 0x52, 0xc5,
  0xa8, 0x52, 0xd1, 0xa8, 0x52, 0xd3, 0xa8, 0x52, 0xd3, 0xa8, 0x52, 0xb8,
  0xa8, 0x52, 0x39, 0xa8, 0x52, 0x00, 0x88, 0x52, 0x00, 0xa8, 0x52, 0x6e,
  0xa8, 0x52, 0xd4, 0xa8, 0x52, 0x9b, 0xa8, 0x52, 0x09, 0xa8, 0x52, 0x00,
  0xa8, 0x52, 0x00, 0xa8, 0x52, 0x3c, 0xa8, 0x52, 0xbe, 0xa8, 0x52, 0xd9,
  0xa8, 0x52, 0xd9, 0xa8, 0x52, 0xd3, 0xa8, 0x52, 0x7c, 0xa8, 0x52, 0x05,
  0xa8, 0x52, 0x2b, 0xa8, 0x52, 0xc3, 0xa8, 0x52, 0xd1, 0xa8, 0x52, 0xd3,
  0xa8, 0x52, 0xd4, 0xa8, 0x52, 0xc4, 0x00, 0x00, 0x00, 0x00, 0x00, 0x00,
  0x00, 0x00, 0x00, 0x00, 0x00, 0x00, 0xa8, 0x52, 0x00, 0xa8, 0x52, 0x6b,
  0xa8, 0x52, 0xd7, 0xa8, 0x52, 0x2a, 0xa8, 0x52, 0x19, 0xa8, 0x52, 0xbc,
  0xa8, 0x52, 0x95, 0xa8, 0x52, 0x02, 0xa8, 0x52, 0x1c, 0x88, 0x52, 0x00,
  0xa8, 0x52, 0x4e, 0xa8, 0x52, 0xad, 0xa8, 0x52, 0x05, 0x88, 0x52, 0x14,
  0xa8, 0x52, 0x0b, 0xa8, 0x52, 0x2e, 0xa8, 0x52, 0xd5, 0xa8, 0x52, 0x64,
  0x88, 0x52, 0x02, 0xa8, 0x52, 0x89, 0xa8, 0x52, 0xc0, 0xa8, 0x52, 0x14,
  0xa8, 0x52, 0x00, 0xa8, 0x52, 0x00, 0x00, 0x00, 0x00, 0x00, 0x00, 0x00,
  0x00, 0x00, 0x00, 0xa8, 0x52, 0x00, 0xa8, 0x52, 0x00, 0xa8, 0x52, 0x51,
  0xa8, 0x52, 0xfc, 0xa8, 0x52, 0xff, 0xa8, 0x52, 0x73, 0xa8, 0x52, 0x00,
  0xa8, 0x52, 0x00, 0x88, 0x52, 0x51, 0xa8, 0x52, 0xff, 0xa8, 0x52, 0xe3,
  0xa8, 0x52, 0x24, 0xa8, 0x52, 0x1c, 0xa8, 0x52, 0xe6, 0xa8, 0x52, 0x9d,
  0xa8, 0x52, 0x27, 0xa8, 0x52, 0xeb, 0xa8, 0x52, 0xb3, 0x88, 0x52, 0x05,
  0xa8, 0x52, 0x00, 0xa8, 0x52, 0x49, 0xa8, 0x52, 0xfd, 0xa8, 0x52, 0x86,
  0xa8, 0x52, 0x2e, 0xa8, 0x52, 0xf4, 0xa8, 0x52, 0x93, 0xa8, 0x4a, 0x04,
  0xa8, 0x52, 0xb8, 0xa8, 0x52, 0xdd, 0xa8, 0x52, 0x1a, 0xa8, 0x52, 0x00,
  0x00, 0x00, 0x00, 0x00, 0x00, 0x00, 0x00, 0x00, 0x00, 0x00, 0x00, 0x00,
  0x00, 0x00, 0x00, 0xa8, 0x52, 0x00, 0xa8, 0x52, 0x00, 0xa8, 0x52, 0x76,
  0xa8, 0x52, 0xff, 0xa8, 0x52, 0xfb, 0xa8, 0x52, 0x4e, 0xa8, 0x52, 0x00,
  0xa8, 0x52, 0x00, 0xa8, 0x52, 0x78, 0xa8, 0x52, 0xff, 0xa8, 0x52, 0xbb,
  0xa8, 0x52, 0xa0, 0xa8, 0x52, 0xa4, 0xa8, 0x52, 0x5c, 0x88, 0x52, 0x18,
  0xa8, 0x52, 0xd9, 0xa8, 0x52, 0xe7, 0xa8, 0x52, 0x9c, 0xa8, 0x52, 0x9b,
  0xa8, 0x52, 0xe5, 0xa8, 0x52, 0xd1, 0xa8, 0x52, 0x10, 0xa8, 0x52, 0x52,
  0xa8, 0x52, 0xfb, 0xa8, 0x52, 0xc1, 0xa8, 0x52, 0x9a, 0xa8, 0x52, 0xb2,
  0xa8, 0x52, 0xff, 0xa8, 0x52, 0x7b, 0xa8, 0x52, 0x01, 0xa8, 0x52, 0xac,
  0xa8, 0x52, 0xf4, 0xa8, 0x52, 0xa6, 0xa8, 0x52, 0x9b, 0xa8, 0x52, 0xd6,
  0xa8, 0x52, 0xeb, 0xa8, 0x52, 0x26, 0xa8, 0x52, 0x3a, 0xa8, 0x52, 0xf7,
  0xa8, 0x52, 0xd1, 0xa8, 0x52, 0x9b, 0xa8, 0x52, 0xa8, 0xa8, 0x52, 0xf7,
  0xa8, 0x52, 0xa1, 0xa8, 0x52, 0x01, 0xa8, 0x52, 0x06, 0xa8, 0x52, 0xb2,
  0xa8, 0x52, 0xff, 0xa8, 0x52, 0xdf, 0xa8, 0x52, 0x1f, 0xa8, 0x52, 0x00,
  0xa8, 0x52, 0x03, 0xa8, 0x52, 0xa4, 0xa8, 0x52, 0xf6, 0xa8, 0x52, 0xa7,
  0xa8, 0x52, 0x9b, 0xa8, 0x52, 0xd2, 0xa8, 0x52, 0xed, 0xa8, 0x52, 0x2b,
  0xa8, 0x52, 0x33, 0xa8, 0x52, 0xf5, 0xa8, 0x52, 0xd6, 0xa8, 0x52, 0xa1,
  0xa8, 0x52, 0xa2, 0xa8, 0x52, 0x96, 0x00, 0x00, 0x00, 0x00, 0x00, 0x00,
  0x00, 0x00, 0x00, 0x00, 0x00, 0x00, 0xa8, 0x52, 0x1c, 0xa8, 0x52, 0xcb,
  0xa8, 0x52, 0x74, 0xa8, 0x52, 0x03, 0xa8, 0x52, 0x99, 0xa8, 0x52, 0xf0,
  0xa8, 0x52, 0x39, 0xa8, 0x52, 0x11, 0xa8, 0x52, 0x6c, 0xa9, 0x52, 0x01,
  0xa8, 0x52, 0x4e, 0xa8, 0x52, 0xad, 0x88, 0x52, 0x03, 0xa8, 0x52, 0x3c,
  0xa8, 0x52, 0x4f, 0x68, 0x5a, 0x00, 0xa8, 0x52, 0x9d, 0xa8, 0x52, 0xe8,
  0xa8, 0x52, 0x36, 0xa8, 0x52, 0x1a, 0xa8, 0x52, 0xcf, 0xa8, 0x52, 0x65,
  0xa8, 0x52, 0x00, 0xa8, 0x4a, 0x00, 0x00, 0x00, 0x00, 0x00, 0x00, 0x00,
  0x00, 0x00, 0x00, 0xc8, 0x5a, 0x00, 0x88, 0x52, 0x00, 0xa8, 0x52, 0x7f,
  0xa8, 0x52, 0xff, 0xa8, 0x52, 0xff, 0xa8, 0x52, 0xa1, 0x88, 0x52, 0x02,
  0xa8, 0x52, 0x00, 0x88, 0x52, 0x50, 0xa8, 0x52, 0xfb, 0xa8, 0x52, 0xfe,
  0xa8, 0x52, 0x63, 0xa8, 0x52, 0x1a, 0xa8, 0x52, 0xe4, 0xa8, 0x52, 0x9d,
  0xa8, 0x52, 0x0d, 0xa8, 0x52, 0xc6, 0xa8, 0x52, 0xd8, 0xa8, 0x52, 0x17,
  0xa8, 0x52, 0x00, 0xa8, 0x52, 0x73, 0xa8, 0x52, 0xfd, 0xa8, 0x52, 0x54,
  0xa8, 0x52, 0x2b, 0xa8, 0x52, 0xf2, 0xa8, 0x52, 0x92, 0xa8, 0x4a, 0x04,
  0xa8, 0x52, 0xb6, 0xa8, 0x52, 0xdb, 0xa8, 0x52, 0x1a, 0xa8, 0x52, 0x00,
  0x00, 0x00, 0x00, 0x00, 0x00, 0x00, 0x00, 0x00, 0x00, 0x00, 0x00, 0x00,
  0x00, 0x00, 0x00, 0x88, 0x52, 0x00, 0x88, 0x52, 0x03, 0xa8, 0x52, 0xa5,
  0xa8, 0x52, 0xff, 0xa8, 0x52, 0xff, 0xa8, 0x52, 0x7b, 0x88, 0x52, 0x00,
  0xa8, 0x52, 0x00, 0xa8, 0x52, 0x77, 0xa8, 0x52, 0xf9, 0xa8, 0x52, 0x44,
  0xa8, 0x52, 0x00, 0xa8, 0x52, 0x00, 0xa8, 0x52, 0x00, 0x88, 0x52, 0x18,
  0xa8, 0x52, 0xd9, 0xa8, 0x52, 0xb8, 0x88, 0x52, 0x05, 0x88, 0x52, 0x02,
  0xa8, 0x52, 0xb0, 0xa8, 0x52, 0xdf, 0xa8, 0x52, 0x19, 0xa8, 0x52, 0x60,
  0xa8, 0x52, 0xfb, 0xa8, 0x52, 0x59, 0xa8, 0x52, 0x00, 0xa8, 0x52, 0x33,
  0xa8, 0x52, 0xf5, 0xa8, 0x52, 0x8b, 0xa8, 0x52, 0x06, 0xa8, 0x52, 0xbc,
  0xa8, 0x52, 0xd5, 0x88, 0x52, 0x13, 0xa8, 0x52, 0x00, 0xa8, 0x52, 0x8c,
  0xa8, 0x52, 0xf7, 0xa8, 0x52, 0x30, 0xa8, 0x52, 0x39, 0xa8, 0x52, 0xf6,
  0xa8, 0x52, 0x81, 0xa8, 0x52, 0x00, 0xa8, 0x52, 0x1a, 0xa8, 0x52, 0xdd,
  0xa8, 0x52, 0xb4, 0xa8, 0x52, 0x03, 0xa8, 0x52, 0x19, 0xa8, 0x52, 0xd7,
  0xa8, 0x52, 0xff, 0xa8, 0x52, 0xf4, 0xa8, 0x52, 0x42, 0xa8, 0x52, 0x00,
  0xa8, 0x52, 0x06, 0xa8, 0x52, 0xb5, 0xa8, 0x52, 0xdb, 0xa8, 0x52, 0x19,
  0xa8, 0x52, 0x00, 0xa8, 0x52, 0x84, 0xa8, 0x52, 0xf9, 0xa8, 0x52, 0x37,
  0xa8, 0x52, 0x32, 0xa8, 0x52, 0xf4, 0xa8, 0x52, 0x89, 0x88, 0x52, 0x00,
  0xa8, 0x52, 0x00, 0xa8, 0x52, 0x00, 0x00, 0x00, 0x00, 0x00, 0x00, 0x00,
  0x00, 0x00, 0x00, 0x00, 0x00, 0x00, 0xa8, 0x52, 0x64, 0xa8, 0x52, 0xd4,
  0xa8, 0x52, 0x1d, 0xa8, 0x52, 0x3f, 0xa8, 0x52, 0xf4, 0xa8, 0x52, 0xad,
  0xa8, 0x52, 0x03, 0xa8, 0x52, 0x50, 0xa8, 0x52, 0xa0, 0x88, 0x52, 0x00,
  0xa8, 0x52, 0x4e, 0xa8, 0x52, 0xad, 0x88, 0x52, 0x03, 0xa8, 0x52, 0x45,
  0xa8, 0x52, 0xa8, 0xa8, 0x52, 0x06, 0xa8, 0x52, 0x40, 0xa8, 0x52, 0xf4,
  0xa8, 0x52, 0xa6, 0xa8, 0x52, 0x04, 0xa8, 0x52, 0x81, 0xa8, 0x52, 0xb9,
  0xa8, 0x52, 0x0a, 0xa8, 0x52, 0x00, 0x00, 0x00, 0x00, 0x00, 0x00, 0x00,
  0x00, 0x00, 0x00, 0xa8, 0x52, 0x00, 0xa8, 0x52, 0x05, 0xa8, 0x52, 0xae,
  0xa8, 0x52, 0xed, 0xa8, 0x52, 0xe2, 0xa8, 0x52, 0xcc, 0xa8, 0x52, 0x11,
  0xa8, 0x52, 0x00, 0x88, 0x52, 0x50, 0xa8, 0x52, 0xfa, 0xa8, 0x52, 0xff,
  0xa8, 0x52, 0xac, 0xa8, 0x52, 0x24, 0xa8, 0x52, 0xe3, 0xa8, 0x52, 0x9d,
  0xc9, 0x52, 0x00, 0xa8, 0x52, 0x9a, 0xa8, 0x52, 0xf2, 0xa8, 0x52, 0x34,
  0x88, 0x52, 0x00, 0xa8, 0x52, 0xa0, 0xa8, 0x52, 0xef, 0xa8, 0x52, 0x2c,
  0xa8, 0x52, 0x2d, 0xa8, 0x52, 0xf2, 0xa8, 0x52, 0x92, 0xa8, 0x4a, 0x04,
  0xa8, 0x52, 0xb6, 0xa8, 0x52, 0xdb, 0xa8, 0x52, 0x1a, 0xa8, 0x52, 0x00,
  0x00, 0x00, 0x00, 0x00, 0x00, 0x00, 0x00, 0x00, 0x00, 0x00, 0x00, 0x00,
  0x00, 0x00, 0x00, 0xa8, 0x52, 0x00, 0xa8, 0x52, 0x13, 0xa8, 0x52, 0xcf,
  0xa8, 0x52, 0xe2, 0xa8, 0x52, 0xee, 0xa8, 0x52, 0xab, 0xa8, 0x52, 0x04,
  0xa8, 0x52, 0x00, 0xa8, 0x52, 0x77, 0xa8, 0x52, 0xf9, 0xa8, 0x52, 0x42,
  0xa8, 0x52, 0x00, 0xa8, 0x52, 0x00, 0x88, 0x52, 0x00, 0x88, 0x52, 0x18,
  0xa8, 0x52, 0xd9, 0xa8, 0x52, 0xb9, 0x88, 0x52, 0x06, 0x88, 0x52, 0x03,
  0xa8, 0x52, 0xb0, 0xa8, 0x52, 0xdf, 0xa8, 0x52, 0x19, 0xa8, 0x52, 0x5f,
  0xa8, 0x52, 0xfb, 0xa8, 0x52, 0x5a, 0xa8, 0x52, 0x00, 0xa8, 0x52, 0x34,
  0xa8, 0x52, 0xf5, 0xa8, 0x52, 0x8a, 0xc8, 0x52, 0x01, 0xa8, 0x52, 0xa6,
  0xa8, 0x52, 0xec, 0xa8, 0x52, 0x3b, 0xa8, 0x52, 0x00, 0xa8, 0x52, 0x42,
  0xa8, 0x52, 0x75, 0xa8, 0x52, 0x15, 0xa8, 0x52, 0x3b, 0xa8, 0x52, 0xf6,
  0xa8, 0x52, 0x81, 0xa8, 0x52, 0x00, 0xa8, 0x52, 0x1b, 0xa8, 0x52, 0xdd,
  0xa8, 0x52, 0xb3, 0xa8, 0x52, 0x01, 0xa8, 0x52, 0x39, 0xa8, 0x52, 0xf0,
  0xa8, 0x52, 0xd6, 0xa8, 0x52, 0xf7, 0xa8, 0x52, 0x6f, 0xa8, 0x52, 0x00,
  0xa8, 0x52, 0x06, 0xa8, 0x52, 0xb5, 0xa8, 0x52, 0xdb, 0xa8, 0x52, 0x1a,
  0xa8, 0x52, 0x00, 0xa8, 0x52, 0x3f, 0xa8, 0x52, 0x76, 0xa8, 0x52, 0x18,
  0xa8, 0x52, 0x34, 0xa8, 0x52, 0xf4, 0xa8, 0x52, 0x88, 0xa8, 0x52, 0x00,
  0xa8, 0x52, 0x00, 0x88, 0x52, 0x00, 0x00, 0x00, 0x00, 0x00, 0x00, 0x00,
  0x00, 0x00, 0x00, 0x00, 0x00, 0x00, 0xa8, 0x52, 0xac, 0xa8, 0x52, 0xa5,
  0xa8, 0x52, 0x02, 0xa8, 0x52, 0x92, 0xa8, 0x52, 0xfb, 0xa8, 0x52, 0x51,
  0x89, 0x52, 0x01, 0xa8, 0x52, 0xa8, 0xa8, 0x52, 0xad, 0xa8, 0x52, 0x00,
  0xa8, 0x52, 0x4e, 0xa8, 0x52, 0xad, 0x88, 0x52, 0x03, 0xa8, 0x52, 0x42,
  0xa8, 0x52, 0xe5, 0xa8, 0x52, 0x3e, 0xa8, 0x52, 0x06, 0xa8, 0x52, 0xb4,
  0xa8, 0x52, 0xeb, 0xa8, 0x52, 0x2a, 0xa8, 0x52, 0x3a, 0xa8, 0x52, 0xd9,
  0xa8, 0x52, 0x2b, 0xa8, 0x52, 0x00, 0x00, 0x00, 0x00, 0x00, 0x00, 0x00,
  0x00, 0x00, 0x00, 0xa8, 0x52, 0x00, 0xa8, 0x52, 0x17, 0xa8, 0x52, 0xd7,
  0xa8, 0x52, 0xc0, 0xa8, 0x52, 0xa5, 0xa8, 0x52, 0xec, 0xa8, 0x52, 0x2d,
  0xa8, 0x52, 0x00, 0x88, 0x52, 0x50, 0xa8, 0x52, 0xf7, 0xa8, 0x52, 0xd7,
  0xa8, 0x52, 0xe1, 0xa8, 0x52, 0x49, 0xa8, 0x52, 0xe1, 0xa8, 0x52, 0x9d,
  0xa8, 0x52, 0x00, 0xa8, 0x52, 0x6a, 0xa8, 0x52, 0xfd, 0xa8, 0x52, 0x5b,
  0xa8, 0x52, 0x0b, 0xa8, 0x52, 0xca, 0xa8, 0x52, 0xd0, 0xa8, 0x52, 0x0f,
  0xa8, 0x52, 0x2e, 0xa8, 0x52, 0xf2, 0xa8, 0x52, 0x92, 0xa8, 0x4a, 0x04,
  0xa8, 0x52, 0xb6, 0xa8, 0x52, 0xdb, 0xa8, 0x52, 0x1a, 0xa8, 0x52, 0x00,
  0x00, 0x00, 0x00, 0x00, 0x00, 0x00, 0x00, 0x00, 0x00, 0x00, 0x00, 0x00,
  0xe7, 0x5a, 0x00, 0xa8, 0x52, 0x00, 0xa8, 0x52, 0x2f, 0xa8, 0x52, 0xee,
  0xa8, 0x52, 0xa4, 0xa8, 0x52, 0xc1, 0xa8, 0x52, 0xd5, 0xa8, 0x52, 0x15,
  0xa8, 0x52, 0x00, 0xa8, 0x52, 0x77, 0xa8, 0x52, 0xfb, 0xa8, 0x52, 0x64,
  0xa8, 0x52, 0x29, 0xa8, 0x52, 0x1f, 0xc8, 0x52, 0x00, 0x88, 0x52, 0x18,
  0xa8, 0x52, 0xd9, 0xa8, 0x52, 0xb8, 0x88, 0x52, 0x02, 0x48, 0x53, 0x00,
  0xa8, 0x52, 0xaf, 0xa8, 0x52, 0xdf, 0xa8, 0x52, 0x19, 0xa8, 0x52, 0x5f,
  0xa8, 0x52, 0xfb, 0xa8, 0x52, 0x5a, 0xa8, 0x52, 0x00, 0xa8, 0x52, 0x34,
  0xa8, 0x52, 0xf5, 0xa8, 0x52, 0x8b, 0x88, 0x52, 0x00, 0xa8, 0x52, 0x42,
  0xa8, 0x52, 0xe5, 0xa8, 0x52, 0xd1, 0xa8, 0x52, 0x34, 0xa8, 0x52, 0x00,
  0xa8, 0x52, 0x00, 0xa8, 0x52, 0x00, 0xa8, 0x52, 0x3c, 0xa8, 0x52, 0xf6,
  0xa8, 0x52, 0x7f, 0xa8, 0x52, 0x00, 0xa8, 0x52, 0x18, 0xa8, 0x52, 0xdd,
  0xa8, 0x52, 0xb4, 0x88, 0x52, 0x00, 0xa8, 0x52, 0x63, 0xa8, 0x52, 0xfa,
  0xa8, 0x52, 0x87, 0xa8, 0x52, 0xe8, 0xa8, 0x52, 0x9f, 0x88, 0x52, 0x01,
  0xa8, 0x52, 0x05, 0xa8, 0x52, 0xb5, 0xa8, 0x52, 0xdb, 0xa8, 0x52, 0x1a,
  0xa8, 0x52, 0x00, 0xa8, 0x52, 0x00, 0xa8, 0x52, 0x00, 0xa8, 0x52, 0x00,
  0xa8, 0x52, 0x36, 0xa8, 0x52, 0xf4, 0xa8, 0x52, 0x9d, 0xa8, 0x52, 0x2a,
  0xa8, 0x52, 0x27, 0x88, 0x52, 0x08, 0x00, 0x00, 0x00, 0x00, 0x00, 0x00,
  0x00, 0x00, 0x00, 0x00, 0x00, 0x00, 0xa8, 0x52, 0xd6, 0xa8, 0x52, 0x77,
  0xa8, 0x52, 0x0b, 0xa8, 0x52, 0xc9, 0xa8, 0x52, 0xc7, 0xa8, 0x52, 0x0e,
  0xa8, 0x52, 0x2f, 0xa8, 0x52, 0xec, 0xa8, 0x52, 0xab, 0xa8, 0x52, 0x00,
  0xa8, 0x52, 0x4e, 0xa8, 0x52, 0xad, 0x88, 0x52, 0x03, 0xa8, 0x52, 0x41,
  0xa8, 0x52, 0xf8, 0xa8, 0x52, 0x95, 0xa8, 0x52, 0x00, 0xa8, 0x52, 0x57,
  0xa8, 0x52, 0xf7, 0xa8, 0x52, 0x5a, 0xa8, 0x52, 0x17, 0xa8, 0x52, 0xd3,
  0xa8, 0x52, 0x4f, 0xa8, 0x52, 0x00, 0x00, 0x00, 0x00, 0x00, 0x00, 0x00,
  0x88, 0x52, 0x00, 0xa8, 0x52, 0x00, 0xa8, 0x52, 0x36, 0xa8, 0x52, 0xf3,
  0xa8, 0x52, 0x90, 0xa8, 0x52, 0x6d, 0xa8, 0x52, 0xfb, 0xa8, 0x52, 0x54,
  0xa8, 0x52, 0x00, 0x88, 0x52, 0x50, 0xa8, 0x52, 0xf7, 0xa8, 0x52, 0x91,
  0xa8, 0x52, 0xe5, 0xa8, 0x52, 0x8b, 0xa8, 0x52, 0xe0, 0xa8, 0x52, 0x9d,
  0xa8, 0x52, 0x00, 0xa8, 0x52, 0x3e, 0xa8, 0x52, 0xf6, 0xa8, 0x52, 0x86,
  0xa8, 0x52, 0x26, 0xa8, 0x52, 0xe9, 0xa8, 0x52, 0xa5, 0xe8, 0x52, 0x00,
  0xa8, 0x52, 0x2f, 0xa8, 0x52, 0xf2, 0xa8, 0x52, 0x92, 0xa8, 0x4a, 0x04,
  0xa8, 0x52, 0xb6, 0xa8, 0x52, 0xdb, 0xa8, 0x52, 0x1a, 0xa8, 0x52, 0x00,
  0x00, 0x00, 0x00, 0x00, 0x00, 0x00, 0x00, 0x00, 0x00, 0x00, 0x00, 0x00,
  0x69, 0x42, 0x00, 0xa8, 0x52, 0x00, 0xa8, 0x52, 0x57, 0xa8, 0x52, 0xfc,
  0xa8, 0x52, 0x6b, 0xa8, 0x52, 0x92, 0xa8, 0x52, 0xf1, 0xa8, 0x52, 0x33,
  0xa8, 0x52, 0x00, 0xa8, 0x52, 0x77, 0xa8, 0x52, 0xff, 0xa8, 0x52, 0xf2,
  0xa8, 0x52, 0xf1, 0xa8, 0x52, 0xaa, 0x88, 0x52, 0x05, 0xa8, 0x52, 0x18,
  0xa8, 0x52, 0xd7, 0xa8, 0x52, 0xd8, 0xa8, 0x52, 0x72, 0xa8, 0x52, 0x70,
  0xa8, 0x52, 0xd5, 0xa8, 0x52, 0xd9, 0xa8, 0x52, 0x14, 0xa8, 0x52, 0x5f,
  0xa8, 0x52, 0xfb, 0xa8, 0x52, 0x5a, 0xa8, 0x52, 0x00, 0xa8, 0x52, 0x34,
  0xa8, 0x52, 0xf5, 0xa8, 0x52, 0x8b, 0x88, 0x52, 0x00, 0xa8, 0x52, 0x00,
  0xa8, 0x52, 0x4f, 0xa8, 0x52, 0xe7, 0xa8, 0x52, 0xd2, 0xa8, 0x52, 0x34,
  0xa8, 0x52, 0x00, 0xa8, 0x52, 0x00, 0xa8, 0x52, 0x3c, 0xa8, 0x52, 0xf5,
  0xa8, 0x52, 0xb8, 0xa8, 0x52, 0x6c, 0xa8, 0x52, 0x7e, 0xa8, 0x52, 0xf0,
  0xa8, 0x52, 0xaa, 0x88, 0x52, 0x02, 0xa8, 0x52, 0x94, 0xa8, 0x52, 0xf1,
  0xa8, 0x52, 0x46, 0xa8, 0x52, 0xcb, 0xa8, 0x52, 0xca, 0xa8, 0x52, 0x0f,
  0xa8, 0x52, 0x05, 0xa8, 0x52, 0xb5, 0xa8, 0x52, 0xdb, 0xa8, 0x52, 0x1a,
  0xa8, 0x52, 0x00, 0x00, 0x00, 0x00, 0x00, 0x00, 0x00, 0xa8, 0x52, 0x00,
  0xa8, 0x52, 0x36, 0xa8, 0x52, 0xf1, 0xa8, 0x52, 0xf8, 0xa8, 0x52, 0xef,
  0xa8, 0x52, 0xd6, 0x88, 0x52, 0x2e, 0x00, 0x00, 0x00, 0x00, 0x00, 0x00,
  0x00, 0x00, 0x00, 0x00, 0x00, 0x00, 0xa8, 0x52, 0xe7, 0xa8, 0x52, 0x5f,
  0xa8, 0x52, 0x16, 0xa8, 0x52, 0xda, 0xa8, 0x52, 0x6d, 0x88, 0x52, 0x00,
  0xa8, 0x52, 0x81, 0xa8, 0x52, 0xff, 0xa8, 0x52, 0xaa, 0xa8, 0x52, 0x00,
  0xa8, 0x52, 0x4e, 0xa8, 0x52, 0xad, 0x88, 0x52, 0x03, 0xa8, 0x52, 0x41,
  0xa8, 0x52, 0xf7, 0xa8, 0x52, 0xe0, 0xa8, 0x52, 0x25, 0xa8, 0x52, 0x11,
  0xa8, 0x52, 0xca, 0xa8, 0x52, 0x79, 0xa8, 0x52, 0x0d, 0xa8, 0x52, 0xc9,
  0xa8, 0x52, 0x65, 0xa8, 0x52, 0x00, 0x00, 0x00, 0x00, 0x00, 0x00, 0x00,
  0x4a, 0x4a, 0x00, 0xa8, 0x52, 0x00, 0xa8, 0x52, 0x60, 0xa8, 0x52, 0xfd,
  0xa8, 0x52, 0x63, 0xa8, 0x52, 0x3f, 0xa8, 0x52, 0xf8, 0xa8, 0x52, 0x83,
  0xa8, 0x52, 0x00, 0x88, 0x52, 0x50, 0xa8, 0x52, 0xf9, 0xa8, 0x52, 0x66,
  0xa8, 0x52, 0xb5, 0xa8, 0x52, 0xd6, 0xa8, 0x52, 0xed, 0xa8, 0x52, 0x9d,
  0xa8, 0x52, 0x00, 0xa8, 0x52, 0x1d, 0xa8, 0x52, 0xde, 0xa8, 0x52, 0xb1,
  0xa8, 0x52, 0x51, 0xa8, 0x52, 0xf9, 0xa8, 0x52, 0x75, 0xa8, 0x52, 0x00,
  0xa8, 0x52, 0x2f, 0xa8, 0x52, 0xf2, 0xa8, 0x52, 0x92, 0xa8, 0x4a, 0x04,
  0xa8, 0x52, 0xb6, 0xa8, 0x52, 0xdb, 0xa8, 0x52, 0x1a, 0xa8, 0x52, 0x00,
  0x00, 0x00, 0x00, 0x00, 0x00, 0x00, 0x00, 0x00, 0x00, 0x00, 0x00, 0x00,
  0xa8, 0x52, 0x00, 0xa8, 0x52, 0x00, 0xa8, 0x52, 0x86, 0xa8, 0x52, 0xf8,
  0xa8, 0x52, 0x3e, 0xa8, 0x52, 0x65, 0xa8, 0x52, 0xfd, 0xa8, 0x52, 0x5c,
  0xa8, 0x52, 0x00, 0xa8, 0x52, 0x77, 0xa8, 0x52, 0xfd, 0xa8, 0x52, 0x98,
  0xa8, 0x52, 0x72, 0xa8, 0x52, 0x52, 0x88, 0x4a, 0x02, 0x88, 0x52, 0x18,
  0xa8, 0x52, 0xd5, 0xa8, 0x52, 0xfc, 0xa8, 0x52, 0xef, 0xa8, 0x52, 0xfd,
  0xa8, 0x52, 0xf4, 0xa8, 0x52, 0x7f, 0x88, 0x52, 0x00, 0xa8, 0x52, 0x61,
  0xa8, 0x52, 0xfb, 0xa8, 0x52, 0x5a, 0xa8, 0x52, 0x00, 0xa8, 0x52, 0x34,
  0xa8, 0x52, 0xf5, 0xa8, 0x52, 0x8b, 0x88, 0x52, 0x00, 0x88, 0x52, 0x00,
  0xa8, 0x52, 0x00, 0xa8, 0x52, 0x4f, 0xa8, 0x52, 0xe7, 0xa8, 0x52, 0xd3,
  0xa8, 0x52, 0x33, 0xa8, 0x52, 0x00, 0xa8, 0x52, 0x3c, 0xa8, 0x52, 0xf3,
  0xa8, 0x52, 0xf7, 0xa8, 0x52, 0xed, 0xa8, 0x52, 0xee, 0xa8, 0x52, 0xda,
  0xa8, 0x52, 0x51, 0x88, 0x52, 0x09, 0xa8, 0x52, 0xc1, 0xa8, 0x52, 0xd8,
  0xa8, 0x52, 0x1a, 0xa8, 0x52, 0xa4, 0xa8, 0x52, 0xeb, 0xa8, 0x52, 0x29,
  0xa8, 0x4a, 0x03, 0xa8, 0x52, 0xb5, 0xa8, 0x52, 0xdb, 0xa8, 0x52, 0x1a,
  0xa8, 0x52, 0x00, 0x00, 0x00, 0x00, 0x00, 0x00, 0x00, 0xa8, 0x52, 0x00,
  0xa8, 0x52, 0x36, 0xa8, 0x52, 0xf3, 0xa8, 0x52, 0xbe, 0xa8, 0x52, 0x72,
  0xa8, 0x52, 0x68, 0x88, 0x52, 0x16, 0x00, 0x00, 0x00, 0x00, 0x00, 0x00,
  0x00, 0x00, 0x00, 0x00, 0x00, 0x00, 0xa8, 0x52, 0xea, 0xa8, 0x52, 0x5e,
  0xa8, 0x52, 0x18, 0xa8, 0x52, 0xb3, 0xa8, 0x52, 0x1f, 0xa8, 0x52, 0x18,
  0xa8, 0x52, 0xd2, 0xa8, 0x52, 0xff, 0xa8, 0x52, 0xa9, 0xa8, 0x52, 0x00,
  0xa8, 0x52, 0x4e, 0xa8, 0x52, 0xad, 0x88, 0x52, 0x03, 0xa8, 0x52, 0x41,
  0xa8, 0x52, 0xf5, 0xa8, 0x52, 0xff, 0xa8, 0x52, 0x75, 0xa8, 0x52, 0x00,
  0xa8, 0x52, 0x71, 0xa8, 0x52, 0x76, 0xa8, 0x52, 0x0d, 0xa8, 0x52, 0xca,
  0xa8, 0x52, 0x69, 0xa8, 0x52, 0x00, 0x00, 0x00, 0x00, 0x00, 0x00, 0x00,
  0xa8, 0x52, 0x00, 0x88, 0x52, 0x00, 0xa8, 0x52, 0x90, 0xa8, 0x52, 0xf6,
  0xa8, 0x52, 0x38, 0xa8, 0x52, 0x1b, 0xa8, 0x52, 0xe3, 0xa8, 0x52, 0xb2,
  0xc9, 0x4a, 0x01, 0x88, 0x52, 0x4f, 0xa8, 0x52, 0xfa, 0xa8, 0x52, 0x59,
  0xa8, 0x52, 0x6a, 0xa8, 0x52, 0xfc, 0xa8, 0x52, 0xff, 0xa8, 0x52, 0x9c,
  0xc8, 0x52, 0x00, 0xa8, 0x52, 0x08, 0xa8, 0x52, 0xb8, 0xa8, 0x52, 0xd7,
  0xa8, 0x52, 0x90, 0xa8, 0x52, 0xf7, 0xa8, 0x52, 0x47, 0xa8, 0x52, 0x00,
  0xa8, 0x52, 0x2f, 0xa8, 0x52, 0xf2, 0xa8, 0x52, 0x92, 0xa8, 0x4a, 0x04,
  0xa8, 0x52, 0xb6, 0xa8, 0x52, 0xdb, 0xa8, 0x52, 0x1a, 0xa8, 0x52, 0x00,
  0x00, 0x00, 0x00, 0x00, 0x00, 0x00, 0x00, 0x00, 0x00, 0x00, 0x00, 0x00,
  0xa8, 0x52, 0x00, 0xa8, 0x52, 0x07, 0xa8, 0x52, 0xb5, 0xa8, 0x52, 0xe2,
  0xa8, 0x52, 0x1a, 0xa8, 0x52, 0x3a, 0xa8, 0x52, 0xf7, 0xa8, 0x52, 0x8c,
  0xa8, 0x52, 0x00, 0xa8, 0x52, 0x77, 0xa8, 0x52, 0xf9, 0xa8, 0x52, 0x42,
  0xa8, 0x52, 0x00, 0xa8, 0x52, 0x00, 0x88, 0x52, 0x00, 0x88, 0x52, 0x18,
  0xa8, 0x52, 0xd8, 0xa8, 0x52, 0xc5, 0xa8, 0x52, 0x38, 0xa8, 0x52, 0xc9,
  0xa8, 0x52, 0xcc, 0xa8, 0x52, 0x12, 0xa8, 0x52, 0x00, 0xa8, 0x52, 0x61,
  0xa8, 0x52, 0xfb, 0xa8, 0x52, 0x5a, 0xa8, 0x52, 0x00, 0xa8, 0x52, 0x34,
  0xa8, 0x52, 0xf5, 0xa8, 0x52, 0x8b, 0x88, 0x52, 0x00, 0xa8, 0x52, 0x00,
  0xa8, 0x52, 0x00, 0xa8, 0x52, 0x00, 0xa8, 0x52, 0x4f, 0xa8, 0x52, 0xe8,
  0xa8, 0x52, 0xbe, 0xa8, 0x52, 0x0e, 0xa8, 0x52, 0x3b, 0xa8, 0x52, 0xf6,
  0xa8, 0x52, 0x97, 0xa8, 0x52, 0x29, 0xa8, 0x52, 0x2c, 0xa8, 0x52, 0x1e,
  0xa8, 0x52, 0x00, 0xa8, 0x52, 0x23, 0xa8, 0x52, 0xe5, 0xa8, 0x52, 0xb1,
  0xa9, 0x52, 0x00, 0xa8, 0x52, 0x75, 0xa8, 0x52, 0xfc, 0xa8, 0x52, 0x50,
  0xa7, 0x4a, 0x02, 0xa8, 0x52, 0xb5, 0xa8, 0x52, 0xdb, 0xa8, 0x52, 0x1a,
  0xa8, 0x52, 0x00, 0xa8, 0x52, 0x00, 0xa8, 0x52, 0x00, 0xa8, 0x52, 0x00,
  0xa8, 0x52, 0x36, 0xa8, 0x52, 0xf4, 0xa8, 0x52, 0x87, 0xa8, 0x52, 0x00,
  0xa8, 0x52, 0x00, 0xa8, 0x52, 0x00, 0x00, 0x00, 0x00, 0x00, 0x00, 0x00,
  0x00, 0x00, 0x00, 0x00, 0x00, 0x00, 0xa8, 0x52, 0xde, 0xa8, 0x52, 0x74,
  0xa8, 0x52, 0x26, 0xa8, 0x52, 0x69, 0xa8, 0x52, 0x00, 0xa8, 0x52, 0x5f,
  0xa8, 0x52, 0xfc, 0xa8, 0x52, 0xff, 0xa8, 0x52, 0xaa, 0xa8, 0x52, 0x00,
  0xa8, 0x52, 0x4e, 0xa8, 0x52, 0xad, 0x88, 0x52, 0x03, 0xa8, 0x52, 0x41,
  0xa8, 0x52, 0xf5, 0xa8, 0x52, 0xff, 0xa8, 0x52, 0xca, 0xa8, 0x52, 0x12,
  0xa8, 0x52, 0x22, 0xa8, 0x52, 0x61, 0xa8, 0x52, 0x1c, 0xa8, 0x52, 0xd6,
  0xa8, 0x52, 0x57, 0xa8, 0x52, 0x00, 0x00, 0x00, 0x00, 0x00, 0x00, 0x00,
  0xa8, 0x52, 0x00, 0xa8, 0x52, 0x0a, 0xa8, 0x52, 0xbc, 0xa8, 0x52, 0xf5,
  0xa8, 0x52, 0x8b, 0xa8, 0x52, 0x7f, 0xa8, 0x52, 0xe7, 0xa8, 0x52, 0xd8,
  0xa8, 0x52, 0x15, 0x88, 0x52, 0x4e, 0xa8, 0x52, 0xfa, 0xa8, 0x52, 0x59,
  0xa8, 0x52, 0x27, 0xa8, 0x52, 0xe6, 0xa8, 0x52, 0xff, 0xa8, 0x52, 0x9b,
  0xe8, 0x52, 0x00, 0x88, 0x52, 0x00, 0xa8, 0x52, 0x8a, 0xa8, 0x52, 0xf4,
  0xa8, 0x52, 0xda, 0xa8, 0x52, 0xe2, 0xa8, 0x52, 0x23, 0xa8, 0x52, 0x00,
  0xa8, 0x52, 0x2f, 0xa8, 0x52, 0xf2, 0xa8, 0x52, 0x92, 0xa8, 0x4a, 0x04,
  0xa8, 0x52, 0xb6, 0xa8, 0x52, 0xdb, 0xa8, 0x52, 0x1a, 0xa8, 0x52, 0x00,
  0x00, 0x00, 0x00, 0x00, 0x00, 0x00, 0x00, 0x00, 0x00, 0x00, 0x00, 0x00,
  0xa8, 0x52, 0x00, 0xa8, 0x52, 0x1b, 0xa8, 0x52, 0xda, 0xa8, 0x52, 0xe6,
  0xa8, 0x52, 0x7e, 0xa8, 0x52, 0x8c, 0xa8, 0x52, 0xf5, 0xa8, 0x52, 0xb9,
  0xa8, 0x52, 0x05, 0xa8, 0x52, 0x77, 0xa8, 0x52, 0xf9, 0xa8, 0x52, 0x44,
  0xa8, 0x52, 0x00, 0x00, 0x00, 0x00, 0x88, 0x52, 0x00, 0x88, 0x52, 0x18,
  0xa8, 0x52, 0xd9, 0xa8, 0x52, 0xb8, 0x88, 0x52, 0x02, 0xa8, 0x52, 0x8a,
  0xa8, 0x52, 0xed, 0xa8, 0x52, 0x30, 0xa8, 0x52, 0x00, 0xa8, 0x52, 0x61,
  0xa8, 0x52, 0xfb, 0xa8, 0x52, 0x5a, 0xa8, 0x52, 0x00, 0xa8, 0x52, 0x34,
  0xa8, 0x52, 0xf5, 0xa8, 0x52, 0x8a, 0xc8, 0x52, 0x02, 0xa8, 0x52, 0x56,
  0xa8, 0x52, 0x63, 0xa8, 0x52, 0x0a, 0xa8, 0x52, 0x00, 0xa8, 0x52, 0x94,
  0xa8, 0x52, 0xf2, 0xa8, 0x52, 0x2c, 0xa8, 0x52, 0x39, 0xa8, 0x52, 0xf6,
  0xa8, 0x52, 0x80, 0xa8, 0x52, 0x00, 0xa8, 0x52, 0x00, 0xa8, 0x52, 0x00,
  0xa8, 0x52, 0x00, 0xa8, 0x52, 0x47, 0xa8, 0x52, 0xf9, 0xa8, 0x52, 0xc6,
  0xa8, 0x52, 0x75, 0xa8, 0x52, 0xa7, 0xa8, 0x52, 0xff, 0xa8, 0x52, 0x7e,
  0xa8, 0x4a, 0x03, 0xa8, 0x52, 0xb5, 0xa8, 0x52, 0xdb, 0xa8, 0x52, 0x1a,
  0xa8, 0x52, 0x00, 0xa8, 0x52, 0x3d, 0xa8, 0x52, 0x72, 0xa8, 0x52, 0x17,
  0xa8, 0x52, 0x34, 0xa8, 0x52, 0xf4, 0xa8, 0x52, 0x89, 0x88, 0x52, 0x00,
  0xa8, 0x52, 0x00, 0x00, 0x00, 0x00, 0x00, 0x00, 0x00, 0x00, 0x00, 0x00,
  0x00, 0x00, 0x00, 0x00, 0x00, 0x00, 0xa8, 0x52, 0xba, 0xa8, 0x52, 0xa5,
  0xa8, 0x52, 0x5f, 0xa8, 0x52, 0x2f, 0xa8, 0x52, 0x08, 0xa8, 0x52, 0xb6,
  0xa8, 0x52, 0xff, 0xa8, 0x52, 0xff, 0xa8, 0x52, 0xa9, 0xa8, 0x52, 0x00,
  0xa8, 0x52, 0x4e, 0xa8, 0x52, 0xad, 0x88, 0x52, 0x03, 0xa8, 0x52, 0x41,
  0xa8, 0x52, 0xf5, 0xa8, 0x52, 0xff, 0xa8, 0x52, 0xf9, 0xa8, 0x52, 0x56,
  0xa8, 0x52, 0x00, 0xa8, 0x52, 0x5a, 0xa8, 0x52, 0x5a, 0xa8, 0x52, 0xdd,
  0xa8, 0x52, 0x35, 0xa8, 0x52, 0x00, 0x00, 0x00, 0x00, 0x00, 0x00, 0x00,
  0xa8, 0x52, 0x00, 0xa8, 0x52, 0x20, 0xa8, 0x52, 0xdf, 0xa8, 0x52, 0xf8,
  0xa8, 0x52, 0xe8, 0xa8, 0x52, 0xe8, 0xa8, 0x52, 0xf4, 0xa8, 0x52, 0xf1,
  0xa8, 0x52, 0x35, 0x88, 0x52, 0x4c, 0xa8, 0x52, 0xfa, 0xa8, 0x52, 0x5b,
  0x88, 0x52, 0x02, 0xa8, 0x52, 0xad, 0xa8, 0x52, 0xff, 0xa8, 0x52, 0x9b,
  0xe8, 0x52, 0x00, 0xa8, 0x52, 0x00, 0xa8, 0x52, 0x5a, 0xa8, 0x52, 0xfc,
  0xa8, 0x52, 0xff, 0xa8, 0x52, 0xbf, 0xa8, 0x52, 0x0b, 0xa8, 0x52, 0x00,
  0xa8, 0x52, 0x2f, 0xa8, 0x52, 0xf2, 0xa8, 0x52, 0x92, 0xa8, 0x4a, 0x04,
  0xa8, 0x52, 0xb6, 0xa8, 0x52, 0xda, 0xa8, 0x52, 0x18, 0xa8, 0x52, 0x00,
  0xa8, 0x52, 0x00, 0xa8, 0x52, 0x00, 0xa8, 0x52, 0x00, 0xa8, 0x52, 0x00,
  0xa8, 0x52, 0x00, 0xa8, 0x52, 0x3c, 0xa8, 0x52, 0xf2, 0xa8, 0x52, 0xf3,
  0xa8, 0x52, 0xe8, 0xa8, 0x52, 0xe8, 0xa8, 0x52, 0xf8, 0xa8, 0x52, 0xdd,
  0xa8, 0x52, 0x1b, 0xa8, 0x52, 0x75, 0xa8, 0x52, 0xf9, 0xa8, 0x52, 0x43,
  0xa8, 0x52, 0x00, 0xa8, 0x52, 0x00, 0xa8, 0x52, 0x00, 0x88, 0x52, 0x18,
  0xa8, 0x52, 0xd9, 0xa8, 0x52, 0xb9, 0x88, 0x52, 0x02, 0xa8, 0x52, 0x51,
  0xa8, 0x52, 0xfa, 0xa8, 0x52, 0x6c, 0xa8, 0x52, 0x00, 0xa8, 0x52, 0x61,
  0xa8, 0x52, 0xfb, 0xa8, 0x52, 0x59, 0xa8, 0x52, 0x00, 0xa8, 0x52, 0x33,
  0xa8, 0x52, 0xf5, 0xa8, 0x52, 0x8b, 0xa8, 0x52, 0x06, 0xa8, 0x52, 0xbd,
  0xa8, 0x52, 0xd7, 0x88, 0x52, 0x15, 0xa8, 0x52, 0x00, 0xa8, 0x52, 0x8a,
  0xa8, 0x52, 0xf5, 0xa8, 0x52, 0x30, 0xa8, 0x52, 0x39, 0xa8, 0x52, 0xf6,
  0xa8, 0x52, 0x81, 0x88, 0x52, 0x00, 0xa8, 0x52, 0x00, 0x88, 0x52, 0x00,
  0xa8, 0x52, 0x00, 0xa8, 0x52, 0x73, 0xa8, 0x52, 0xff, 0xa8, 0x52, 0xed,
  0xa8, 0x52, 0xe8, 0xa8, 0x52, 0xea, 0xa8, 0x52, 0xff, 0xa8, 0x52, 0xac,
  0xa8, 0x52, 0x0a, 0xa8, 0x52, 0xb5, 0xa8, 0x52, 0xdb, 0xa8, 0x52, 0x19,
  0xa8, 0x52, 0x00, 0xa8, 0x52, 0x84, 0xa8, 0x52, 0xf9, 0xa8, 0x52, 0x37,
  0xa8, 0x52, 0x32, 0xa8, 0x52, 0xf4, 0xa8, 0x52, 0x88, 0x88, 0x52, 0x00,
  0xa8, 0x52, 0x00, 0xa8, 0x52, 0x00, 0x00, 0x00, 0x00, 0x00, 0x00, 0x00,
  0x00, 0x00, 0x00, 0x00, 0x00, 0x00, 0xa8, 0x52, 0x76, 0xa8, 0x52, 0xe7,
  0xa8, 0x52, 0x80, 0x88, 0x52, 0x02, 0xa8, 0x52, 0x40, 0xa8, 0x52, 0xf1,
  0xa8, 0x52, 0xff, 0xa8, 0x52, 0xff, 0xa8, 0x52, 0xaa, 0xa8, 0x52, 0x00,
  0xa8, 0x52, 0x4e, 0xa8, 0x52, 0xad, 0x88, 0x52, 0x03, 0xa8, 0x52, 0x41,
  0xa8, 0x52, 0xf5, 0xa8, 0x52, 0xff, 0xa8, 0x52, 0xff, 0xa8, 0x52, 0xaf,
  0xa8, 0x52, 0x05, 0xa8, 0x52, 0x2b, 0xa8, 0x52, 0xbd, 0xa8, 0x52, 0xc5,
  0xa8, 0x52, 0x11, 0xa8, 0x52, 0x00, 0x00, 0x00, 0x00, 0xaa, 0x52, 0x00,
  0xa8, 0x52, 0x00, 0xa8, 0x52, 0x44, 0xa8, 0x52, 0xfb, 0xa8, 0x52, 0x9b,
  0xa8, 0x52, 0x25, 0xa8, 0x52, 0x24, 0xa8, 0x52, 0x7d, 0xa8, 0x52, 0xff,
  0xa8, 0x52, 0x61, 0x88, 0x52, 0x4d, 0xa8, 0x52, 0xfd, 0xa8, 0x52, 0x5d,
  0xa8, 0x52, 0x00, 0xa8, 0x52, 0x62, 0xa8, 0x52, 0xff, 0xa8, 0x52, 0x9d,
  0xe8, 0x52, 0x00, 0xa8, 0x52, 0x00, 0xa8, 0x52, 0x32, 0xa8, 0x52, 0xee,
  0xa8, 0x52, 0xff, 0xa8, 0x52, 0x93, 0x88, 0x4a, 0x00, 0xa8, 0x52, 0x00,
  0xa8, 0x52, 0x30, 0xa8, 0x52, 0xf4, 0xa8, 0x52, 0x93, 0xa8, 0x4a, 0x04,
  0xa8, 0x52, 0xb6, 0xa8, 0x52, 0xf5, 0xa8, 0x52, 0xa3, 0xa8, 0x52, 0x98,
  0xa8, 0x52, 0x97, 0xa8, 0x52, 0x34, 0xa8, 0x52, 0x00, 0xa8, 0x52, 0x00,
  0xa8, 0x52, 0x00, 0xa8, 0x52, 0x69, 0xa8, 0x52, 0xff, 0xa8, 0x52, 0x7a,
  0xa8, 0x52, 0x24, 0xa8, 0x52, 0x25, 0xa8, 0x52, 0x9e, 0xa8, 0x52, 0xfa,
  0xa8, 0x52, 0x3e, 0xa8, 0x52, 0x75, 0xa8, 0x52, 0xff, 0xa8, 0x52, 0xb5,
  0xa8, 0x52, 0x97, 0xa8, 0x52, 0x9b, 0xa8, 0x52, 0x57, 0x88, 0x52, 0x18,
  0xa8, 0x52, 0xdb, 0xa8, 0x52, 0xbb, 0x88, 0x52, 0x04, 0xa8, 0x52, 0x23,
  0xa8, 0x52, 0xe6, 0xa8, 0x52, 0xb2, 0x88, 0x52, 0x03, 0xa8, 0x52, 0x52,
  0xa8, 0x52, 0xfb, 0xa8, 0x52, 0xbf, 0xa8, 0x52, 0x96, 0xa8, 0x52, 0xaf,
  0xa8, 0x52, 0xfe, 0xa8, 0x52, 0x7a, 0x88, 0x52, 0x02, 0xa8, 0x52, 0xad,
  0xa8, 0x52, 0xf4, 0xa8, 0x52, 0xa2, 0xa8, 0x52, 0x97, 0xa8, 0x52, 0xd4,
  0xa8, 0x52, 0xeb, 0xa8, 0x52, 0x26, 0xa8, 0x52, 0x3a, 0xa8, 0x52, 0xf9,
  0xa8, 0x52, 0x83, 0x88, 0x52, 0x00, 0xa8, 0x52, 0x00, 0xa8, 0x52, 0x00,
  0xa8, 0x52, 0x02, 0xa8, 0x52, 0xa6, 0xa8, 0x52, 0xf3, 0xa8, 0x52, 0x4e,
  0xa8, 0x52, 0x24, 0xa8, 0x52, 0x31, 0xa8, 0x52, 0xd0, 0xa8, 0x52, 0xd9,
  0xa8, 0x52, 0x1a, 0xa8, 0x52, 0xa1, 0xa8, 0x52, 0xf6, 0xa8, 0x52, 0xa4,
  0xa8, 0x52, 0x97, 0xa8, 0x52, 0xd1, 0xa8, 0x52, 0xec, 0xa8, 0x52, 0x2a,
  0xa8, 0x52, 0x33, 0xa8, 0x52, 0xf5, 0xa8, 0x52, 0xd2, 0xa8, 0x52, 0x98,
  0xa8, 0x52, 0x99, 0xa8, 0x52, 0x8e, 0x00, 0x00, 0x00, 0x00, 0x00, 0x00,
  0x00, 0x00, 0x00, 0x00, 0x00, 0x00, 0xa8, 0x52, 0x2a, 0xa8, 0x52, 0xe0,
  0xa8, 0x52, 0x8b, 0xed, 0x72, 0x00, 0xa8, 0x52, 0x92, 0xa8, 0x52, 0xff,
  0xa8, 0x52, 0xff, 0xa8, 0x52, 0xff, 0xa8, 0x52, 0xab, 0x88, 0x52, 0x00,
  0xa8, 0x52, 0x4e, 0xa8, 0x52, 0xad, 0x88, 0x52, 0x03, 0xa8, 0x52, 0x42,
  0xa8, 0x52, 0xf5, 0xa8, 0x52, 0xff, 0xa8, 0x52, 0xff, 0xa8, 0x52, 0xeb,
  0xa8, 0x52, 0x37, 0xa8, 0x52, 0x1d, 0xa8, 0x52, 0xdd, 0xa8, 0x52, 0x7c,
  0xa8, 0x52, 0x00, 0xa8, 0x52, 0x00, 0x00, 0x00, 0x00, 0xaa, 0x52, 0x00,
  0xa8, 0x52, 0x00, 0xa8, 0x52, 0x57, 0xa8, 0x52, 0xd1, 0xa8, 0x52, 0x52,
  0xa8, 0x52, 0x00, 0xa8, 0x52, 0x00, 0xa8, 0x52, 0x37, 0xa8, 0x52, 0xcd,
  0xa8, 0x52, 0x71, 0x88, 0x52, 0x3f, 0xa8, 0x52, 0xca, 0xa8, 0x52, 0x4a,
  0xa8, 0x52, 0x00, 0xa8, 0x52, 0x21, 0xa8, 0x52, 0xbc, 0xa8, 0x52, 0x7f,
  0xc8, 0x52, 0x00, 0xa8, 0x52, 0x00, 0xa8, 0x52, 0x13, 0xa8, 0x52, 0xae,
  0xa8, 0x52, 0xd4, 0xa8, 0x52, 0x56, 0xa8, 0x52, 0x00, 0xa8, 0x52, 0x00,
  0xa8, 0x52, 0x27, 0xa8, 0x52, 0xc6, 0xa8, 0x52, 0x77, 0xa8, 0x4a, 0x03,
  0xa8, 0x52, 0x95, 0xa8, 0x52, 0xd8, 0xa8, 0x52, 0xd8, 0xa8, 0x52, 0xd9,
  0xa8, 0x52, 0xd6, 0xa8, 0x52, 0x4a, 0xa8, 0x52, 0x00, 0xa8, 0x52, 0x00,
  0x88, 0x52, 0x00, 0xa8, 0x52, 0x77, 0xa8, 0x52, 0xcc, 0xa8, 0x52, 0x35,
  0xa8, 0x52, 0x00, 0xa8, 0x52, 0x00, 0xa8, 0x52, 0x55, 0xa8, 0x52, 0xd2,
  0xa8, 0x52, 0x51, 0xa8, 0x52, 0x60, 0xa8, 0x52, 0xd7, 0xa8, 0x52, 0xd8,
  0xa8, 0x52, 0xd9, 0xa8, 0x52, 0xdc, 0xa8, 0x52, 0x7c, 0x88, 0x52, 0x13,
  0xa8, 0x52, 0xb2, 0xa8, 0x52, 0x98, 0x88, 0x52, 0x05, 0xa8, 0x52, 0x08,
  0xa8, 0x52, 0x9e, 0xa8, 0x52, 0xbb, 0xa8, 0x52, 0x19, 0xa8, 0x52, 0x13,
  0xa8, 0x52, 0x9a, 0xa8, 0x52, 0xd7, 0xa8, 0x52, 0xd9, 0xa8, 0x52, 0xd8,
  0xa8, 0x52, 0xaf, 0xa8, 0x52, 0x27, 0xa8, 0x52, 0x00, 0xa8, 0x52, 0x46,
  0xa8, 0x52, 0xc5, 0xa8, 0x52, 0xdc, 0xa8, 0x52, 0xdc, 0xa8, 0x52, 0xd5,
  0xa8, 0x52, 0x7d, 0x88, 0x52, 0x04, 0xa8, 0x52, 0x31, 0xa8, 0x52, 0xca,
  0xa8, 0x52, 0x6a, 0x88, 0x52, 0x00, 0xa8, 0x52, 0x00, 0xa8, 0x52, 0x00,
  0xa8, 0x52, 0x0c, 0xa8, 0x52, 0xa6, 0xa8, 0x52, 0xb2, 0xa8, 0x52, 0x11,
  0xa8, 0x52, 0x00, 0x48, 0x4a, 0x00, 0xa8, 0x52, 0x88, 0xa8, 0x52, 0xc6,
  0xa8, 0x52, 0x26, 0xa8, 0x52, 0x37, 0xa8, 0x52, 0xba, 0xa8, 0x52, 0xd6,
  0xa8, 0x52, 0xd6, 0xa8, 0x52, 0xcf, 0xa8, 0x52, 0x78, 0xa8, 0x52, 0x04,
  0xa8, 0x52, 0x2c, 0xa8, 0x52, 0xc9, 0xa8, 0x52, 0xd7, 0xa8, 0x52, 0xd9,
  0xa8, 0x52, 0xd9, 0xa8, 0x52, 0xca, 0x00, 0x00, 0x00, 0x00, 0x00, 0x00,
  0x00, 0x00, 0x00, 0x00, 0x00, 0x00, 0xc9, 0x5a, 0x00, 0xa8, 0x52, 0x86,
  0xa8, 0x52, 0xdf, 0xa8, 0x52, 0x58, 0xa8, 0x52, 0x74, 0xa8, 0x52, 0xbe,
  0xa8, 0x52, 0xff, 0xa8, 0x52, 0xff, 0xa8, 0x52, 0xac, 0x88, 0x52, 0x00,
  0xa8, 0x52, 0x4e, 0xa8, 0x52, 0xad, 0x88, 0x52, 0x03, 0xa8, 0x52, 0x44,
  0xa8, 0x52, 0xf6, 0xa8, 0x52, 0xff, 0xa8, 0x52, 0xf0, 0xa8, 0x52, 0x87,
  0xa8, 0x52, 0x6d, 0xa8, 0x52, 0x89, 0xa8, 0x52, 0xd6, 0xa8, 0x52, 0x23,
  0xa8, 0x52, 0x00, 0xa8, 0x52, 0x00, 0x00, 0x00, 0x00, 0xaa, 0x52, 0x00,
  0xa8, 0x52, 0x00, 0xa8, 0x52, 0x0b, 0xa8, 0x52, 0x15, 0xa8, 0x52, 0x07,
  0xa8, 0x52, 0x00, 0xa8, 0x52, 0x00, 0xa8, 0x52, 0x04, 0xa8, 0x52, 0x14,
  0xa8, 0x52, 0x0d, 0xa8, 0x52, 0x06, 0x88, 0x52, 0x13, 0x88, 0x52, 0x07,
  0x88, 0x52, 0x00, 0xa8, 0x52, 0x01, 0x88, 0x52, 0x10, 0x88, 0x52, 0x0c,
  0x66, 0x52, 0x00, 0xa8, 0x52, 0x00, 0xa8, 0x52, 0x01, 0xa8, 0x52, 0x10,
  0xa8, 0x52, 0x15, 0xa8, 0x52, 0x07, 0xa8, 0x52, 0x00, 0xa8, 0x52, 0x00,
  0xa8, 0x52, 0x04, 0xa8, 0x52, 0x14, 0xa8, 0x52, 0x0c, 0xa8, 0x52, 0x00,
  0xa8, 0x52, 0x10, 0xa8, 0x52, 0x17, 0xa8, 0x52, 0x17, 0xa8, 0x52, 0x17,
  0xa8, 0x52, 0x17, 0xa8, 0x52, 0x08, 0xa8, 0x52, 0x00, 0xa8, 0x52, 0x00,
  0xa8, 0x52, 0x00, 0xa8, 0x52, 0x0e, 0xa8, 0x52, 0x14, 0xa8, 0x52, 0x04,
  0xa8, 0x52, 0x00, 0xa8, 0x52, 0x00, 0xa8, 0x52, 0x07, 0xa8, 0x52, 0x15,
  0xa8, 0x52, 0x0a, 0xa8, 0x52, 0x0a, 0xa8, 0x52, 0x17, 0xa8, 0x52, 0x17,
  0xa8, 0x52, 0x17, 0xa8, 0x52, 0x17, 0xa8, 0x52, 0x0d, 0x88, 0x52, 0x02,
  0xa8, 0x52, 0x12, 0xa8, 0x52, 0x0f, 0xa8, 0x52, 0x01, 0x0a, 0x5b, 0x00,
  0xa8, 0x52, 0x0f, 0xa8, 0x52, 0x16, 0xa8, 0x52, 0x05, 0xa8, 0x52, 0x00,
  0xa8, 0x52, 0x06, 0xa8, 0x52, 0x16, 0xa8, 0x52, 0x17, 0xa8, 0x52, 0x17,
  0xa8, 0x52, 0x0a, 0xa8, 0x52, 0x00, 0x88, 0x52, 0x00, 0xa8, 0x52, 0x00,
  0xa8, 0x52, 0x0f, 0xa8, 0x52, 0x19, 0xa8, 0x52, 0x19, 0xa8, 0x52, 0x15,
  0xa8, 0x52, 0x03, 0xa8, 0x52, 0x00, 0xa8, 0x52, 0x05, 0xa8, 0x52, 0x14,
  0xa8, 0x52, 0x0b, 0x88, 0x52, 0x00, 0xa8, 0x52, 0x00, 0x88, 0x52, 0x00,
  0x88, 0x52, 0x02, 0xa8, 0x52, 0x12, 0xa8, 0x52, 0x10, 0xa8, 0x52, 0x01,
  0xa8, 0x52, 0x00, 0x88, 0x52, 0x00, 0xa8, 0x52, 0x0c, 0xa8, 0x52, 0x15,
  0xa8, 0x52, 0x06, 0x88, 0x52, 0x00, 0xa8, 0x52, 0x0b, 0xa8, 0x52, 0x15,
  0xa8, 0x52, 0x15, 0x88, 0x52, 0x12, 0x88, 0x52, 0x02, 0xa8, 0x52, 0x00,
  0xa8, 0x52, 0x05, 0xa8, 0x52, 0x16, 0xa8, 0x52, 0x17, 0xa8, 0x52, 0x17,
  0xa8, 0x52, 0x17, 0xa8, 0x52, 0x15, 0x00, 0x00, 0x00, 0x00, 0x00, 0x00,
  0x00, 0x00, 0x00, 0x00, 0x00, 0x00, 0xa8, 0x52, 0x00, 0xa8, 0x52, 0x1d,
  0xa8, 0x52, 0xca, 0xa8, 0x52, 0xdf, 0xa8, 0x52, 0x35, 0xa8, 0x52, 0x1e,
  0xa8, 0x52, 0xa9, 0xa8, 0x52, 0xfd, 0xa8, 0x52, 0xb0, 0xa8, 0x52, 0x00,
  0xa8, 0x52, 0x4e, 0xa8, 0x52, 0xad, 0x88, 0x52, 0x03, 0xa8, 0x52, 0x46,
  0xa8, 0x52, 0xf8, 0xa8, 0x52, 0xde, 0xa8, 0x52, 0x5e, 0xa8, 0x52, 0x06,
  0xa8, 0x52, 0x97, 0xa8, 0x52, 0xf0, 0xa8, 0x52, 0x64, 0xa8, 0x52, 0x00,
  0x88, 0x52, 0x00, 0x00, 0x00, 0x00, 0x00, 0x00, 0x00, 0xaa, 0x52, 0x00,
  0xa8, 0x52, 0x00, 0xa8, 0x52, 0x00, 0xa8, 0x52, 0x00, 0xa8, 0x52, 0x00,
  0xa8, 0x52, 0x00, 0xa8, 0x52, 0x00, 0xa8, 0x52, 0x00, 0xa8, 0x52, 0x00,
  0xa8, 0x52, 0x00, 0xa8, 0x52, 0x00, 0x88, 0x52, 0x00, 0x88, 0x52, 0x00,
  0x88, 0x52, 0x00, 0xa8, 0x52, 0x00, 0x88, 0x52, 0x00, 0x88, 0x52, 0x00,
  0x66, 0x52, 0x00, 0xa8, 0x52, 0x00, 0xa8, 0x52, 0x00, 0xa8, 0x52, 0x00,
  0xa8, 0x52, 0x00, 0xa8, 0x52, 0x00, 0xa8, 0x52, 0x00, 0xa8, 0x52, 0x00,
  0xa8, 0x52, 0x00, 0xa8, 0x52, 0x00, 0xa8, 0x52, 0x00, 0xa8, 0x52, 0x00,
  0xa8, 0x52, 0x00, 0xa8, 0x52, 0x00, 0xa8, 0x52, 0x00, 0xa8, 0x52, 0x00,
  0xa8, 0x52, 0x00, 0xa8, 0x52, 0x00, 0xa8, 0x52, 0x00, 0xa8, 0x52, 0x00,
  0xa8, 0x52, 0x00, 0xa8, 0x52, 0x00, 0xa8, 0x52, 0x00, 0xa8, 0x52, 0x00,
  0xa8, 0x52, 0x00, 0xa8, 0x52, 0x00, 0xa8, 0x52, 0x00, 0xa8, 0x52, 0x00,
  0xa8, 0x52, 0x00, 0xa8, 0x52, 0x00, 0xa8, 0x52, 0x00, 0xa8, 0x52, 0x00,
  0xa8, 0x52, 0x00, 0xa8, 0x52, 0x00, 0xa8, 0x52, 0x00, 0x88, 0x52, 0x00,
  0xa8, 0x52, 0x00, 0xa8, 0x52, 0x00, 0xa8, 0x52, 0x00, 0x88, 0x52, 0x00,
  0xa8, 0x52, 0x00, 0xa8, 0x52, 0x00, 0xa8, 0x52, 0x00, 0xa8, 0x52, 0x00,
  0xa8, 0x52, 0x00, 0xa8, 0x52, 0x00, 0xa8, 0x52, 0x00, 0xa8, 0x52, 0x00,
  0xa8, 0x52, 0x00, 0xc8, 0x4a, 0x00, 0x88, 0x52, 0x00, 0xa8, 0x52, 0x00,
  0xa8, 0x52, 0x00, 0xa8, 0x52, 0x00, 0xa8, 0x52, 0x00, 0xa8, 0x52, 0x00,
  0xa8, 0x52, 0x00, 0xa8, 0x52, 0x00, 0xa8, 0x52, 0x00, 0xa8, 0x52, 0x00,
  0xa8, 0x52, 0x00, 0x88, 0x52, 0x00, 0xa8, 0x52, 0x00, 0x88, 0x52, 0x00,
  0x88, 0x52, 0x00, 0xa8, 0x52, 0x00, 0xa8, 0x52, 0x00, 0xa8, 0x52, 0x00,
  0xa8, 0x52, 0x00, 0x87, 0x4a, 0x00, 0xa8, 0x52, 0x00, 0xa8, 0x52, 0x00,
  0xa8, 0x52, 0x00, 0x25, 0x3a, 0x00, 0xa8, 0x52, 0x00, 0xa8, 0x52, 0x00,
  0xa8, 0x52, 0x00, 0x88, 0x52, 0x00, 0x88, 0x52, 0x00, 0xa8, 0x52, 0x00,
  0xa8, 0x52, 0x00, 0xa8, 0x52, 0x00, 0xa8, 0x52, 0x00, 0xa8, 0x52, 0x00,
  0xa8, 0x52, 0x00, 0xa8, 0x52, 0x00, 0x00, 0x00, 0x00, 0x00, 0x00, 0x00,
  0x00, 0x00, 0x00, 0x00, 0x00, 0x00, 0xa8, 0x52, 0x00, 0xa8, 0x52, 0x00,
  0xa8, 0x52, 0x3f, 0xa8, 0x52, 0xdf, 0xa8, 0x52, 0xaf, 0xa8, 0x52, 0x1f,
  0xa8, 0x52, 0x08, 0xa8, 0x52, 0x62, 0xa8, 0x52, 0x93, 0xa8, 0x52, 0x01,
  0xa8, 0x52, 0x4e, 0xa8, 0x52, 0xad, 0x88, 0x52, 0x03, 0xa8, 0x52, 0x46,
  0xa8, 0x52, 0x99, 0xa8, 0x52, 0x28, 0xa8, 0x52, 0x03, 0xa8, 0x52, 0x60,
  0xa8, 0x52, 0xe5, 0xa8, 0x52, 0x8f, 0xa8, 0x52, 0x07, 0xa8, 0x52, 0x00,
  0xa8, 0x52, 0x00, 0x00, 0x00, 0x00, 0x00, 0x00, 0x00, 0x00, 0x00, 0x00,
  0x00, 0x00, 0x00, 0x00, 0x00, 0x00, 0x00, 0x00, 0x00, 0x00, 0x00, 0x00,
  0x00, 0x00, 0x00, 0x00, 0x00, 0x00, 0x00, 0x00, 0x00, 0x00, 0x00, 0x00,
  0x00, 0x00, 0x00, 0x00, 0x00, 0x00, 0x00, 0x00, 0x00, 0x00, 0x00, 0x00,
  0x00, 0x00, 0x00, 0x00, 0x00, 0x00, 0x00, 0x00, 0x00, 0x00, 0x00, 0x00,
  0x00, 0x00, 0x00, 0x00, 0x00, 0x00, 0x00, 0x00, 0x00, 0x00, 0x00, 0x00,
  0x00, 0x00, 0x00, 0x00, 0x00, 0x00, 0x00, 0x00, 0x00, 0x00, 0x00, 0x00,
  0x00, 0x00, 0x00, 0x00, 0x00, 0x00, 0x00, 0x00, 0x00, 0x00, 0x00, 0x00,
  0x00, 0x00, 0x00, 0x00, 0x00, 0x00, 0x00, 0x00, 0x00, 0x00, 0x00, 0x00,
  0x00, 0x00, 0x00, 0x00, 0x00, 0x00, 0x00, 0x00, 0x00, 0x00, 0x00, 0x00,
  0x00, 0x00, 0x00, 0x00, 0x00, 0x00, 0x00, 0x00, 0x00, 0x00, 0x00, 0x00,
  0x00, 0x00, 0x00, 0x00, 0x00, 0x00, 0x00, 0x00, 0x00, 0x00, 0x00, 0x00,
  0x00, 0x00, 0x00, 0x00, 0x00, 0x00, 0x00, 0x00, 0x00, 0x00, 0x00, 0x00,
  0x00, 0x00, 0x00, 0x00, 0x00, 0x00, 0x00, 0x00, 0x00, 0x00, 0x00, 0x00,
  0x00, 0x00, 0x00, 0x00, 0x00, 0x00, 0x00, 0x00, 0x00, 0x00, 0x00, 0x00,
  0x00, 0x00, 0x00, 0x00, 0x00, 0x00, 0x00, 0x00, 0x00, 0x00, 0x00, 0x00,
  0x00, 0x00, 0x00, 0x00, 0x00, 0x00, 0x00, 0x00, 0x00, 0x00, 0x00, 0x00,
  0x00, 0x00, 0x00, 0x00, 0x00, 0x00, 0x00, 0x00, 0x00, 0x00, 0x00, 0x00,
  0x00, 0x00, 0x00, 0x00, 0x00, 0x00, 0x00, 0x00, 0x00, 0x00, 0x00, 0x00,
  0x00, 0x00, 0x00, 0x00, 0x00, 0x00, 0x00, 0x00, 0x00, 0x00, 0x00, 0x00,
  0x00, 0x00, 0x00, 0x00, 0x00, 0x00, 0x00, 0x00, 0x00, 0x00, 0x00, 0x00,
  0x00, 0x00, 0x00, 0x00, 0x00, 0x00, 0x00, 0x00, 0x00, 0x00, 0x00, 0x00,
  0x00, 0x00, 0x00, 0x00, 0x00, 0x00, 0x00, 0x00, 0x00, 0x00, 0x00, 0x00,
  0x00, 0x00, 0x00, 0x00, 0x00, 0x00, 0x00, 0x00, 0x00, 0x00, 0x00, 0x00,
  0x00, 0x00, 0x00, 0x00, 0x00, 0x00, 0x00, 0x00, 0x00, 0x00, 0x00, 0x00,
  0x00, 0x00, 0x00, 0x00, 0x00, 0x00, 0x00, 0x00, 0x00, 0x00, 0x00, 0x00,
  0x00, 0x00, 0x00, 0x00, 0x00, 0x00, 0x00, 0x00, 0x00, 0x00, 0x00, 0x00,
  0x00, 0x00, 0x00, 0x00, 0x00, 0x00, 0xa8, 0x52, 0x00, 0xa8, 0x52, 0x00,
  0xa8, 0x52, 0x00, 0xa8, 0x52, 0x47, 0xa8, 0x52, 0xd8, 0xa8, 0x52, 0xd0,
  0xa8, 0x52, 0x55, 0xa8, 0x52, 0x17, 0xa8, 0x52, 0x6b, 0xa8, 0x52, 0x04,
  0xa8, 0x52, 0x4e, 0xa8, 0x52, 0xad, 0x88, 0x52, 0x03, 0xa8, 0x52, 0x42,
  0xa8, 0x52, 0x44, 0xa8, 0x52, 0x24, 0xa8, 0x52, 0x97, 0xa8, 0x52, 0xed,
  0xa8, 0x52, 0x90, 0xa8, 0x52, 0x0e, 0xa8, 0x52, 0x00, 0xa8, 0x52, 0x00,
  0x00, 0x00, 0x00, 0x00, 0x00, 0x00, 0x00, 0x00, 0x00, 0x00, 0x00, 0x00,
  0x00, 0x00, 0x00, 0x00, 0x00, 0x00, 0x00, 0x00, 0x00, 0x00, 0x00, 0x00,
  0x00, 0x00, 0x00, 0x00, 0x00, 0x00, 0x00, 0x00, 0x00, 0x00, 0x00, 0x00,
  0x00, 0x00, 0x00, 0x00, 0x00, 0x00, 0x00, 0x00, 0x00, 0x00, 0x00, 0x00,
  0x00, 0x00, 0x00, 0x00, 0x00, 0x00, 0x00, 0x00, 0x00, 0x00, 0x00, 0x00,
  0x00, 0x00, 0x00, 0x00, 0x00, 0x00, 0x00, 0x00, 0x00, 0x00, 0x00, 0x00,
  0x00, 0x00, 0x00, 0x00, 0x00, 0x00, 0x00, 0x00, 0x00, 0x00, 0x00, 0x00,
  0x00, 0x00, 0x00, 0x00, 0x00, 0x00, 0x00, 0x00, 0x00, 0x00, 0x00, 0x00,
  0x00, 0x00, 0x00, 0x00, 0x00, 0x00, 0x00, 0x00, 0x00, 0x00, 0x00, 0x00,
  0x00, 0x00, 0x00, 0x00, 0x00, 0x00, 0x00, 0x00, 0x00, 0x00, 0x00, 0x00,
  0x00, 0x00, 0x00, 0x00, 0x00, 0x00, 0x00, 0x00, 0x00, 0x00, 0x00, 0x00,
  0x00, 0x00, 0x00, 0x00, 0x00, 0x00, 0x00, 0x00, 0x00, 0x00, 0x00, 0x00,
  0x00, 0x00, 0x00, 0x00, 0x00, 0x00, 0x00, 0x00, 0x00, 0x00, 0x00, 0x00,
  0x00, 0x00, 0x00, 0x00, 0x00, 0x00, 0x00, 0x00, 0x00, 0x00, 0x00, 0x00,
  0x00, 0x00, 0x00, 0x00, 0x00, 0x00, 0x00, 0x00, 0x00, 0x00, 0x00, 0x00,
  0x00, 0x00, 0x00, 0x00, 0x00, 0x00, 0x00, 0x00, 0x00, 0x00, 0x00, 0x00,
  0x00, 0x00, 0x00, 0x00, 0x00, 0x00, 0x00, 0x00, 0x00, 0x00, 0x00, 0x00,
  0x00, 0x00, 0x00, 0x00, 0x00, 0x00, 0x00, 0x00, 0x00, 0x00, 0x00, 0x00,
  0x00, 0x00, 0x00, 0x00, 0x00, 0x00, 0x00, 0x00, 0x00, 0x00, 0x00, 0x00,
  0x00, 0x00, 0x00, 0x00, 0x00, 0x00, 0x00, 0x00, 0x00, 0x00, 0x00, 0x00,
  0x00, 0x00, 0x00, 0x00, 0x00, 0x00, 0x00, 0x00, 0x00, 0x00, 0x00, 0x00,
  0x00, 0x00, 0x00, 0x00, 0x00, 0x00, 0x00, 0x00, 0x00, 0x00, 0x00, 0x00,
  0x00, 0x00, 0x00, 0x00, 0x00, 0x00, 0x00, 0x00, 0x00, 0x00, 0x00, 0x00,
  0x00, 0x00, 0x00, 0x00, 0x00, 0x00, 0x00, 0x00, 0x00, 0x00, 0x00, 0x00,
  0x00, 0x00, 0x00, 0x00, 0x00, 0x00, 0x00, 0x00, 0x00, 0x00, 0x00, 0x00,
  0x00, 0x00, 0x00, 0x00, 0x00, 0x00, 0x00, 0x00, 0x00, 0x00, 0x00, 0x00,
  0x00, 0x00, 0x00, 0x00, 0x00, 0x00, 0x00, 0x00, 0x00, 0x00, 0x00, 0x00,
  0x00, 0x00, 0x00, 0x00, 0x00, 0x00, 0x00, 0x00, 0x00, 0xa8, 0x52, 0x00,
  0xa8, 0x52, 0x00, 0xa8, 0x52, 0x00, 0xa8, 0x52, 0x2d, 0xa8, 0x52, 0xaa,
  0xa8, 0x52, 0xeb, 0xa8, 0x52, 0xca, 0xa8, 0x52, 0x9a, 0xa8, 0x52, 0x03,
  0xa8, 0x52, 0x4e, 0xa8, 0x52, 0xad, 0x88, 0x52, 0x02, 0xa8, 0x52, 0x49,
  0xa8, 0x52, 0xbf, 0xa8, 0x52, 0xe0, 0xa8, 0x52, 0xd9, 0xa8, 0x52, 0x65,
  0xa8, 0x52, 0x08, 0xa8, 0x52, 0x00, 0xa8, 0x52, 0x00, 0x00, 0x00, 0x00,
  0x00, 0x00, 0x00, 0x00, 0x00, 0x00, 0x00, 0x00, 0x00, 0x00, 0x00, 0x00,
  0x00, 0x00, 0x00, 0x00, 0x00, 0x00, 0x00, 0x00, 0x00, 0x00, 0x00, 0x00,
  0x00, 0x00, 0x00, 0x00, 0x00, 0x00, 0x00, 0x00, 0x00, 0x00, 0x00, 0x00,
  0x00, 0x00, 0x00, 0x00, 0x00, 0x00, 0x00, 0x00, 0x00, 0x00, 0x00, 0x00,
  0x00, 0x00, 0x00, 0x00, 0x00, 0x00, 0x00, 0x00, 0x00, 0x00, 0x00, 0x00,
  0x00, 0x00, 0x00, 0x00, 0x00, 0x00, 0x00, 0x00, 0x00, 0x00, 0x00, 0x00,
  0x00, 0x00, 0x00, 0x00, 0x00, 0x00, 0x00, 0x00, 0x00, 0x00, 0x00, 0x00,
  0x00, 0x00, 0x00, 0x00, 0x00, 0x00, 0x00, 0x00, 0x00, 0x00, 0x00, 0x00,
  0x00, 0x00, 0x00, 0x00, 0x00, 0x00, 0x00, 0x00, 0x00, 0x00, 0x00, 0x00,
  0x00, 0x00, 0x00, 0x00, 0x00, 0x00, 0x00, 0x00, 0x00, 0x00, 0x00, 0x00,
  0x00, 0x00, 0x00, 0x00, 0x00, 0x00, 0x00, 0x00, 0x00, 0x00, 0x00, 0x00,
  0x00, 0x00, 0x00, 0x00, 0x00, 0x00, 0x00, 0x00, 0x00, 0x00, 0x00, 0x00,
  0x00, 0x00, 0x00, 0x00, 0x00, 0x00, 0x00, 0x00, 0x00, 0x00, 0x00, 0x00,
  0x00, 0x00, 0x00, 0x00, 0x00, 0x00, 0x00, 0x00, 0x00, 0x00, 0x00, 0x00,
  0x00, 0x00, 0x00, 0x00, 0x00, 0x00, 0x00, 0x00, 0x00, 0x00, 0x00, 0x00,
  0x00, 0x00, 0x00, 0x00, 0x00, 0x00, 0x00, 0x00, 0x00, 0x00, 0x00, 0x00,
  0x00, 0x00, 0x00, 0x00, 0x00, 0x00, 0x00, 0x00, 0x00, 0x00, 0x00, 0x00,
  0x00, 0x00, 0x00, 0x00, 0x00, 0x00, 0x00, 0x00, 0x00, 0x00, 0x00, 0x00,
  0x00, 0x00, 0x00, 0x00, 0x00, 0x00, 0x00, 0x00, 0x00, 0x00, 0x00, 0x00,
  0x00, 0x00, 0x00, 0x00, 0x00, 0x00, 0x00, 0x00, 0x00, 0x00, 0x00, 0x00,
  0x00, 0x00, 0x00, 0x00, 0x00, 0x00, 0x00, 0x00, 0x00, 0x00, 0x00, 0x00,
  0x00, 0x00, 0x00, 0x00, 0x00, 0x00, 0x00, 0x00, 0x00, 0x00, 0x00, 0x00,
  0x00, 0x00, 0x00, 0x00, 0x00, 0x00, 0x00, 0x00, 0x00, 0x00, 0x00, 0x00,
  0x00, 0x00, 0x00, 0x00, 0x00, 0x00, 0x00, 0x00, 0x00, 0x00, 0x00, 0x00,
  0x00, 0x00, 0x00, 0x00, 0x00, 0x00, 0x00, 0x00, 0x00, 0x00, 0x00, 0x00,
  0x00, 0x00, 0x00, 0x00, 0x00, 0x00, 0x00, 0x00, 0x00, 0x00, 0x00, 0x00,
  0x00, 0x00, 0x00, 0x00, 0x00, 0x00, 0x00, 0x00, 0x00, 0x00, 0x00, 0x00,
  0x00, 0x00, 0x00, 0x00, 0x00, 0x00, 0x00, 0x00, 0x00, 0x00, 0x00, 0x00,
  0xa8, 0x52, 0x00, 0xa8, 0x52, 0x00, 0xa8, 0x52, 0x00, 0xa8, 0x52, 0x09,
  0xa8, 0x52, 0x49, 0xa8, 0x52, 0xa7, 0xa8, 0x52, 0xd6, 0xa8, 0x52, 0x2b,
  0xa8, 0x52, 0x4b, 0xa8, 0x52, 0xad, 0xa8, 0x52, 0x08, 0xa8, 0x52, 0x90,
  0xa8, 0x52, 0xd5, 0xa8, 0x52, 0x78, 0xa8, 0x52, 0x23, 0xa8, 0x52, 0x00,
  0xa8, 0x52, 0x00, 0xa8, 0x52, 0x00, 0x00, 0x00, 0x00, 0x00, 0x00, 0x00,
  0x00, 0x00, 0x00, 0x00, 0x00, 0x00, 0x00, 0x00, 0x00, 0x00, 0x00, 0x00,
  0x00, 0x00, 0x00, 0x00, 0x00, 0x00, 0x00, 0x00, 0x00, 0x00, 0x00, 0x00,
  0x00, 0x00, 0x00, 0x00, 0x00, 0x00, 0x00, 0x00, 0x00, 0x00, 0x00, 0x00,
  0x00, 0x00, 0x00, 0x00, 0x00, 0x00, 0x00, 0x00, 0x00, 0x00, 0x00, 0x00,
  0x00, 0x00, 0x00, 0x00, 0x00, 0x00, 0x00, 0x00, 0x00, 0x00, 0x00, 0x00,
  0x00, 0x00, 0x00, 0x00, 0x00, 0x00, 0x00, 0x00, 0x00, 0x00, 0x00, 0x00,
  0x00, 0x00, 0x00, 0x00, 0x00, 0x00, 0x00, 0x00, 0x00, 0x00, 0x00, 0x00,
  0x00, 0x00, 0x00, 0x00, 0x00, 0x00, 0x00, 0x00, 0x00, 0x00, 0x00, 0x00,
  0x00, 0x00, 0x00, 0x00, 0x00, 0x00, 0x00, 0x00, 0x00, 0x00, 0x00, 0x00,
  0x00, 0x00, 0x00, 0x00, 0x00, 0x00, 0x00, 0x00, 0x00, 0x00, 0x00, 0x00,
  0x00, 0x00, 0x00, 0x00, 0x00, 0x00, 0x00, 0x00, 0x00, 0x00, 0x00, 0x00,
  0x00, 0x00, 0x00, 0x00, 0x00, 0x00, 0x00, 0x00, 0x00, 0x00, 0x00, 0x00,
  0x00, 0x00, 0x00, 0x00, 0x00, 0x00, 0x00, 0x00, 0x00, 0x00, 0x00, 0x00,
  0x00, 0x00, 0x00, 0x00, 0x00, 0x00, 0x00, 0x00, 0x00, 0x00, 0x00, 0x00,
  0x00, 0x00, 0x00, 0x00, 0x00, 0x00, 0x00, 0x00, 0x00, 0x00, 0x00, 0x00,
  0x00, 0x00, 0x00, 0x00, 0x00, 0x00, 0x00, 0x00, 0x00, 0x00, 0x00, 0x00,
  0x00, 0x00, 0x00, 0x00, 0x00, 0x00, 0x00, 0x00, 0x00, 0x00, 0x00, 0x00,
  0x00, 0x00, 0x00, 0x00, 0x00, 0x00, 0x00, 0x00, 0x00, 0x00, 0x00, 0x00,
  0x00, 0x00, 0x00, 0x00, 0x00, 0x00, 0x00, 0x00, 0x00, 0x00, 0x00, 0x00,
  0x00, 0x00, 0x00, 0x00, 0x00, 0x00, 0x00, 0x00, 0x00, 0x00, 0x00, 0x00,
  0x00, 0x00, 0x00, 0x00, 0x00, 0x00, 0x00, 0x00, 0x00, 0x00, 0x00, 0x00,
  0x00, 0x00, 0x00, 0x00, 0x00, 0x00, 0x00, 0x00, 0x00, 0x00, 0x00, 0x00,
  0x00, 0x00, 0x00, 0x00, 0x00, 0x00, 0x00, 0x00, 0x00, 0x00, 0x00, 0x00,
  0x00, 0x00, 0x00, 0x00, 0x00, 0x00, 0x00, 0x00, 0x00, 0x00, 0x00, 0x00,
  0x00, 0x00, 0x00, 0x00, 0x00, 0x00, 0x00, 0x00, 0x00, 0x00, 0x00, 0x00,
  0x00, 0x00, 0x00, 0x00, 0x00, 0x00, 0x00, 0x00, 0x00, 0x00, 0x00, 0x00,
  0x00, 0x00, 0x00, 0x00, 0x00, 0x00, 0x00, 0x00, 0x00, 0x00, 0x00, 0x00,
  0x00, 0x00, 0x00, 0x00, 0x00, 0x00, 0x00, 0x00, 0x00, 0x00, 0x00, 0x00,
  0x00, 0x00, 0x00, 0x26, 0x63, 0x00, 0x88, 0x52, 0x00, 0xa8, 0x52, 0x00,
  0xa8, 0x52, 0x00, 0xa8, 0x52, 0x04, 0xa8, 0x52, 0x97, 0xa8, 0x52, 0x94,
  0xa8, 0x52, 0x51, 0xa8, 0x52, 0xaa, 0xa8, 0x52, 0x3e, 0xa8, 0x52, 0xcf,
  0xa8, 0x52, 0x39, 0xa8, 0x52, 0x00, 0xa8, 0x52, 0x00, 0x88, 0x52, 0x00,
  0x88, 0x52, 0x00, 0x00, 0x00, 0x00, 0x00, 0x00, 0x00, 0x00, 0x00, 0x00,
  0x00, 0x00, 0x00, 0x00, 0x00, 0x00, 0x00, 0x00, 0x00, 0x00, 0x00, 0x00,
  0x00, 0x00, 0x00, 0x00, 0x00, 0x00, 0x00, 0x00, 0x00, 0x00, 0x00, 0x00,
  0x00, 0x00, 0x00, 0x00, 0x00, 0x00, 0x00, 0x00, 0x00, 0x00, 0x00, 0x00,
  0x00, 0x00, 0x00, 0x00, 0x00, 0x00, 0x00, 0x00, 0x00, 0x00, 0x00, 0x00,
  0x00, 0x00, 0x00, 0x00, 0x00, 0x00, 0x00, 0x00, 0x00, 0x00, 0x00, 0x00,
  0x00, 0x00, 0x00, 0x00, 0x00, 0x00, 0x00, 0x00, 0x00, 0x00, 0x00, 0x00,
  0x00, 0x00, 0x00, 0x00, 0x00, 0x00, 0x00, 0x00, 0x00, 0x00, 0x00, 0x00,
  0x00, 0x00, 0x00, 0x00, 0x00, 0x00, 0x00, 0x00, 0x00, 0x00, 0x00, 0x00,
  0x00, 0x00, 0x00, 0x00, 0x00, 0x00, 0x00, 0x00, 0x00, 0x00, 0x00, 0x00,
  0x00, 0x00, 0x00, 0x00, 0x00, 0x00, 0x00, 0x00, 0x00, 0x00, 0x00, 0x00,
  0x00, 0x00, 0x00, 0x00, 0x00, 0x00, 0x00, 0x00, 0x00, 0x00, 0x00, 0x00,
  0x00, 0x00, 0x00, 0x00, 0x00, 0x00, 0x00, 0x00, 0x00, 0x00, 0x00, 0x00,
  0x00, 0x00, 0x00, 0x00, 0x00, 0x00, 0x00, 0x00, 0x00, 0x00, 0x00, 0x00,
  0x00, 0x00, 0x00, 0x00, 0x00, 0x00, 0x00, 0x00, 0x00, 0x00, 0x00, 0x00,
  0x00, 0x00, 0x00, 0x00, 0x00, 0x00, 0x00, 0x00, 0x00, 0x00, 0x00, 0x00,
  0x00, 0x00, 0x00, 0x00, 0x00, 0x00, 0x00, 0x00, 0x00, 0x00, 0x00, 0x00,
  0x00, 0x00, 0x00, 0x00, 0x00, 0x00, 0x00, 0x00, 0x00, 0x00, 0x00, 0x00,
  0x00, 0x00, 0x00, 0x00, 0x00, 0x00, 0x00, 0x00, 0x00, 0x00, 0x00, 0x00,
  0x00, 0x00, 0x00, 0x00, 0x00, 0x00, 0x00, 0x00, 0x00, 0x00, 0x00, 0x00,
  0x00, 0x00, 0x00, 0x00, 0x00, 0x00, 0x00, 0x00, 0x00, 0x00, 0x00, 0x00,
  0x00, 0x00, 0x00, 0x00, 0x00, 0x00, 0x00, 0x00, 0x00, 0x00, 0x00, 0x00,
  0x00, 0x00, 0x00, 0x00, 0x00, 0x00, 0x00, 0x00, 0x00, 0x00, 0x00, 0x00,
  0x00, 0x00, 0x00, 0x00, 0x00, 0x00, 0x00, 0x00, 0x00, 0x00, 0x00, 0x00,
  0x00, 0x00, 0x00, 0x00, 0x00, 0x00, 0x00, 0x00, 0x00, 0x00, 0x00, 0x00,
  0x00, 0x00, 0x00, 0x00, 0x00, 0x00, 0x00, 0x00, 0x00, 0x00, 0x00, 0x00,
  0x00, 0x00, 0x00, 0x00, 0x00, 0x00, 0x00, 0x00, 0x00, 0x00, 0x00, 0x00,
  0x00, 0x00, 0x00, 0x00, 0x00, 0x00, 0x00, 0x00, 0x00, 0x00, 0x00, 0x00,
  0x00, 0x00, 0x00, 0x00, 0x00, 0x00, 0x00, 0x00, 0x00, 0x00, 0x00, 0x00,
  0x00, 0x00, 0x00, 0x00, 0x00, 0x00, 0x00, 0x00, 0x00, 0xa8, 0x52, 0x00,
  0x88, 0x52, 0x00, 0xa8, 0x52, 0x00, 0xa8, 0x52, 0x2f, 0xa8, 0x52, 0xca,
  0xa8, 0x52, 0x8b, 0xa8, 0x52, 0xb0, 0xa8, 0x52, 0xa8, 0xa8, 0x52, 0x91,
  0x88, 0x52, 0x01, 0xa8, 0x52, 0x00, 0xa8, 0x52, 0x00, 0x00, 0x00, 0x00,
  0x00, 0x00, 0x00, 0x00, 0x00, 0x00, 0x00, 0x00, 0x00, 0x00, 0x00, 0x00,
  0x00, 0x00, 0x00, 0x00, 0x00, 0x00, 0x00, 0x00, 0x00, 0x00, 0x00, 0x00,
  0x00, 0x00, 0x00, 0x00, 0x00, 0x00, 0x00, 0x00, 0x00, 0x00, 0x00, 0x00,
  0x00, 0x00, 0x00, 0x00, 0x00, 0x00, 0x00, 0x00, 0x00, 0x00, 0x00, 0x00,
  0x00, 0x00, 0x00, 0x00, 0x00, 0x00, 0x00, 0x00, 0x00, 0x00, 0x00, 0x00,
  0x00, 0x00, 0x00, 0x00, 0x00, 0x00, 0x00, 0x00, 0x00, 0x00, 0x00, 0x00,
  0x00, 0x00, 0x00, 0x00, 0x00, 0x00, 0x00, 0x00, 0x00, 0x00, 0x00, 0x00,
  0x00, 0x00, 0x00, 0x00, 0x00, 0x00, 0x00, 0x00, 0x00, 0x00, 0x00, 0x00,
  0x00, 0x00, 0x00, 0x00, 0x00, 0x00, 0x00, 0x00, 0x00, 0x00, 0x00, 0x00,
  0x00, 0x00, 0x00, 0x00, 0x00, 0x00, 0x00, 0x00, 0x00, 0x00, 0x00, 0x00,
  0x00, 0x00, 0x00, 0x00, 0x00, 0x00, 0x00, 0x00, 0x00, 0x00, 0x00, 0x00,
  0x00, 0x00, 0x00, 0x00, 0x00, 0x00, 0x00, 0x00, 0x00, 0x00, 0x00, 0x00,
  0x00, 0x00, 0x00, 0x00, 0x00, 0x00, 0x00, 0x00, 0x00, 0x00, 0x00, 0x00,
  0x00, 0x00, 0x00, 0x00, 0x00, 0x00, 0x00, 0x00, 0x00, 0x00, 0x00, 0x00,
  0x00, 0x00, 0x00, 0x00, 0x00, 0x00, 0x00, 0x00, 0x00, 0x00, 0x00, 0x00,
  0x00, 0x00, 0x00, 0x00, 0x00, 0x00, 0x00, 0x00, 0x00, 0x00, 0x00, 0x00,
  0x00, 0x00, 0x00, 0x00, 0x00, 0x00, 0x00, 0x00, 0x00, 0x00, 0x00, 0x00,
  0x00, 0x00, 0x00, 0x00, 0x00, 0x00, 0x00, 0x00, 0x00, 0x00, 0x00, 0x00,
  0x00, 0x00, 0x00, 0x00, 0x00, 0x00, 0x00, 0x00, 0x00, 0x00, 0x00, 0x00,
  0x00, 0x00, 0x00, 0x00, 0x00, 0x00, 0x00, 0x00, 0x00, 0x00, 0x00, 0x00,
  0x00, 0x00, 0x00, 0x00, 0x00, 0x00, 0x00, 0x00, 0x00, 0x00, 0x00, 0x00,
  0x00, 0x00, 0x00, 0x00, 0x00, 0x00, 0x00, 0x00, 0x00, 0x00, 0x00, 0x00,
  0x00, 0x00, 0x00, 0x00, 0x00, 0x00, 0x00, 0x00, 0x00, 0x00, 0x00, 0x00,
  0x00, 0x00, 0x00, 0x00, 0x00, 0x00, 0x00, 0x00, 0x00, 0x00, 0x00, 0x00,
  0x00, 0x00, 0x00, 0x00, 0x00, 0x00, 0x00, 0x00, 0x00, 0x00, 0x00, 0x00,
  0x00, 0x00, 0x00, 0x00, 0x00, 0x00, 0x00, 0x00, 0x00, 0x00, 0x00, 0x00,
  0x00, 0x00, 0x00, 0x00, 0x00, 0x00, 0x00, 0x00, 0x00, 0x00, 0x00, 0x00,
  0x00, 0x00, 0x00, 0x00, 0x00, 0x00, 0x00, 0x00, 0x00, 0x00, 0x00, 0x00,
  0x00, 0x00, 0x00, 0x00, 0x00, 0x00, 0x00, 0x00, 0x00, 0x00, 0x00, 0x00,
  0x00, 0x00, 0x00, 0x00, 0x00, 0x00, 0x00, 0x00, 0x00, 0x00, 0x00, 0x00,
  0x00, 0x00, 0x00, 0xa8, 0x52, 0x00, 0x67, 0x6a, 0x00, 0xa8, 0x52, 0x86,
  0xa8, 0x52, 0xe8, 0xa8, 0x52, 0xe8, 0xa8, 0x52, 0xd3, 0xa8, 0x52, 0x2b,
  0xa8, 0x52, 0x00, 0x88, 0x52, 0x00, 0x00, 0x00, 0x00, 0x00, 0x00, 0x00,
  0x00, 0x00, 0x00, 0x00, 0x00, 0x00, 0x00, 0x00, 0x00, 0x00, 0x00, 0x00,
  0x00, 0x00, 0x00, 0x00, 0x00, 0x00, 0x00, 0x00, 0x00, 0x00, 0x00, 0x00,
  0x00, 0x00, 0x00, 0x00, 0x00, 0x00, 0x00, 0x00, 0x00, 0x00, 0x00, 0x00,
  0x00, 0x00, 0x00, 0x00, 0x00, 0x00, 0x00, 0x00, 0x00, 0x00, 0x00, 0x00,
  0x00, 0x00, 0x00, 0x00, 0x00, 0x00, 0x00, 0x00, 0x00, 0x00, 0x00, 0x00,
  0x00, 0x00, 0x00, 0x00, 0x00, 0x00, 0x00, 0x00, 0x00, 0x00, 0x00, 0x00,
  0x00, 0x00, 0x00, 0x00, 0x00, 0x00, 0x00, 0x00, 0x00, 0x00, 0x00, 0x00,
  0x00, 0x00, 0x00, 0x00, 0x00, 0x00, 0x00, 0x00, 0x00, 0x00, 0x00, 0x00,
  0x00, 0x00, 0x00, 0x00, 0x00, 0x00, 0x00, 0x00, 0x00, 0x00, 0x00, 0x00,
  0x00, 0x00, 0x00, 0x00, 0x00, 0x00, 0x00, 0x00, 0x00, 0x00, 0x00, 0x00,
  0x00, 0x00, 0x00, 0x00, 0x00, 0x00, 0x00, 0x00, 0x00, 0x00, 0x00, 0x00,
  0x00, 0x00, 0x00, 0x00, 0x00, 0x00, 0x00, 0x00, 0x00, 0x00, 0x00, 0x00,
  0x00, 0x00, 0x00, 0x00, 0x00, 0x00, 0x00, 0x00, 0x00, 0x00, 0x00, 0x00,
  0x00, 0x00, 0x00, 0x00, 0x00, 0x00, 0x00, 0x00, 0x00, 0x00, 0x00, 0x00,
  0x00, 0x00, 0x00, 0x00, 0x00, 0x00, 0x00, 0x00, 0x00, 0x00, 0x00, 0x00,
  0x00, 0x00, 0x00, 0x00, 0x00, 0x00, 0x00, 0x00, 0x00, 0x00, 0x00, 0x00,
  0x00, 0x00, 0x00, 0x00, 0x00, 0x00, 0x00, 0x00, 0x00, 0x00, 0x00, 0x00,
  0x00, 0x00, 0x00, 0x00, 0x00, 0x00, 0x00, 0x00, 0x00, 0x00, 0x00, 0x00,
  0x00, 0x00, 0x00, 0x00, 0x00, 0x00, 0x00, 0x00, 0x00, 0x00, 0x00, 0x00,
  0x00, 0x00, 0x00, 0x00, 0x00, 0x00, 0x00, 0x00, 0x00, 0x00, 0x00, 0x00,
  0x00, 0x00, 0x00, 0x00, 0x00, 0x00, 0x00, 0x00, 0x00, 0x00, 0x00, 0x00,
  0x00, 0x00, 0x00, 0x00, 0x00, 0x00, 0x00, 0x00, 0x00, 0x00, 0x00, 0x00,
  0x00, 0x00, 0x00, 0x00, 0x00, 0x00, 0x00, 0x00, 0x00, 0x00, 0x00, 0x00,
  0x00, 0x00, 0x00, 0x00, 0x00, 0x00, 0x00, 0x00, 0x00, 0x00, 0x00, 0x00,
  0x00, 0x00, 0x00, 0x00, 0x00, 0x00, 0x00, 0x00, 0x00, 0x00, 0x00, 0x00,
  0x00, 0x00, 0x00, 0x00, 0x00, 0x00, 0x00, 0x00, 0x00, 0x00, 0x00, 0x00,
  0x00, 0x00, 0x00, 0x00, 0x00, 0x00, 0x00, 0x00, 0x00, 0x00, 0x00, 0x00,
  0x00, 0x00, 0x00, 0x00, 0x00, 0x00, 0x00, 0x00, 0x00, 0x00, 0x00, 0x00,
  0x00, 0x00, 0x00, 0x00, 0x00, 0x00, 0x00, 0x00, 0x00, 0x00, 0x00, 0x00,
  0x00, 0x00, 0x00, 0x00, 0x00, 0x00, 0x00, 0x00, 0x00, 0x00, 0x00, 0x00,
  0x00, 0x00, 0x00, 0x88, 0x52, 0x00, 0xa8, 0x52, 0x00, 0xa8, 0x52, 0x25,
  0xa8, 0x52, 0xdb, 0xa8, 0x52, 0xff, 0xa8, 0x52, 0x82, 0xa8, 0x52, 0x00,
  0xa8, 0x52, 0x00, 0x00, 0x00, 0x00, 0x00, 0x00, 0x00, 0x00, 0x00, 0x00,
  0x00, 0x00, 0x00, 0x00, 0x00, 0x00, 0x00, 0x00, 0x00, 0x00, 0x00, 0x00,
  0x00, 0x00, 0x00, 0x00, 0x00, 0x00, 0x00, 0x00, 0x00, 0x00, 0x00, 0x00,
  0x00, 0x00, 0x00, 0x00, 0x00, 0x00, 0x00, 0x00, 0x00, 0x00, 0x00, 0x00,
  0x00, 0x00, 0x00, 0x00, 0x00, 0x00, 0x00, 0x00, 0x00, 0x00, 0x00, 0x00,
  0x00, 0x00, 0x00, 0x00, 0x00, 0x00, 0x00, 0x00, 0x00, 0x00, 0x00, 0x00,
  0x00, 0x00, 0x00, 0x00, 0x00, 0x00, 0x00, 0x00, 0x00, 0x00, 0x00, 0x00,
  0x00, 0x00, 0x00, 0x00, 0x00, 0x00, 0x00, 0x00, 0x00, 0x00, 0x00, 0x00,
  0x00, 0x00, 0x00, 0x00, 0x00, 0x00, 0x00, 0x00, 0x00, 0x00, 0x00, 0x00,
  0x00, 0x00, 0x00, 0x00, 0x00, 0x00, 0x00, 0x00, 0x00, 0x00, 0x00, 0x00,
  0x00, 0x00, 0x00, 0x00, 0x00, 0x00, 0x00, 0x00, 0x00, 0x00, 0x00, 0x00,
  0x00, 0x00, 0x00, 0x00, 0x00, 0x00, 0x00, 0x00, 0x00, 0x00, 0x00, 0x00,
  0x00, 0x00, 0x00, 0x00, 0x00, 0x00, 0x00, 0x00, 0x00, 0x00, 0x00, 0x00,
  0x00, 0x00, 0x00, 0x00, 0x00, 0x00, 0x00, 0x00, 0x00, 0x00, 0x00, 0x00,
  0x00, 0x00, 0x00, 0x00, 0x00, 0x00, 0x00, 0x00, 0x00, 0x00, 0x00, 0x00,
  0x00, 0x00, 0x00, 0x00, 0x00, 0x00, 0x00, 0x00, 0x00, 0x00, 0x00, 0x00,
  0x00, 0x00, 0x00, 0x00, 0x00, 0x00, 0x00, 0x00, 0x00, 0x00, 0x00, 0x00,
  0x00, 0x00, 0x00, 0x00, 0x00, 0x00, 0x00, 0x00, 0x00, 0x00, 0x00, 0x00,
  0x00, 0x00, 0x00, 0x00, 0x00, 0x00, 0x00, 0x00, 0x00, 0x00, 0x00, 0x00,
  0x00, 0x00, 0x00, 0x00, 0x00, 0x00, 0x00, 0x00, 0x00, 0x00, 0x00, 0x00,
  0x00, 0x00, 0x00, 0x00, 0x00, 0x00, 0x00, 0x00, 0x00, 0x00, 0x00, 0x00,
  0x00, 0x00, 0x00, 0x00, 0x00, 0x00, 0x00, 0x00, 0x00, 0x00, 0x00, 0x00,
  0x00, 0x00, 0x00, 0x00, 0x00, 0x00, 0x00, 0x00, 0x00, 0x00, 0x00, 0x00,
  0x00, 0x00, 0x00, 0x00, 0x00, 0x00, 0x00, 0x00, 0x00, 0x00, 0x00, 0x00,
  0x00, 0x00, 0x00, 0x00, 0x00, 0x00, 0x00, 0x00, 0x00, 0x00, 0x00, 0x00,
  0x00, 0x00, 0x00, 0x00, 0x00, 0x00, 0x00, 0x00, 0x00, 0x00, 0x00, 0x00,
  0x00, 0x00, 0x00, 0x00, 0x00, 0x00, 0x00, 0x00, 0x00, 0x00, 0x00, 0x00,
  0x00, 0x00, 0x00, 0x00, 0x00, 0x00, 0x00, 0x00, 0x00, 0x00, 0x00, 0x00,
  0x00, 0x00, 0x00, 0x00, 0x00, 0x00, 0x00, 0x00, 0x00, 0x00, 0x00, 0x00,
  0x00, 0x00, 0x00, 0x00, 0x00, 0x00, 0x00, 0x00, 0x00, 0x00, 0x00, 0x00,
  0x00, 0x00, 0x00, 0x00, 0x00, 0x00, 0x00, 0x00, 0x00, 0x00, 0x00, 0x00,
  0x00, 0x00, 0x00, 0xc8, 0x4a, 0x00, 0xa8, 0x52, 0x00, 0x88, 0x52, 0x00,
  0xa8, 0x52, 0x7a, 0xa8, 0x52, 0xd5, 0xa8, 0x52, 0x22, 0xa8, 0x52, 0x00,
  0xa8, 0x52, 0x00, 0x00, 0x00, 0x00, 0x00, 0x00, 0x00, 0x00, 0x00, 0x00,
  0x00, 0x00, 0x00, 0x00, 0x00, 0x00, 0x00, 0x00, 0x00, 0x00, 0x00, 0x00,
  0x00, 0x00, 0x00, 0x00, 0x00, 0x00, 0x00, 0x00, 0x00, 0x00, 0x00, 0x00,
  0x00, 0x00, 0x00, 0x00, 0x00, 0x00, 0x00, 0x00, 0x00, 0x00, 0x00, 0x00,
  0x00, 0x00, 0x00, 0x00, 0x00, 0x00, 0x00, 0x00, 0x00, 0x00, 0x00, 0x00,
  0x00, 0x00, 0x00, 0x00, 0x00, 0x00, 0x00, 0x00, 0x00, 0x00, 0x00, 0x00,
  0x00, 0x00, 0x00, 0x00, 0x00, 0x00, 0x00, 0x00, 0x00, 0x00, 0x00, 0x00,
  0x00, 0x00, 0x00, 0x00, 0x00, 0x00, 0x00, 0x00, 0x00, 0x00, 0x00, 0x00,
  0x00, 0x00, 0x00, 0x00, 0x00, 0x00, 0x00, 0x00, 0x00, 0x00, 0x00, 0x00,
  0x00, 0x00, 0x00, 0x00, 0x00, 0x00, 0x00, 0x00, 0x00, 0x00, 0x00, 0x00,
  0x00, 0x00, 0x00, 0x00, 0x00, 0x00, 0x00, 0x00, 0x00, 0x00, 0x00, 0x00,
  0x00, 0x00, 0x00, 0x00, 0x00, 0x00, 0x00, 0x00, 0x00, 0x00, 0x00, 0x00,
  0x00, 0x00, 0x00, 0x00, 0x00, 0x00, 0x00, 0x00, 0x00, 0x00, 0x00, 0x00,
  0x00, 0x00, 0x00, 0x00, 0x00, 0x00, 0x00, 0x00, 0x00, 0x00, 0x00, 0x00,
  0x00, 0x00, 0x00, 0x00, 0x00, 0x00, 0x00, 0x00, 0x00, 0x00, 0x00, 0x00,
  0x00, 0x00, 0x00, 0x00, 0x00, 0x00, 0x00, 0x00, 0x00, 0x00, 0x00, 0x00,
  0x00, 0x00, 0x00, 0x00, 0x00, 0x00, 0x00, 0x00, 0x00, 0x00, 0x00, 0x00,
  0x00, 0x00, 0x00, 0x00, 0x00, 0x00, 0x00, 0x00, 0x00, 0x00, 0x00, 0x00,
  0x00, 0x00, 0x00, 0x00, 0x00, 0x00, 0x00, 0x00, 0x00, 0x00, 0x00, 0x00,
  0x00, 0x00, 0x00, 0x00, 0x00, 0x00, 0x00, 0x00, 0x00, 0x00, 0x00, 0x00,
  0x00, 0x00, 0x00, 0x00, 0x00, 0x00, 0x00, 0x00, 0x00, 0x00, 0x00, 0x00,
  0x00, 0x00, 0x00, 0x00, 0x00, 0x00, 0x00, 0x00, 0x00, 0x00, 0x00, 0x00,
  0x00, 0x00, 0x00, 0x00, 0x00, 0x00, 0x00, 0x00, 0x00, 0x00, 0x00, 0x00,
  0x00, 0x00, 0x00, 0x00, 0x00, 0x00, 0x00, 0x00, 0x00, 0x00, 0x00, 0x00,
  0x00, 0x00, 0x00, 0x00, 0x00, 0x00, 0x00, 0x00, 0x00, 0x00, 0x00, 0x00,
  0x00, 0x00, 0x00, 0x00, 0x00, 0x00, 0x00, 0x00, 0x00, 0x00, 0x00, 0x00,
  0x00, 0x00, 0x00, 0x00, 0x00, 0x00, 0x00, 0x00, 0x00, 0x00, 0x00, 0x00,
  0x00, 0x00, 0x00, 0x00, 0x00, 0x00, 0x00, 0x00, 0x00, 0x00, 0x00, 0x00,
  0x00, 0x00, 0x00, 0x00, 0x00, 0x00, 0x00, 0x00, 0x00, 0x00, 0x00, 0x00,
  0x00, 0x00, 0x00, 0x00, 0x00, 0x00, 0x00, 0x00, 0x00, 0x00, 0x00, 0x00,
  0x00, 0x00, 0x00, 0x00, 0x00, 0x00, 0x00, 0x00, 0x00, 0x00, 0x00, 0x00,
  0x00, 0x00, 0x00, 0x00, 0x00, 0x00, 0xa8, 0x52, 0x00, 0xa8, 0x52, 0x00,
  0xa8, 0x52, 0x22, 0xa8, 0x52, 0x58, 0x69, 0x4a, 0x00, 0x88, 0x4a, 0x00,
  0x00, 0x00, 0x00, 0x00, 0x00, 0x00, 0x00, 0x00, 0x00, 0x00, 0x00, 0x00,
  0x00, 0x00, 0x00, 0x00, 0x00, 0x00, 0x00, 0x00, 0x00, 0x00, 0x00, 0x00,
  0x00, 0x00, 0x00, 0x00, 0x00, 0x00, 0x00, 0x00, 0x00, 0x00, 0x00, 0x00,
  0x00, 0x00, 0x00, 0x00, 0x00, 0x00, 0x00, 0x00, 0x00, 0x00, 0x00, 0x00,
  0x00, 0x00, 0x00, 0x00, 0x00, 0x00, 0x00, 0x00, 0x00, 0x00, 0x00, 0x00,
  0x00, 0x00, 0x00, 0x00, 0x00, 0x00, 0x00, 0x00, 0x00, 0x00, 0x00, 0x00,
  0x00, 0x00, 0x00, 0x00, 0x00, 0x00, 0x00, 0x00, 0x00, 0x00, 0x00, 0x00,
  0x00, 0x00, 0x00, 0x00, 0x00, 0x00, 0x00, 0x00, 0x00, 0x00, 0x00, 0x00,
  0x00, 0x00, 0x00, 0x00, 0x00, 0x00, 0x00, 0x00, 0x00, 0x00, 0x00, 0x00,
  0x00, 0x00, 0x00, 0x00, 0x00, 0x00, 0x00, 0x00, 0x00, 0x00, 0x00, 0x00,
  0x00, 0x00, 0x00, 0x00, 0x00, 0x00, 0x00, 0x00, 0x00, 0x00, 0x00, 0x00,
  0x00, 0x00, 0x00, 0x00, 0x00, 0x00, 0x00, 0x00, 0x00, 0x00, 0x00, 0x00,
  0x00, 0x00, 0x00, 0x00, 0x00, 0x00, 0x00, 0x00, 0x00, 0x00, 0x00, 0x00,
  0x00, 0x00, 0x00, 0x00, 0x00, 0x00, 0x00, 0x00, 0x00, 0x00, 0x00, 0x00,
  0x00, 0x00, 0x00, 0x00, 0x00, 0x00, 0x00, 0x00, 0x00, 0x00, 0x00, 0x00,
  0x00, 0x00, 0x00, 0x00, 0x00, 0x00, 0x00, 0x00, 0x00, 0x00, 0x00, 0x00,
  0x00, 0x00, 0x00, 0x00, 0x00, 0x00, 0x00, 0x00, 0x00, 0x00, 0x00, 0x00,
  0x00, 0x00, 0x00, 0x00, 0x00, 0x00, 0x00, 0x00, 0x00, 0x00, 0x00, 0x00,
  0x00, 0x00, 0x00, 0x00, 0x00, 0x00, 0x00, 0x00, 0x00, 0x00, 0x00, 0x00,
  0x00, 0x00, 0x00, 0x00, 0x00, 0x00, 0x00, 0x00, 0x00, 0x00, 0x00, 0x00,
  0x00, 0x00, 0x00, 0x00, 0x00, 0x00, 0x00, 0x00, 0x00, 0x00, 0x00, 0x00,
  0x00, 0x00, 0x00, 0x00, 0x00, 0x00, 0x00, 0x00, 0x00, 0x00, 0x00, 0x00,
  0x00, 0x00, 0x00, 0x00, 0x00, 0x00, 0x00, 0x00, 0x00, 0x00, 0x00, 0x00,
  0x00, 0x00, 0x00, 0x00, 0x00, 0x00, 0x00, 0x00, 0x00, 0x00, 0x00, 0x00,
  0x00, 0x00, 0x00, 0x00, 0x00, 0x00, 0x00, 0x00, 0x00, 0x00, 0x00, 0x00,
  0x00, 0x00, 0x00, 0x00, 0x00, 0x00, 0x00, 0x00, 0x00, 0x00, 0x00, 0x00,
  0x00, 0x00, 0x00, 0x00, 0x00, 0x00, 0x00, 0x00, 0x00, 0x00, 0x00, 0x00,
  0x00, 0x00, 0x00, 0x00, 0x00, 0x00, 0x00, 0x00, 0x00, 0x00, 0x00, 0x00,
  0x00, 0x00, 0x00, 0x00, 0x00, 0x00, 0x00, 0x00, 0x00, 0x00, 0x00, 0x00,
  0x00, 0x00, 0x00, 0x00, 0x00, 0x00, 0x00, 0x00, 0x00, 0x00, 0x00, 0x00,
  0x00, 0x00, 0x00, 0x00, 0x00, 0x00, 0x00, 0x00, 0x00, 0x00, 0x00, 0x00,
  0x00, 0x00, 0x00, 0x00, 0x00, 0x00, 0x00, 0x00, 0x00, 0x00, 0x00, 0x00,
  0x00, 0x00, 0x00, 0x00, 0x00, 0x00, 0x00, 0x00, 0x00, 0x00, 0x00, 0x00,
  0x00, 0x00, 0x00, 0x00, 0x00, 0x00, 0x00, 0x00, 0x00, 0x00, 0x00, 0x00,
  0x00, 0x00, 0x00, 0x00, 0x00, 0x00, 0x00, 0x00, 0x00, 0x00, 0x00, 0x00,
  0x00, 0x00, 0x00, 0x00, 0x00, 0x00, 0x00, 0x00, 0x00, 0x00, 0x00, 0x00,
  0x00, 0x00, 0x00, 0x00, 0x00, 0x00, 0x00, 0x00, 0x00, 0x00, 0x00, 0x00,
  0x00, 0x00, 0x00, 0x00, 0x00, 0x00, 0x00, 0x00, 0x00, 0x00, 0x00, 0x00,
  0x00, 0x00, 0x00, 0x00, 0x00, 0x00, 0x00, 0x00, 0x00, 0x00, 0x00, 0x00,
  0x00, 0x00, 0x00, 0x00, 0x00, 0x00, 0x00, 0x00, 0x00, 0x00, 0x00, 0x00,
  0x00, 0x00, 0x00, 0x00, 0x00, 0x00, 0x00, 0x00, 0x00, 0x00, 0x00, 0x00,
  0x00, 0x00, 0x00, 0x00, 0x00, 0x00, 0x00, 0x00, 0x00, 0x00, 0x00, 0x00,
  0x00, 0x00, 0x00, 0x00, 0x00, 0x00, 0x00, 0x00, 0x00, 0x00, 0x00, 0x00,
  0x00, 0x00, 0x00, 0x00, 0x00, 0x00, 0x00, 0x00, 0x00, 0x00, 0x00, 0x00,
  0x00, 0x00, 0x00, 0x00, 0x00, 0x00, 0x00, 0x00, 0x00, 0x00, 0x00, 0x00,
  0x00, 0x00, 0x00, 0x00, 0x00, 0x00, 0x00, 0x00, 0x00, 0x00, 0x00, 0x00,
  0x00, 0x00, 0x00, 0x00, 0x00, 0x00, 0x00, 0x00, 0x00, 0x00, 0x00, 0x00,
  0x00, 0x00, 0x00, 0x00, 0x00, 0x00, 0x00, 0x00, 0x00, 0x00, 0x00, 0x00,
  0x00, 0x00, 0x00, 0x00, 0x00, 0x00, 0x00, 0x00, 0x00, 0x00, 0x00, 0x00,
  0x00, 0x00, 0x00, 0x00, 0x00, 0x00, 0x00, 0x00, 0x00, 0x00, 0x00, 0x00,
  0x00, 0x00, 0x00, 0x00, 0x00, 0x00, 0x00, 0x00, 0x00, 0x00, 0x00, 0x00,
  0x00, 0x00, 0x00, 0x00, 0x00, 0x00, 0x00, 0x00, 0x00, 0x00, 0x00, 0x00,
  0x00, 0x00, 0x00, 0x00, 0x00, 0x00, 0x00, 0x00, 0x00, 0x00, 0x00, 0x00,
  0x00, 0x00, 0x00, 0x00, 0x00, 0x00, 0x00, 0x00, 0x00, 0x00, 0x00, 0x00,
  0x00, 0x00, 0x00, 0x00, 0x00, 0x00, 0x00, 0x00, 0x00, 0x00, 0x00, 0x00,
  0x00, 0x00, 0x00, 0x00, 0x00, 0x00, 0x00, 0x00, 0x00, 0x00, 0x00, 0x00,
  0x00, 0x00, 0x00, 0x00, 0x00, 0x00, 0x00, 0x00, 0x00, 0x00, 0x00, 0x00,
  0x00, 0x00, 0x00, 0x00, 0x00, 0x00, 0x00, 0x00, 0x00, 0x00, 0x00, 0x00,
  0x00, 0x00, 0x00, 0x00, 0x00, 0x00, 0x00, 0x00, 0x00, 0x00, 0x00, 0x00,
  0x00, 0x00, 0x00, 0x00, 0x00, 0x00, 0x00, 0x00, 0x00, 0x00, 0x00, 0x00,
  0x00, 0x00, 0x00, 0x00, 0x00, 0x00, 0x00, 0x00, 0x00, 0x00, 0x00, 0x00,
  0x00, 0x00, 0x00, 0x00, 0x00, 0x00, 0x00, 0x00, 0x00, 0x00, 0x00, 0x00,
  0x00, 0x00, 0x00, 0x00, 0x00, 0x00, 0x00, 0x00, 0x00, 0x00, 0x00, 0x00,
  0x00, 0x00, 0x00, 0x00, 0x00, 0x00, 0x00, 0x00, 0x00, 0x00, 0x00, 0x00,
  0x00, 0x00, 0x00, 0x00, 0x00, 0x00, 0x00, 0x00, 0x00, 0x00, 0x00, 0x00,
  0x00, 0x00, 0x00, 0x00, 0x00, 0x00, 0x00, 0x00, 0x00, 0x00, 0x00, 0x00,
  0x00, 0x00, 0x00, 0x00, 0x00, 0x00, 0x00, 0x00, 0x00, 0x00, 0x00, 0x00,
  0x00, 0x00, 0x00, 0x00, 0x00, 0x00, 0x00, 0x00, 0x00, 0x00, 0x00, 0x00,
  0x00, 0x00, 0x00, 0x00, 0x00, 0x00, 0x00, 0x00, 0x00, 0x00, 0x00, 0x00,
  0x00, 0x00, 0x00, 0x00, 0x00, 0x00, 0x00, 0x00, 0x00, 0x00, 0x00, 0x00,
  0x00, 0x00, 0x00, 0x00, 0x00, 0x00, 0x00, 0x00, 0x00, 0x00, 0x00, 0x00,
  0x00, 0x00, 0x00, 0x00, 0x00, 0x00, 0x00, 0x00, 0x00, 0x00, 0x00, 0x00,
  0x00, 0x00, 0x00, 0x00, 0x00, 0x00, 0x00, 0x00, 0x00, 0x00, 0x00, 0x00,
  0x00, 0x00, 0x00, 0x00, 0x00, 0x00, 0x00, 0x00, 0x00, 0x00, 0x00, 0x00,
  0x00, 0x00, 0x00, 0x00, 0x00, 0x00, 0x00, 0x00, 0x00, 0x00, 0x00, 0x00,
  0x00, 0x00, 0x00, 0x00, 0x00, 0x00, 0x00, 0x00, 0x00, 0x00, 0x00, 0x00,
  0x00, 0x00, 0x00, 0x00, 0x00, 0x00, 0x00, 0x00, 0x00, 0x00, 0x00, 0x00,
  0x00, 0x00, 0x00, 0x00, 0x00, 0x00, 0x00, 0x00, 0x00, 0x00, 0x00, 0x00,
  0x00, 0x00, 0x00, 0x00, 0x00, 0x00, 0x00, 0x00, 0x00, 0x00, 0x00, 0x00,
  0x00, 0x00, 0x00, 0x00, 0x00, 0x00, 0x00, 0x00, 0x00, 0x00, 0x00, 0x00,
  0x00, 0x00, 0x00, 0x00, 0x00, 0x00, 0x00, 0x00, 0x00, 0x00, 0x00, 0x00,
  0x00, 0x00, 0x00, 0x00, 0x00, 0x00, 0x00, 0x00, 0x00, 0x00, 0x00, 0x00,
  0x00, 0x00, 0x00, 0x00, 0x00, 0x00, 0x00, 0x00, 0x00, 0x00, 0x00, 0x00,
  0x00, 0x00, 0x00, 0x00, 0x00, 0x00, 0x00, 0x00, 0x00, 0x00, 0x00, 0x00,
  0x00, 0x00, 0x00, 0x00, 0x00, 0x00, 0x00, 0x00, 0x00, 0x00, 0x00, 0x00,
  0x00, 0x00, 0x00, 0x00, 0x00, 0x00, 0x00, 0x00, 0x00, 0x00, 0x00, 0x00,
  0x00, 0x00, 0x00, 0x00, 0x00, 0x00, 0x00, 0x00, 0x00, 0x00, 0x00, 0x00,
  0x00, 0x00, 0x00, 0x00, 0x00, 0x00, 0x00, 0x00, 0x00, 0x00, 0x00, 0x00,
  0x00, 0x00, 0x00, 0x00, 0x00, 0x00, 0x00, 0x00, 0x00, 0x00, 0x00, 0x00,
  0x00, 0x00, 0x00, 0x00, 0x00, 0x00, 0x00, 0x00, 0x00, 0x00, 0x00, 0x00,
  0x00, 0x00, 0x00, 0x00, 0x00, 0x00, 0x00, 0x00, 0x00, 0x00, 0x00, 0x00,
  0x00, 0x00, 0x00, 0x00, 0x00, 0x00, 0x00, 0x00, 0x00, 0x00, 0x00, 0x00,
  0x00, 0x00, 0x00, 0x00, 0x00, 0x00, 0x00, 0x00, 0x00, 0x00, 0x00, 0x00,
  0x00, 0x00, 0x00, 0x00, 0x00, 0x00, 0x00, 0x00, 0x00, 0x00, 0x00, 0x00,
  0x00, 0x00, 0x00, 0x00, 0x00, 0x00, 0x00, 0x00, 0x00, 0x00, 0x00, 0x00,
  0x00, 0x00, 0x00, 0x00, 0x00, 0x00, 0x00, 0x00, 0x00, 0x00, 0x00, 0x00,
  0x00, 0x00, 0x00, 0x00, 0x00, 0x00, 0x00, 0x00, 0x00, 0x00, 0x00, 0x00,
  0x00, 0x00, 0x00, 0x00, 0x00, 0x00, 0x00, 0x00, 0x00, 0x00, 0x00, 0x00,
  0x00, 0x00, 0x00, 0x00, 0x00, 0x00, 0x00, 0x00, 0x00, 0x00, 0x00, 0x00,
  0x00, 0x00, 0x00, 0x00, 0x00, 0x00, 0x00, 0x00, 0x00, 0x00, 0x00, 0x00,
  0x00, 0x00, 0x00, 0x00, 0x00, 0x00, 0x00, 0x00, 0x00, 0x00, 0x00, 0x00,
  0x00, 0x00, 0x00, 0x00, 0x00, 0x00, 0x00, 0x00, 0x00, 0x00, 0x00, 0x00,
  0x00, 0x00, 0x00, 0x00, 0x00, 0x00, 0x00, 0x00, 0x00, 0x00, 0x00, 0x00,
  0x00, 0x00, 0x00, 0x00, 0x00, 0x00, 0x00, 0x00, 0x00, 0x00, 0x00, 0x00,
  0x00, 0x00, 0x00, 0x00, 0x00, 0x00, 0x00, 0x00, 0x00, 0x00, 0x00, 0x00,
  0x00, 0x00, 0x00, 0x00, 0x00, 0x00, 0x00, 0x00, 0x00, 0x00, 0x00, 0x00,
  0x00, 0x00, 0x00, 0x00, 0x00, 0x00, 0x00, 0x00, 0x00, 0x00, 0x00, 0x00,
  0x00, 0x00, 0x00, 0x00, 0x00, 0x00, 0x00, 0x00, 0x00, 0x00, 0x00, 0x00,
  0x00, 0x00, 0x00, 0x00, 0x00, 0x00, 0x00, 0x00, 0x00, 0x00, 0x00, 0x00,
  0x00, 0x00, 0x00, 0x00, 0x00, 0x00, 0x00, 0x00, 0x00, 0x00, 0x00, 0x00,
  0x00, 0x00, 0x00, 0x00, 0x00, 0x00, 0x00, 0x00, 0x00, 0x00, 0x00, 0x00,
  0x00, 0x00, 0x00, 0x00, 0x00, 0x00, 0x00, 0x00, 0x00, 0x00, 0x00, 0x00,
  0x00, 0x00, 0x00, 0x00, 0x00, 0x00, 0x00, 0x00, 0x00, 0x00, 0x00, 0x00,
  0x00, 0x00, 0x00, 0x00, 0x00, 0x00, 0x00, 0x00, 0x00, 0x00, 0x00, 0x00,
  0x00, 0x00, 0x00, 0x00, 0x00, 0x00, 0x00, 0x00, 0x00, 0x00, 0x00, 0x00,
  0x00, 0x00, 0x00, 0x00, 0x00, 0x00, 0x00, 0x00, 0x00, 0x00, 0x00, 0x00,
  0x00, 0x00, 0x00, 0x00, 0x00, 0x00, 0x00, 0x00, 0x00, 0x00, 0x00, 0x00,
  0x00, 0x00, 0x00, 0x00, 0x00, 0x00, 0x00, 0x00, 0x00, 0x00, 0x00, 0x00,
  0x00, 0x00, 0x00, 0x00, 0x00, 0x00, 0x00, 0x00, 0x00, 0x00, 0x00, 0x00,
  0x00, 0x00, 0x00, 0x00, 0x00, 0x00, 0x00, 0x00, 0x00, 0x00, 0x00, 0x00,
  0x00, 0x00, 0x00, 0x00, 0x00, 0x00, 0x00, 0x00, 0x00, 0x00, 0x00, 0x00,
  0x00, 0x00, 0x00, 0x00, 0x00, 0x00, 0x00, 0x00, 0x00, 0x00, 0x00, 0x00,
  0x00, 0x00, 0x00, 0x00, 0x00, 0x00, 0x00, 0x00, 0x00, 0x00, 0x00, 0x00,
  0x00, 0x00, 0x00, 0x00, 0x00, 0x00, 0x00, 0x00, 0x00, 0x00, 0x00, 0x00,
  0x00, 0x00, 0x00, 0x00, 0x00, 0x00, 0x00, 0x00, 0x00, 0x00, 0x00, 0x00,
  0x00, 0x00, 0x00, 0x00, 0x00, 0x00, 0x00, 0x00, 0x00, 0x00, 0x00, 0x00,
  0x00, 0x00, 0x00, 0x00, 0x00, 0x00, 0x00, 0x00, 0x00, 0x00, 0x00, 0x00,
  0x00, 0x00, 0x00, 0x00, 0x00, 0x00, 0x00, 0x00, 0x00, 0x00, 0x00, 0x00,
  0x00, 0x00, 0x00, 0x00, 0x00, 0x00, 0x00, 0x00, 0x00, 0x00, 0x00, 0x00,
  0x00, 0x00, 0x00, 0x00, 0x00, 0x00, 0x00, 0x00, 0x00, 0x00, 0x00, 0x00,
  0x00, 0x00, 0x00, 0x00, 0x00, 0x00, 0x00, 0x00, 0x00, 0x00, 0x00, 0x00,
  0x00, 0x00, 0x00, 0x00, 0x00, 0x00, 0x00, 0x00, 0x00, 0x00, 0x00, 0x00,
  0x00, 0x00, 0x00, 0x00, 0x00, 0x00, 0x00, 0x00, 0x00, 0x00, 0x00, 0x00,
  0x00, 0x00, 0x00, 0x00, 0x00, 0x00, 0x00, 0x00, 0x00, 0x00, 0x00, 0x00,
  0x00, 0x00, 0x00, 0x00, 0x00, 0x00, 0x00, 0x00, 0x00, 0x00, 0x00, 0x00,
  0x00, 0x00, 0x00, 0x00, 0x00, 0x00, 0x00, 0x00, 0x00, 0x00, 0x00, 0x00,
  0x00, 0x00, 0x00, 0x00, 0x00, 0x00, 0x00, 0x00, 0x00, 0x00, 0x00, 0x00,
  0x00, 0x00, 0x00, 0x00, 0x00, 0x00, 0x00, 0x00, 0x00, 0x00, 0x00, 0x00,
  0x00, 0x00, 0x00, 0x00, 0x00, 0x00, 0x00, 0x00, 0x00, 0x00, 0x00, 0x00,
  0x00, 0x00, 0x00, 0x00, 0x00, 0x00, 0x00, 0x00, 0x00, 0x00, 0x00, 0x00,
  0x00, 0x00, 0x00, 0x00, 0x00, 0x00, 0x00, 0x00, 0x00, 0x00, 0x00, 0x00,
  0x00, 0x00, 0x00, 0x00, 0x00, 0x00, 0x00, 0x00, 0x00, 0x00, 0x00, 0x00,
  0x00, 0x00, 0x00, 0x00, 0x00, 0x00, 0x00, 0x00, 0x00, 0x00, 0x00, 0x00,
  0x00, 0x00, 0x00, 0x00, 0x00, 0x00, 0x00, 0x00, 0x00, 0x00, 0x00, 0x00,
  0x00, 0x00, 0x00, 0x00, 0x00, 0x00, 0x00, 0x00, 0x00, 0x00, 0x00, 0x00,
  0x00, 0x00, 0x00, 0x00, 0x00, 0x00, 0x00, 0x00, 0x00, 0x00, 0x00, 0x00,
  0x00, 0x00, 0x00, 0x00, 0x00, 0x00, 0x00, 0x00, 0x00, 0x00, 0x00, 0x00,
  0x00, 0x00, 0x00, 0x00, 0x00, 0x00, 0x00, 0x00, 0x00, 0x00, 0x00, 0x00,
  0x00, 0x00, 0x00, 0x00, 0x00, 0x00, 0x00, 0x00, 0x00, 0x00, 0x00, 0x00,
  0x00, 0x00, 0x00, 0x00, 0x00, 0x00, 0x00, 0x00, 0x00, 0x00, 0x00, 0x00,
  0x00, 0x00, 0x00, 0x00, 0x00, 0x00, 0x00, 0x00, 0x00, 0x00, 0x00, 0x00,
  0x00, 0x00, 0x00, 0x00, 0x00, 0x00, 0x00, 0x00, 0x00, 0x00, 0x00, 0x00,
  0x00, 0x00, 0x00, 0x00, 0x00, 0x00, 0x00, 0x00, 0x00, 0x00, 0x00, 0x00,
  0x00, 0x00, 0x00, 0x00, 0x00, 0x00, 0x00, 0x00, 0x00, 0x00, 0x00, 0x00,
  0x00, 0x00, 0x00, 0x00, 0x00, 0x00, 0x00, 0x00, 0x00, 0x00, 0x00, 0x00,
  0x00, 0x00, 0x00, 0x00, 0x00, 0x00, 0x00, 0x00, 0x00, 0x00, 0x00, 0x00,
  0x00, 0x00, 0x00, 0x00, 0x00, 0x00, 0x00, 0x00, 0x00, 0x00, 0x00, 0x00,
  0x00, 0x00, 0x00, 0x00, 0x00, 0x00, 0x00, 0x00, 0x00, 0x00, 0x00, 0x00,
  0x00, 0x00, 0x00, 0x00, 0x00, 0x00, 0x00, 0x00, 0x00, 0x00, 0x00, 0x00,
  0x00, 0x00, 0x00, 0x00, 0x00, 0x00, 0x00, 0x00, 0x00, 0x00, 0x00, 0x00,
  0x00, 0x00, 0x00, 0x00, 0x00, 0x00, 0x00, 0x00, 0x00, 0x00, 0x00, 0x00,
  0x00, 0x00, 0x00, 0x00, 0x00, 0x00, 0x00, 0x00, 0x00, 0x00, 0x00, 0x00,
  0x00, 0x00, 0x00, 0x00, 0x00, 0x00, 0x00, 0x00, 0x00, 0x00, 0x00, 0x00,
  0x00, 0x00, 0x00, 0x00, 0x00, 0x00, 0x00, 0x00, 0x00, 0x00, 0x00, 0x00,
  0x00, 0x00, 0x00, 0x00, 0x00, 0x00, 0x00, 0x00, 0x00, 0x00, 0x00, 0x00,
  0x00, 0x00, 0x00, 0x00, 0x00, 0x00, 0x00, 0x00, 0x00, 0x00, 0x00, 0x00,
  0x00, 0x00, 0x00, 0x00, 0x00, 0x00, 0x00, 0x00, 0x00, 0x00, 0x00, 0x00,
  0x00, 0x00, 0x00, 0x00, 0x00, 0x00, 0x00, 0x00, 0x00, 0x00, 0x00, 0x00,
  0x00, 0x00, 0x00, 0x00, 0x00, 0x00, 0x00, 0x00, 0x00, 0x00, 0x00, 0x00,
  0x00, 0x00, 0x00, 0x00, 0x00, 0x00, 0x00, 0x00, 0x00, 0x00, 0x00, 0x00,
  0x00, 0x00, 0x00, 0x00, 0x00, 0x00, 0x00, 0x00, 0x00, 0x00, 0x00, 0x00,
  0x00, 0x00, 0x00, 0x00, 0x00, 0x00, 0x00, 0x00, 0x00, 0x00, 0x00, 0x00,
  0x00, 0x00, 0x00, 0x00, 0x00, 0x00, 0x00, 0x00, 0x00, 0x00, 0x00, 0x00,
  0x00, 0x00, 0x00, 0x00, 0x00, 0x00, 0x00, 0x00, 0x00, 0x00, 0x00, 0x00,
  0x00, 0x00, 0x00, 0x00, 0x00, 0x00, 0x00, 0x00, 0x00, 0x00, 0x00, 0x00,
  0x00, 0x00, 0x00, 0x00, 0x00, 0x00, 0x00, 0x00, 0x00, 0x00, 0x00, 0x00,
  0x00, 0x00, 0x00, 0x00, 0x00, 0x00, 0x00, 0x00, 0x00, 0x00, 0x00, 0x00,
  0x00, 0x00, 0x00, 0x00, 0x00, 0x00, 0x00, 0x00, 0x00, 0x00, 0x00, 0x00,
  0x00, 0x00, 0x00, 0x00, 0x00, 0x00, 0x00, 0x00, 0x00, 0x00, 0x00, 0x00,
  0x00, 0x00, 0x00, 0x00, 0x00, 0x00, 0x00, 0x00, 0x00, 0x00, 0x00, 0x00,
  0x00, 0x00, 0x00, 0x00, 0x00, 0x00, 0x00, 0x00, 0x00, 0x00, 0x00, 0x00,
  0x00, 0x00, 0x00, 0x00, 0x00, 0x00, 0x00, 0x00, 0x00, 0x00, 0x00, 0x00,
  0x00, 0x00, 0x00, 0x00, 0x00, 0x00, 0x00, 0x00, 0x00, 0x00, 0x00, 0x00,
  0x00, 0x00, 0x00, 0x00, 0x00, 0x00, 0x00, 0x00, 0x00, 0x00, 0x00, 0x00,
  0x00, 0x00, 0x00, 0x00, 0x00, 0x00, 0x00, 0x00, 0x00, 0x00, 0x00, 0x00,
  0x00, 0x00, 0x00, 0x00, 0x00, 0x00, 0x00, 0x00, 0x00, 0x00, 0x00, 0x00,
  0x00, 0x00, 0x00, 0x00, 0x00, 0x00, 0x00, 0x00, 0x00, 0x00, 0x00, 0x00,
  0x00, 0x00, 0x00, 0x00, 0x00, 0x00, 0x00, 0x00, 0x00, 0x00, 0x00, 0x00,
  0x00, 0x00, 0x00, 0x00, 0x00, 0x00, 0x00, 0x00, 0x00, 0x00, 0x00, 0x00,
  0x00, 0x00, 0x00, 0x00, 0x00, 0x00, 0x00, 0x00, 0x00, 0x00, 0x00, 0x00,
  0x00, 0x00, 0x00, 0x00, 0x00, 0x00, 0x00, 0x00, 0x00, 0x00, 0x00, 0x00,
  0x00, 0x00, 0x00, 0x00, 0x00, 0x00, 0x00, 0x00, 0x00, 0x00, 0x00, 0x00,
  0x00, 0x00, 0x00, 0x00, 0x00, 0x00, 0x00, 0x00, 0x00, 0x00, 0x00, 0x00,
  0x00, 0x00, 0x00, 0x00, 0x00, 0x00, 0x00, 0x00, 0x00, 0x00, 0x00, 0x00,
  0x00, 0x00, 0x00, 0x00, 0x00, 0x00, 0x00, 0x00, 0x00, 0x00, 0x00, 0x00,
  0x00, 0x00, 0x00, 0x00, 0x00, 0x00, 0x00, 0x00, 0x00, 0x00, 0x00, 0x00,
  0x00, 0x00, 0x00, 0x00, 0x00, 0x00, 0x00, 0x00, 0x00, 0x00, 0x00, 0x00,
  0x00, 0x00, 0x00, 0x00, 0x00, 0x00, 0x00, 0x00, 0x00, 0x00, 0x00, 0x00,
  0x00, 0x00, 0x00, 0x00, 0x00, 0x00, 0x00, 0x00, 0x00, 0x00, 0x00, 0x00,
  0x00, 0x00, 0x00, 0x00, 0x00, 0x00, 0x00, 0x00, 0x00, 0x00, 0x00, 0x00,
  0x00, 0x00, 0x00, 0x00, 0x00, 0x00, 0x00, 0x00, 0x00, 0x00, 0x00, 0x00,
  0x00, 0x00, 0x00, 0x00, 0x00, 0x00, 0x00, 0x00, 0x00, 0x00, 0x00, 0x00,
  0x00, 0x00, 0x00, 0x00, 0x00, 0x00, 0x00, 0x00, 0x00, 0x00, 0x00, 0x00,
  0x00, 0x00, 0x00, 0x00, 0x00, 0x00, 0x00, 0x00, 0x00, 0x00, 0x00, 0x00,
  0x00, 0x00, 0x00, 0x00, 0x00, 0x00, 0x00, 0x00, 0x00, 0x00, 0x00, 0x00,
  0x00, 0x00, 0x00, 0x00, 0x00, 0x00, 0x00, 0x00, 0x00, 0x00, 0x00, 0x00,
  0x00, 0x00, 0x00, 0x00, 0x00, 0x00, 0x00, 0x00, 0x00, 0x00, 0x00, 0x00,
  0x00, 0x00, 0x00, 0x00, 0x00, 0x00, 0x00, 0x00, 0x00, 0x00, 0x00, 0x00,
  0x00, 0x00, 0x00, 0x00, 0x00, 0x00, 0x00, 0x00, 0x00, 0x00, 0x00, 0x00,
  0x00, 0x00, 0x00, 0x00, 0x00, 0x00, 0x00, 0x00, 0x00, 0x00, 0x00, 0x00,
  0x00, 0x00, 0x00, 0x00, 0x00, 0x00, 0x00, 0x00, 0x00, 0x00, 0x00, 0x00,
  0x00, 0x00, 0x00, 0x00, 0x00, 0x00, 0x00, 0x00, 0x00, 0x00, 0x00, 0x00,
  0x00, 0x00, 0x00, 0x00, 0x00, 0x00, 0x00, 0x00, 0x00, 0x00, 0x00, 0x00,
  0x00, 0x00, 0x00, 0x00, 0x00, 0x00, 0x00, 0x00, 0x00, 0x00, 0x00, 0x00,
  0x00, 0x00, 0x00, 0x00, 0x00, 0x00, 0x00, 0x00, 0x00, 0x00, 0x00, 0x00,
  0x00, 0x00, 0x00, 0x00, 0x00, 0x00, 0x00, 0x00, 0x00, 0x00, 0x00, 0x00,
  0x00, 0x00, 0x00, 0x00, 0x00, 0x00, 0x00, 0x00, 0x00, 0x00, 0x00, 0x00,
  0x00, 0x00, 0x00, 0x00, 0x00, 0x00, 0x00, 0x00, 0x00, 0x00, 0x00, 0x00,
  0x00, 0x00, 0x00, 0x00, 0x00, 0x00, 0x00, 0x00, 0x00, 0x00, 0x00, 0x00,
  0x00, 0x00, 0x00, 0x00, 0x00, 0x00, 0x00, 0x00, 0x00, 0x00, 0x00, 0x00,
  0x00, 0x00, 0x00, 0x00, 0x00, 0x00, 0x00, 0x00, 0x00, 0x00, 0x00, 0x00,
  0x00, 0x00, 0x00, 0x00, 0x00, 0x00, 0x00, 0x00, 0x00, 0x00, 0x00, 0x00,
  0x00, 0x00, 0x00, 0x00, 0x00, 0x00, 0x00, 0x00, 0x00, 0x00, 0x00, 0x00,
  0x00, 0x00, 0x00, 0x00, 0x00, 0x00, 0x00, 0x00, 0x00, 0x00, 0x00, 0x00,
  0x00, 0x00, 0x00, 0x00, 0x00, 0x00, 0x00, 0x00, 0x00, 0x00, 0x00, 0x00,
  0x00, 0x00, 0x00, 0x00, 0x00, 0x00, 0x00, 0x00, 0x00, 0x00, 0x00, 0x00,
  0x00, 0x00, 0x00, 0x00, 0x00, 0x00, 0x00, 0x00, 0x00, 0x00, 0x00, 0x00
};

const lv_img_dsc_t sc_pad_logo_anvil = {
  .header.cf = LV_IMG_CF_TRUE_COLOR_ALPHA,
  .header.always_zero = 0,
  .header.reserved = 0,
  .header.w = 132,
  .header.h = 48,
  .data_size = 6336 * LV_IMG_PX_SIZE_ALPHA_BYTE,
  .data = sc_pad_logo_anvil_map,
};

static const uint8_t sc_pad_logo_drake_map[] = {
  0x00, 0x00, 0x00, 0x00, 0x00, 0x00, 0x00, 0x00, 0x00, 0x00, 0x00, 0x00,
  0x00, 0x00, 0x00, 0x00, 0x00, 0x00, 0x00, 0x00, 0x00, 0x00, 0x00, 0x00,
  0x00, 0x00, 0x00, 0x00, 0x00, 0x00, 0x00, 0x00, 0x00, 0x00, 0x00, 0x00,
  0x00, 0x00, 0x00, 0x00, 0x00, 0x00, 0x00, 0x00, 0x00, 0x00, 0x00, 0x00,
  0x00, 0x00, 0x00, 0x00, 0x00, 0x00, 0x00, 0x00, 0x00, 0x00, 0x00, 0x00,
  0x00, 0x00, 0x00, 0x00, 0x00, 0x00, 0x00, 0x00, 0x00, 0x00, 0x00, 0x00,
  0x00, 0x00, 0x00, 0x00, 0x00, 0x00, 0x00, 0x00, 0x00, 0x00, 0x00, 0x00,
  0x00, 0x00, 0x00, 0x00, 0x00, 0x00, 0x00, 0x00, 0x00, 0x00, 0x00, 0x00,
  0x00, 0x00, 0x00, 0x00, 0x00, 0x00, 0x00, 0x00, 0x00, 0x00, 0x00, 0x00,
  0x00, 0x00, 0x00, 0x00, 0x00, 0x00, 0x00, 0x00, 0x00, 0x00, 0x00, 0x00,
  0x00, 0x00, 0x00, 0x00, 0x00, 0x00, 0x00, 0x00, 0x00, 0x00, 0x00, 0x00,
  0x00, 0x00, 0x00, 0x00, 0x00, 0x00, 0x00, 0x00, 0x00, 0x00, 0x00, 0x00,
  0x00, 0x00, 0x00, 0x00, 0x00, 0x00, 0x00, 0x00, 0x00, 0x00, 0x00, 0x00,
  0x00, 0x00, 0x00, 0x00, 0x00, 0x00, 0x00, 0x00, 0x00, 0x00, 0x00, 0x00,
  0x00, 0x00, 0x00, 0x00, 0x00, 0x00, 0x00, 0x00, 0x00, 0x00, 0x00, 0x00,
  0x00, 0x00, 0x00, 0x00, 0x00, 0x00, 0x00, 0x00, 0x00, 0x00, 0x00, 0x00,
  0x00, 0x00, 0x00, 0x00, 0x00, 0x00, 0x00, 0x00, 0x00, 0x00, 0x00, 0x00,
  0x00, 0x00, 0x00, 0x00, 0x00, 0x00, 0x00, 0x00, 0x00, 0x00, 0x00, 0x00,
  0x00, 0x00, 0x00, 0x00, 0x00, 0x00, 0x00, 0x00, 0x00, 0x00, 0x00, 0x00,
  0x00, 0x00, 0x00, 0x00, 0x00, 0x00, 0x00, 0x00, 0x00, 0x00, 0x00, 0x00,
  0x00, 0x00, 0x00, 0x00, 0x00, 0x00, 0x00, 0x00, 0x00, 0x00, 0x00, 0x00,
  0x00, 0x00, 0x00, 0x00, 0x00, 0x00, 0x00, 0x00, 0x00, 0x00, 0x00, 0x00,
  0x00, 0x00, 0x00, 0x00, 0x00, 0x00, 0x00, 0x00, 0x00, 0x00, 0x00, 0x00,
  0x00, 0x00, 0x00, 0x00, 0x00, 0x00, 0x00, 0x00, 0x00, 0x00, 0x00, 0x00,
  0x00, 0x00, 0x00, 0x00, 0x00, 0x00, 0x00, 0x00, 0x00, 0x00, 0x00, 0x00,
  0x00, 0x00, 0x00, 0x00, 0x00, 0x00, 0x00, 0x00, 0x00, 0x00, 0x00, 0x00,
  0x00, 0x00, 0x00, 0x00, 0x00, 0x00, 0x00, 0x00, 0x00, 0x00, 0x00, 0x00,
  0x00, 0x00, 0x00, 0x00, 0x00, 0x00, 0x00, 0x00, 0x00, 0x00, 0x00, 0x00,
  0x00, 0x00, 0x00, 0x00, 0x00, 0x00, 0x00, 0x00, 0x00, 0x00, 0x00, 0x00,
  0x00, 0x00, 0x00, 0x00, 0x00, 0x00, 0x00, 0x00, 0x00, 0x00, 0x00, 0x00,
  0x00, 0x00, 0x00, 0x00, 0x00, 0x00, 0x00, 0x00, 0x00, 0x00, 0x00, 0x00,
  0x00, 0x00, 0x00, 0x00, 0x00, 0x00, 0x00, 0x00, 0x00, 0x00, 0x00, 0x00,
  0x00, 0x00, 0x00, 0x00, 0x00, 0x00, 0x00, 0x00, 0x00, 0x00, 0x00, 0x00,
  0x00, 0x00, 0x00, 0x00, 0x00, 0x00, 0x00, 0x00, 0x00, 0x00, 0x00, 0x00,
  0x00, 0x00, 0x00, 0x00, 0x00, 0x00, 0x00, 0x00, 0x00, 0x00, 0x00, 0x00,
  0x00, 0x00, 0x00, 0x00, 0x00, 0x00, 0x00, 0x00, 0x00, 0x00, 0x00, 0x00,
  0x00, 0x00, 0x00, 0x00, 0x00, 0x00, 0x00, 0x00, 0x00, 0x00, 0x00, 0x00,
  0x00, 0x00, 0x00, 0x00, 0x00, 0x00, 0x00, 0x00, 0x00, 0x00, 0x00, 0x00,
  0x00, 0x00, 0x00, 0x00, 0x00, 0x00, 0x00, 0x00, 0x00, 0x00, 0x00, 0x00,
  0x00, 0x00, 0x00, 0x00, 0x00, 0x00, 0x00, 0x00, 0x00, 0x00, 0x00, 0x00,
  0x00, 0x00, 0x00, 0x00, 0x00, 0x00, 0x00, 0x00, 0x00, 0x00, 0x00, 0x00,
  0x00, 0x00, 0x00, 0x00, 0x00, 0x00, 0x00, 0x00, 0x00, 0x00, 0x00, 0x00,
  0x00, 0x00, 0x00, 0x00, 0x00, 0x00, 0x00, 0x00, 0x00, 0x00, 0x00, 0x00,
  0x00, 0x00, 0x00, 0x00, 0x00, 0x00, 0x00, 0x00, 0x00, 0x00, 0x00, 0x00,
  0x00, 0x00, 0x00, 0x00, 0x00, 0x00, 0x00, 0x00, 0x00, 0x00, 0x00, 0x00,
  0x00, 0x00, 0x00, 0x00, 0x00, 0x00, 0x00, 0x00, 0x00, 0x00, 0x00, 0x00,
  0x00, 0x00, 0x00, 0x00, 0x00, 0x00, 0x00, 0x00, 0x00, 0x00, 0x00, 0x00,
  0x00, 0x00, 0x00, 0x00, 0x00, 0x00, 0x00, 0x00, 0x00, 0x00, 0x00, 0x00,
  0x00, 0x00, 0x00, 0x00, 0x00, 0x00, 0x00, 0x00, 0x00, 0x00, 0x00, 0x00,
  0x00, 0x00, 0x00, 0x00, 0x00, 0x00, 0x00, 0x00, 0x00, 0x00, 0x00, 0x00,
  0x00, 0x00, 0x00, 0x00, 0x00, 0x00, 0x00, 0x00, 0x00, 0x00, 0x00, 0x00,
  0x00, 0x00, 0x00, 0x00, 0x00, 0x00, 0x00, 0x00, 0x00, 0x00, 0x00, 0x00,
  0x00, 0x00, 0x00, 0x00, 0x00, 0x00, 0x00, 0x00, 0x00, 0x00, 0x00, 0x00,
  0x00, 0x00, 0x00, 0x00, 0x00, 0x00, 0x00, 0x00, 0x00, 0x00, 0x00, 0x00,
  0x00, 0x00, 0x00, 0x00, 0x00, 0x00, 0x00, 0x00, 0x00, 0x00, 0x00, 0x00,
  0x00, 0x00, 0x00, 0x00, 0x00, 0x00, 0x00, 0x00, 0x00, 0x00, 0x00, 0x00,
  0x00, 0x00, 0x00, 0x00, 0x00, 0x00, 0x00, 0x00, 0x00, 0x00, 0x00, 0x00,
  0x00, 0x00, 0x00, 0x00, 0x00, 0x00, 0x00, 0x00, 0x00, 0x00, 0x00, 0x00,
  0x00, 0x00, 0x00, 0x00, 0x00, 0x00, 0x00, 0x00, 0x00, 0x00, 0x00, 0x00,
  0x00, 0x00, 0x00, 0x00, 0x00, 0x00, 0x00, 0x00, 0x00, 0x00, 0x00, 0x00,
  0x00, 0x00, 0x00, 0x00, 0x00, 0x00, 0x00, 0x00, 0x00, 0x00, 0x00, 0x00,
  0x00, 0x00, 0x00, 0x00, 0x00, 0x00, 0x00, 0x00, 0x00, 0x00, 0x00, 0x00,
  0x00, 0x00, 0x00, 0x00, 0x00, 0x00, 0x00, 0x00, 0x00, 0x00, 0x00, 0x00,
  0x00, 0x00, 0x00, 0x00, 0x00, 0x00, 0x00, 0x00, 0x00, 0x00, 0x00, 0x00,
  0x00, 0x00, 0x00, 0x00, 0x00, 0x00, 0x00, 0x00, 0x00, 0x00, 0x00, 0x00,
  0x00, 0x00, 0x00, 0x00, 0x00, 0x00, 0x00, 0x00, 0x00, 0x00, 0x00, 0x00,
  0x00, 0x00, 0x00, 0x00, 0x00, 0x00, 0x00, 0x00, 0x00, 0x00, 0x00, 0x00,
  0x00, 0x00, 0x00, 0x00, 0x00, 0x00, 0x00, 0x00, 0x00, 0x00, 0x00, 0x00,
  0x00, 0x00, 0xcb, 0x00, 0x00, 0xf7, 0x00, 0x00, 0xf5, 0x00, 0x00, 0xf5,
  0x00, 0x00, 0xf5, 0x00, 0x00, 0xf5, 0x00, 0x00, 0xf5, 0x00, 0x00, 0xf5,
  0x00, 0x00, 0xf5, 0x00, 0x00, 0xf5, 0x00, 0x00, 0xf5, 0x00, 0x00, 0xf5,
  0x00, 0x00, 0xf5, 0x00, 0x00, 0xf5, 0x00, 0x00, 0xf5, 0x00, 0x00, 0xf5,
  0x00, 0x00, 0xf6, 0x00, 0x00, 0xf5, 0x00, 0x00, 0x94, 0x00, 0x00, 0x0a,
  0x00, 0x00, 0x00, 0x00, 0x00, 0x00, 0x00, 0x00, 0x00, 0x00, 0x00, 0x00,
  0x00, 0x00, 0x00, 0x00, 0x00, 0x57, 0x00, 0x00, 0xe7, 0x00, 0x00, 0xf8,
  0x00, 0x00, 0xdf, 0x00, 0x00, 0x34, 0x00, 0x00, 0xb7, 0x00, 0x00, 0xf9,
  0x00, 0x00, 0xf5, 0x00, 0x00, 0xf5, 0x00, 0x00, 0xf5, 0x00, 0x00, 0xf5,
  0x00, 0x00, 0xf5, 0x00, 0x00, 0xf5, 0x00, 0x00, 0xf5, 0x00, 0x00, 0xf5,
  0x00, 0x00, 0xf5, 0x00, 0x00, 0xf5, 0x00, 0x00, 0xf5, 0x00, 0x00, 0xf6,
  0x00, 0x00, 0xeb, 0x00, 0x00, 0x3a, 0x00, 0x00, 0x00, 0x00, 0x00, 0x2b,
  0x00, 0x00, 0xe3, 0x00, 0x00, 0xf7, 0x00, 0x00, 0xf6, 0x00, 0x00, 0xf6,
  0x00, 0x00, 0xf6, 0x00, 0x00, 0xf6, 0x00, 0x00, 0xf6, 0x00, 0x00, 0xf6,
  0x00, 0x00, 0xf6, 0x00, 0x00, 0xf6, 0x00, 0x00, 0xf6, 0x00, 0x00, 0xf6,
  0x00, 0x00, 0xf6, 0x00, 0x00, 0xf6, 0x00, 0x00, 0xf6, 0x00, 0x00, 0xf6,
  0x00, 0x00, 0xf6, 0x00, 0x00, 0xf6, 0x00, 0x00, 0xf6, 0x00, 0x00, 0xf6,
  0x00, 0x00, 0xfa, 0x00, 0x00, 0x8a, 0x00, 0x00, 0x00, 0x00, 0x00, 0x00,
  0x00, 0x00, 0x00, 0x00, 0x00, 0x02, 0x00, 0x00, 0x67, 0x00, 0x00, 0x53,
  0x00, 0x00, 0x00, 0x00, 0x00, 0x00, 0x00, 0x00, 0x00, 0x00, 0x00, 0x00,
  0x00, 0x00, 0x00, 0x00, 0x00, 0x00, 0x00, 0x00, 0x00, 0x00, 0x00, 0x00,
  0x00, 0x00, 0x00, 0x00, 0x00, 0x00, 0x00, 0x00, 0x00, 0x00, 0x00, 0x00,
  0x00, 0x00, 0x3b, 0x00, 0x00, 0xbf, 0x00, 0x00, 0xd4, 0x00, 0x00, 0xd3,
  0x00, 0x00, 0xd2, 0x00, 0x00, 0x4e, 0x00, 0x00, 0x01, 0x00, 0x00, 0xac,
  0x00, 0x00, 0xfa, 0x00, 0x00, 0xf5, 0x00, 0x00, 0xf5, 0x00, 0x00, 0xf5,
  0x00, 0x00, 0xf5, 0x00, 0x00, 0xf5, 0x00, 0x00, 0xf5, 0x00, 0x00, 0xf5,
  0x00, 0x00, 0xf5, 0x00, 0x00, 0xf5, 0x00, 0x00, 0xf5, 0x00, 0x00, 0xf5,
  0x00, 0x00, 0xf5, 0x00, 0x00, 0xf5, 0x00, 0x00, 0xf5, 0x00, 0x00, 0xf6,
  0x00, 0x00, 0xf4, 0x00, 0x00, 0x85, 0x00, 0x00, 0x05, 0x00, 0x00, 0x00,
  0x00, 0x00, 0x00, 0x00, 0x00, 0x00, 0x00, 0x00, 0x00, 0x00, 0x00, 0x00,
  0x00, 0x00, 0x00, 0x00, 0x00, 0x00, 0x00, 0x00, 0x00, 0x00, 0x00, 0x00,
  0x00, 0x00, 0x00, 0x00, 0x00, 0x00, 0x00, 0x00, 0x00, 0x00, 0x00, 0x00,
  0x00, 0x00, 0x00, 0x00, 0x00, 0x00, 0x00, 0x00, 0x00, 0x00, 0x00, 0x00,
  0x00, 0x00, 0xd3, 0x00, 0x00, 0xff, 0x00, 0x00, 0xff, 0x00, 0x00, 0xff,
  0x00, 0x00, 0xff, 0x00, 0x00, 0xff, 0x00, 0x00, 0xff, 0x00, 0x00, 0xff,
  0x00, 0x00, 0xff, 0x00, 0x00, 0xff, 0x00, 0x00, 0xff, 0x00, 0x00, 0xff,
  0x00, 0x00, 0xff, 0x00, 0x00, 0xff, 0x00, 0x00, 0xff, 0x00, 0x00, 0xff,
  0x00, 0x00, 0xff, 0x00, 0x00, 0xff, 0x00, 0x00, 0xf8, 0x00, 0x00, 0x85,
  0x00, 0x00, 0x09, 0x00, 0x00, 0x00, 0x00, 0x00, 0x00, 0x00, 0x00, 0x00,
  0x00, 0x00, 0x4c, 0x00, 0x00, 0xe1, 0x00, 0x00, 0xff, 0x00, 0x00, 0xff,
  0x00, 0x00, 0xe8, 0x00, 0x00, 0x36, 0x00, 0x00, 0xbf, 0x00, 0x00, 0xff,
  0x00, 0x00, 0xff, 0x00, 0x00, 0xff, 0x00, 0x00, 0xff, 0x00, 0x00, 0xff,
  0x00, 0x00, 0xff, 0x00, 0x00, 0xff, 0x00, 0x00, 0xff, 0x00, 0x00, 0xff,
  0x00, 0x00, 0xff, 0x00, 0x00, 0xff, 0x00, 0x00, 0xff, 0x00, 0x00, 0xff,
  0x00, 0x00, 0xf5, 0x00, 0x00, 0x3d, 0x00, 0x00, 0x00, 0x00, 0x00, 0x2c,
  0x00, 0x00, 0xec, 0x00, 0x00, 0xff, 0x00, 0x00, 0xff, 0x00, 0x00, 0xff,
  0x00, 0x00, 0xff, 0x00, 0x00, 0xff, 0x00, 0x00, 0xff, 0x00, 0x00, 0xff,
  0x00, 0x00, 0xff, 0x00, 0x00, 0xff, 0x00, 0x00, 0xff, 0x00, 0x00, 0xff,
  0x00, 0x00, 0xff, 0x00, 0x00, 0xff, 0x00, 0x00, 0xff, 0x00, 0x00, 0xff,
  0x00, 0x00, 0xff, 0x00, 0x00, 0xff, 0x00, 0x00, 0xff, 0x00, 0x00, 0xff,
  0x00, 0x00, 0xff, 0x00, 0x00, 0x90, 0x00, 0x00, 0x00, 0x00, 0x00, 0x00,
  0x00, 0x00, 0x01, 0x00, 0x00, 0x64, 0x00, 0x00, 0xef, 0x00, 0x00, 0xe2,
  0x00, 0x00, 0x4b, 0x00, 0x00, 0x00, 0x00, 0x00, 0x00, 0x00, 0x00, 0x00,
  0x00, 0x00, 0x00, 0x00, 0x00, 0x00, 0x00, 0x00, 0x00, 0x00, 0x00, 0x00,
  0x00, 0x00, 0x00, 0x00, 0x00, 0x00, 0x00, 0x00, 0x00, 0x00, 0x00, 0x46,
  0x00, 0x00, 0xd5, 0x00, 0x00, 0xff, 0x00, 0x00, 0xff, 0x00, 0x00, 0xff,
  0x00, 0x00, 0xff, 0x00, 0x00, 0x5f, 0x00, 0x00, 0x00, 0x00, 0x00, 0xb3,
  0x00, 0x00, 0xff, 0x00, 0x00, 0xff, 0x00, 0x00, 0xff, 0x00, 0x00, 0xff,
  0x00, 0x00, 0xff, 0x00, 0x00, 0xff, 0x00, 0x00, 0xff, 0x00, 0x00, 0xff,
  0x00, 0x00, 0xff, 0x00, 0x00, 0xff, 0x00, 0x00, 0xff, 0x00, 0x00, 0xff,
  0x00, 0x00, 0xff, 0x00, 0x00, 0xff, 0x00, 0x00, 0xff, 0x00, 0x00, 0xff,
  0x00, 0x00, 0xff, 0x00, 0x00, 0xf4, 0x00, 0x00, 0x75, 0x00, 0x00, 0x06,
  0x00, 0x00, 0x00, 0x00, 0x00, 0x00, 0x00, 0x00, 0x00, 0x00, 0x00, 0x00,
  0x00, 0x00, 0x00, 0x00, 0x00, 0x00, 0x00, 0x00, 0x00, 0x00, 0x00, 0x00,
  0x00, 0x00, 0x00, 0x00, 0x00, 0x00, 0x00, 0x00, 0x00, 0x00, 0x00, 0x00,
  0x00, 0x00, 0x00, 0x00, 0x00, 0x00, 0x00, 0x00, 0x00, 0x00, 0x00, 0x00,
  0x00, 0x00, 0xd3, 0x00, 0x00, 0xff, 0x00, 0x00, 0xff, 0x00, 0x00, 0xff,
  0x00, 0x00, 0xff, 0x00, 0x00, 0xff, 0x00, 0x00, 0xff, 0x00, 0x00, 0xff,
  0x00, 0x00, 0xff, 0x00, 0x00, 0xff, 0x00, 0x00, 0xff, 0x00, 0x00, 0xff,
  0x00, 0x00, 0xff, 0x00, 0x00, 0xff, 0x00, 0x00, 0xff, 0x00, 0x00, 0xff,
  0x00, 0x00, 0xff, 0x00, 0x00, 0xff, 0x00, 0x00, 0xff, 0x00, 0x00, 0xfa,
  0x00, 0x00, 0x84, 0x00, 0x00, 0x07, 0x00, 0x00, 0x00, 0x00, 0x00, 0x41,
  0x00, 0x00, 0xe2, 0x00, 0x00, 0xff, 0x00, 0x00, 0xff, 0x00, 0x00, 0xff,
  0x00, 0x00, 0xe8, 0x00, 0x00, 0x35, 0x00, 0x00, 0xbe, 0x00, 0x00, 0xff,
  0x00, 0x00, 0xff, 0x00, 0x00, 0xff, 0x00, 0x00, 0xff, 0x00, 0x00, 0xff,
  0x00, 0x00, 0xff, 0x00, 0x00, 0xff, 0x00, 0x00, 0xff, 0x00, 0x00, 0xff,
  0x00, 0x00, 0xff, 0x00, 0x00, 0xff, 0x00, 0x00, 0xff, 0x00, 0x00, 0xff,
  0x00, 0x00, 0xf5, 0x00, 0x00, 0x3d, 0x00, 0x00, 0x00, 0x00, 0x00, 0x2c,
  0x00, 0x00, 0xeb, 0x00, 0x00, 0xff, 0x00, 0x00, 0xff, 0x00, 0x00, 0xff,
  0x00, 0x00, 0xff, 0x00, 0x00, 0xff, 0x00, 0x00, 0xff, 0x00, 0x00, 0xff,
  0x00, 0x00, 0xff, 0x00, 0x00, 0xff, 0x00, 0x00, 0xff, 0x00, 0x00, 0xff,
  0x00, 0x00, 0xff, 0x00, 0x00, 0xff, 0x00, 0x00, 0xff, 0x00, 0x00, 0xff,
  0x00, 0x00, 0xff, 0x00, 0x00, 0xff, 0x00, 0x00, 0xff, 0x00, 0x00, 0xff,
  0x00, 0x00, 0xff, 0x00, 0x00, 0x90, 0x00, 0x00, 0x00, 0x00, 0x00, 0x01,
  0x00, 0x00, 0x63, 0x00, 0x00, 0xef, 0x00, 0x00, 0xff, 0x00, 0x00, 0xff,
  0x00, 0x00, 0xe3, 0x00, 0x00, 0x49, 0x00, 0x00, 0x00, 0x00, 0x00, 0x00,
  0x00, 0x00, 0x00, 0x00, 0x00, 0x00, 0x00, 0x00, 0x00, 0x00, 0x00, 0x00,
  0x00, 0x00, 0x00, 0x00, 0x00, 0x02, 0x00, 0x00, 0x5d, 0x00, 0x00, 0xe5,
  0x00, 0x00, 0xff, 0x00, 0x00, 0xff, 0x00, 0x00, 0xff, 0x00, 0x00, 0xff,
  0x00, 0x00, 0xfe, 0x00, 0x00, 0x5e, 0x00, 0x00, 0x00, 0x00, 0x00, 0xb3,
  0x00, 0x00, 0xff, 0x00, 0x00, 0xff, 0x00, 0x00, 0xff, 0x00, 0x00, 0xff,
  0x00, 0x00, 0xff, 0x00, 0x00, 0xff, 0x00, 0x00, 0xff, 0x00, 0x00, 0xff,
  0x00, 0x00, 0xff, 0x00, 0x00, 0xff, 0x00, 0x00, 0xff, 0x00, 0x00, 0xff,
  0x00, 0x00, 0xff, 0x00, 0x00, 0xff, 0x00, 0x00, 0xff, 0x00, 0x00, 0xff,
  0x00, 0x00, 0xff, 0x00, 0x00, 0xff, 0x00, 0x00, 0xf6, 0x00, 0x00, 0x75,
  0x00, 0x00, 0x00, 0x00, 0x00, 0x00, 0x00, 0x00, 0x00, 0x00, 0x00, 0x00,
  0x00, 0x00, 0x00, 0x00, 0x00, 0x00, 0x00, 0x00, 0x00, 0x00, 0x00, 0x00,
  0x00, 0x00, 0x00, 0x00, 0x00, 0x00, 0x00, 0x00, 0x00, 0x00, 0x00, 0x00,
  0x00, 0x00, 0x00, 0x00, 0x00, 0x00, 0x00, 0x00, 0x00, 0x00, 0x00, 0x00,
  0x00, 0x00, 0xd3, 0x00, 0x00, 0xff, 0x00, 0x00, 0xff, 0x00, 0x00, 0xff,
  0x00, 0x00, 0xff, 0x00, 0x00, 0xff, 0x00, 0x00, 0xff, 0x00, 0x00, 0xff,
  0x00, 0x00, 0xff, 0x00, 0x00, 0xff, 0x00, 0x00, 0xff, 0x00, 0x00, 0xff,
  0x00, 0x00, 0xff, 0x00, 0x00, 0xff, 0x00, 0x00, 0xff, 0x00, 0x00, 0xff,
  0x00, 0x00, 0xff, 0x00, 0x00, 0xff, 0x00, 0x00, 0xff, 0x00, 0x00, 0xff,
  0x00, 0x00, 0xe3, 0x00, 0x00, 0x22, 0x00, 0x00, 0x00, 0x00, 0x00, 0x80,
  0x00, 0x00, 0xff, 0x00, 0x00, 0xff, 0x00, 0x00, 0xff, 0x00, 0x00, 0xff,
  0x00, 0x00, 0xe8, 0x00, 0x00, 0x35, 0x00, 0x00, 0xbe, 0x00, 0x00, 0xff,
  0x00, 0x00, 0xff, 0x00, 0x00, 0xff, 0x00, 0x00, 0xff, 0x00, 0x00, 0xff,
  0x00, 0x00, 0xff, 0x00, 0x00, 0xff, 0x00, 0x00, 0xff, 0x00, 0x00, 0xff,
  0x00, 0x00, 0xff, 0x00, 0x00, 0xff, 0x00, 0x00, 0xff, 0x00, 0x00, 0xff,
  0x00, 0x00, 0xf5, 0x00, 0x00, 0x3d, 0x00, 0x00, 0x00, 0x00, 0x00, 0x2c,
  0x00, 0x00, 0xeb, 0x00, 0x00, 0xff, 0x00, 0x00, 0xff, 0x00, 0x00, 0xff,
  0x00, 0x00, 0xff, 0x00, 0x00, 0xff, 0x00, 0x00, 0xff, 0x00, 0x00, 0xff,
  0x00, 0x00, 0xff, 0x00, 0x00, 0xff, 0x00, 0x00, 0xff, 0x00, 0x00, 0xff,
  0x00, 0x00, 0xff, 0x00, 0x00, 0xff, 0x00, 0x00, 0xff, 0x00, 0x00, 0xff,
  0x00, 0x00, 0xff, 0x00, 0x00, 0xff, 0x00, 0x00, 0xff, 0x00, 0x00, 0xff,
  0x00, 0x00, 0xff, 0x00, 0x00, 0x90, 0x00, 0x00, 0x00, 0x00, 0x00, 0x0e,
  0x00, 0x00, 0xc7, 0x00, 0x00, 0xff, 0x00, 0x00, 0xff, 0x00, 0x00, 0xff,
  0x00, 0x00, 0xff, 0x00, 0x00, 0xa8, 0x00, 0x00, 0x02, 0x00, 0x00, 0x00,
  0x00, 0x00, 0x00, 0x00, 0x00, 0x00, 0x00, 0x00, 0x00, 0x00, 0x00, 0x00,
  0x00, 0x00, 0x07, 0x00, 0x00, 0x74, 0x00, 0x00, 0xf1, 0x00, 0x00, 0xff,
  0x00, 0x00, 0xff, 0x00, 0x00, 0xff, 0x00, 0x00, 0xff, 0x00, 0x00, 0xff,
  0x00, 0x00, 0xff, 0x00, 0x00, 0x5d, 0x00, 0x00, 0x00, 0x00, 0x00, 0xb3,
  0x00, 0x00, 0xff, 0x00, 0x00, 0xff, 0x00, 0x00, 0xff, 0x00, 0x00, 0xff,
  0x00, 0x00, 0xff, 0x00, 0x00, 0xff, 0x00, 0x00, 0xff, 0x00, 0x00, 0xff,
  0x00, 0x00, 0xff, 0x00, 0x00, 0xff, 0x00, 0x00, 0xff, 0x00, 0x00, 0xff,
  0x00, 0x00, 0xff, 0x00, 0x00, 0xff, 0x00, 0x00, 0xff, 0x00, 0x00, 0xff,
  0x00, 0x00, 0xff, 0x00, 0x00, 0xff, 0x00, 0x00, 0xdc, 0x00, 0x00, 0x4c,
  0x00, 0x00, 0x00, 0x00, 0x00, 0x00, 0x00, 0x00, 0x00, 0x00, 0x00, 0x00,
  0x00, 0x00, 0x00, 0x00, 0x00, 0x00, 0x00, 0x00, 0x00, 0x00, 0x00, 0x00,
  0x00, 0x00, 0x00, 0x00, 0x00, 0x00, 0x00, 0x00, 0x00, 0x00, 0x00, 0x00,
  0x00, 0x00, 0x00, 0x00, 0x00, 0x00, 0x00, 0x00, 0x00, 0x00, 0x00, 0x00,
  0x00, 0x00, 0xd7, 0x00, 0x00, 0xff, 0x00, 0x00, 0xff, 0x00, 0x00, 0xff,
  0x00, 0x00, 0xff, 0x00, 0x00, 0xff, 0x00, 0x00, 0xff, 0x00, 0x00, 0xff,
  0x00, 0x00, 0xff, 0x00, 0x00, 0xff, 0x00, 0x00, 0xff, 0x00, 0x00, 0xff,
  0x00, 0x00, 0xff, 0x00, 0x00, 0xff, 0x00, 0x00, 0xff, 0x00, 0x00, 0xff,
  0x00, 0x00, 0xff, 0x00, 0x00, 0xff, 0x00, 0x00, 0xff, 0x00, 0x00, 0xff,
  0x00, 0x00, 0xe4, 0x00, 0x00, 0x24, 0x00, 0x00, 0x00, 0x00, 0x00, 0x80,
  0x00, 0x00, 0xff, 0x00, 0x00, 0xff, 0x00, 0x00, 0xff, 0x00, 0x00, 0xff,
  0x00, 0x00, 0xe8, 0x00, 0x00, 0x35, 0x00, 0x00, 0xc2, 0x00, 0x00, 0xff,
  0x00, 0x00, 0xff, 0x00, 0x00, 0xff, 0x00, 0x00, 0xff, 0x00, 0x00, 0xff,
  0x00, 0x00, 0xff, 0x00, 0x00, 0xff, 0x00, 0x00, 0xff, 0x00, 0x00, 0xff,
  0x00, 0x00, 0xff, 0x00, 0x00, 0xff, 0x00, 0x00, 0xff, 0x00, 0x00, 0xff,
  0x00, 0x00, 0xf5, 0x00, 0x00, 0x3d, 0x00, 0x00, 0x00, 0x00, 0x00, 0x2d,
  0x00, 0x00, 0xef, 0x00, 0x00, 0xff, 0x00, 0x00, 0xff, 0x00, 0x00, 0xff,
  0x00, 0x00, 0xff, 0x00, 0x00, 0xff, 0x00, 0x00, 0xff, 0x00, 0x00, 0xff,
  0x00, 0x00, 0xff, 0x00, 0x00, 0xff, 0x00, 0x00, 0xff, 0x00, 0x00, 0xff,
  0x00, 0x00, 0xff, 0x00, 0x00, 0xff, 0x00, 0x00, 0xff, 0x00, 0x00, 0xff,
  0x00, 0x00, 0xff, 0x00, 0x00, 0xff, 0x00, 0x00, 0xff, 0x00, 0x00, 0xff,
  0x00, 0x00, 0xff, 0x00, 0x00, 0x90, 0x00, 0x00, 0x00, 0x00, 0x00, 0x10,
  0x00, 0x00, 0xca, 0x00, 0x00, 0xff, 0x00, 0x00, 0xff, 0x00, 0x00, 0xff,
  0x00, 0x00, 0xff, 0x00, 0x00, 0xab, 0x00, 0x00, 0x03, 0x00, 0x00, 0x00,
  0x00, 0x00, 0x00, 0x00, 0x00, 0x00, 0x00, 0x00, 0x00, 0x00, 0x00, 0x0f,
  0x00, 0x00, 0x8c, 0x00, 0x00, 0xf9, 0x00, 0x00, 0xff, 0x00, 0x00, 0xff,
  0x00, 0x00, 0xff, 0x00, 0x00, 0xff, 0x00, 0x00, 0xff, 0x00, 0x00, 0xff,
  0x00, 0x00, 0xbc, 0x00, 0x00, 0x23, 0x00, 0x00, 0x02, 0x00, 0x00, 0xb6,
  0x00, 0x00, 0xff, 0x00, 0x00, 0xff, 0x00, 0x00, 0xff, 0x00, 0x00, 0xff,
  0x00, 0x00, 0xff, 0x00, 0x00, 0xff, 0x00, 0x00, 0xff, 0x00, 0x00, 0xff,
  0x00, 0x00, 0xff, 0x00, 0x00, 0xff, 0x00, 0x00, 0xff, 0x00, 0x00, 0xff,
  0x00, 0x00, 0xff, 0x00, 0x00, 0xff, 0x00, 0x00, 0xff, 0x00, 0x00, 0xff,
  0x00, 0x00, 0xff, 0x00, 0x00, 0xdd, 0x00, 0x00, 0x43, 0x00, 0x00, 0x00,
  0x00, 0x00, 0x00, 0x00, 0x00, 0x00, 0x00, 0x00, 0x00, 0x00, 0x00, 0x00,
  0x00, 0x00, 0x00, 0x00, 0x00, 0x00, 0x00, 0x00, 0x00, 0x00, 0x00, 0x00,
  0x00, 0x00, 0x00, 0x00, 0x00, 0x00, 0x00, 0x00, 0x00, 0x00, 0x00, 0x00,
  0x00, 0x00, 0x00, 0x00, 0x00, 0x00, 0x00, 0x00, 0x00, 0x00, 0x00, 0x00,
  0x00, 0x00, 0x7d, 0x00, 0x00, 0x98, 0x00, 0x00, 0x97, 0x00, 0x00, 0x97,
  0x00, 0x00, 0x97, 0x00, 0x00, 0x98, 0x00, 0x00, 0x9a, 0x00, 0x00, 0x9a,
  0x00, 0x00, 0x9a, 0x00, 0x00, 0x9a, 0x00, 0x00, 0x9a, 0x00, 0x00, 0x9a,
  0x00, 0x00, 0x9a, 0x00, 0x00, 0x9a, 0x00, 0x00, 0x99, 0x00, 0x00, 0xd0,
  0x00, 0x00, 0xff, 0x00, 0x00, 0xff, 0x00, 0x00, 0xff, 0x00, 0x00, 0xff,
  0x00, 0x00, 0xe4, 0x00, 0x00, 0x24, 0x00, 0x00, 0x00, 0x00, 0x00, 0x80,
  0x00, 0x00, 0xff, 0x00, 0x00, 0xff, 0x00, 0x00, 0xff, 0x00, 0x00, 0xff,
  0x00, 0x00, 0xe8, 0x00, 0x00, 0x31, 0x00, 0x00, 0x72, 0x00, 0x00, 0x9c,
  0x00, 0x00, 0x9a, 0x00, 0x00, 0x9a, 0x00, 0x00, 0x9a, 0x00, 0x00, 0x9a,
  0x00, 0x00, 0x9a, 0x00, 0x00, 0x9a, 0x00, 0x00, 0x99, 0x00, 0x00, 0xc2,
  0x00, 0x00, 0xff, 0x00, 0x00, 0xff, 0x00, 0x00, 0xff, 0x00, 0x00, 0xff,
  0x00, 0x00, 0xf5, 0x00, 0x00, 0x3d, 0x00, 0x00, 0x00, 0x00, 0x00, 0x1a,
  0x00, 0x00, 0x8c, 0x00, 0x00, 0x99, 0x00, 0x00, 0x98, 0x00, 0x00, 0x98,
  0x00, 0x00, 0x98, 0x00, 0x00, 0x9a, 0x00, 0x00, 0x9c, 0x00, 0x00, 0x9c,
  0x00, 0x00, 0x9c, 0x00, 0x00, 0x9c, 0x00, 0x00, 0x9c, 0x00, 0x00, 0x9c,
  0x00, 0x00, 0x9c, 0x00, 0x00, 0x9c, 0x00, 0x00, 0x9b, 0x00, 0x00, 0xa8,
  0x00, 0x00, 0xf2, 0x00, 0x00, 0xff, 0x00, 0x00, 0xff, 0x00, 0x00, 0xff,
  0x00, 0x00, 0xff, 0x00, 0x00, 0x90, 0x00, 0x00, 0x00, 0x00, 0x00, 0x10,
  0x00, 0x00, 0xca, 0x00, 0x00, 0xff, 0x00, 0x00, 0xff, 0x00, 0x00, 0xff,
  0x00, 0x00, 0xff, 0x00, 0x00, 0xab, 0x00, 0x00, 0x03, 0x00, 0x00, 0x00,
  0x00, 0x00, 0x00, 0x00, 0x00, 0x00, 0x00, 0x00, 0x1a, 0x00, 0x00, 0xa4,
  0x00, 0x00, 0xfd, 0x00, 0x00, 0xff, 0x00, 0x00, 0xff, 0x00, 0x00, 0xff,
  0x00, 0x00, 0xff, 0x00, 0x00, 0xff, 0x00, 0x00, 0xfe, 0x00, 0x00, 0xa8,
  0x00, 0x00, 0x1d, 0x00, 0x00, 0x00, 0x00, 0x00, 0x03, 0x00, 0x00, 0x6a,
  0x00, 0x00, 0x9a, 0x00, 0x00, 0x97, 0x00, 0x00, 0x97, 0x00, 0x00, 0x97,
  0x00, 0x00, 0x98, 0x00, 0x00, 0x9a, 0x00, 0x00, 0x9a, 0x00, 0x00, 0x9a,
  0x00, 0x00, 0x9a, 0x00, 0x00, 0x9a, 0x00, 0x00, 0x9a, 0x00, 0x00, 0x9a,
  0x00, 0x00, 0x9a, 0x00, 0x00, 0x9a, 0x00, 0x00, 0x9a, 0x00, 0x00, 0x9a,
  0x00, 0x00, 0x97, 0x00, 0x00, 0x40, 0x00, 0x00, 0x00, 0x00, 0x00, 0x00,
  0x00, 0x00, 0x00, 0x00, 0x00, 0x00, 0x00, 0x00, 0x00, 0x00, 0x00, 0x00,
  0x00, 0x00, 0x00, 0x00, 0x00, 0x00, 0x00, 0x00, 0x00, 0x00, 0x00, 0x00,
  0x00, 0x00, 0x00, 0x00, 0x00, 0x00, 0x00, 0x00, 0x00, 0x00, 0x00, 0x00,
  0x00, 0x00, 0x00, 0x00, 0x00, 0x00, 0x00, 0x00, 0x00, 0x00, 0x00, 0x00,
  0x00, 0x00, 0x2a, 0x00, 0x00, 0x33, 0x00, 0x00, 0x33, 0x00, 0x00, 0x33,
  0x00, 0x00, 0x34, 0x00, 0x00, 0x25, 0x00, 0x00, 0x02, 0x00, 0x00, 0x00,
  0x00, 0x00, 0x00, 0x00, 0x00, 0x00, 0x00, 0x00, 0x00, 0x00, 0x00, 0x00,
  0x00, 0x00, 0x00, 0x00, 0x00, 0x00, 0x00, 0x00, 0x00, 0x00, 0x00, 0x89,
  0x00, 0x00, 0xff, 0x00, 0x00, 0xff, 0x00, 0x00, 0xff, 0x00, 0x00, 0xff,
  0x00, 0x00, 0xe4, 0x00, 0x00, 0x24, 0x00, 0x00, 0x00, 0x00, 0x00, 0x80,
  0x00, 0x00, 0xff, 0x00, 0x00, 0xff, 0x00, 0x00, 0xff, 0x00, 0x00, 0xff,
  0x00, 0x00, 0xe8, 0x00, 0x00, 0x29, 0x00, 0x00, 0x00, 0x00, 0x00, 0x00,
  0x00, 0x00, 0x00, 0x00, 0x00, 0x00, 0x00, 0x00, 0x00, 0x00, 0x00, 0x00,
  0x00, 0x00, 0x00, 0x00, 0x00, 0x00, 0x00, 0x00, 0x00, 0x00, 0x00, 0x64,
  0x00, 0x00, 0xff, 0x00, 0x00, 0xff, 0x00, 0x00, 0xff, 0x00, 0x00, 0xff,
  0x00, 0x00, 0xf5, 0x00, 0x00, 0x3d, 0x00, 0x00, 0x00, 0x00, 0x00, 0x0c,
  0x00, 0x00, 0x3d, 0x00, 0x00, 0x43, 0x00, 0x00, 0x43, 0x00, 0x00, 0x43,
  0x00, 0x00, 0x43, 0x00, 0x00, 0x20, 0x00, 0x00, 0x00, 0x00, 0x00, 0x00,
  0x00, 0x00, 0x00, 0x00, 0x00, 0x00, 0x00, 0x00, 0x00, 0x00, 0x00, 0x00,
  0x00, 0x00, 0x00, 0x00, 0x00, 0x00, 0x00, 0x00, 0x00, 0x00, 0x00, 0x1f,
  0x00, 0x00, 0xde, 0x00, 0x00, 0xff, 0x00, 0x00, 0xff, 0x00, 0x00, 0xff,
  0x00, 0x00, 0xff, 0x00, 0x00, 0x90, 0x00, 0x00, 0x00, 0x00, 0x00, 0x10,
  0x00, 0x00, 0xca, 0x00, 0x00, 0xff, 0x00, 0x00, 0xff, 0x00, 0x00, 0xff,
  0x00, 0x00, 0xff, 0x00, 0x00, 0xab, 0x00, 0x00, 0x03, 0x00, 0x00, 0x00,
  0x00, 0x00, 0x00, 0x00, 0x00, 0x29, 0x00, 0x00, 0xba, 0x00, 0x00, 0xff,
  0x00, 0x00, 0xff, 0x00, 0x00, 0xff, 0x00, 0x00, 0xff, 0x00, 0x00, 0xff,
  0x00, 0x00, 0xff, 0x00, 0x00, 0xfa, 0x00, 0x00, 0x92, 0x00, 0x00, 0x11,
  0x00, 0x00, 0x00, 0x00, 0x00, 0x00, 0x00, 0x00, 0x01, 0x00, 0x00, 0x1d,
  0x00, 0x00, 0x2a, 0x00, 0x00, 0x2a, 0x00, 0x00, 0x2a, 0x00, 0x00, 0x2a,
  0x00, 0x00, 0x20, 0x00, 0x00, 0x02, 0x00, 0x00, 0x00, 0x00, 0x00, 0x00,
  0x00, 0x00, 0x00, 0x00, 0x00, 0x00, 0x00, 0x00, 0x00, 0x00, 0x00, 0x00,
  0x00, 0x00, 0x00, 0x00, 0x00, 0x00, 0x00, 0x00, 0x00, 0x00, 0x00, 0x00,
  0x00, 0x00, 0x00, 0x00, 0x00, 0x00, 0x00, 0x00, 0x00, 0x00, 0x00, 0x00,
  0x00, 0x00, 0x00, 0x00, 0x00, 0x00, 0x00, 0x00, 0x00, 0x00, 0x00, 0x00,
  0x00, 0x00, 0x00, 0x00, 0x00, 0x00, 0x00, 0x00, 0x00, 0x00, 0x00, 0x00,
  0x00, 0x00, 0x00, 0x00, 0x00, 0x00, 0x00, 0x00, 0x00, 0x00, 0x00, 0x00,
  0x00, 0x00, 0x00, 0x00, 0x00, 0x00, 0x00, 0x00, 0x00, 0x00, 0x00, 0x00,
  0x00, 0x00, 0xc6, 0x00, 0x00, 0xf1, 0x00, 0x00, 0xef, 0x00, 0x00, 0xef,
  0x00, 0x00, 0xf2, 0x00, 0x00, 0xb0, 0x00, 0x00, 0x09, 0x00, 0x00, 0x00,
  0x00, 0x00, 0x00, 0x00, 0x00, 0x00, 0x00, 0x00, 0x00, 0x00, 0x00, 0x00,
  0x00, 0x00, 0x00, 0x00, 0x00, 0x00, 0x00, 0x00, 0x00, 0x00, 0x00, 0x89,
  0x00, 0x00, 0xff, 0x00, 0x00, 0xff, 0x00, 0x00, 0xff, 0x00, 0x00, 0xff,
  0x00, 0x00, 0xe4, 0x00, 0x00, 0x24, 0x00, 0x00, 0x00, 0x00, 0x00, 0x80,
  0x00, 0x00, 0xff, 0x00, 0x00, 0xff, 0x00, 0x00, 0xff, 0x00, 0x00, 0xff,
  0x00, 0x00, 0xe8, 0x00, 0x00, 0x2a, 0x00, 0x00, 0x00, 0x00, 0x00, 0x01,
  0x00, 0x00, 0x01, 0x00, 0x00, 0x01, 0x00, 0x00, 0x01, 0x00, 0x00, 0x01,
  0x00, 0x00, 0x01, 0x00, 0x00, 0x01, 0x00, 0x00, 0x00, 0x00, 0x00, 0x65,
  0x00, 0x00, 0xff, 0x00, 0x00, 0xff, 0x00, 0x00, 0xff, 0x00, 0x00, 0xff,
  0x00, 0x00, 0xf5, 0x00, 0x00, 0x3d, 0x00, 0x00, 0x00, 0x00, 0x00, 0x2b,
  0x00, 0x00, 0xe2, 0x00, 0x00, 0xf6, 0x00, 0x00, 0xf5, 0x00, 0x00, 0xf5,
  0x00, 0x00, 0xf7, 0x00, 0x00, 0x75, 0x00, 0x00, 0x00, 0x00, 0x00, 0x00,
  0x00, 0x00, 0x00, 0x00, 0x00, 0x00, 0x00, 0x00, 0x00, 0x00, 0x00, 0x00,
  0x00, 0x00, 0x00, 0x00, 0x00, 0x00, 0x00, 0x00, 0x00, 0x00, 0x00, 0x1f,
  0x00, 0x00, 0xde, 0x00, 0x00, 0xff, 0x00, 0x00, 0xff, 0x00, 0x00, 0xff,
  0x00, 0x00, 0xff, 0x00, 0x00, 0x90, 0x00, 0x00, 0x00, 0x00, 0x00, 0x10,
  0x00, 0x00, 0xca, 0x00, 0x00, 0xff, 0x00, 0x00, 0xff, 0x00, 0x00, 0xff,
  0x00, 0x00, 0xff, 0x00, 0x00, 0xab, 0x00, 0x00, 0x03, 0x00, 0x00, 0x00,
  0x00, 0x00, 0x3b, 0x00, 0x00, 0xcd, 0x00, 0x00, 0xff, 0x00, 0x00, 0xff,
  0x00, 0x00, 0xff, 0x00, 0x00, 0xff, 0x00, 0x00, 0xff, 0x00, 0x00, 0xff,
  0x00, 0x00, 0xf3, 0x00, 0x00, 0x7b, 0x00, 0x00, 0x09, 0x00, 0x00, 0x00,
  0x00, 0x00, 0x00, 0x00, 0x00, 0x00, 0x00, 0x00, 0x04, 0x00, 0x00, 0xa5,
  0x00, 0x00, 0xef, 0x00, 0x00, 0xeb, 0x00, 0x00, 0xeb, 0x00, 0x00, 0xee,
  0x00, 0x00, 0xb6, 0x00, 0x00, 0x0e, 0x00, 0x00, 0x00, 0x00, 0x00, 0x01,
  0x00, 0x00, 0x01, 0x00, 0x00, 0x01, 0x00, 0x00, 0x01, 0x00, 0x00, 0x01,
  0x00, 0x00, 0x01, 0x00, 0x00, 0x01, 0x00, 0x00, 0x00, 0x00, 0x00, 0x00,
  0x00, 0x00, 0x00, 0x00, 0x00, 0x00, 0x00, 0x00, 0x00, 0x00, 0x00, 0x00,
  0x00, 0x00, 0x00, 0x00, 0x00, 0x00, 0x00, 0x00, 0x00, 0x00, 0x00, 0x00,
  0x00, 0x00, 0x00, 0x00, 0x00, 0x00, 0x00, 0x00, 0x00, 0x00, 0x00, 0x00,
  0x00, 0x00, 0x00, 0x00, 0x00, 0x00, 0x00, 0x00, 0x00, 0x00, 0x00, 0x00,
  0x00, 0x00, 0x00, 0x00, 0x00, 0x00, 0x00, 0x00, 0x00, 0x00, 0x00, 0x00,
  0x00, 0x00, 0xd4, 0x00, 0x00, 0xff, 0x00, 0x00, 0xff, 0x00, 0x00, 0xff,
  0x00, 0x00, 0xff, 0x00, 0x00, 0xbd, 0x00, 0x00, 0x0a, 0x00, 0x00, 0x00,
  0x00, 0x00, 0x00, 0x00, 0x00, 0x00, 0x00, 0x00, 0x00, 0x00, 0x00, 0x00,
  0x00, 0x00, 0x00, 0x00, 0x00, 0x00, 0x00, 0x00, 0x00, 0x00, 0x00, 0x89,
  0x00, 0x00, 0xff, 0x00, 0x00, 0xff, 0x00, 0x00, 0xff, 0x00, 0x00, 0xff,
  0x00, 0x00, 0xe4, 0x00, 0x00, 0x24, 0x00, 0x00, 0x00, 0x00, 0x00, 0x80,
  0x00, 0x00, 0xff, 0x00, 0x00, 0xff, 0x00, 0x00, 0xff, 0x00, 0x00, 0xff,
  0x00, 0x00, 0xf6, 0x00, 0x00, 0xaf, 0x00, 0x00, 0x9e, 0x00, 0x00, 0x9f,
  0x00, 0x00, 0x9f, 0x00, 0x00, 0x9f, 0x00, 0x00, 0x9f, 0x00, 0x00, 0x9f,
  0x00, 0x00, 0x9f, 0x00, 0x00, 0x9f, 0x00, 0x00, 0x9e, 0x00, 0x00, 0xc5,
  0x00, 0x00, 0xff, 0x00, 0x00, 0xff, 0x00, 0x00, 0xff, 0x00, 0x00, 0xff,
  0x00, 0x00, 0xf5, 0x00, 0x00, 0x3d, 0x00, 0x00, 0x00, 0x00, 0x00, 0x2c,
  0x00, 0x00, 0xec, 0x00, 0x00, 0xff, 0x00, 0x00, 0xff, 0x00, 0x00, 0xff,
  0x00, 0x00, 0xff, 0x00, 0x00, 0x79, 0x00, 0x00, 0x00, 0x00, 0x00, 0x00,
  0x00, 0x00, 0x00, 0x00, 0x00, 0x00, 0x00, 0x00, 0x00, 0x00, 0x00, 0x00,
  0x00, 0x00, 0x00, 0x00, 0x00, 0x00, 0x00, 0x00, 0x00, 0x00, 0x00, 0x1f,
  0x00, 0x00, 0xde, 0x00, 0x00, 0xff, 0x00, 0x00, 0xff, 0x00, 0x00, 0xff,
  0x00, 0x00, 0xff, 0x00, 0x00, 0x90, 0x00, 0x00, 0x00, 0x00, 0x00, 0x10,
  0x00, 0x00, 0xca, 0x00, 0x00, 0xff, 0x00, 0x00, 0xff, 0x00, 0x00, 0xff,
  0x00, 0x00, 0xff, 0x00, 0x00, 0xab, 0x00, 0x00, 0x05, 0x00, 0x00, 0x50,
  0x00, 0x00, 0xde, 0x00, 0x00, 0xff, 0x00, 0x00, 0xff, 0x00, 0x00, 0xff,
  0x00, 0x00, 0xff, 0x00, 0x00, 0xff, 0x00, 0x00, 0xff, 0x00, 0x00, 0xe9,
  0x00, 0x00, 0x63, 0x00, 0x00, 0x03, 0x00, 0x00, 0x00, 0x00, 0x00, 0x00,
  0x00, 0x00, 0x00, 0x00, 0x00, 0x00, 0x00, 0x00, 0x04, 0x00, 0x00, 0xb4,
  0x00, 0x00, 0xff, 0x00, 0x00, 0xff, 0x00, 0x00, 0xff, 0x00, 0x00, 0xff,
  0x00, 0x00, 0xea, 0x00, 0x00, 0xa5, 0x00, 0x00, 0x9f, 0x00, 0x00, 0x9f,
  0x00, 0x00, 0x9f, 0x00, 0x00, 0x9f, 0x00, 0x00, 0x9f, 0x00, 0x00, 0x9f,
  0x00, 0x00, 0x9f, 0x00, 0x00, 0xa0, 0x00, 0x00, 0x5b, 0x00, 0x00, 0x02,
  0x00, 0x00, 0x00, 0x00, 0x00, 0x00, 0x00, 0x00, 0x00, 0x00, 0x00, 0x00,
  0x00, 0x00, 0x00, 0x00, 0x00, 0x00, 0x00, 0x00, 0x00, 0x00, 0x00, 0x00,
  0x00, 0x00, 0x00, 0x00, 0x00, 0x00, 0x00, 0x00, 0x00, 0x00, 0x00, 0x00,
  0x00, 0x00, 0x00, 0x00, 0x00, 0x00, 0x00, 0x00, 0x00, 0x00, 0x00, 0x00,
  0x00, 0x00, 0x00, 0x00, 0x00, 0x00, 0x00, 0x00, 0x00, 0x00, 0x00, 0x00,
  0x00, 0x00, 0xd3, 0x00, 0x00, 0xff, 0x00, 0x00, 0xff, 0x00, 0x00, 0xff,
  0x00, 0x00, 0xff, 0x00, 0x00, 0xbc, 0x00, 0x00, 0x0a, 0x00, 0x00, 0x00,
  0x00, 0x00, 0x00, 0x00, 0x00, 0x00, 0x00, 0x00, 0x00, 0x00, 0x00, 0x00,
  0x00, 0x00, 0x00, 0x00, 0x00, 0x00, 0x00, 0x00, 0x00, 0x00, 0x00, 0x89,
  0x00, 0x00, 0xff, 0x00, 0x00, 0xff, 0x00, 0x00, 0xff, 0x00, 0x00, 0xff,
  0x00, 0x00, 0xe4, 0x00, 0x00, 0x24, 0x00, 0x00, 0x00, 0x00, 0x00, 0x80,
  0x00, 0x00, 0xff, 0x00, 0x00, 0xff, 0x00, 0x00, 0xff, 0x00, 0x00, 0xff,
  0x00, 0x00, 0xff, 0x00, 0x00, 0xff, 0x00, 0x00, 0xff, 0x00, 0x00, 0xff,
  0x00, 0x00, 0xff, 0x00, 0x00, 0xff, 0x00, 0x00, 0xff, 0x00, 0x00, 0xff,
  0x00, 0x00, 0xff, 0x00, 0x00, 0xff, 0x00, 0x00, 0xff, 0x00, 0x00, 0xff,
  0x00, 0x00, 0xff, 0x00, 0x00, 0xff, 0x00, 0x00, 0xff, 0x00, 0x00, 0xff,
  0x00, 0x00, 0xf5, 0x00, 0x00, 0x3d, 0x00, 0x00, 0x00, 0x00, 0x00, 0x2c,
  0x00, 0x00, 0xeb, 0x00, 0x00, 0xff, 0x00, 0x00, 0xff, 0x00, 0x00, 0xff,
  0x00, 0x00, 0xff, 0x00, 0x00, 0x7f, 0x00, 0x00, 0x08, 0x00, 0x00, 0x0b,
  0x00, 0x00, 0x0b, 0x00, 0x00, 0x0b, 0x00, 0x00, 0x0b, 0x00, 0x00, 0x0b,
  0x00, 0x00, 0x06, 0x00, 0x00, 0x00, 0x00, 0x00, 0x00, 0x00, 0x00, 0x1f,
  0x00, 0x00, 0xde, 0x00, 0x00, 0xff, 0x00, 0x00, 0xff, 0x00, 0x00, 0xff,
  0x00, 0x00, 0xff, 0x00, 0x00, 0x90, 0x00, 0x00, 0x00, 0x00, 0x00, 0x10,
  0x00, 0x00, 0xca, 0x00, 0x00, 0xff, 0x00, 0x00, 0xff, 0x00, 0x00, 0xff,
  0x00, 0x00, 0xff, 0x00, 0x00, 0xa9, 0x00, 0x00, 0x2c, 0x00, 0x00, 0xdf,
  0x00, 0x00, 0xff, 0x00, 0x00, 0xff, 0x00, 0x00, 0xff, 0x00, 0x00, 0xff,
  0x00, 0x00, 0xff, 0x00, 0x00, 0xff, 0x00, 0x00, 0xda, 0x00, 0x00, 0x4b,
  0x00, 0x00, 0x00, 0x00, 0x00, 0x00, 0x00, 0x00, 0x00, 0x00, 0x00, 0x00,
  0x00, 0x00, 0x00, 0x00, 0x00, 0x00, 0x00, 0x00, 0x04, 0x00, 0x00, 0xb3,
  0x00, 0x00, 0xff, 0x00, 0x00, 0xff, 0x00, 0x00, 0xff, 0x00, 0x00, 0xff,
  0x00, 0x00, 0xff, 0x00, 0x00, 0xff, 0x00, 0x00, 0xff, 0x00, 0x00, 0xff,
  0x00, 0x00, 0xff, 0x00, 0x00, 0xff, 0x00, 0x00, 0xff, 0x00, 0x00, 0xff,
  0x00, 0x00, 0xff, 0x00, 0x00, 0xff, 0x00, 0x00, 0xf1, 0x00, 0x00, 0x6f,
  0x00, 0x00, 0x04, 0x00, 0x00, 0x00, 0x00, 0x00, 0x00, 0x00, 0x00, 0x00,
  0x00, 0x00, 0x00, 0x00, 0x00, 0x00, 0x00, 0x00, 0x00, 0x00, 0x00, 0x00,
  0x00, 0x00, 0x00, 0x00, 0x00, 0x00, 0x00, 0x00, 0x00, 0x00, 0x00, 0x00,
  0x00, 0x00, 0x00, 0x00, 0x00, 0x00, 0x00, 0x00, 0x00, 0x00, 0x00, 0x00,
  0x00, 0x00, 0x00, 0x00, 0x00, 0x00, 0x00, 0x00, 0x00, 0x00, 0x00, 0x00,
  0x00, 0x00, 0xd3, 0x00, 0x00, 0xff, 0x00, 0x00, 0xff, 0x00, 0x00, 0xff,
  0x00, 0x00, 0xff, 0x00, 0x00, 0xbc, 0x00, 0x00, 0x0a, 0x00, 0x00, 0x00,
  0x00, 0x00, 0x00, 0x00, 0x00, 0x00, 0x00, 0x00, 0x00, 0x00, 0x00, 0x00,
  0x00, 0x00, 0x00, 0x00, 0x00, 0x00, 0x00, 0x00, 0x00, 0x00, 0x00, 0x89,
  0x00, 0x00, 0xff, 0x00, 0x00, 0xff, 0x00, 0x00, 0xff, 0x00, 0x00, 0xff,
  0x00, 0x00, 0xe4, 0x00, 0x00, 0x24, 0x00, 0x00, 0x00, 0x00, 0x00, 0x80,
  0x00, 0x00, 0xff, 0x00, 0x00, 0xff, 0x00, 0x00, 0xff, 0x00, 0x00, 0xff,
  0x00, 0x00, 0xff, 0x00, 0x00, 0xff, 0x00, 0x00, 0xff, 0x00, 0x00, 0xff,
  0x00, 0x00, 0xff, 0x00, 0x00, 0xff, 0x00, 0x00, 0xff, 0x00, 0x00, 0xff,
  0x00, 0x00, 0xff, 0x00, 0x00, 0xff, 0x00, 0x00, 0xff, 0x00, 0x00, 0xff,
  0x00, 0x00, 0xff, 0x00, 0x00, 0xff, 0x00, 0x00, 0xff, 0x00, 0x00, 0xff,
  0x00, 0x00, 0xf5, 0x00, 0x00, 0x3d, 0x00, 0x00, 0x00, 0x00, 0x00, 0x2c,
  0x00, 0x00, 0xeb, 0x00, 0x00, 0xff, 0x00, 0x00, 0xff, 0x00, 0x00, 0xff,
  0x00, 0x00, 0xff, 0x00, 0x00, 0xdf, 0x00, 0x00, 0xc1, 0x00, 0x00, 0xc2,
  0x00, 0x00, 0xc2, 0x00, 0x00, 0xc2, 0x00, 0x00, 0xc2, 0x00, 0x00, 0xc4,
  0x00, 0x00, 0xa1, 0x00, 0x00, 0x1f, 0x00, 0x00, 0x00, 0x00, 0x00, 0x1f,
  0x00, 0x00, 0xde, 0x00, 0x00, 0xff, 0x00, 0x00, 0xff, 0x00, 0x00, 0xff,
  0x00, 0x00, 0xff, 0x00, 0x00, 0x90, 0x00, 0x00, 0x00, 0x00, 0x00, 0x10,
  0x00, 0x00, 0xca, 0x00, 0x00, 0xff, 0x00, 0x00, 0xff, 0x00, 0x00, 0xff,
  0x00, 0x00, 0xff, 0x00, 0x00, 0xa8, 0x00, 0x00, 0x38, 0x00, 0x00, 0xef,
  0x00, 0x00, 0xff, 0x00, 0x00, 0xff, 0x00, 0x00, 0xff, 0x00, 0x00, 0xff,
  0x00, 0x00, 0xff, 0x00, 0x00, 0xff, 0x00, 0x00, 0xac, 0x00, 0x00, 0x0b,
  0x00, 0x00, 0x00, 0x00, 0x00, 0x00, 0x00, 0x00, 0x00, 0x00, 0x00, 0x00,
  0x00, 0x00, 0x00, 0x00, 0x00, 0x00, 0x00, 0x00, 0x04, 0x00, 0x00, 0xb3,
  0x00, 0x00, 0xff, 0x00, 0x00, 0xff, 0x00, 0x00, 0xff, 0x00, 0x00, 0xff,
  0x00, 0x00, 0xff, 0x00, 0x00, 0xff, 0x00, 0x00, 0xff, 0x00, 0x00, 0xff,
  0x00, 0x00, 0xff, 0x00, 0x00, 0xff, 0x00, 0x00, 0xff, 0x00, 0x00, 0xff,
  0x00, 0x00, 0xff, 0x00, 0x00, 0xff, 0x00, 0x00, 0xff, 0x00, 0x00, 0xf6,
  0x00, 0x00, 0x7a, 0x00, 0x00, 0x06, 0x00, 0x00, 0x00, 0x00, 0x00, 0x00,
  0x00, 0x00, 0x00, 0x00, 0x00, 0x00, 0x00, 0x00, 0x00, 0x00, 0x00, 0x00,
  0x00, 0x00, 0x00, 0x00, 0x00, 0x00, 0x00, 0x00, 0x00, 0x00, 0x00, 0x00,
  0x00, 0x00, 0x00, 0x00, 0x00, 0x00, 0x00, 0x00, 0x00, 0x00, 0x00, 0x00,
  0x00, 0x00, 0x00, 0x00, 0x00, 0x00, 0x00, 0x00, 0x00, 0x00, 0x00, 0x00,
  0x00, 0x00, 0xd3, 0x00, 0x00, 0xff, 0x00, 0x00, 0xff, 0x00, 0x00, 0xff,
  0x00, 0x00, 0xff, 0x00, 0x00, 0xbc, 0x00, 0x00, 0x0a, 0x00, 0x00, 0x00,
  0x00, 0x00, 0x00, 0x00, 0x00, 0x00, 0x00, 0x00, 0x00, 0x00, 0x00, 0x00,
  0x00, 0x00, 0x00, 0x00, 0x00, 0x00, 0x00, 0x00, 0x00, 0x00, 0x00, 0x89,
  0x00, 0x00, 0xff, 0x00, 0x00, 0xff, 0x00, 0x00, 0xff, 0x00, 0x00, 0xff,
  0x00, 0x00, 0xe4, 0x00, 0x00, 0x24, 0x00, 0x00, 0x00, 0x00, 0x00, 0x80,
  0x00, 0x00, 0xff, 0x00, 0x00, 0xff, 0x00, 0x00, 0xff, 0x00, 0x00, 0xff,
  0x00, 0x00, 0xff, 0x00, 0x00, 0xff, 0x00, 0x00, 0xff, 0x00, 0x00, 0xff,
  0x00, 0x00, 0xff, 0x00, 0x00, 0xff, 0x00, 0x00, 0xff, 0x00, 0x00, 0xff,
  0x00, 0x00, 0xff, 0x00, 0x00, 0xff, 0x00, 0x00, 0xff, 0x00, 0x00, 0xff,
  0x00, 0x00, 0xff, 0x00, 0x00, 0xff, 0x00, 0x00, 0xff, 0x00, 0x00, 0xff,
  0x00, 0x00, 0xf5, 0x00, 0x00, 0x3d, 0x00, 0x00, 0x00, 0x00, 0x00, 0x2c,
  0x00, 0x00, 0xeb, 0x00, 0x00, 0xff, 0x00, 0x00, 0xff, 0x00, 0x00, 0xff,
  0x00, 0x00, 0xff, 0x00, 0x00, 0xff, 0x00, 0x00, 0xff, 0x00, 0x00, 0xff,
  0x00, 0x00, 0xff, 0x00, 0x00, 0xff, 0x00, 0x00, 0xff, 0x00, 0x00, 0xff,
  0x00, 0x00, 0xff, 0x00, 0x00, 0xb6, 0x00, 0x00, 0x1c, 0x00, 0x00, 0x1d,
  0x00, 0x00, 0xde, 0x00, 0x00, 0xff, 0x00, 0x00, 0xff, 0x00, 0x00, 0xff,
  0x00, 0x00, 0xff, 0x00, 0x00, 0x90, 0x00, 0x00, 0x00, 0x00, 0x00, 0x10,
  0x00, 0x00, 0xca, 0x00, 0x00, 0xff, 0x00, 0x00, 0xff, 0x00, 0x00, 0xff,
  0x00, 0x00, 0xff, 0x00, 0x00, 0xa8, 0x00, 0x00, 0x37, 0x00, 0x00, 0xee,
  0x00, 0x00, 0xff, 0x00, 0x00, 0xff, 0x00, 0x00, 0xff, 0x00, 0x00, 0xff,
  0x00, 0x00, 0xff, 0x00, 0x00, 0xff, 0x00, 0x00, 0xfb, 0x00, 0x00, 0x8f,
  0x00, 0x00, 0x0a, 0x00, 0x00, 0x00, 0x00, 0x00, 0x00, 0x00, 0x00, 0x00,
  0x00, 0x00, 0x00, 0x00, 0x00, 0x00, 0x00, 0x00, 0x04, 0x00, 0x00, 0xb3,
  0x00, 0x00, 0xff, 0x00, 0x00, 0xff, 0x00, 0x00, 0xff, 0x00, 0x00, 0xff,
  0x00, 0x00, 0xff, 0x00, 0x00, 0xff, 0x00, 0x00, 0xff, 0x00, 0x00, 0xff,
  0x00, 0x00, 0xff, 0x00, 0x00, 0xff, 0x00, 0x00, 0xff, 0x00, 0x00, 0xff,
  0x00, 0x00, 0xff, 0x00, 0x00, 0xff, 0x00, 0x00, 0xff, 0x00, 0x00, 0xff,
  0x00, 0x00, 0x9d, 0x00, 0x00, 0x09, 0x00, 0x00, 0x00, 0x00, 0x00, 0x00,
  0x00, 0x00, 0x00, 0x00, 0x00, 0x00, 0x00, 0x00, 0x00, 0x00, 0x00, 0x00,
  0x00, 0x00, 0x00, 0x00, 0x00, 0x00, 0x00, 0x00, 0x00, 0x00, 0x00, 0x00,
  0x00, 0x00, 0x00, 0x00, 0x00, 0x00, 0x00, 0x00, 0x00, 0x00, 0x00, 0x00,
  0x00, 0x00, 0x00, 0x00, 0x00, 0x00, 0x00, 0x00, 0x00, 0x00, 0x00, 0x00,
  0x00, 0x00, 0xd3, 0x00, 0x00, 0xff, 0x00, 0x00, 0xff, 0x00, 0x00, 0xff,
  0x00, 0x00, 0xff, 0x00, 0x00, 0xbc, 0x00, 0x00, 0x0a, 0x00, 0x00, 0x00,
  0x00, 0x00, 0x00, 0x00, 0x00, 0x00, 0x00, 0x00, 0x00, 0x00, 0x00, 0x00,
  0x00, 0x00, 0x00, 0x00, 0x00, 0x00, 0x00, 0x00, 0x00, 0x00, 0x00, 0x89,
  0x00, 0x00, 0xff, 0x00, 0x00, 0xff, 0x00, 0x00, 0xff, 0x00, 0x00, 0xff,
  0x00, 0x00, 0xe4, 0x00, 0x00, 0x24, 0x00, 0x00, 0x00, 0x00, 0x00, 0x80,
  0x00, 0x00, 0xff, 0x00, 0x00, 0xff, 0x00, 0x00, 0xff, 0x00, 0x00, 0xff,
  0x00, 0x00, 0xff, 0x00, 0x00, 0xff, 0x00, 0x00, 0xff, 0x00, 0x00, 0xff,
  0x00, 0x00, 0xff, 0x00, 0x00, 0xff, 0x00, 0x00, 0xff, 0x00, 0x00, 0xff,
  0x00, 0x00, 0xff, 0x00, 0x00, 0xff, 0x00, 0x00, 0xff, 0x00, 0x00, 0xff,
  0x00, 0x00, 0xff, 0x00, 0x00, 0xff, 0x00, 0x00, 0xff, 0x00, 0x00, 0xff,
  0x00, 0x00, 0xf7, 0x00, 0x00, 0x3d, 0x00, 0x00, 0x00, 0x00, 0x00, 0x2c,
  0x00, 0x00, 0xeb, 0x00, 0x00, 0xff, 0x00, 0x00, 0xff, 0x00, 0x00, 0xff,
  0x00, 0x00, 0xff, 0x00, 0x00, 0xff, 0x00, 0x00, 0xff, 0x00, 0x00, 0xff,
  0x00, 0x00, 0xff, 0x00, 0x00, 0xff, 0x00, 0x00, 0xff, 0x00, 0x00, 0xff,
  0x00, 0x00, 0xff, 0x00, 0x00, 0xff, 0x00, 0x00, 0xb4, 0x00, 0x00, 0x39,
  0x00, 0x00, 0xdc, 0x00, 0x00, 0xff, 0x00, 0x00, 0xff, 0x00, 0x00, 0xff,
  0x00, 0x00, 0xff, 0x00, 0x00, 0x90, 0x00, 0x00, 0x00, 0x00, 0x00, 0x10,
  0x00, 0x00, 0xca, 0x00, 0x00, 0xff, 0x00, 0x00, 0xff, 0x00, 0x00, 0xff,
  0x00, 0x00, 0xff, 0x00, 0x00, 0xa8, 0x00, 0x00, 0x37, 0x00, 0x00, 0xee,
  0x00, 0x00, 0xff, 0x00, 0x00, 0xff, 0x00, 0x00, 0xff, 0x00, 0x00, 0xff,
  0x00, 0x00, 0xff, 0x00, 0x00, 0xff, 0x00, 0x00, 0xff, 0x00, 0x00, 0xfb,
  0x00, 0x00, 0x8a, 0x00, 0x00, 0x09, 0x00, 0x00, 0x00, 0x00, 0x00, 0x00,
  0x00, 0x00, 0x00, 0x00, 0x00, 0x00, 0x00, 0x00, 0x04, 0x00, 0x00, 0xb3,
  0x00, 0x00, 0xff, 0x00, 0x00, 0xff, 0x00, 0x00, 0xff, 0x00, 0x00, 0xff,
  0x00, 0x00, 0xff, 0x00, 0x00, 0xff, 0x00, 0x00, 0xff, 0x00, 0x00, 0xff,
  0x00, 0x00, 0xff, 0x00, 0x00, 0xff, 0x00, 0x00, 0xff, 0x00, 0x00, 0xff,
  0x00, 0x00, 0xff, 0x00, 0x00, 0xff, 0x00, 0x00, 0xff, 0x00, 0x00, 0xa3,
  0x00, 0x00, 0x14, 0x00, 0x00, 0x00, 0x00, 0x00, 0x00, 0x00, 0x00, 0x00,
  0x00, 0x00, 0x00, 0x00, 0x00, 0x00, 0x00, 0x00, 0x00, 0x00, 0x00, 0x00,
  0x00, 0x00, 0x00, 0x00, 0x00, 0x00, 0x00, 0x00, 0x00, 0x00, 0x00, 0x00,
  0x00, 0x00, 0x00, 0x00, 0x00, 0x00, 0x00, 0x00, 0x00, 0x00, 0x00, 0x00,
  0x00, 0x00, 0x00, 0x00, 0x00, 0x00, 0x00, 0x00, 0x00, 0x00, 0x00, 0x00,
  0x00, 0x00, 0xd3, 0x00, 0x00, 0xff, 0x00, 0x00, 0xff, 0x00, 0x00, 0xff,
  0x00, 0x00, 0xff, 0x00, 0x00, 0xbc, 0x00, 0x00, 0x0a, 0x00, 0x00, 0x00,
  0x00, 0x00, 0x00, 0x00, 0x00, 0x00, 0x00, 0x00, 0x00, 0x00, 0x00, 0x00,
  0x00, 0x00, 0x00, 0x00, 0x00, 0x00, 0x00, 0x00, 0x00, 0x00, 0x00, 0x89,
  0x00, 0x00, 0xff, 0x00, 0x00, 0xff, 0x00, 0x00, 0xff, 0x00, 0x00, 0xff,
  0x00, 0x00, 0xe4, 0x00, 0x00, 0x24, 0x00, 0x00, 0x00, 0x00, 0x00, 0x80,
  0x00, 0x00, 0xff, 0x00, 0x00, 0xff, 0x00, 0x00, 0xff, 0x00, 0x00, 0xff,
  0x00, 0x00, 0xfb, 0x00, 0x00, 0xdb, 0x00, 0x00, 0xda, 0x00, 0x00, 0xfb,
  0x00, 0x00, 0xff, 0x00, 0x00, 0xff, 0x00, 0x00, 0xff, 0x00, 0x00, 0xff,
  0x00, 0x00, 0xff, 0x00, 0x00, 0xff, 0x00, 0x00, 0xff, 0x00, 0x00, 0xf9,
  0x00, 0x00, 0xd7, 0x00, 0x00, 0xd3, 0x00, 0x00, 0xd4, 0x00, 0x00, 0xd5,
  0x00, 0x00, 0xcb, 0x00, 0x00, 0x32, 0x00, 0x00, 0x00, 0x00, 0x00, 0x2c,
  0x00, 0x00, 0xeb, 0x00, 0x00, 0xff, 0x00, 0x00, 0xff, 0x00, 0x00, 0xff,
  0x00, 0x00, 0xff, 0x00, 0x00, 0xff, 0x00, 0x00, 0xff, 0x00, 0x00, 0xff,
  0x00, 0x00, 0xff, 0x00, 0x00, 0xff, 0x00, 0x00, 0xff, 0x00, 0x00, 0xff,
  0x00, 0x00, 0xff, 0x00, 0x00, 0xff, 0x00, 0x00, 0xc4, 0x00, 0x00, 0x3f,
  0x00, 0x00, 0xdc, 0x00, 0x00, 0xff, 0x00, 0x00, 0xff, 0x00, 0x00, 0xff,
  0x00, 0x00, 0xff, 0x00, 0x00, 0x90, 0x00, 0x00, 0x00, 0x00, 0x00, 0x10,
  0x00, 0x00, 0xca, 0x00, 0x00, 0xff, 0x00, 0x00, 0xff, 0x00, 0x00, 0xff,
  0x00, 0x00, 0xff, 0x00, 0x00, 0xa8, 0x00, 0x00, 0x37, 0x00, 0x00, 0xee,
  0x00, 0x00, 0xff, 0x00, 0x00, 0xf8, 0x00, 0x00, 0xf3, 0x00, 0x00, 0xff,
  0x00, 0x00, 0xff, 0x00, 0x00, 0xff, 0x00, 0x00, 0xff, 0x00, 0x00, 0xff,
  0x00, 0x00, 0xfb, 0x00, 0x00, 0x86, 0x00, 0x00, 0x08, 0x00, 0x00, 0x00,
  0x00, 0x00, 0x00, 0x00, 0x00, 0x00, 0x00, 0x00, 0x04, 0x00, 0x00, 0xb3,
  0x00, 0x00, 0xff, 0x00, 0x00, 0xff, 0x00, 0x00, 0xff, 0x00, 0x00, 0xff,
  0x00, 0x00, 0xf5, 0x00, 0x00, 0xd6, 0x00, 0x00, 0xd4, 0x00, 0x00, 0xd4,
  0x00, 0x00, 0xd4, 0x00, 0x00, 0xd4, 0x00, 0x00, 0xd4, 0x00, 0x00, 0xd4,
  0x00, 0x00, 0xd4, 0x00, 0x00, 0xd6, 0x00, 0x00, 0x9b, 0x00, 0x00, 0x14,
  0x00, 0x00, 0x00, 0x00, 0x00, 0x00, 0x00, 0x00, 0x00, 0x00, 0x00, 0x00,
  0x00, 0x00, 0x00, 0x00, 0x00, 0x00, 0x00, 0x00, 0x00, 0x00, 0x00, 0x00,
  0x00, 0x00, 0x00, 0x00, 0x00, 0x00, 0x00, 0x00, 0x00, 0x00, 0x00, 0x00,
  0x00, 0x00, 0x00, 0x00, 0x00, 0x00, 0x00, 0x00, 0x00, 0x00, 0x00, 0x00,
  0x00, 0x00, 0x00, 0x00, 0x00, 0x00, 0x00, 0x00, 0x00, 0x00, 0x00, 0x00,
  0x00, 0x00, 0xd3, 0x00, 0x00, 0xff, 0x00, 0x00, 0xff, 0x00, 0x00, 0xff,
  0x00, 0x00, 0xff, 0x00, 0x00, 0xbc, 0x00, 0x00, 0x0a, 0x00, 0x00, 0x00,
  0x00, 0x00, 0x00, 0x00, 0x00, 0x00, 0x00, 0x00, 0x00, 0x00, 0x00, 0x00,
  0x00, 0x00, 0x00, 0x00, 0x00, 0x00, 0x00, 0x00, 0x00, 0x00, 0x00, 0x89,
  0x00, 0x00, 0xff, 0x00, 0x00, 0xff, 0x00, 0x00, 0xff, 0x00, 0x00, 0xff,
  0x00, 0x00, 0xe4, 0x00, 0x00, 0x24, 0x00, 0x00, 0x00, 0x00, 0x00, 0x80,
  0x00, 0x00, 0xff, 0x00, 0x00, 0xff, 0x00, 0x00, 0xff, 0x00, 0x00, 0xff,
  0x00, 0x00, 0xea, 0x00, 0x00, 0x3c, 0x00, 0x00, 0x1a, 0x00, 0x00, 0x7f,
  0x00, 0x00, 0xf1, 0x00, 0x00, 0xff, 0x00, 0x00, 0xff, 0x00, 0x00, 0xff,
  0x00, 0x00, 0xff, 0x00, 0x00, 0xff, 0x00, 0x00, 0xff, 0x00, 0x00, 0xf9,
  0x00, 0x00, 0x94, 0x00, 0x00, 0x23, 0x00, 0x00, 0x14, 0x00, 0x00, 0x17,
  0x00, 0x00, 0x16, 0x00, 0x00, 0x05, 0x00, 0x00, 0x00, 0x00, 0x00, 0x2c,
  0x00, 0x00, 0xeb, 0x00, 0x00, 0xff, 0x00, 0x00, 0xff, 0x00, 0x00, 0xff,
  0x00, 0x00, 0xff, 0x00, 0x00, 0xff, 0x00, 0x00, 0xff, 0x00, 0x00, 0xff,
  0x00, 0x00, 0xff, 0x00, 0x00, 0xff, 0x00, 0x00, 0xff, 0x00, 0x00, 0xff,
  0x00, 0x00, 0xff, 0x00, 0x00, 0xc7, 0x00, 0x00, 0x29, 0x00, 0x00, 0x1d,
  0x00, 0x00, 0xde, 0x00, 0x00, 0xff, 0x00, 0x00, 0xff, 0x00, 0x00, 0xff,
  0x00, 0x00, 0xff, 0x00, 0x00, 0x90, 0x00, 0x00, 0x00, 0x00, 0x00, 0x10,
  0x00, 0x00, 0xca, 0x00, 0x00, 0xff, 0x00, 0x00, 0xff, 0x00, 0x00, 0xff,
  0x00, 0x00, 0xff, 0x00, 0x00, 0xa8, 0x00, 0x00, 0x37, 0x00, 0x00, 0xf0,
  0x00, 0x00, 0xf0, 0x00, 0x00, 0x70, 0x00, 0x00, 0x5d, 0x00, 0x00, 0xea,
  0x00, 0x00, 0xff, 0x00, 0x00, 0xff, 0x00, 0x00, 0xff, 0x00, 0x00, 0xff,
  0x00, 0x00, 0xff, 0x00, 0x00, 0xfa, 0x00, 0x00, 0x82, 0x00, 0x00, 0x07,
  0x00, 0x00, 0x00, 0x00, 0x00, 0x00, 0x00, 0x00, 0x04, 0x00, 0x00, 0xb3,
  0x00, 0x00, 0xff, 0x00, 0x00, 0xff, 0x00, 0x00, 0xff, 0x00, 0x00, 0xff,
  0x00, 0x00, 0xcb, 0x00, 0x00, 0x23, 0x00, 0x00, 0x16, 0x00, 0x00, 0x17,
  0x00, 0x00, 0x17, 0x00, 0x00, 0x17, 0x00, 0x00, 0x17, 0x00, 0x00, 0x17,
  0x00, 0x00, 0x17, 0x00, 0x00, 0x17, 0x00, 0x00, 0x08, 0x00, 0x00, 0x00,
  0x00, 0x00, 0x00, 0x00, 0x00, 0x00, 0x00, 0x00, 0x00, 0x00, 0x00, 0x00,
  0x00, 0x00, 0x00, 0x00, 0x00, 0x00, 0x00, 0x00, 0x00, 0x00, 0x00, 0x00,
  0x00, 0x00, 0x00, 0x00, 0x00, 0x00, 0x00, 0x00, 0x00, 0x00, 0x00, 0x00,
  0x00, 0x00, 0x00, 0x00, 0x00, 0x00, 0x00, 0x00, 0x00, 0x00, 0x00, 0x00,
  0x00, 0x00, 0x00, 0x00, 0x00, 0x00, 0x00, 0x00, 0x00, 0x00, 0x00, 0x00,
  0x00, 0x00, 0xd3, 0x00, 0x00, 0xff, 0x00, 0x00, 0xff, 0x00, 0x00, 0xff,
  0x00, 0x00, 0xff, 0x00, 0x00, 0xbc, 0x00, 0x00, 0x09, 0x00, 0x00, 0x00,
  0x00, 0x00, 0x00, 0x00, 0x00, 0x00, 0x00, 0x00, 0x00, 0x00, 0x00, 0x00,
  0x00, 0x00, 0x00, 0x00, 0x00, 0x00, 0x00, 0x00, 0x00, 0x00, 0x00, 0x88,
  0x00, 0x00, 0xff, 0x00, 0x00, 0xff, 0x00, 0x00, 0xff, 0x00, 0x00, 0xff,
  0x00, 0x00, 0xe4, 0x00, 0x00, 0x24, 0x00, 0x00, 0x00, 0x00, 0x00, 0x80,
  0x00, 0x00, 0xff, 0x00, 0x00, 0xff, 0x00, 0x00, 0xff, 0x00, 0x00, 0xff,
  0x00, 0x00, 0xe8, 0x00, 0x00, 0x28, 0x00, 0x00, 0x00, 0x00, 0x00, 0x02,
  0x00, 0x00, 0x58, 0x00, 0x00, 0xde, 0x00, 0x00, 0xff, 0x00, 0x00, 0xff,
  0x00, 0x00, 0xff, 0x00, 0x00, 0xff, 0x00, 0x00, 0xff, 0x00, 0x00, 0xff,
  0x00, 0x00, 0xfb, 0x00, 0x00, 0xa2, 0x00, 0x00, 0x1e, 0x00, 0x00, 0x00,
  0x00, 0x00, 0x00, 0x00, 0x00, 0x00, 0x00, 0x00, 0x00, 0x00, 0x00, 0x2c,
  0x00, 0x00, 0xeb, 0x00, 0x00, 0xff, 0x00, 0x00, 0xff, 0x00, 0x00, 0xff,
  0x00, 0x00, 0xff, 0x00, 0x00, 0xdb, 0x00, 0x00, 0xb9, 0x00, 0x00, 0xba,
  0x00, 0x00, 0xba, 0x00, 0x00, 0xba, 0x00, 0x00, 0xba, 0x00, 0x00, 0xbb,
  0x00, 0x00, 0xa7, 0x00, 0x00, 0x2c, 0x00, 0x00, 0x00, 0x00, 0x00, 0x1f,
  0x00, 0x00, 0xde, 0x00, 0x00, 0xff, 0x00, 0x00, 0xff, 0x00, 0x00, 0xff,
  0x00, 0x00, 0xff, 0x00, 0x00, 0x90, 0x00, 0x00, 0x00, 0x00, 0x00, 0x10,
  0x00, 0x00, 0xca, 0x00, 0x00, 0xff, 0x00, 0x00, 0xff, 0x00, 0x00, 0xff,
  0x00, 0x00, 0xff, 0x00, 0x00, 0xa8, 0x00, 0x00, 0x39, 0x00, 0x00, 0xd2,
  0x00, 0x00, 0x5a, 0x00, 0x00, 0x01, 0x00, 0x00, 0x00, 0x00, 0x00, 0x5c,
  0x00, 0x00, 0xec, 0x00, 0x00, 0xff, 0x00, 0x00, 0xff, 0x00, 0x00, 0xff,
  0x00, 0x00, 0xff, 0x00, 0x00, 0xff, 0x00, 0x00, 0xf8, 0x00, 0x00, 0x7e,
  0x00, 0x00, 0x06, 0x00, 0x00, 0x00, 0x00, 0x00, 0x04, 0x00, 0x00, 0xb3,
  0x00, 0x00, 0xff, 0x00, 0x00, 0xff, 0x00, 0x00, 0xff, 0x00, 0x00, 0xff,
  0x00, 0x00, 0xc5, 0x00, 0x00, 0x0b, 0x00, 0x00, 0x00, 0x00, 0x00, 0x00,
  0x00, 0x00, 0x00, 0x00, 0x00, 0x00, 0x00, 0x00, 0x00, 0x00, 0x00, 0x00,
  0x00, 0x00, 0x00, 0x00, 0x00, 0x00, 0x00, 0x00, 0x00, 0x00, 0x00, 0x00,
  0x00, 0x00, 0x00, 0x00, 0x00, 0x00, 0x00, 0x00, 0x00, 0x00, 0x00, 0x00,
  0x00, 0x00, 0x00, 0x00, 0x00, 0x00, 0x00, 0x00, 0x00, 0x00, 0x00, 0x00,
  0x00, 0x00, 0x00, 0x00, 0x00, 0x00, 0x00, 0x00, 0x00, 0x00, 0x00, 0x00,
  0x00, 0x00, 0x00, 0x00, 0x00, 0x00, 0x00, 0x00, 0x00, 0x00, 0x00, 0x00,
  0x00, 0x00, 0x00, 0x00, 0x00, 0x00, 0x00, 0x00, 0x00, 0x00, 0x00, 0x00,
  0x00, 0x00, 0xd3, 0x00, 0x00, 0xff, 0x00, 0x00, 0xff, 0x00, 0x00, 0xff,
  0x00, 0x00, 0xff, 0x00, 0x00, 0xe2, 0x00, 0x00, 0x93, 0x00, 0x00, 0x8f,
  0x00, 0x00, 0x8f, 0x00, 0x00, 0x8f, 0x00, 0x00, 0x8f, 0x00, 0x00, 0x8f,
  0x00, 0x00, 0x8f, 0x00, 0x00, 0x8f, 0x00, 0x00, 0x8e, 0x00, 0x00, 0xcb,
  0x00, 0x00, 0xff, 0x00, 0x00, 0xff, 0x00, 0x00, 0xff, 0x00, 0x00, 0xff,
  0x00, 0x00, 0xe4, 0x00, 0x00, 0x24, 0x00, 0x00, 0x00, 0x00, 0x00, 0x80,
  0x00, 0x00, 0xff, 0x00, 0x00, 0xff, 0x00, 0x00, 0xff, 0x00, 0x00, 0xff,
  0x00, 0x00, 0xe8, 0x00, 0x00, 0x29, 0x00, 0x00, 0x00, 0x00, 0x00, 0x00,
  0x00, 0x00, 0x00, 0x00, 0x00, 0x37, 0x00, 0x00, 0xc2, 0x00, 0x00, 0xff,
  0x00, 0x00, 0xff, 0x00, 0x00, 0xff, 0x00, 0x00, 0xff, 0x00, 0x00, 0xff,
  0x00, 0x00, 0xff, 0x00, 0x00, 0xff, 0x00, 0x00, 0xc6, 0x00, 0x00, 0x3b,
  0x00, 0x00, 0x00, 0x00, 0x00, 0x00, 0x00, 0x00, 0x00, 0x00, 0x00, 0x2c,
  0x00, 0x00, 0xeb, 0x00, 0x00, 0xff, 0x00, 0x00, 0xff, 0x00, 0x00, 0xff,
  0x00, 0x00, 0xff, 0x00, 0x00, 0x7d, 0x00, 0x00, 0x04, 0x00, 0x00, 0x08,
  0x00, 0x00, 0x08, 0x00, 0x00, 0x08, 0x00, 0x00, 0x08, 0x00, 0x00, 0x08,
  0x00, 0x00, 0x05, 0x00, 0x00, 0x00, 0x00, 0x00, 0x00, 0x00, 0x00, 0x1f,
  0x00, 0x00, 0xde, 0x00, 0x00, 0xff, 0x00, 0x00, 0xff, 0x00, 0x00, 0xff,
  0x00, 0x00, 0xff, 0x00, 0x00, 0x90, 0x00, 0x00, 0x00, 0x00, 0x00, 0x10,
  0x00, 0x00, 0xca, 0x00, 0x00, 0xff, 0x00, 0x00, 0xff, 0x00, 0x00, 0xff,
  0x00, 0x00, 0xff, 0x00, 0x00, 0xa9, 0x00, 0x00, 0x1f, 0x00, 0x00, 0x37,
  0x00, 0x00, 0x00, 0x00, 0x00, 0x00, 0x00, 0x00, 0x00, 0x00, 0x00, 0x00,
  0x00, 0x00, 0x60, 0x00, 0x00, 0xee, 0x00, 0x00, 0xff, 0x00, 0x00, 0xff,
  0x00, 0x00, 0xff, 0x00, 0x00, 0xff, 0x00, 0x00, 0xff, 0x00, 0x00, 0xf7,
  0x00, 0x00, 0x79, 0x00, 0x00, 0x04, 0x00, 0x00, 0x03, 0x00, 0x00, 0xb3,
  0x00, 0x00, 0xff, 0x00, 0x00, 0xff, 0x00, 0x00, 0xff, 0x00, 0x00, 0xff,
  0x00, 0x00, 0xe6, 0x00, 0x00, 0x95, 0x00, 0x00, 0x8f, 0x00, 0x00, 0x8f,
  0x00, 0x00, 0x8f, 0x00, 0x00, 0x8f, 0x00, 0x00, 0x8f, 0x00, 0x00, 0x8f,
  0x00, 0x00, 0x8f, 0x00, 0x00, 0x8f, 0x00, 0x00, 0x8f, 0x00, 0x00, 0x8f,
  0x00, 0x00, 0x8b, 0x00, 0x00, 0x37, 0x00, 0x00, 0x00, 0x00, 0x00, 0x00,
  0x00, 0x00, 0x00, 0x00, 0x00, 0x00, 0x00, 0x00, 0x00, 0x00, 0x00, 0x00,
  0x00, 0x00, 0x00, 0x00, 0x00, 0x00, 0x00, 0x00, 0x00, 0x00, 0x00, 0x00,
  0x00, 0x00, 0x00, 0x00, 0x00, 0x00, 0x00, 0x00, 0x00, 0x00, 0x00, 0x00,
  0x00, 0x00, 0x00, 0x00, 0x00, 0x00, 0x00, 0x00, 0x00, 0x00, 0x00, 0x00,
  0x00, 0x00, 0xd3, 0x00, 0x00, 0xff, 0x00, 0x00, 0xff, 0x00, 0x00, 0xff,
  0x00, 0x00, 0xff, 0x00, 0x00, 0xff, 0x00, 0x00, 0xff, 0x00, 0x00, 0xff,
  0x00, 0x00, 0xff, 0x00, 0x00, 0xff, 0x00, 0x00, 0xff, 0x00, 0x00, 0xff,
  0x00, 0x00, 0xff, 0x00, 0x00, 0xff, 0x00, 0x00, 0xff, 0x00, 0x00, 0xff,
  0x00, 0x00, 0xff, 0x00, 0x00, 0xff, 0x00, 0x00, 0xff, 0x00, 0x00, 0xff,
  0x00, 0x00, 0xe4, 0x00, 0x00, 0x24, 0x00, 0x00, 0x00, 0x00, 0x00, 0x80,
  0x00, 0x00, 0xff, 0x00, 0x00, 0xff, 0x00, 0x00, 0xff, 0x00, 0x00, 0xff,
  0x00, 0x00, 0xe8, 0x00, 0x00, 0x29, 0x00, 0x00, 0x00, 0x00, 0x00, 0x00,
  0x00, 0x00, 0x00, 0x00, 0x00, 0x00, 0x00, 0x00, 0x1c, 0x00, 0x00, 0x9e,
  0x00, 0x00, 0xfb, 0x00, 0x00, 0xff, 0x00, 0x00, 0xff, 0x00, 0x00, 0xff,
  0x00, 0x00, 0xff, 0x00, 0x00, 0xff, 0x00, 0x00, 0xff, 0x00, 0x00, 0xe2,
  0x00, 0x00, 0x5e, 0x00, 0x00, 0x05, 0x00, 0x00, 0x00, 0x00, 0x00, 0x2c,
  0x00, 0x00, 0xeb, 0x00, 0x00, 0xff, 0x00, 0x00, 0xff, 0x00, 0x00, 0xff,
  0x00, 0x00, 0xff, 0x00, 0x00, 0x79, 0x00, 0x00, 0x00, 0x00, 0x00, 0x00,
  0x00, 0x00, 0x00, 0x00, 0x00, 0x00, 0x00, 0x00, 0x00, 0x00, 0x00, 0x00,
  0x00, 0x00, 0x00, 0x00, 0x00, 0x00, 0x00, 0x00, 0x00, 0x00, 0x00, 0x1f,
  0x00, 0x00, 0xde, 0x00, 0x00, 0xff, 0x00, 0x00, 0xff, 0x00, 0x00, 0xff,
  0x00, 0x00, 0xff, 0x00, 0x00, 0x90, 0x00, 0x00, 0x00, 0x00, 0x00, 0x10,
  0x00, 0x00, 0xca, 0x00, 0x00, 0xff, 0x00, 0x00, 0xff, 0x00, 0x00, 0xff,
  0x00, 0x00, 0xff, 0x00, 0x00, 0xab, 0x00, 0x00, 0x03, 0x00, 0x00, 0x00,
  0x00, 0x00, 0x00, 0x00, 0x00, 0x00, 0x00, 0x00, 0x00, 0x00, 0x00, 0x00,
  0x00, 0x00, 0x01, 0x00, 0x00, 0x64, 0x00, 0x00, 0xf0, 0x00, 0x00, 0xff,
  0x00, 0x00, 0xff, 0x00, 0x00, 0xff, 0x00, 0x00, 0xff, 0x00, 0x00, 0xff,
  0x00, 0x00, 0xf6, 0x00, 0x00, 0x75, 0x00, 0x00, 0x09, 0x00, 0x00, 0xb3,
  0x00, 0x00, 0xff, 0x00, 0x00, 0xff, 0x00, 0x00, 0xff, 0x00, 0x00, 0xff,
  0x00, 0x00, 0xff, 0x00, 0x00, 0xff, 0x00, 0x00, 0xff, 0x00, 0x00, 0xff,
  0x00, 0x00, 0xff, 0x00, 0x00, 0xff, 0x00, 0x00, 0xff, 0x00, 0x00, 0xff,
  0x00, 0x00, 0xff, 0x00, 0x00, 0xff, 0x00, 0x00, 0xff, 0x00, 0x00, 0xff,
  0x00, 0x00, 0xff, 0x00, 0x00, 0xd6, 0x00, 0x00, 0x3a, 0x00, 0x00, 0x00,
  0x00, 0x00, 0x00, 0x00, 0x00, 0x00, 0x00, 0x00, 0x00, 0x00, 0x00, 0x00,
  0x00, 0x00, 0x00, 0x00, 0x00, 0x00, 0x00, 0x00, 0x00, 0x00, 0x00, 0x00,
  0x00, 0x00, 0x00, 0x00, 0x00, 0x00, 0x00, 0x00, 0x00, 0x00, 0x00, 0x00,
  0x00, 0x00, 0x00, 0x00, 0x00, 0x00, 0x00, 0x00, 0x00, 0x00, 0x00, 0x00,
  0x00, 0x00, 0xd3, 0x00, 0x00, 0xff, 0x00, 0x00, 0xff, 0x00, 0x00, 0xff,
  0x00, 0x00, 0xff, 0x00, 0x00, 0xff, 0x00, 0x00, 0xff, 0x00, 0x00, 0xff,
  0x00, 0x00, 0xff, 0x00, 0x00, 0xff, 0x00, 0x00, 0xff, 0x00, 0x00, 0xff,
  0x00, 0x00, 0xff, 0x00, 0x00, 0xff, 0x00, 0x00, 0xff, 0x00, 0x00, 0xff,
  0x00, 0x00, 0xff, 0x00, 0x00, 0xff, 0x00, 0x00, 0xff, 0x00, 0x00, 0xff,
  0x00, 0x00, 0xe5, 0x00, 0x00, 0x24, 0x00, 0x00, 0x00, 0x00, 0x00, 0x80,
  0x00, 0x00, 0xff, 0x00, 0x00, 0xff, 0x00, 0x00, 0xff, 0x00, 0x00, 0xff,
  0x00, 0x00, 0xe8, 0x00, 0x00, 0x29, 0x00, 0x00, 0x00, 0x00, 0x00, 0x00,
  0x00, 0x00, 0x00, 0x00, 0x00, 0x00, 0x00, 0x00, 0x00, 0x00, 0x00, 0x0a,
  0x00, 0x00, 0x77, 0x00, 0x00, 0xee, 0x00, 0x00, 0xff, 0x00, 0x00, 0xff,
  0x00, 0x00, 0xff, 0x00, 0x00, 0xff, 0x00, 0x00, 0xff, 0x00, 0x00, 0xff,
  0x00, 0x00, 0xeb, 0x00, 0x00, 0x33, 0x00, 0x00, 0x00, 0x00, 0x00, 0x2c,
  0x00, 0x00, 0xeb, 0x00, 0x00, 0xff, 0x00, 0x00, 0xff, 0x00, 0x00, 0xff,
  0x00, 0x00, 0xff, 0x00, 0x00, 0x79, 0x00, 0x00, 0x00, 0x00, 0x00, 0x00,
  0x00, 0x00, 0x00, 0x00, 0x00, 0x00, 0x00, 0x00, 0x00, 0x00, 0x00, 0x00,
  0x00, 0x00, 0x00, 0x00, 0x00, 0x00, 0x00, 0x00, 0x00, 0x00, 0x00, 0x1f,
  0x00, 0x00, 0xde, 0x00, 0x00, 0xff, 0x00, 0x00, 0xff, 0x00, 0x00, 0xff,
  0x00, 0x00, 0xff, 0x00, 0x00, 0x90, 0x00, 0x00, 0x00, 0x00, 0x00, 0x10,
  0x00, 0x00, 0xca, 0x00, 0x00, 0xff, 0x00, 0x00, 0xff, 0x00, 0x00, 0xff,
  0x00, 0x00, 0xff, 0x00, 0x00, 0xab, 0x00, 0x00, 0x03, 0x00, 0x00, 0x00,
  0x00, 0x00, 0x00, 0x00, 0x00, 0x00, 0x00, 0x00, 0x00, 0x00, 0x00, 0x00,
  0x00, 0x00, 0x00, 0x00, 0x00, 0x01, 0x00, 0x00, 0x69, 0x00, 0x00, 0xf2,
  0x00, 0x00, 0xff, 0x00, 0x00, 0xff, 0x00, 0x00, 0xff, 0x00, 0x00, 0xff,
  0x00, 0x00, 0xff, 0x00, 0x00, 0xe8, 0x00, 0x00, 0x31, 0x00, 0x00, 0xb2,
  0x00, 0x00, 0xff, 0x00, 0x00, 0xff, 0x00, 0x00, 0xff, 0x00, 0x00, 0xff,
  0x00, 0x00, 0xff, 0x00, 0x00, 0xff, 0x00, 0x00, 0xff, 0x00, 0x00, 0xff,
  0x00, 0x00, 0xff, 0x00, 0x00, 0xff, 0x00, 0x00, 0xff, 0x00, 0x00, 0xff,
  0x00, 0x00, 0xff, 0x00, 0x00, 0xff, 0x00, 0x00, 0xff, 0x00, 0x00, 0xff,
  0x00, 0x00, 0xff, 0x00, 0x00, 0xff, 0x00, 0x00, 0xd4, 0x00, 0x00, 0x44,
  0x00, 0x00, 0x00, 0x00, 0x00, 0x00, 0x00, 0x00, 0x00, 0x00, 0x00, 0x00,
  0x00, 0x00, 0x00, 0x00, 0x00, 0x00, 0x00, 0x00, 0x00, 0x00, 0x00, 0x00,
  0x00, 0x00, 0x00, 0x00, 0x00, 0x00, 0x00, 0x00, 0x00, 0x00, 0x00, 0x00,
  0x00, 0x00, 0x00, 0x00, 0x00, 0x00, 0x00, 0x00, 0x00, 0x00, 0x00, 0x00,
  0x00, 0x00, 0xd3, 0x00, 0x00, 0xff, 0x00, 0x00, 0xff, 0x00, 0x00, 0xff,
  0x00, 0x00, 0xff, 0x00, 0x00, 0xff, 0x00, 0x00, 0xff, 0x00, 0x00, 0xff,
  0x00, 0x00, 0xff, 0x00, 0x00, 0xff, 0x00, 0x00, 0xff, 0x00, 0x00, 0xff,
  0x00, 0x00, 0xff, 0x00, 0x00, 0xff, 0x00, 0x00, 0xff, 0x00, 0x00, 0xff,
  0x00, 0x00, 0xff, 0x00, 0x00, 0xff, 0x00, 0x00, 0xff, 0x00, 0x00, 0xff,
  0x00, 0x00, 0x9f, 0x00, 0x00, 0x0c, 0x00, 0x00, 0x00, 0x00, 0x00, 0x80,
  0x00, 0x00, 0xff, 0x00, 0x00, 0xff, 0x00, 0x00, 0xff, 0x00, 0x00, 0xff,
  0x00, 0x00, 0xe8, 0x00, 0x00, 0x29, 0x00, 0x00, 0x00, 0x00, 0x00, 0x00,
  0x00, 0x00, 0x00, 0x00, 0x00, 0x00, 0x00, 0x00, 0x00, 0x00, 0x00, 0x00,
  0x00, 0x00, 0x01, 0x00, 0x00, 0x51, 0x00, 0x00, 0xd9, 0x00, 0x00, 0xff,
  0x00, 0x00, 0xff, 0x00, 0x00, 0xff, 0x00, 0x00, 0xff, 0x00, 0x00, 0xff,
  0x00, 0x00, 0xf5, 0x00, 0x00, 0x3d, 0x00, 0x00, 0x00, 0x00, 0x00, 0x2c,
  0x00, 0x00, 0xeb, 0x00, 0x00, 0xff, 0x00, 0x00, 0xff, 0x00, 0x00, 0xff,
  0x00, 0x00, 0xff, 0x00, 0x00, 0x79, 0x00, 0x00, 0x00, 0x00, 0x00, 0x00,
  0x00, 0x00, 0x00, 0x00, 0x00, 0x00, 0x00, 0x00, 0x00, 0x00, 0x00, 0x00,
  0x00, 0x00, 0x00, 0x00, 0x00, 0x00, 0x00, 0x00, 0x00, 0x00, 0x00, 0x1f,
  0x00, 0x00, 0xde, 0x00, 0x00, 0xff, 0x00, 0x00, 0xff, 0x00, 0x00, 0xff,
  0x00, 0x00, 0xff, 0x00, 0x00, 0x90, 0x00, 0x00, 0x00, 0x00, 0x00, 0x10,
  0x00, 0x00, 0xca, 0x00, 0x00, 0xff, 0x00, 0x00, 0xff, 0x00, 0x00, 0xff,
  0x00, 0x00, 0xff, 0x00, 0x00, 0xab, 0x00, 0x00, 0x03, 0x00, 0x00, 0x00,
  0x00, 0x00, 0x00, 0x00, 0x00, 0x00, 0x00, 0x00, 0x00, 0x00, 0x00, 0x00,
  0x00, 0x00, 0x00, 0x00, 0x00, 0x00, 0x00, 0x00, 0x02, 0x00, 0x00, 0x6d,
  0x00, 0x00, 0xf3, 0x00, 0x00, 0xff, 0x00, 0x00, 0xff, 0x00, 0x00, 0xff,
  0x00, 0x00, 0xff, 0x00, 0x00, 0xee, 0x00, 0x00, 0x34, 0x00, 0x00, 0x7c,
  0x00, 0x00, 0xfd, 0x00, 0x00, 0xff, 0x00, 0x00, 0xff, 0x00, 0x00, 0xff,
  0x00, 0x00, 0xff, 0x00, 0x00, 0xff, 0x00, 0x00, 0xff, 0x00, 0x00, 0xff,
  0x00, 0x00, 0xff, 0x00, 0x00, 0xff, 0x00, 0x00, 0xff, 0x00, 0x00, 0xff,
  0x00, 0x00, 0xff, 0x00, 0x00, 0xff, 0x00, 0x00, 0xff, 0x00, 0x00, 0xff,
  0x00, 0x00, 0xff, 0x00, 0x00, 0xff, 0x00, 0x00, 0xff, 0x00, 0x00, 0xa2,
  0x00, 0x00, 0x00, 0x00, 0x00, 0x00, 0x00, 0x00, 0x00, 0x00, 0x00, 0x00,
  0x00, 0x00, 0x00, 0x00, 0x00, 0x00, 0x00, 0x00, 0x00, 0x00, 0x00, 0x00,
  0x00, 0x00, 0x00, 0x00, 0x00, 0x00, 0x00, 0x00, 0x00, 0x00, 0x00, 0x00,
  0x00, 0x00, 0x00, 0x00, 0x00, 0x00, 0x00, 0x00, 0x00, 0x00, 0x00, 0x00,
  0x00, 0x00, 0xd5, 0x00, 0x00, 0xff, 0x00, 0x00, 0xff, 0x00, 0x00, 0xff,
  0x00, 0x00, 0xff, 0x00, 0x00, 0xff, 0x00, 0x00, 0xff, 0x00, 0x00, 0xff,
  0x00, 0x00, 0xff, 0x00, 0x00, 0xff, 0x00, 0x00, 0xff, 0x00, 0x00, 0xff,
  0x00, 0x00, 0xff, 0x00, 0x00, 0xff, 0x00, 0x00, 0xff, 0x00, 0x00, 0xff,
  0x00, 0x00, 0xff, 0x00, 0x00, 0xff, 0x00, 0x00, 0xff, 0x00, 0x00, 0xa3,
  0x00, 0x00, 0x14, 0x00, 0x00, 0x00, 0x00, 0x00, 0x00, 0x00, 0x00, 0x81,
  0x00, 0x00, 0xff, 0x00, 0x00, 0xff, 0x00, 0x00, 0xff, 0x00, 0x00, 0xff,
  0x00, 0x00, 0xea, 0x00, 0x00, 0x2a, 0x00, 0x00, 0x00, 0x00, 0x00, 0x00,
  0x00, 0x00, 0x00, 0x00, 0x00, 0x00, 0x00, 0x00, 0x00, 0x00, 0x00, 0x00,
  0x00, 0x00, 0x00, 0x00, 0x00, 0x00, 0x00, 0x00, 0x30, 0x00, 0x00, 0xba,
  0x00, 0x00, 0xff, 0x00, 0x00, 0xff, 0x00, 0x00, 0xff, 0x00, 0x00, 0xff,
  0x00, 0x00, 0xf7, 0x00, 0x00, 0x3d, 0x00, 0x00, 0x00, 0x00, 0x00, 0x2d,
  0x00, 0x00, 0xed, 0x00, 0x00, 0xff, 0x00, 0x00, 0xff, 0x00, 0x00, 0xff,
  0x00, 0x00, 0xff, 0x00, 0x00, 0x7a, 0x00, 0x00, 0x00, 0x00, 0x00, 0x00,
  0x00, 0x00, 0x00, 0x00, 0x00, 0x00, 0x00, 0x00, 0x00, 0x00, 0x00, 0x00,
  0x00, 0x00, 0x00, 0x00, 0x00, 0x00, 0x00, 0x00, 0x00, 0x00, 0x00, 0x1f,
  0x00, 0x00, 0xe0, 0x00, 0x00, 0xff, 0x00, 0x00, 0xff, 0x00, 0x00, 0xff,
  0x00, 0x00, 0xff, 0x00, 0x00, 0x91, 0x00, 0x00, 0x00, 0x00, 0x00, 0x10,
  0x00, 0x00, 0xcc, 0x00, 0x00, 0xff, 0x00, 0x00, 0xff, 0x00, 0x00, 0xff,
  0x00, 0x00, 0xff, 0x00, 0x00, 0xac, 0x00, 0x00, 0x03, 0x00, 0x00, 0x00,
  0x00, 0x00, 0x00, 0x00, 0x00, 0x00, 0x00, 0x00, 0x00, 0x00, 0x00, 0x00,
  0x00, 0x00, 0x00, 0x00, 0x00, 0x00, 0x00, 0x00, 0x00, 0x00, 0x00, 0x03,
  0x00, 0x00, 0x71, 0x00, 0x00, 0xf5, 0x00, 0x00, 0xff, 0x00, 0x00, 0xff,
  0x00, 0x00, 0xff, 0x00, 0x00, 0xf0, 0x00, 0x00, 0x33, 0x00, 0x00, 0x09,
  0x00, 0x00, 0x8e, 0x00, 0x00, 0xfc, 0x00, 0x00, 0xff, 0x00, 0x00, 0xff,
  0x00, 0x00, 0xff, 0x00, 0x00, 0xff, 0x00, 0x00, 0xff, 0x00, 0x00, 0xff,
  0x00, 0x00, 0xff, 0x00, 0x00, 0xff, 0x00, 0x00, 0xff, 0x00, 0x00, 0xff,
  0x00, 0x00, 0xff, 0x00, 0x00, 0xff, 0x00, 0x00, 0xff, 0x00, 0x00, 0xff,
  0x00, 0x00, 0xff, 0x00, 0x00, 0xff, 0x00, 0x00, 0xad, 0x00, 0x00, 0x1f,
  0x00, 0x00, 0x00, 0x00, 0x00, 0x00, 0x00, 0x00, 0x00, 0x00, 0x00, 0x00,
  0x00, 0x00, 0x00, 0x00, 0x00, 0x00, 0x00, 0x00, 0x00, 0x00, 0x00, 0x00,
  0x00, 0x00, 0x00, 0x00, 0x00, 0x00, 0x00, 0x00, 0x00, 0x00, 0x00, 0x00,
  0x00, 0x00, 0x00, 0x00, 0x00, 0x00, 0x00, 0x00, 0x00, 0x00, 0x00, 0x00,
  0x00, 0x00, 0xba, 0x00, 0x00, 0xe2, 0x00, 0x00, 0xe1, 0x00, 0x00, 0xe1,
  0x00, 0x00, 0xe1, 0x00, 0x00, 0xe1, 0x00, 0x00, 0xe1, 0x00, 0x00, 0xe1,
  0x00, 0x00, 0xe1, 0x00, 0x00, 0xe1, 0x00, 0x00, 0xe1, 0x00, 0x00, 0xe1,
  0x00, 0x00, 0xe1, 0x00, 0x00, 0xe1, 0x00, 0x00, 0xe1, 0x00, 0x00, 0xe1,
  0x00, 0x00, 0xe1, 0x00, 0x00, 0xe2, 0x00, 0x00, 0x9e, 0x00, 0x00, 0x14,
  0x00, 0x00, 0x00, 0x00, 0x00, 0x00, 0x00, 0x00, 0x00, 0x00, 0x00, 0x70,
  0x00, 0x00, 0xe3, 0x00, 0x00, 0xe1, 0x00, 0x00, 0xe1, 0x00, 0x00, 0xe2,
  0x00, 0x00, 0xcc, 0x00, 0x00, 0x24, 0x00, 0x00, 0x00, 0x00, 0x00, 0x00,
  0x00, 0x00, 0x00, 0x00, 0x00, 0x00, 0x00, 0x00, 0x00, 0x00, 0x00, 0x00,
  0x00, 0x00, 0x00, 0x00, 0x00, 0x00, 0x00, 0x00, 0x00, 0x00, 0x00, 0x17,
  0x00, 0x00, 0x95, 0x00, 0x00, 0xe0, 0x00, 0x00, 0xe1, 0x00, 0x00, 0xe1,
  0x00, 0x00, 0xd8, 0x00, 0x00, 0x35, 0x00, 0x00, 0x00, 0x00, 0x00, 0x27,
  0x00, 0x00, 0xcf, 0x00, 0x00, 0xe2, 0x00, 0x00, 0xe1, 0x00, 0x00, 0xe1,
  0x00, 0x00, 0xe3, 0x00, 0x00, 0x6b, 0x00, 0x00, 0x00, 0x00, 0x00, 0x00,
  0x00, 0x00, 0x00, 0x00, 0x00, 0x00, 0x00, 0x00, 0x00, 0x00, 0x00, 0x00,
  0x00, 0x00, 0x00, 0x00, 0x00, 0x00, 0x00, 0x00, 0x00, 0x00, 0x00, 0x1b,
  0x00, 0x00, 0xc3, 0x00, 0x00, 0xe2, 0x00, 0x00, 0xe1, 0x00, 0x00, 0xe1,
  0x00, 0x00, 0xe4, 0x00, 0x00, 0x7e, 0x00, 0x00, 0x00, 0x00, 0x00, 0x0e,
  0x00, 0x00, 0xb2, 0x00, 0x00, 0xe3, 0x00, 0x00, 0xe1, 0x00, 0x00, 0xe1,
  0x00, 0x00, 0xe4, 0x00, 0x00, 0x97, 0x00, 0x00, 0x02, 0x00, 0x00, 0x00,
  0x00, 0x00, 0x00, 0x00, 0x00, 0x00, 0x00, 0x00, 0x00, 0x00, 0x00, 0x00,
  0x00, 0x00, 0x00, 0x00, 0x00, 0x00, 0x00, 0x00, 0x00, 0x00, 0x00, 0x00,
  0x00, 0x00, 0x03, 0x00, 0x00, 0x74, 0x00, 0x00, 0xdf, 0x00, 0x00, 0xe3,
  0x00, 0x00, 0xe3, 0x00, 0x00, 0xd3, 0x00, 0x00, 0x2d, 0x00, 0x00, 0x00,
  0x00, 0x00, 0x0b, 0x00, 0x00, 0x8b, 0x00, 0x00, 0xe1, 0x00, 0x00, 0xe1,
  0x00, 0x00, 0xe1, 0x00, 0x00, 0xe1, 0x00, 0x00, 0xe1, 0x00, 0x00, 0xe1,
  0x00, 0x00, 0xe1, 0x00, 0x00, 0xe1, 0x00, 0x00, 0xe1, 0x00, 0x00, 0xe1,
  0x00, 0x00, 0xe1, 0x00, 0x00, 0xe1, 0x00, 0x00, 0xe1, 0x00, 0x00, 0xe1,
  0x00, 0x00, 0xe2, 0x00, 0x00, 0xa8, 0x00, 0x00, 0x19, 0x00, 0x00, 0x00,
  0x00, 0x00, 0x00, 0x00, 0x00, 0x00, 0x00, 0x00, 0x00, 0x00, 0x00, 0x00,
  0x00, 0x00, 0x00, 0x00, 0x00, 0x00, 0x00, 0x00, 0x00, 0x00, 0x00, 0x00,
  0x00, 0x00, 0x00, 0x00, 0x00, 0x00, 0x00, 0x00, 0x00, 0x00, 0x00, 0x00,
  0x00, 0x00, 0x00, 0x00, 0x00, 0x00, 0x00, 0x00, 0x00, 0x00, 0x00, 0x00,
  0x00, 0x00, 0x1d, 0x00, 0x00, 0x23, 0x00, 0x00, 0x23, 0x00, 0x00, 0x23,
  0x00, 0x00, 0x23, 0x00, 0x00, 0x23, 0x00, 0x00, 0x23, 0x00, 0x00, 0x23,
  0x00, 0x00, 0x23, 0x00, 0x00, 0x23, 0x00, 0x00, 0x23, 0x00, 0x00, 0x23,
  0x00, 0x00, 0x23, 0x00, 0x00, 0x23, 0x00, 0x00, 0x23, 0x00, 0x00, 0x23,
  0x00, 0x00, 0x23, 0x00, 0x00, 0x23, 0x00, 0x00, 0x0f, 0x00, 0x00, 0x03,
  0x00, 0x00, 0x05, 0x00, 0x00, 0x05, 0x00, 0x00, 0x04, 0x00, 0x00, 0x14,
  0x00, 0x00, 0x23, 0x00, 0x00, 0x23, 0x00, 0x00, 0x23, 0x00, 0x00, 0x23,
  0x00, 0x00, 0x20, 0x00, 0x00, 0x0a, 0x00, 0x00, 0x04, 0x00, 0x00, 0x05,
  0x00, 0x00, 0x05, 0x00, 0x00, 0x05, 0x00, 0x00, 0x05, 0x00, 0x00, 0x05,
  0x00, 0x00, 0x05, 0x00, 0x00, 0x05, 0x00, 0x00, 0x05, 0x00, 0x00, 0x03,
  0x00, 0x00, 0x0b, 0x00, 0x00, 0x22, 0x00, 0x00, 0x23, 0x00, 0x00, 0x23,
  0x00, 0x00, 0x21, 0x00, 0x00, 0x0c, 0x00, 0x00, 0x04, 0x00, 0x00, 0x0a,
  0x00, 0x00, 0x20, 0x00, 0x00, 0x23, 0x00, 0x00, 0x23, 0x00, 0x00, 0x23,
  0x00, 0x00, 0x23, 0x00, 0x00, 0x13, 0x00, 0x00, 0x04, 0x00, 0x00, 0x05,
  0x00, 0x00, 0x05, 0x00, 0x00, 0x05, 0x00, 0x00, 0x05, 0x00, 0x00, 0x05,
  0x00, 0x00, 0x05, 0x00, 0x00, 0x05, 0x00, 0x00, 0x04, 0x00, 0x00, 0x08,
  0x00, 0x00, 0x1f, 0x00, 0x00, 0x23, 0x00, 0x00, 0x23, 0x00, 0x00, 0x23,
  0x00, 0x00, 0x23, 0x00, 0x00, 0x16, 0x00, 0x00, 0x04, 0x00, 0x00, 0x07,
  0x00, 0x00, 0x1c, 0x00, 0x00, 0x23, 0x00, 0x00, 0x23, 0x00, 0x00, 0x23,
  0x00, 0x00, 0x23, 0x00, 0x00, 0x19, 0x00, 0x00, 0x05, 0x00, 0x00, 0x05,
  0x00, 0x00, 0x05, 0x00, 0x00, 0x05, 0x00, 0x00, 0x05, 0x00, 0x00, 0x05,
  0x00, 0x00, 0x05, 0x00, 0x00, 0x05, 0x00, 0x00, 0x05, 0x00, 0x00, 0x05,
  0x00, 0x00, 0x04, 0x00, 0x00, 0x09, 0x00, 0x00, 0x23, 0x00, 0x00, 0x26,
  0x00, 0x00, 0x26, 0x00, 0x00, 0x23, 0x00, 0x00, 0x0b, 0x00, 0x00, 0x04,
  0x00, 0x00, 0x03, 0x00, 0x00, 0x0c, 0x00, 0x00, 0x22, 0x00, 0x00, 0x23,
  0x00, 0x00, 0x23, 0x00, 0x00, 0x23, 0x00, 0x00, 0x23, 0x00, 0x00, 0x23,
  0x00, 0x00, 0x23, 0x00, 0x00, 0x23, 0x00, 0x00, 0x23, 0x00, 0x00, 0x23,
  0x00, 0x00, 0x23, 0x00, 0x00, 0x23, 0x00, 0x00, 0x23, 0x00, 0x00, 0x23,
  0x00, 0x00, 0x23, 0x00, 0x00, 0x11, 0x00, 0x00, 0x03, 0x00, 0x00, 0x04,
  0x00, 0x00, 0x00, 0x00, 0x00, 0x00, 0x00, 0x00, 0x00, 0x00, 0x00, 0x00,
  0x00, 0x00, 0x00, 0x00, 0x00, 0x00, 0x00, 0x00, 0x00, 0x00, 0x00, 0x00,
  0x00, 0x00, 0x00, 0x00, 0x00, 0x00, 0x00, 0x00, 0x00, 0x00, 0x00, 0x00,
  0x00, 0x00, 0x00, 0x00, 0x00, 0x00, 0x00, 0x00, 0x00, 0x00, 0x00, 0x00,
  0x00, 0x00, 0xa5, 0x00, 0x00, 0xb0, 0x00, 0x00, 0xb0, 0x00, 0x00, 0xb0,
  0x00, 0x00, 0xb0, 0x00, 0x00, 0xb0, 0x00, 0x00, 0xb0, 0x00, 0x00, 0xb0,
  0x00, 0x00, 0xb0, 0x00, 0x00, 0xb0, 0x00, 0x00, 0xb0, 0x00, 0x00, 0xb0,
  0x00, 0x00, 0xb0, 0x00, 0x00, 0xb0, 0x00, 0x00, 0xb0, 0x00, 0x00, 0xb0,
  0x00, 0x00, 0xb0, 0x00, 0x00, 0xb0, 0x00, 0x00, 0xb1, 0x00, 0x00, 0xb2,
  0x00, 0x00, 0xb2, 0x00, 0x00, 0xb2, 0x00, 0x00, 0xb2, 0x00, 0x00, 0xb1,
  0x00, 0x00, 0xb0, 0x00, 0x00, 0xb0, 0x00, 0x00, 0xb0, 0x00, 0x00, 0xb0,
  0x00, 0x00, 0xb0, 0x00, 0x00, 0xb2, 0x00, 0x00, 0xb2, 0x00, 0x00, 0xb2,
  0x00, 0x00, 0xb2, 0x00, 0x00, 0xb2, 0x00, 0x00, 0xb2, 0x00, 0x00, 0xb2,
  0x00, 0x00, 0xb2, 0x00, 0x00, 0xb2, 0x00, 0x00, 0xb2, 0x00, 0x00, 0xb2,
  0x00, 0x00, 0xb1, 0x00, 0x00, 0xb0, 0x00, 0x00, 0xb0, 0x00, 0x00, 0xb0,
  0x00, 0x00, 0xb0, 0x00, 0x00, 0xb1, 0x00, 0x00, 0xb2, 0x00, 0x00, 0xb2,
  0x00, 0x00, 0xb0, 0x00, 0x00, 0xb0, 0x00, 0x00, 0xb0, 0x00, 0x00, 0xb0,
  0x00, 0x00, 0xb0, 0x00, 0x00, 0xb1, 0x00, 0x00, 0xb2, 0x00, 0x00, 0xb2,
  0x00, 0x00, 0xb2, 0x00, 0x00, 0xb2, 0x00, 0x00, 0xb2, 0x00, 0x00, 0xb2,
  0x00, 0x00, 0xb2, 0x00, 0x00, 0xb2, 0x00, 0x00, 0xb2, 0x00, 0x00, 0xb2,
  0x00, 0x00, 0xb0, 0x00, 0x00, 0xb0, 0x00, 0x00, 0xb0, 0x00, 0x00, 0xb0,
  0x00, 0x00, 0xb0, 0x00, 0x00, 0xb1, 0x00, 0x00, 0xb2, 0x00, 0x00, 0xb2,
  0x00, 0x00, 0xb0, 0x00, 0x00, 0xb0, 0x00, 0x00, 0xb0, 0x00, 0x00, 0xb0,
  0x00, 0x00, 0xb0, 0x00, 0x00, 0xb1, 0x00, 0x00, 0xb2, 0x00, 0x00, 0xb2,
  0x00, 0x00, 0xb2, 0x00, 0x00, 0xb2, 0x00, 0x00, 0xb2, 0x00, 0x00, 0xb2,
  0x00, 0x00, 0xb2, 0x00, 0x00, 0xb2, 0x00, 0x00, 0xb2, 0x00, 0x00, 0xb2,
  0x00, 0x00, 0xb2, 0x00, 0x00, 0xb2, 0x00, 0x00, 0xb0, 0x00, 0x00, 0xb0,
  0x00, 0x00, 0xb0, 0x00, 0x00, 0xb0, 0x00, 0x00, 0xb2, 0x00, 0x00, 0xb2,
  0x00, 0x00, 0xb2, 0x00, 0x00, 0xb1, 0x00, 0x00, 0xb0, 0x00, 0x00, 0xb0,
  0x00, 0x00, 0xb0, 0x00, 0x00, 0xb0, 0x00, 0x00, 0xb0, 0x00, 0x00, 0xb0,
  0x00, 0x00, 0xb0, 0x00, 0x00, 0xb0, 0x00, 0x00, 0xb0, 0x00, 0x00, 0xb0,
  0x00, 0x00, 0xb0, 0x00, 0x00, 0xb0, 0x00, 0x00, 0xb0, 0x00, 0x00, 0xb0,
  0x00, 0x00, 0xb0, 0x00, 0x00, 0xb1, 0x00, 0x00, 0xb3, 0x00, 0x00, 0xa2,
  0x00, 0x00, 0x00, 0x00, 0x00, 0x00, 0x00, 0x00, 0x00, 0x00, 0x00, 0x00,
  0x00, 0x00, 0x00, 0x00, 0x00, 0x00, 0x00, 0x00, 0x00, 0x00, 0x00, 0x00,
  0x00, 0x00, 0x00, 0x00, 0x00, 0x00, 0x00, 0x00, 0x00, 0x00, 0x00, 0x00,
  0x00, 0x00, 0x00, 0x00, 0x00, 0x00, 0x00, 0x00, 0x00, 0x00, 0x00, 0x00,
  0x00, 0x00, 0xf3, 0x00, 0x00, 0xff, 0x00, 0x00, 0xff, 0x00, 0x00, 0xff,
  0x00, 0x00, 0xff, 0x00, 0x00, 0xff, 0x00, 0x00, 0xff, 0x00, 0x00, 0xff,
  0x00, 0x00, 0xff, 0x00, 0x00, 0xff, 0x00, 0x00, 0xff, 0x00, 0x00, 0xff,
  0x00, 0x00, 0xff, 0x00, 0x00, 0xff, 0x00, 0x00, 0xff, 0x00, 0x00, 0xff,
  0x00, 0x00, 0xff, 0x00, 0x00, 0xff, 0x00, 0x00, 0xff, 0x00, 0x00, 0xff,
  0x00, 0x00, 0xff, 0x00, 0x00, 0xff, 0x00, 0x00, 0xff, 0x00, 0x00, 0xff,
  0x00, 0x00, 0xff, 0x00, 0x00, 0xff, 0x00, 0x00, 0xff, 0x00, 0x00, 0xff,
  0x00, 0x00, 0xff, 0x00, 0x00, 0xff, 0x00, 0x00, 0xff, 0x00, 0x00, 0xff,
  0x00, 0x00, 0xff, 0x00, 0x00, 0xff, 0x00, 0x00, 0xff, 0x00, 0x00, 0xff,
  0x00, 0x00, 0xff, 0x00, 0x00, 0xff, 0x00, 0x00, 0xff, 0x00, 0x00, 0xff,
  0x00, 0x00, 0xff, 0x00, 0x00, 0xff, 0x00, 0x00, 0xff, 0x00, 0x00, 0xff,
  0x00, 0x00, 0xff, 0x00, 0x00, 0xff, 0x00, 0x00, 0xff, 0x00, 0x00, 0xff,
  0x00, 0x00, 0xff, 0x00, 0x00, 0xff, 0x00, 0x00, 0xff, 0x00, 0x00, 0xff,
  0x00, 0x00, 0xff, 0x00, 0x00, 0xff, 0x00, 0x00, 0xff, 0x00, 0x00, 0xff,
  0x00, 0x00, 0xff, 0x00, 0x00, 0xff, 0x00, 0x00, 0xff, 0x00, 0x00, 0xff,
  0x00, 0x00, 0xff, 0x00, 0x00, 0xff, 0x00, 0x00, 0xff, 0x00, 0x00, 0xff,
  0x00, 0x00, 0xff, 0x00, 0x00, 0xff, 0x00, 0x00, 0xff, 0x00, 0x00, 0xff,
  0x00, 0x00, 0xff, 0x00, 0x00, 0xff, 0x00, 0x00, 0xff, 0x00, 0x00, 0xff,
  0x00, 0x00, 0xff, 0x00, 0x00, 0xff, 0x00, 0x00, 0xff, 0x00, 0x00, 0xff,
  0x00, 0x00, 0xff, 0x00, 0x00, 0xff, 0x00, 0x00, 0xff, 0x00, 0x00, 0xff,
  0x00, 0x00, 0xff, 0x00, 0x00, 0xff, 0x00, 0x00, 0xff, 0x00, 0x00, 0xff,
  0x00, 0x00, 0xff, 0x00, 0x00, 0xff, 0x00, 0x00, 0xff, 0x00, 0x00, 0xff,
  0x00, 0x00, 0xff, 0x00, 0x00, 0xff, 0x00, 0x00, 0xff, 0x00, 0x00, 0xff,
  0x00, 0x00, 0xff, 0x00, 0x00, 0xff, 0x00, 0x00, 0xff, 0x00, 0x00, 0xff,
  0x00, 0x00, 0xff, 0x00, 0x00, 0xff, 0x00, 0x00, 0xff, 0x00, 0x00, 0xff,
  0x00, 0x00, 0xff, 0x00, 0x00, 0xff, 0x00, 0x00, 0xff, 0x00, 0x00, 0xff,
  0x00, 0x00, 0xff, 0x00, 0x00, 0xff, 0x00, 0x00, 0xff, 0x00, 0x00, 0xff,
  0x00, 0x00, 0xff, 0x00, 0x00, 0xff, 0x00, 0x00, 0xff, 0x00, 0x00, 0xff,
  0x00, 0x00, 0xff, 0x00, 0x00, 0xff, 0x00, 0x00, 0xff, 0x00, 0x00, 0xed,
  0x00, 0x00, 0x00, 0x00, 0x00, 0x00, 0x00, 0x00, 0x00, 0x00, 0x00, 0x00,
  0x00, 0x00, 0x00, 0x00, 0x00, 0x00, 0x00, 0x00, 0x00, 0x00, 0x00, 0x00,
  0x00, 0x00, 0x00, 0x00, 0x00, 0x00, 0x00, 0x00, 0x00, 0x00, 0x00, 0x00,
  0x00, 0x00, 0x00, 0x00, 0x00, 0x00, 0x00, 0x00, 0x00, 0x00, 0x00, 0x00,
  0x00, 0x00, 0xef, 0x00, 0x00, 0xff, 0x00, 0x00, 0xfd, 0x00, 0x00, 0xd4,
  0x00, 0x00, 0xd7, 0x00, 0x00, 0xfe, 0x00, 0x00, 0xff, 0x00, 0x00, 0xff,
  0x00, 0x00, 0xe8, 0x00, 0x00, 0xc9, 0x00, 0x00, 0xf4, 0x00, 0x00, 0xf3,
  0x00, 0x00, 0xc9, 0x00, 0x00, 0xeb, 0x00, 0x00, 0xff, 0x00, 0x00, 0xff,
  0x00, 0x00, 0xe4, 0x00, 0x00, 0xc5, 0x00, 0x00, 0xc6, 0x00, 0x00, 0xc5,
  0x00, 0x00, 0xc5, 0x00, 0x00, 0xe6, 0x00, 0x00, 0xff, 0x00, 0x00, 0xff,
  0x00, 0x00, 0xff, 0x00, 0x00, 0xe3, 0x00, 0x00, 0xc3, 0x00, 0x00, 0xc2,
  0x00, 0x00, 0xc2, 0x00, 0x00, 0xe5, 0x00, 0x00, 0xff, 0x00, 0x00, 0xff,
  0x00, 0x00, 0xf2, 0x00, 0x00, 0xc8, 0x00, 0x00, 0xc5, 0x00, 0x00, 0xc5,
  0x00, 0x00, 0xd9, 0x00, 0x00, 0xfd, 0x00, 0x00, 0xff, 0x00, 0x00, 0xff,
  0x00, 0x00, 0xff, 0x00, 0x00, 0xe1, 0x00, 0x00, 0xc2, 0x00, 0x00, 0xc2,
  0x00, 0x00, 0xc4, 0x00, 0x00, 0xe6, 0x00, 0x00, 0xff, 0x00, 0x00, 0xff,
  0x00, 0x00, 0xff, 0x00, 0x00, 0xee, 0x00, 0x00, 0xc9, 0x00, 0x00, 0xef,
  0x00, 0x00, 0xff, 0x00, 0x00, 0xff, 0x00, 0x00, 0xff, 0x00, 0x00, 0xff,
  0x00, 0x00, 0xff, 0x00, 0x00, 0xff, 0x00, 0x00, 0xf1, 0x00, 0x00, 0xc9,
  0x00, 0x00, 0xc2, 0x00, 0x00, 0xd2, 0x00, 0x00, 0xfa, 0x00, 0x00, 0xff,
  0x00, 0x00, 0xff, 0x00, 0x00, 0xff, 0x00, 0x00, 0xe9, 0x00, 0x00, 0xc9,
  0x00, 0x00, 0xf3, 0x00, 0x00, 0xf4, 0x00, 0x00, 0xc9, 0x00, 0x00, 0xea,
  0x00, 0x00, 0xff, 0x00, 0x00, 0xff, 0x00, 0x00, 0xff, 0x00, 0x00, 0xfc,
  0x00, 0x00, 0xd6, 0x00, 0x00, 0xc2, 0x00, 0x00, 0xc2, 0x00, 0x00, 0xc7,
  0x00, 0x00, 0xf3, 0x00, 0x00, 0xff, 0x00, 0x00, 0xef, 0x00, 0x00, 0xc7,
  0x00, 0x00, 0xc5, 0x00, 0x00, 0xc6, 0x00, 0x00, 0xc4, 0x00, 0x00, 0xd9,
  0x00, 0x00, 0xfe, 0x00, 0x00, 0xff, 0x00, 0x00, 0xff, 0x00, 0x00, 0xef,
  0x00, 0x00, 0xc8, 0x00, 0x00, 0xc2, 0x00, 0x00, 0xd4, 0x00, 0x00, 0xfb,
  0x00, 0x00, 0xff, 0x00, 0x00, 0xff, 0x00, 0x00, 0xff, 0x00, 0x00, 0xea,
  0x00, 0x00, 0xc6, 0x00, 0x00, 0xc5, 0x00, 0x00, 0xc6, 0x00, 0x00, 0xe1,
  0x00, 0x00, 0xff, 0x00, 0x00, 0xff, 0x00, 0x00, 0xff, 0x00, 0x00, 0xfd,
  0x00, 0x00, 0xd1, 0x00, 0x00, 0xd6, 0x00, 0x00, 0xfe, 0x00, 0x00, 0xdb,
  0x00, 0x00, 0xcd, 0x00, 0x00, 0xfb, 0x00, 0x00, 0xff, 0x00, 0x00, 0xe9,
  0x00, 0x00, 0x00, 0x00, 0x00, 0x00, 0x00, 0x00, 0x00, 0x00, 0x00, 0x00,
  0x00, 0x00, 0x00, 0x00, 0x00, 0x00, 0x00, 0x00, 0x00, 0x00, 0x00, 0x00,
  0x00, 0x00, 0x00, 0x00, 0x00, 0x00, 0x00, 0x00, 0x00, 0x00, 0x00, 0x00,
  0x00, 0x00, 0x00, 0x00, 0x00, 0x00, 0x00, 0x00, 0x00, 0x00, 0x00, 0x00,
  0x00, 0x00, 0xef, 0x00, 0x00, 0xff, 0x00, 0x00, 0xf8, 0x00, 0x00, 0x4b,
  0x00, 0x00, 0x57, 0x00, 0x00, 0xfc, 0x00, 0x00, 0xff, 0x00, 0x00, 0xff,
  0x00, 0x00, 0x9e, 0x00, 0x00, 0x15, 0x00, 0x00, 0xbf, 0x00, 0x00, 0xcd,
  0x00, 0x00, 0x1b, 0x00, 0x00, 0xac, 0x00, 0x00, 0xff, 0x00, 0x00, 0xff,
  0x00, 0x00, 0x8e, 0x00, 0x00, 0x0e, 0x00, 0x00, 0x0f, 0x00, 0x00, 0x0f,
  0x00, 0x00, 0x0f, 0x00, 0x00, 0x96, 0x00, 0x00, 0xff, 0x00, 0x00, 0xff,
  0x00, 0x00, 0xdb, 0x00, 0x00, 0x38, 0x00, 0x00, 0x0e, 0x00, 0x00, 0x0f,
  0x00, 0x00, 0x0e, 0x00, 0x00, 0x99, 0x00, 0x00, 0xff, 0x00, 0x00, 0xff,
  0x00, 0x00, 0xc9, 0x00, 0x00, 0x19, 0x00, 0x00, 0x0f, 0x00, 0x00, 0x10,
  0x00, 0x00, 0x20, 0x00, 0x00, 0xb2, 0x00, 0x00, 0xff, 0x00, 0x00, 0xff,
  0x00, 0x00, 0xff, 0x00, 0x00, 0x88, 0x00, 0x00, 0x0a, 0x00, 0x00, 0x0f,
  0x00, 0x00, 0x0e, 0x00, 0x00, 0x40, 0x00, 0x00, 0xe3, 0x00, 0x00, 0xff,
  0x00, 0x00, 0xff, 0x00, 0x00, 0xb7, 0x00, 0x00, 0x1d, 0x00, 0x00, 0xbe,
  0x00, 0x00, 0xff, 0x00, 0x00, 0xff, 0x00, 0x00, 0xff, 0x00, 0x00, 0xff,
  0x00, 0x00, 0xff, 0x00, 0x00, 0xf7, 0x00, 0x00, 0x68, 0x00, 0x00, 0x10,
  0x00, 0x00, 0x0f, 0x00, 0x00, 0x17, 0x00, 0x00, 0x9b, 0x00, 0x00, 0xff,
  0x00, 0x00, 0xff, 0x00, 0x00, 0xff, 0x00, 0x00, 0xa3, 0x00, 0x00, 0x14,
  0x00, 0x00, 0xbb, 0x00, 0x00, 0xd1, 0x00, 0x00, 0x1c, 0x00, 0x00, 0xa7,
  0x00, 0x00, 0xff, 0x00, 0x00, 0xff, 0x00, 0x00, 0xff, 0x00, 0x00, 0xaf,
  0x00, 0x00, 0x1d, 0x00, 0x00, 0x0f, 0x00, 0x00, 0x0e, 0x00, 0x00, 0x20,
  0x00, 0x00, 0xd0, 0x00, 0x00, 0xff, 0x00, 0x00, 0xbf, 0x00, 0x00, 0x19,
  0x00, 0x00, 0x0f, 0x00, 0x00, 0x0e, 0x00, 0x00, 0x0d, 0x00, 0x00, 0x63,
  0x00, 0x00, 0xfc, 0x00, 0x00, 0xff, 0x00, 0x00, 0xf3, 0x00, 0x00, 0x5d,
  0x00, 0x00, 0x0f, 0x00, 0x00, 0x0f, 0x00, 0x00, 0x1b, 0x00, 0x00, 0xa7,
  0x00, 0x00, 0xff, 0x00, 0x00, 0xff, 0x00, 0x00, 0xff, 0x00, 0x00, 0xa5,
  0x00, 0x00, 0x0f, 0x00, 0x00, 0x10, 0x00, 0x00, 0x10, 0x00, 0x00, 0x2f,
  0x00, 0x00, 0xcf, 0x00, 0x00, 0xff, 0x00, 0x00, 0xff, 0x00, 0x00, 0xf5,
  0x00, 0x00, 0x47, 0x00, 0x00, 0x5c, 0x00, 0x00, 0xfd, 0x00, 0x00, 0x70,
  0x00, 0x00, 0x37, 0x00, 0x00, 0xed, 0x00, 0x00, 0xff, 0x00, 0x00, 0xe9,
  0x00, 0x00, 0x00, 0x00, 0x00, 0x00, 0x00, 0x00, 0x00, 0x00, 0x00, 0x00,
  0x00, 0x00, 0x00, 0x00, 0x00, 0x00, 0x00, 0x00, 0x00, 0x00, 0x00, 0x00,
  0x00, 0x00, 0x00, 0x00, 0x00, 0x00, 0x00, 0x00, 0x00, 0x00, 0x00, 0x00,
  0x00, 0x00, 0x00, 0x00, 0x00, 0x00, 0x00, 0x00, 0x00, 0x00, 0x00, 0x00,
  0x00, 0x00, 0xef, 0x00, 0x00, 0xff, 0x00, 0x00, 0xf8, 0x00, 0x00, 0x40,
  0x00, 0x00, 0x4d, 0x00, 0x00, 0xfc, 0x00, 0x00, 0xff, 0x00, 0x00, 0xff,
  0x00, 0x00, 0x98, 0x00, 0x00, 0x00, 0x00, 0x00, 0x93, 0x00, 0x00, 0xca,
  0x00, 0x00, 0x0d, 0x00, 0x00, 0xa7, 0x00, 0x00, 0xff, 0x00, 0x00, 0xff,
  0x00, 0x00, 0xd5, 0x00, 0x00, 0xa0, 0x00, 0x00, 0x2b, 0x00, 0x00, 0x30,
  0x00, 0x00, 0xa2, 0x00, 0x00, 0xd7, 0x00, 0x00, 0xff, 0x00, 0x00, 0xff,
  0x00, 0x00, 0xaf, 0x00, 0x00, 0x09, 0x00, 0x00, 0x7d, 0x00, 0x00, 0xa8,
  0x00, 0x00, 0xa5, 0x00, 0x00, 0xd9, 0x00, 0x00, 0xff, 0x00, 0x00, 0xff,
  0x00, 0x00, 0xc6, 0x00, 0x00, 0x0c, 0x00, 0x00, 0x6e, 0x00, 0x00, 0x9d,
  0x00, 0x00, 0x1a, 0x00, 0x00, 0x6d, 0x00, 0x00, 0xff, 0x00, 0x00, 0xff,
  0x00, 0x00, 0xff, 0x00, 0x00, 0x80, 0x00, 0x00, 0x12, 0x00, 0x00, 0x95,
  0x00, 0x00, 0x78, 0x00, 0x00, 0x0c, 0x00, 0x00, 0xbb, 0x00, 0x00, 0xff,
  0x00, 0x00, 0xff, 0x00, 0x00, 0xb2, 0x00, 0x00, 0x0f, 0x00, 0x00, 0xba,
  0x00, 0x00, 0xff, 0x00, 0x00, 0xff, 0x00, 0x00, 0xff, 0x00, 0x00, 0xff,
  0x00, 0x00, 0xff, 0x00, 0x00, 0xe4, 0x00, 0x00, 0x1f, 0x00, 0x00, 0x51,
  0x00, 0x00, 0xa4, 0x00, 0x00, 0x27, 0x00, 0x00, 0x51, 0x00, 0x00, 0xfd,
  0x00, 0x00, 0xff, 0x00, 0x00, 0xff, 0x00, 0x00, 0x9e, 0x00, 0x00, 0x00,
  0x00, 0x00, 0x8d, 0x00, 0x00, 0xce, 0x00, 0x00, 0x0e, 0x00, 0x00, 0xa2,
  0x00, 0x00, 0xff, 0x00, 0x00, 0xff, 0x00, 0x00, 0xff, 0x00, 0x00, 0x6c,
  0x00, 0x00, 0x1a, 0x00, 0x00, 0x99, 0x00, 0x00, 0xa6, 0x00, 0x00, 0xab,
  0x00, 0x00, 0xed, 0x00, 0x00, 0xff, 0x00, 0x00, 0xe7, 0x00, 0x00, 0xaa,
  0x00, 0x00, 0x4f, 0x00, 0x00, 0x15, 0x00, 0x00, 0x91, 0x00, 0x00, 0xc5,
  0x00, 0x00, 0xfe, 0x00, 0x00, 0xff, 0x00, 0x00, 0xd9, 0x00, 0x00, 0x19,
  0x00, 0x00, 0x5c, 0x00, 0x00, 0x9f, 0x00, 0x00, 0x20, 0x00, 0x00, 0x61,
  0x00, 0x00, 0xfe, 0x00, 0x00, 0xff, 0x00, 0x00, 0xff, 0x00, 0x00, 0x9f,
  0x00, 0x00, 0x0b, 0x00, 0x00, 0x85, 0x00, 0x00, 0x8c, 0x00, 0x00, 0x0b,
  0x00, 0x00, 0x98, 0x00, 0x00, 0xff, 0x00, 0x00, 0xff, 0x00, 0x00, 0xf5,
  0x00, 0x00, 0x3d, 0x00, 0x00, 0x53, 0x00, 0x00, 0xfd, 0x00, 0x00, 0x68,
  0x00, 0x00, 0x2c, 0x00, 0x00, 0xec, 0x00, 0x00, 0xff, 0x00, 0x00, 0xe9,
  0x00, 0x00, 0x00, 0x00, 0x00, 0x00, 0x00, 0x00, 0x00, 0x00, 0x00, 0x00,
  0x00, 0x00, 0x00, 0x00, 0x00, 0x00, 0x00, 0x00, 0x00, 0x00, 0x00, 0x00,
  0x00, 0x00, 0x00, 0x00, 0x00, 0x00, 0x00, 0x00, 0x00, 0x00, 0x00, 0x00,
  0x00, 0x00, 0x00, 0x00, 0x00, 0x00, 0x00, 0x00, 0x00, 0x00, 0x00, 0x00,
  0x00, 0x00, 0xef, 0x00, 0x00, 0xff, 0x00, 0x00, 0xf8, 0x00, 0x00, 0x40,
  0x00, 0x00, 0x4e, 0x00, 0x00, 0xfc, 0x00, 0x00, 0xff, 0x00, 0x00, 0xff,
  0x00, 0x00, 0x99, 0x00, 0x00, 0x00, 0x00, 0x00, 0x66, 0x00, 0x00, 0xc6,
  0x00, 0x00, 0x0e, 0x00, 0x00, 0xa7, 0x00, 0x00, 0xff, 0x00, 0x00, 0xff,
  0x00, 0x00, 0xff, 0x00, 0x00, 0xfd, 0x00, 0x00, 0x44, 0x00, 0x00, 0x4c,
  0x00, 0x00, 0xff, 0x00, 0x00, 0xff, 0x00, 0x00, 0xff, 0x00, 0x00, 0xff,
  0x00, 0x00, 0xad, 0x00, 0x00, 0x0e, 0x00, 0x00, 0xc4, 0x00, 0x00, 0xff,
  0x00, 0x00, 0xff, 0x00, 0x00, 0xff, 0x00, 0x00, 0xff, 0x00, 0x00, 0xff,
  0x00, 0x00, 0xc6, 0x00, 0x00, 0x0d, 0x00, 0x00, 0xad, 0x00, 0x00, 0xf5,
  0x00, 0x00, 0x2d, 0x00, 0x00, 0x6a, 0x00, 0x00, 0xff, 0x00, 0x00, 0xff,
  0x00, 0x00, 0xff, 0x00, 0x00, 0x80, 0x00, 0x00, 0x1e, 0x00, 0x00, 0xe8,
  0x00, 0x00, 0xbc, 0x00, 0x00, 0x10, 0x00, 0x00, 0xb8, 0x00, 0x00, 0xff,
  0x00, 0x00, 0xff, 0x00, 0x00, 0xb2, 0x00, 0x00, 0x0f, 0x00, 0x00, 0xba,
  0x00, 0x00, 0xff, 0x00, 0x00, 0xff, 0x00, 0x00, 0xff, 0x00, 0x00, 0xff,
  0x00, 0x00, 0xff, 0x00, 0x00, 0xe2, 0x00, 0x00, 0x1c, 0x00, 0x00, 0x82,
  0x00, 0x00, 0xff, 0x00, 0x00, 0x41, 0x00, 0x00, 0x4e, 0x00, 0x00, 0xfc,
  0x00, 0x00, 0xff, 0x00, 0x00, 0xff, 0x00, 0x00, 0x9e, 0x00, 0x00, 0x00,
  0x00, 0x00, 0x61, 0x00, 0x00, 0xc9, 0x00, 0x00, 0x0f, 0x00, 0x00, 0xa2,
  0x00, 0x00, 0xff, 0x00, 0x00, 0xff, 0x00, 0x00, 0xff, 0x00, 0x00, 0x69,
  0x00, 0x00, 0x2d, 0x00, 0x00, 0xef, 0x00, 0x00, 0xff, 0x00, 0x00, 0xff,
  0x00, 0x00, 0xff, 0x00, 0x00, 0xff, 0x00, 0x00, 0xff, 0x00, 0x00, 0xff,
  0x00, 0x00, 0x7d, 0x00, 0x00, 0x21, 0x00, 0x00, 0xe7, 0x00, 0x00, 0xff,
  0x00, 0x00, 0xff, 0x00, 0x00, 0xff, 0x00, 0x00, 0xd7, 0x00, 0x00, 0x18,
  0x00, 0x00, 0x91, 0x00, 0x00, 0xf9, 0x00, 0x00, 0x36, 0x00, 0x00, 0x5d,
  0x00, 0x00, 0xfe, 0x00, 0x00, 0xff, 0x00, 0x00, 0xff, 0x00, 0x00, 0x9f,
  0x00, 0x00, 0x12, 0x00, 0x00, 0xd1, 0x00, 0x00, 0xdc, 0x00, 0x00, 0x13,
  0x00, 0x00, 0x95, 0x00, 0x00, 0xff, 0x00, 0x00, 0xff, 0x00, 0x00, 0xf5,
  0x00, 0x00, 0x3d, 0x00, 0x00, 0x54, 0x00, 0x00, 0xfd, 0x00, 0x00, 0x69,
  0x00, 0x00, 0x2d, 0x00, 0x00, 0xec, 0x00, 0x00, 0xff, 0x00, 0x00, 0xe9,
  0x00, 0x00, 0x00, 0x00, 0x00, 0x00, 0x00, 0x00, 0x00, 0x00, 0x00, 0x00,
  0x00, 0x00, 0x00, 0x00, 0x00, 0x00, 0x00, 0x00, 0x00, 0x00, 0x00, 0x00,
  0x00, 0x00, 0x00, 0x00, 0x00, 0x00, 0x00, 0x00, 0x00, 0x00, 0x00, 0x00,
  0x00, 0x00, 0x00, 0x00, 0x00, 0x00, 0x00, 0x00, 0x00, 0x00, 0x00, 0x00,
  0x00, 0x00, 0xef, 0x00, 0x00, 0xff, 0x00, 0x00, 0xf8, 0x00, 0x00, 0x40,
  0x00, 0x00, 0x4e, 0x00, 0x00, 0xfc, 0x00, 0x00, 0xff, 0x00, 0x00, 0xff,
  0x00, 0x00, 0x99, 0x00, 0x00, 0x00, 0x00, 0x00, 0x3e, 0x00, 0x00, 0xb9,
  0x00, 0x00, 0x0e, 0x00, 0x00, 0xa7, 0x00, 0x00, 0xff, 0x00, 0x00, 0xff,
  0x00, 0x00, 0xff, 0x00, 0x00, 0xf9, 0x00, 0x00, 0x43, 0x00, 0x00, 0x4b,
  0x00, 0x00, 0xfb, 0x00, 0x00, 0xff, 0x00, 0x00, 0xff, 0x00, 0x00, 0xff,
  0x00, 0x00, 0xad, 0x00, 0x00, 0x0e, 0x00, 0x00, 0xc1, 0x00, 0x00, 0xff,
  0x00, 0x00, 0xff, 0x00, 0x00, 0xff, 0x00, 0x00, 0xff, 0x00, 0x00, 0xff,
  0x00, 0x00, 0xc6, 0x00, 0x00, 0x0d, 0x00, 0x00, 0xaa, 0x00, 0x00, 0xf1,
  0x00, 0x00, 0x2c, 0x00, 0x00, 0x6a, 0x00, 0x00, 0xff, 0x00, 0x00, 0xff,
  0x00, 0x00, 0xff, 0x00, 0x00, 0x80, 0x00, 0x00, 0x1e, 0x00, 0x00, 0xe4,
  0x00, 0x00, 0xb9, 0x00, 0x00, 0x10, 0x00, 0x00, 0xb8, 0x00, 0x00, 0xff,
  0x00, 0x00, 0xff, 0x00, 0x00, 0xb2, 0x00, 0x00, 0x0f, 0x00, 0x00, 0xba,
  0x00, 0x00, 0xff, 0x00, 0x00, 0xff, 0x00, 0x00, 0xff, 0x00, 0x00, 0xff,
  0x00, 0x00, 0xff, 0x00, 0x00, 0xe2, 0x00, 0x00, 0x1d, 0x00, 0x00, 0x7f,
  0x00, 0x00, 0xfb, 0x00, 0x00, 0x40, 0x00, 0x00, 0x4e, 0x00, 0x00, 0xfc,
  0x00, 0x00, 0xff, 0x00, 0x00, 0xff, 0x00, 0x00, 0x9e, 0x00, 0x00, 0x00,
  0x00, 0x00, 0x3a, 0x00, 0x00, 0xbb, 0x00, 0x00, 0x10, 0x00, 0x00, 0xa2,
  0x00, 0x00, 0xff, 0x00, 0x00, 0xff, 0x00, 0x00, 0xff, 0x00, 0x00, 0x6a,
  0x00, 0x00, 0x2c, 0x00, 0x00, 0xec, 0x00, 0x00, 0xff, 0x00, 0x00, 0xff,
  0x00, 0x00, 0xff, 0x00, 0x00, 0xff, 0x00, 0x00, 0xff, 0x00, 0x00, 0xff,
  0x00, 0x00, 0x7b, 0x00, 0x00, 0x21, 0x00, 0x00, 0xe3, 0x00, 0x00, 0xff,
  0x00, 0x00, 0xff, 0x00, 0x00, 0xff, 0x00, 0x00, 0xd7, 0x00, 0x00, 0x18,
  0x00, 0x00, 0x8f, 0x00, 0x00, 0xf5, 0x00, 0x00, 0x35, 0x00, 0x00, 0x5e,
  0x00, 0x00, 0xfe, 0x00, 0x00, 0xff, 0x00, 0x00, 0xff, 0x00, 0x00, 0x9f,
  0x00, 0x00, 0x12, 0x00, 0x00, 0xce, 0x00, 0x00, 0xd9, 0x00, 0x00, 0x13,
  0x00, 0x00, 0x95, 0x00, 0x00, 0xff, 0x00, 0x00, 0xff, 0x00, 0x00, 0xf5,
  0x00, 0x00, 0x3d, 0x00, 0x00, 0x54, 0x00, 0x00, 0xfd, 0x00, 0x00, 0x69,
  0x00, 0x00, 0x2d, 0x00, 0x00, 0xec, 0x00, 0x00, 0xff, 0x00, 0x00, 0xe9,
  0x00, 0x00, 0x00, 0x00, 0x00, 0x00, 0x00, 0x00, 0x00, 0x00, 0x00, 0x00,
  0x00, 0x00, 0x00, 0x00, 0x00, 0x00, 0x00, 0x00, 0x00, 0x00, 0x00, 0x00,
  0x00, 0x00, 0x00, 0x00, 0x00, 0x00, 0x00, 0x00, 0x00, 0x00, 0x00, 0x00,
  0x00, 0x00, 0x00, 0x00, 0x00, 0x00, 0x00, 0x00, 0x00, 0x00, 0x00, 0x00,
  0x00, 0x00, 0xef, 0x00, 0x00, 0xff, 0x00, 0x00, 0xf8, 0x00, 0x00, 0x40,
  0x00, 0x00, 0x4e, 0x00, 0x00, 0xfc, 0x00, 0x00, 0xff, 0x00, 0x00, 0xff,
  0x00, 0x00, 0x99, 0x00, 0x00, 0x00, 0x00, 0x00, 0x1f, 0x00, 0x00, 0xa2,
  0x00, 0x00, 0x10, 0x00, 0x00, 0xa7, 0x00, 0x00, 0xff, 0x00, 0x00, 0xff,
  0x00, 0x00, 0xff, 0x00, 0x00, 0xf9, 0x00, 0x00, 0x43, 0x00, 0x00, 0x4b,
  0x00, 0x00, 0xfb, 0x00, 0x00, 0xff, 0x00, 0x00, 0xff, 0x00, 0x00, 0xff,
  0x00, 0x00, 0xad, 0x00, 0x00, 0x0e, 0x00, 0x00, 0xc1, 0x00, 0x00, 0xff,
  0x00, 0x00, 0xff, 0x00, 0x00, 0xff, 0x00, 0x00, 0xff, 0x00, 0x00, 0xff,
  0x00, 0x00, 0xc6, 0x00, 0x00, 0x0d, 0x00, 0x00, 0xaa, 0x00, 0x00, 0xf1,
  0x00, 0x00, 0x2c, 0x00, 0x00, 0x6a, 0x00, 0x00, 0xff, 0x00, 0x00, 0xff,
  0x00, 0x00, 0xff, 0x00, 0x00, 0x80, 0x00, 0x00, 0x1e, 0x00, 0x00, 0xe4,
  0x00, 0x00, 0xb9, 0x00, 0x00, 0x10, 0x00, 0x00, 0xb8, 0x00, 0x00, 0xff,
  0x00, 0x00, 0xff, 0x00, 0x00, 0xb2, 0x00, 0x00, 0x0f, 0x00, 0x00, 0xba,
  0x00, 0x00, 0xff, 0x00, 0x00, 0xff, 0x00, 0x00, 0xff, 0x00, 0x00, 0xff,
  0x00, 0x00, 0xff, 0x00, 0x00, 0xe2, 0x00, 0x00, 0x1d, 0x00, 0x00, 0x7f,
  0x00, 0x00, 0xfb, 0x00, 0x00, 0x40, 0x00, 0x00, 0x4e, 0x00, 0x00, 0xfc,
  0x00, 0x00, 0xff, 0x00, 0x00, 0xff, 0x00, 0x00, 0x9e, 0x00, 0x00, 0x00,
  0x00, 0x00, 0x1c, 0x00, 0x00, 0xa2, 0x00, 0x00, 0x11, 0x00, 0x00, 0xa2,
  0x00, 0x00, 0xff, 0x00, 0x00, 0xff, 0x00, 0x00, 0xff, 0x00, 0x00, 0x6a,
  0x00, 0x00, 0x2c, 0x00, 0x00, 0xec, 0x00, 0x00, 0xff, 0x00, 0x00, 0xff,
  0x00, 0x00, 0xff, 0x00, 0x00, 0xff, 0x00, 0x00, 0xff, 0x00, 0x00, 0xff,
  0x00, 0x00, 0x7b, 0x00, 0x00, 0x21, 0x00, 0x00, 0xe3, 0x00, 0x00, 0xff,
  0x00, 0x00, 0xff, 0x00, 0x00, 0xff, 0x00, 0x00, 0xd7, 0x00, 0x00, 0x18,
  0x00, 0x00, 0x8f, 0x00, 0x00, 0xf5, 0x00, 0x00, 0x35, 0x00, 0x00, 0x5e,
  0x00, 0x00, 0xfe, 0x00, 0x00, 0xff, 0x00, 0x00, 0xff, 0x00, 0x00, 0x9f,
  0x00, 0x00, 0x12, 0x00, 0x00, 0xce, 0x00, 0x00, 0xd9, 0x00, 0x00, 0x13,
  0x00, 0x00, 0x95, 0x00, 0x00, 0xff, 0x00, 0x00, 0xff, 0x00, 0x00, 0xf5,
  0x00, 0x00, 0x3d, 0x00, 0x00, 0x54, 0x00, 0x00, 0xfd, 0x00, 0x00, 0x69,
  0x00, 0x00, 0x2d, 0x00, 0x00, 0xec, 0x00, 0x00, 0xff, 0x00, 0x00, 0xe9,
  0x00, 0x00, 0x00, 0x00, 0x00, 0x00, 0x00, 0x00, 0x00, 0x00, 0x00, 0x00,
  0x00, 0x00, 0x00, 0x00, 0x00, 0x00, 0x00, 0x00, 0x00, 0x00, 0x00, 0x00,
  0x00, 0x00, 0x00, 0x00, 0x00, 0x00, 0x00, 0x00, 0x00, 0x00, 0x00, 0x00,
  0x00, 0x00, 0x00, 0x00, 0x00, 0x00, 0x00, 0x00, 0x00, 0x00, 0x00, 0x00,
  0x00, 0x00, 0xef, 0x00, 0x00, 0xff, 0x00, 0x00, 0xf8, 0x00, 0x00, 0x40,
  0x00, 0x00, 0x4e, 0x00, 0x00, 0xfc, 0x00, 0x00, 0xff, 0x00, 0x00, 0xff,
  0x00, 0x00, 0x99, 0x00, 0x00, 0x00, 0x00, 0x00, 0x0c, 0x00, 0x00, 0x7f,
  0x00, 0x00, 0x11, 0x00, 0x00, 0xa7, 0x00, 0x00, 0xff, 0x00, 0x00, 0xff,
  0x00, 0x00, 0xff, 0x00, 0x00, 0xf9, 0x00, 0x00, 0x43, 0x00, 0x00, 0x4b,
  0x00, 0x00, 0xfb, 0x00, 0x00, 0xff, 0x00, 0x00, 0xff, 0x00, 0x00, 0xff,
  0x00, 0x00, 0xad, 0x00, 0x00, 0x0e, 0x00, 0x00, 0xc3, 0x00, 0x00, 0xff,
  0x00, 0x00, 0xff, 0x00, 0x00, 0xff, 0x00, 0x00, 0xff, 0x00, 0x00, 0xff,
  0x00, 0x00, 0xc6, 0x00, 0x00, 0x0d, 0x00, 0x00, 0xac, 0x00, 0x00, 0xf4,
  0x00, 0x00, 0x2d, 0x00, 0x00, 0x6a, 0x00, 0x00, 0xff, 0x00, 0x00, 0xff,
  0x00, 0x00, 0xff, 0x00, 0x00, 0x80, 0x00, 0x00, 0x1e, 0x00, 0x00, 0xe7,
  0x00, 0x00, 0xbb, 0x00, 0x00, 0x10, 0x00, 0x00, 0xb8, 0x00, 0x00, 0xff,
  0x00, 0x00, 0xff, 0x00, 0x00, 0xb2, 0x00, 0x00, 0x0f, 0x00, 0x00, 0xba,
  0x00, 0x00, 0xff, 0x00, 0x00, 0xff, 0x00, 0x00, 0xff, 0x00, 0x00, 0xff,
  0x00, 0x00, 0xff, 0x00, 0x00, 0xe2, 0x00, 0x00, 0x1d, 0x00, 0x00, 0x81,
  0x00, 0x00, 0xff, 0x00, 0x00, 0x40, 0x00, 0x00, 0x4e, 0x00, 0x00, 0xfc,
  0x00, 0x00, 0xff, 0x00, 0x00, 0xff, 0x00, 0x00, 0x9e, 0x00, 0x00, 0x00,
  0x00, 0x00, 0x0b, 0x00, 0x00, 0x7e, 0x00, 0x00, 0x13, 0x00, 0x00, 0xa2,
  0x00, 0x00, 0xff, 0x00, 0x00, 0xff, 0x00, 0x00, 0xff, 0x00, 0x00, 0x6a,
  0x00, 0x00, 0x2d, 0x00, 0x00, 0xee, 0x00, 0x00, 0xff, 0x00, 0x00, 0xff,
  0x00, 0x00, 0xff, 0x00, 0x00, 0xff, 0x00, 0x00, 0xff, 0x00, 0x00, 0xff,
  0x00, 0x00, 0x7b, 0x00, 0x00, 0x21, 0x00, 0x00, 0xe3, 0x00, 0x00, 0xff,
  0x00, 0x00, 0xff, 0x00, 0x00, 0xff, 0x00, 0x00, 0xd7, 0x00, 0x00, 0x18,
  0x00, 0x00, 0x91, 0x00, 0x00, 0xf8, 0x00, 0x00, 0x36, 0x00, 0x00, 0x5d,
  0x00, 0x00, 0xfe, 0x00, 0x00, 0xff, 0x00, 0x00, 0xff, 0x00, 0x00, 0x9f,
  0x00, 0x00, 0x12, 0x00, 0x00, 0xd1, 0x00, 0x00, 0xdc, 0x00, 0x00, 0x13,
  0x00, 0x00, 0x95, 0x00, 0x00, 0xff, 0x00, 0x00, 0xff, 0x00, 0x00, 0xf5,
  0x00, 0x00, 0x3d, 0x00, 0x00, 0x55, 0x00, 0x00, 0xff, 0x00, 0x00, 0x6a,
  0x00, 0x00, 0x2d, 0x00, 0x00, 0xec, 0x00, 0x00, 0xff, 0x00, 0x00, 0xe9,
  0x00, 0x00, 0x00, 0x00, 0x00, 0x00, 0x00, 0x00, 0x00, 0x00, 0x00, 0x00,
  0x00, 0x00, 0x00, 0x00, 0x00, 0x00, 0x00, 0x00, 0x00, 0x00, 0x00, 0x00,
  0x00, 0x00, 0x00, 0x00, 0x00, 0x00, 0x00, 0x00, 0x00, 0x00, 0x00, 0x00,
  0x00, 0x00, 0x00, 0x00, 0x00, 0x00, 0x00, 0x00, 0x00, 0x00, 0x00, 0x00,
  0x00, 0x00, 0xef, 0x00, 0x00, 0xff, 0x00, 0x00, 0xf8, 0x00, 0x00, 0x40,
  0x00, 0x00, 0x4e, 0x00, 0x00, 0xfc, 0x00, 0x00, 0xff, 0x00, 0x00, 0xff,
  0x00, 0x00, 0x98, 0x00, 0x00, 0x08, 0x00, 0x00, 0x16, 0x00, 0x00, 0x54,
  0x00, 0x00, 0x11, 0x00, 0x00, 0xa7, 0x00, 0x00, 0xff, 0x00, 0x00, 0xff,
  0x00, 0x00, 0xff, 0x00, 0x00, 0xf9, 0x00, 0x00, 0x43, 0x00, 0x00, 0x4b,
  0x00, 0x00, 0xfb, 0x00, 0x00, 0xff, 0x00, 0x00, 0xff, 0x00, 0x00, 0xff,
  0x00, 0x00, 0xad, 0x00, 0x00, 0x0c, 0x00, 0x00, 0x9c, 0x00, 0x00, 0xd0,
  0x00, 0x00, 0xe1, 0x00, 0x00, 0xff, 0x00, 0x00, 0xff, 0x00, 0x00, 0xff,
  0x00, 0x00, 0xc6, 0x00, 0x00, 0x0d, 0x00, 0x00, 0x89, 0x00, 0x00, 0xc3,
  0x00, 0x00, 0x24, 0x00, 0x00, 0x6e, 0x00, 0x00, 0xff, 0x00, 0x00, 0xff,
  0x00, 0x00, 0xff, 0x00, 0x00, 0x80, 0x00, 0x00, 0x18, 0x00, 0x00, 0xbf,
  0x00, 0x00, 0x9b, 0x00, 0x00, 0x0e, 0x00, 0x00, 0xb8, 0x00, 0x00, 0xff,
  0x00, 0x00, 0xff, 0x00, 0x00, 0xb2, 0x00, 0x00, 0x0f, 0x00, 0x00, 0xba,
  0x00, 0x00, 0xff, 0x00, 0x00, 0xff, 0x00, 0x00, 0xff, 0x00, 0x00, 0xff,
  0x00, 0x00, 0xff, 0x00, 0x00, 0xe2, 0x00, 0x00, 0x1d, 0x00, 0x00, 0x67,
  0x00, 0x00, 0xcb, 0x00, 0x00, 0x33, 0x00, 0x00, 0x4f, 0x00, 0x00, 0xfc,
  0x00, 0x00, 0xff, 0x00, 0x00, 0xff, 0x00, 0x00, 0x9e, 0x00, 0x00, 0x07,
  0x00, 0x00, 0x17, 0x00, 0x00, 0x53, 0x00, 0x00, 0x12, 0x00, 0x00, 0xa2,
  0x00, 0x00, 0xff, 0x00, 0x00, 0xff, 0x00, 0x00, 0xff, 0x00, 0x00, 0x6a,
  0x00, 0x00, 0x23, 0x00, 0x00, 0xbe, 0x00, 0x00, 0xcf, 0x00, 0x00, 0xed,
  0x00, 0x00, 0xff, 0x00, 0x00, 0xff, 0x00, 0x00, 0xff, 0x00, 0x00, 0xff,
  0x00, 0x00, 0x7b, 0x00, 0x00, 0x21, 0x00, 0x00, 0xe3, 0x00, 0x00, 0xff,
  0x00, 0x00, 0xff, 0x00, 0x00, 0xff, 0x00, 0x00, 0xd7, 0x00, 0x00, 0x19,
  0x00, 0x00, 0x73, 0x00, 0x00, 0xc6, 0x00, 0x00, 0x2a, 0x00, 0x00, 0x5e,
  0x00, 0x00, 0xfe, 0x00, 0x00, 0xff, 0x00, 0x00, 0xff, 0x00, 0x00, 0x9f,
  0x00, 0x00, 0x0e, 0x00, 0x00, 0xa6, 0x00, 0x00, 0xaf, 0x00, 0x00, 0x10,
  0x00, 0x00, 0x98, 0x00, 0x00, 0xff, 0x00, 0x00, 0xff, 0x00, 0x00, 0xf5,
  0x00, 0x00, 0x3e, 0x00, 0x00, 0x41, 0x00, 0x00, 0xc9, 0x00, 0x00, 0x52,
  0x00, 0x00, 0x2d, 0x00, 0x00, 0xed, 0x00, 0x00, 0xff, 0x00, 0x00, 0xe9,
  0x00, 0x00, 0x00, 0x00, 0x00, 0x00, 0x00, 0x00, 0x00, 0x00, 0x00, 0x00,
  0x00, 0x00, 0x00, 0x00, 0x00, 0x00, 0x00, 0x00, 0x00, 0x00, 0x00, 0x00,
  0x00, 0x00, 0x00, 0x00, 0x00, 0x00, 0x00, 0x00, 0x00, 0x00, 0x00, 0x00,
  0x00, 0x00, 0x00, 0x00, 0x00, 0x00, 0x00, 0x00, 0x00, 0x00, 0x00, 0x00,
  0x00, 0x00, 0xef, 0x00, 0x00, 0xff, 0x00, 0x00, 0xf8, 0x00, 0x00, 0x40,
  0x00, 0x00, 0x4e, 0x00, 0x00, 0xfc, 0x00, 0x00, 0xff, 0x00, 0x00, 0xff,
  0x00, 0x00, 0x98, 0x00, 0x00, 0x12, 0x00, 0x00, 0x39, 0x00, 0x00, 0x27,
  0x00, 0x00, 0x0c, 0x00, 0x00, 0xa7, 0x00, 0x00, 0xff, 0x00, 0x00, 0xff,
  0x00, 0x00, 0xff, 0x00, 0x00, 0xf9, 0x00, 0x00, 0x43, 0x00, 0x00, 0x4b,
  0x00, 0x00, 0xfb, 0x00, 0x00, 0xff, 0x00, 0x00, 0xff, 0x00, 0x00, 0xff,
  0x00, 0x00, 0xae, 0x00, 0x00, 0x04, 0x00, 0x00, 0x0b, 0x00, 0x00, 0x0b,
  0x00, 0x00, 0x6b, 0x00, 0x00, 0xff, 0x00, 0x00, 0xff, 0x00, 0x00, 0xff,
  0x00, 0x00, 0xc6, 0x00, 0x00, 0x0c, 0x00, 0x00, 0x09, 0x00, 0x00, 0x0d,
  0x00, 0x00, 0x0b, 0x00, 0x00, 0x9f, 0x00, 0x00, 0xff, 0x00, 0x00, 0xff,
  0x00, 0x00, 0xff, 0x00, 0x00, 0x82, 0x00, 0x00, 0x00, 0x00, 0x00, 0x13,
  0x00, 0x00, 0x0e, 0x00, 0x00, 0x23, 0x00, 0x00, 0xd5, 0x00, 0x00, 0xff,
  0x00, 0x00, 0xff, 0x00, 0x00, 0xb2, 0x00, 0x00, 0x0f, 0x00, 0x00, 0xba,
  0x00, 0x00, 0xff, 0x00, 0x00, 0xff, 0x00, 0x00, 0xff, 0x00, 0x00, 0xff,
  0x00, 0x00, 0xff, 0x00, 0x00, 0xe2, 0x00, 0x00, 0x20, 0x00, 0x00, 0x05,
  0x00, 0x00, 0x0f, 0x00, 0x00, 0x00, 0x00, 0x00, 0x52, 0x00, 0x00, 0xfc,
  0x00, 0x00, 0xff, 0x00, 0x00, 0xff, 0x00, 0x00, 0x9d, 0x00, 0x00, 0x11,
  0x00, 0x00, 0x3b, 0x00, 0x00, 0x26, 0x00, 0x00, 0x0c, 0x00, 0x00, 0xa2,
  0x00, 0x00, 0xff, 0x00, 0x00, 0xff, 0x00, 0x00, 0xff, 0x00, 0x00, 0x6c,
  0x00, 0x00, 0x00, 0x00, 0x00, 0x0d, 0x00, 0x00, 0x11, 0x00, 0x00, 0xa8,
  0x00, 0x00, 0xff, 0x00, 0x00, 0xff, 0x00, 0x00, 0xff, 0x00, 0x00, 0xff,
  0x00, 0x00, 0x7b, 0x00, 0x00, 0x21, 0x00, 0x00, 0xe3, 0x00, 0x00, 0xff,
  0x00, 0x00, 0xff, 0x00, 0x00, 0xff, 0x00, 0x00, 0xd7, 0x00, 0x00, 0x19,
  0x00, 0x00, 0x07, 0x00, 0x00, 0x0e, 0x00, 0x00, 0x00, 0x00, 0x00, 0x61,
  0x00, 0x00, 0xfe, 0x00, 0x00, 0xff, 0x00, 0x00, 0xff, 0x00, 0x00, 0xa0,
  0x00, 0x00, 0x02, 0x00, 0x00, 0x0c, 0x00, 0x00, 0x0b, 0x00, 0x00, 0x17,
  0x00, 0x00, 0xc1, 0x00, 0x00, 0xff, 0x00, 0x00, 0xff, 0x00, 0x00, 0xfd,
  0x00, 0x00, 0x74, 0x00, 0x00, 0x08, 0x00, 0x00, 0x0e, 0x00, 0x00, 0x08,
  0x00, 0x00, 0x64, 0x00, 0x00, 0xfa, 0x00, 0x00, 0xff, 0x00, 0x00, 0xe9,
  0x00, 0x00, 0x00, 0x00, 0x00, 0x00, 0x00, 0x00, 0x00, 0x00, 0x00, 0x00,
  0x00, 0x00, 0x00, 0x00, 0x00, 0x00, 0x00, 0x00, 0x00, 0x00, 0x00, 0x00,
  0x00, 0x00, 0x00, 0x00, 0x00, 0x00, 0x00, 0x00, 0x00, 0x00, 0x00, 0x00,
  0x00, 0x00, 0x00, 0x00, 0x00, 0x00, 0x00, 0x00, 0x00, 0x00, 0x00, 0x00,
  0x00, 0x00, 0xef, 0x00, 0x00, 0xff, 0x00, 0x00, 0xf8, 0x00, 0x00, 0x40,
  0x00, 0x00, 0x4e, 0x00, 0x00, 0xfc, 0x00, 0x00, 0xff, 0x00, 0x00, 0xff,
  0x00, 0x00, 0x98, 0x00, 0x00, 0x16, 0x00, 0x00, 0x62, 0x00, 0x00, 0x07,
  0x00, 0x00, 0x03, 0x00, 0x00, 0xa8, 0x00, 0x00, 0xff, 0x00, 0x00, 0xff,
  0x00, 0x00, 0xff, 0x00, 0x00, 0xf9, 0x00, 0x00, 0x43, 0x00, 0x00, 0x4b,
  0x00, 0x00, 0xfb, 0x00, 0x00, 0xff, 0x00, 0x00, 0xff, 0x00, 0x00, 0xff,
  0x00, 0x00, 0xad, 0x00, 0x00, 0x0a, 0x00, 0x00, 0x78, 0x00, 0x00, 0x9f,
  0x00, 0x00, 0xc3, 0x00, 0x00, 0xff, 0x00, 0x00, 0xff, 0x00, 0x00, 0xff,
  0x00, 0x00, 0xc6, 0x00, 0x00, 0x0c, 0x00, 0x00, 0x67, 0x00, 0x00, 0x96,
  0x00, 0x00, 0x1e, 0x00, 0x00, 0x76, 0x00, 0x00, 0xff, 0x00, 0x00, 0xff,
  0x00, 0x00, 0xff, 0x00, 0x00, 0x81, 0x00, 0x00, 0x10, 0x00, 0x00, 0x84,
  0x00, 0x00, 0x99, 0x00, 0x00, 0xc7, 0x00, 0x00, 0xfe, 0x00, 0x00, 0xff,
  0x00, 0x00, 0xff, 0x00, 0x00, 0xb2, 0x00, 0x00, 0x0f, 0x00, 0x00, 0xba,
  0x00, 0x00, 0xff, 0x00, 0x00, 0xff, 0x00, 0x00, 0xff, 0x00, 0x00, 0xff,
  0x00, 0x00, 0xff, 0x00, 0x00, 0xe2, 0x00, 0x00, 0x1e, 0x00, 0x00, 0x4e,
  0x00, 0x00, 0x9c, 0x00, 0x00, 0x26, 0x00, 0x00, 0x50, 0x00, 0x00, 0xfc,
  0x00, 0x00, 0xff, 0x00, 0x00, 0xff, 0x00, 0x00, 0x9d, 0x00, 0x00, 0x14,
  0x00, 0x00, 0x65, 0x00, 0x00, 0x08, 0x00, 0x00, 0x03, 0x00, 0x00, 0xa3,
  0x00, 0x00, 0xff, 0x00, 0x00, 0xff, 0x00, 0x00, 0xff, 0x00, 0x00, 0x6b,
  0x00, 0x00, 0x1a, 0x00, 0x00, 0x92, 0x00, 0x00, 0xa0, 0x00, 0x00, 0xdc,
  0x00, 0x00, 0xff, 0x00, 0x00, 0xff, 0x00, 0x00, 0xff, 0x00, 0x00, 0xff,
  0x00, 0x00, 0x7b, 0x00, 0x00, 0x21, 0x00, 0x00, 0xe3, 0x00, 0x00, 0xff,
  0x00, 0x00, 0xff, 0x00, 0x00, 0xff, 0x00, 0x00, 0xd7, 0x00, 0x00, 0x19,
  0x00, 0x00, 0x58, 0x00, 0x00, 0x98, 0x00, 0x00, 0x1f, 0x00, 0x00, 0x5f,
  0x00, 0x00, 0xfe, 0x00, 0x00, 0xff, 0x00, 0x00, 0xff, 0x00, 0x00, 0xa0,
  0x00, 0x00, 0x0b, 0x00, 0x00, 0x80, 0x00, 0x00, 0x86, 0x00, 0x00, 0x10,
  0x00, 0x00, 0x9f, 0x00, 0x00, 0xff, 0x00, 0x00, 0xff, 0x00, 0x00, 0xff,
  0x00, 0x00, 0xf0, 0x00, 0x00, 0x87, 0x00, 0x00, 0x07, 0x00, 0x00, 0x79,
  0x00, 0x00, 0xec, 0x00, 0x00, 0xff, 0x00, 0x00, 0xff, 0x00, 0x00, 0xe9,
  0x00, 0x00, 0x00, 0x00, 0x00, 0x00, 0x00, 0x00, 0x00, 0x00, 0x00, 0x00,
  0x00, 0x00, 0x00, 0x00, 0x00, 0x00, 0x00, 0x00, 0x00, 0x00, 0x00, 0x00,
  0x00, 0x00, 0x00, 0x00, 0x00, 0x00, 0x00, 0x00, 0x00, 0x00, 0x00, 0x00,
  0x00, 0x00, 0x00, 0x00, 0x00, 0x00, 0x00, 0x00, 0x00, 0x00, 0x00, 0x00,
  0x00, 0x00, 0xef, 0x00, 0x00, 0xff, 0x00, 0x00, 0xf8, 0x00, 0x00, 0x40,
  0x00, 0x00, 0x4e, 0x00, 0x00, 0xfc, 0x00, 0x00, 0xff, 0x00, 0x00, 0xff,
  0x00, 0x00, 0x98, 0x00, 0x00, 0x16, 0x00, 0x00, 0x88, 0x00, 0x00, 0x09,
  0x00, 0x00, 0x01, 0x00, 0x00, 0xa8, 0x00, 0x00, 0xff, 0x00, 0x00, 0xff,
  0x00, 0x00, 0xff, 0x00, 0x00, 0xf9, 0x00, 0x00, 0x43, 0x00, 0x00, 0x4b,
  0x00, 0x00, 0xfb, 0x00, 0x00, 0xff, 0x00, 0x00, 0xff, 0x00, 0x00, 0xff,
  0x00, 0x00, 0xad, 0x00, 0x00, 0x0e, 0x00, 0x00, 0xc4, 0x00, 0x00, 0xff,
  0x00, 0x00, 0xff, 0x00, 0x00, 0xff, 0x00, 0x00, 0xff, 0x00, 0x00, 0xff,
  0x00, 0x00, 0xc6, 0x00, 0x00, 0x0d, 0x00, 0x00, 0xaa, 0x00, 0x00, 0xf6,
  0x00, 0x00, 0x30, 0x00, 0x00, 0x69, 0x00, 0x00, 0xff, 0x00, 0x00, 0xff,
  0x00, 0x00, 0xff, 0x00, 0x00, 0x80, 0x00, 0x00, 0x1e, 0x00, 0x00, 0xe4,
  0x00, 0x00, 0xff, 0x00, 0x00, 0xff, 0x00, 0x00, 0xff, 0x00, 0x00, 0xff,
  0x00, 0x00, 0xff, 0x00, 0x00, 0xb2, 0x00, 0x00, 0x0f, 0x00, 0x00, 0xba,
  0x00, 0x00, 0xff, 0x00, 0x00, 0xff, 0x00, 0x00, 0xff, 0x00, 0x00, 0xff,
  0x00, 0x00, 0xff, 0x00, 0x00, 0xe2, 0x00, 0x00, 0x1d, 0x00, 0x00, 0x82,
  0x00, 0x00, 0xff, 0x00, 0x00, 0x41, 0x00, 0x00, 0x4e, 0x00, 0x00, 0xfc,
  0x00, 0x00, 0xff, 0x00, 0x00, 0xff, 0x00, 0x00, 0x9d, 0x00, 0x00, 0x13,
  0x00, 0x00, 0x8b, 0x00, 0x00, 0x0c, 0x00, 0x00, 0x00, 0x00, 0x00, 0xa3,
  0x00, 0x00, 0xff, 0x00, 0x00, 0xff, 0x00, 0x00, 0xff, 0x00, 0x00, 0x6a,
  0x00, 0x00, 0x2d, 0x00, 0x00, 0xf0, 0x00, 0x00, 0xff, 0x00, 0x00, 0xff,
  0x00, 0x00, 0xff, 0x00, 0x00, 0xff, 0x00, 0x00, 0xff, 0x00, 0x00, 0xff,
  0x00, 0x00, 0x7b, 0x00, 0x00, 0x21, 0x00, 0x00, 0xe3, 0x00, 0x00, 0xff,
  0x00, 0x00, 0xff, 0x00, 0x00, 0xff, 0x00, 0x00, 0xd7, 0x00, 0x00, 0x18,
  0x00, 0x00, 0x91, 0x00, 0x00, 0xf9, 0x00, 0x00, 0x36, 0x00, 0x00, 0x5d,
  0x00, 0x00, 0xfe, 0x00, 0x00, 0xff, 0x00, 0x00, 0xff, 0x00, 0x00, 0x9f,
  0x00, 0x00, 0x12, 0x00, 0x00, 0xd2, 0x00, 0x00, 0xdd, 0x00, 0x00, 0x13,
  0x00, 0x00, 0x94, 0x00, 0x00, 0xff, 0x00, 0x00, 0xff, 0x00, 0x00, 0xff,
  0x00, 0x00, 0xff, 0x00, 0x00, 0xc3, 0x00, 0x00, 0x0e, 0x00, 0x00, 0xb1,
  0x00, 0x00, 0xff, 0x00, 0x00, 0xff, 0x00, 0x00, 0xff, 0x00, 0x00, 0xe9,
  0x00, 0x00, 0x00, 0x00, 0x00, 0x00, 0x00, 0x00, 0x00, 0x00, 0x00, 0x00,
  0x00, 0x00, 0x00, 0x00, 0x00, 0x00, 0x00, 0x00, 0x00, 0x00, 0x00, 0x00,
  0x00, 0x00, 0x00, 0x00, 0x00, 0x00, 0x00, 0x00, 0x00, 0x00, 0x00, 0x00,
  0x00, 0x00, 0x00, 0x00, 0x00, 0x00, 0x00, 0x00, 0x00, 0x00, 0x00, 0x00,
  0x00, 0x00, 0xef, 0x00, 0x00, 0xff, 0x00, 0x00, 0xf8, 0x00, 0x00, 0x40,
  0x00, 0x00, 0x4e, 0x00, 0x00, 0xfc, 0x00, 0x00, 0xff, 0x00, 0x00, 0xff,
  0x00, 0x00, 0x98, 0x00, 0x00, 0x15, 0x00, 0x00, 0xa8, 0x00, 0x00, 0x1a,
  0x00, 0x00, 0x00, 0x00, 0x00, 0xa8, 0x00, 0x00, 0xff, 0x00, 0x00, 0xff,
  0x00, 0x00, 0xff, 0x00, 0x00, 0xf9, 0x00, 0x00, 0x43, 0x00, 0x00, 0x4b,
  0x00, 0x00, 0xfb, 0x00, 0x00, 0xff, 0x00, 0x00, 0xff, 0x00, 0x00, 0xff,
  0x00, 0x00, 0xad, 0x00, 0x00, 0x0e, 0x00, 0x00, 0xc1, 0x00, 0x00, 0xff,
  0x00, 0x00, 0xff, 0x00, 0x00, 0xff, 0x00, 0x00, 0xff, 0x00, 0x00, 0xff,
  0x00, 0x00, 0xc6, 0x00, 0x00, 0x0d, 0x00, 0x00, 0xa7, 0x00, 0x00, 0xf2,
  0x00, 0x00, 0x2f, 0x00, 0x00, 0x6a, 0x00, 0x00, 0xff, 0x00, 0x00, 0xff,
  0x00, 0x00, 0xff, 0x00, 0x00, 0x80, 0x00, 0x00, 0x1d, 0x00, 0x00, 0xe0,
  0x00, 0x00, 0xff, 0x00, 0x00, 0xff, 0x00, 0x00, 0xff, 0x00, 0x00, 0xff,
  0x00, 0x00, 0xff, 0x00, 0x00, 0xb2, 0x00, 0x00, 0x0f, 0x00, 0x00, 0xbb,
  0x00, 0x00, 0xef, 0x00, 0x00, 0x7d, 0x00, 0x00, 0xba, 0x00, 0x00, 0xff,
  0x00, 0x00, 0xff, 0x00, 0x00, 0xe2, 0x00, 0x00, 0x1d, 0x00, 0x00, 0x7f,
  0x00, 0x00, 0xfb, 0x00, 0x00, 0x40, 0x00, 0x00, 0x4e, 0x00, 0x00, 0xfc,
  0x00, 0x00, 0xff, 0x00, 0x00, 0xff, 0x00, 0x00, 0x9d, 0x00, 0x00, 0x12,
  0x00, 0x00, 0xaa, 0x00, 0x00, 0x1e, 0x00, 0x00, 0x00, 0x00, 0x00, 0xa3,
  0x00, 0x00, 0xff, 0x00, 0x00, 0xff, 0x00, 0x00, 0xff, 0x00, 0x00, 0x6a,
  0x00, 0x00, 0x2c, 0x00, 0x00, 0xec, 0x00, 0x00, 0xff, 0x00, 0x00, 0xff,
  0x00, 0x00, 0xff, 0x00, 0x00, 0xff, 0x00, 0x00, 0xff, 0x00, 0x00, 0xff,
  0x00, 0x00, 0x7b, 0x00, 0x00, 0x21, 0x00, 0x00, 0xe3, 0x00, 0x00, 0xff,
  0x00, 0x00, 0xff, 0x00, 0x00, 0xff, 0x00, 0x00, 0xd7, 0x00, 0x00, 0x18,
  0x00, 0x00, 0x8f, 0x00, 0x00, 0xf5, 0x00, 0x00, 0x35, 0x00, 0x00, 0x5e,
  0x00, 0x00, 0xfe, 0x00, 0x00, 0xff, 0x00, 0x00, 0xff, 0x00, 0x00, 0x9f,
  0x00, 0x00, 0x12, 0x00, 0x00, 0xce, 0x00, 0x00, 0xd9, 0x00, 0x00, 0x13,
  0x00, 0x00, 0x95, 0x00, 0x00, 0xff, 0x00, 0x00, 0xff, 0x00, 0x00, 0xff,
  0x00, 0x00, 0xff, 0x00, 0x00, 0xc0, 0x00, 0x00, 0x0d, 0x00, 0x00, 0xae,
  0x00, 0x00, 0xff, 0x00, 0x00, 0xff, 0x00, 0x00, 0xff, 0x00, 0x00, 0xe9,
  0x00, 0x00, 0x00, 0x00, 0x00, 0x00, 0x00, 0x00, 0x00, 0x00, 0x00, 0x00,
  0x00, 0x00, 0x00, 0x00, 0x00, 0x00, 0x00, 0x00, 0x00, 0x00, 0x00, 0x00,
  0x00, 0x00, 0x00, 0x00, 0x00, 0x00, 0x00, 0x00, 0x00, 0x00, 0x00, 0x00,
  0x00, 0x00, 0x00, 0x00, 0x00, 0x00, 0x00, 0x00, 0x00, 0x00, 0x00, 0x00,
  0x00, 0x00, 0xef, 0x00, 0x00, 0xff, 0x00, 0x00, 0xf8, 0x00, 0x00, 0x40,
  0x00, 0x00, 0x4e, 0x00, 0x00, 0xfc, 0x00, 0x00, 0xff, 0x00, 0x00, 0xff,
  0x00, 0x00, 0x98, 0x00, 0x00, 0x14, 0x00, 0x00, 0xc0, 0x00, 0x00, 0x34,
  0x00, 0x00, 0x00, 0x00, 0x00, 0xa8, 0x00, 0x00, 0xff, 0x00, 0x00, 0xff,
  0x00, 0x00, 0xff, 0x00, 0x00, 0xf9, 0x00, 0x00, 0x43, 0x00, 0x00, 0x4b,
  0x00, 0x00, 0xfb, 0x00, 0x00, 0xff, 0x00, 0x00, 0xff, 0x00, 0x00, 0xff,
  0x00, 0x00, 0xad, 0x00, 0x00, 0x0e, 0x00, 0x00, 0xc1, 0x00, 0x00, 0xff,
  0x00, 0x00, 0xff, 0x00, 0x00, 0xff, 0x00, 0x00, 0xff, 0x00, 0x00, 0xff,
  0x00, 0x00, 0xc6, 0x00, 0x00, 0x0d, 0x00, 0x00, 0xa7, 0x00, 0x00, 0xf2,
  0x00, 0x00, 0x2f, 0x00, 0x00, 0x6a, 0x00, 0x00, 0xff, 0x00, 0x00, 0xff,
  0x00, 0x00, 0xff, 0x00, 0x00, 0x80, 0x00, 0x00, 0x1d, 0x00, 0x00, 0xe0,
  0x00, 0x00, 0xff, 0x00, 0x00, 0xff, 0x00, 0x00, 0xff, 0x00, 0x00, 0xff,
  0x00, 0x00, 0xff, 0x00, 0x00, 0xb2, 0x00, 0x00, 0x0f, 0x00, 0x00, 0xbc,
  0x00, 0x00, 0xdf, 0x00, 0x00, 0x18, 0x00, 0x00, 0x85, 0x00, 0x00, 0xff,
  0x00, 0x00, 0xff, 0x00, 0x00, 0xe2, 0x00, 0x00, 0x1d, 0x00, 0x00, 0x7f,
  0x00, 0x00, 0xfb, 0x00, 0x00, 0x40, 0x00, 0x00, 0x4e, 0x00, 0x00, 0xfc,
  0x00, 0x00, 0xff, 0x00, 0x00, 0xff, 0x00, 0x00, 0x9d, 0x00, 0x00, 0x11,
  0x00, 0x00, 0xc0, 0x00, 0x00, 0x3a, 0x00, 0x00, 0x00, 0x00, 0x00, 0xa3,
  0x00, 0x00, 0xff, 0x00, 0x00, 0xff, 0x00, 0x00, 0xff, 0x00, 0x00, 0x6a,
  0x00, 0x00, 0x2c, 0x00, 0x00, 0xec, 0x00, 0x00, 0xff, 0x00, 0x00, 0xff,
  0x00, 0x00, 0xff, 0x00, 0x00, 0xff, 0x00, 0x00, 0xff, 0x00, 0x00, 0xff,
  0x00, 0x00, 0x7b, 0x00, 0x00, 0x21, 0x00, 0x00, 0xe3, 0x00, 0x00, 0xff,
  0x00, 0x00, 0xff, 0x00, 0x00, 0xff, 0x00, 0x00, 0xd7, 0x00, 0x00, 0x18,
  0x00, 0x00, 0x8f, 0x00, 0x00, 0xf5, 0x00, 0x00, 0x35, 0x00, 0x00, 0x5e,
  0x00, 0x00, 0xfe, 0x00, 0x00, 0xff, 0x00, 0x00, 0xff, 0x00, 0x00, 0x9f,
  0x00, 0x00, 0x12, 0x00, 0x00, 0xce, 0x00, 0x00, 0xd9, 0x00, 0x00, 0x13,
  0x00, 0x00, 0x95, 0x00, 0x00, 0xff, 0x00, 0x00, 0xff, 0x00, 0x00, 0xff,
  0x00, 0x00, 0xff, 0x00, 0x00, 0xc0, 0x00, 0x00, 0x0d, 0x00, 0x00, 0xae,
  0x00, 0x00, 0xff, 0x00, 0x00, 0xff, 0x00, 0x00, 0xff, 0x00, 0x00, 0xe9,
  0x00, 0x00, 0x00, 0x00, 0x00, 0x00, 0x00, 0x00, 0x00, 0x00, 0x00, 0x00,
  0x00, 0x00, 0x00, 0x00, 0x00, 0x00, 0x00, 0x00, 0x00, 0x00, 0x00, 0x00,
  0x00, 0x00, 0x00, 0x00, 0x00, 0x00, 0x00, 0x00, 0x00, 0x00, 0x00, 0x00,
  0x00, 0x00, 0x00, 0x00, 0x00, 0x00, 0x00, 0x00, 0x00, 0x00, 0x00, 0x00,
  0x00, 0x00, 0xef, 0x00, 0x00, 0xff, 0x00, 0x00, 0xf8, 0x00, 0x00, 0x40,
  0x00, 0x00, 0x4e, 0x00, 0x00, 0xfc, 0x00, 0x00, 0xff, 0x00, 0x00, 0xff,
  0x00, 0x00, 0x98, 0x00, 0x00, 0x13, 0x00, 0x00, 0xce, 0x00, 0x00, 0x56,
  0x00, 0x00, 0x00, 0x00, 0x00, 0xa8, 0x00, 0x00, 0xff, 0x00, 0x00, 0xff,
  0x00, 0x00, 0xff, 0x00, 0x00, 0xf9, 0x00, 0x00, 0x43, 0x00, 0x00, 0x4b,
  0x00, 0x00, 0xfb, 0x00, 0x00, 0xff, 0x00, 0x00, 0xff, 0x00, 0x00, 0xff,
  0x00, 0x00, 0xad, 0x00, 0x00, 0x0e, 0x00, 0x00, 0xc3, 0x00, 0x00, 0xff,
  0x00, 0x00, 0xff, 0x00, 0x00, 0xff, 0x00, 0x00, 0xff, 0x00, 0x00, 0xff,
  0x00, 0x00, 0xc6, 0x00, 0x00, 0x0d, 0x00, 0x00, 0xa7, 0x00, 0x00, 0xf2,
  0x00, 0x00, 0x2f, 0x00, 0x00, 0x6a, 0x00, 0x00, 0xff, 0x00, 0x00, 0xff,
  0x00, 0x00, 0xff, 0x00, 0x00, 0x80, 0x00, 0x00, 0x1d, 0x00, 0x00, 0xe0,
  0x00, 0x00, 0xff, 0x00, 0x00, 0xff, 0x00, 0x00, 0xff, 0x00, 0x00, 0xff,
  0x00, 0x00, 0xff, 0x00, 0x00, 0xb2, 0x00, 0x00, 0x10, 0x00, 0x00, 0xbe,
  0x00, 0x00, 0xe2, 0x00, 0x00, 0x1b, 0x00, 0x00, 0x87, 0x00, 0x00, 0xff,
  0x00, 0x00, 0xff, 0x00, 0x00, 0xe2, 0x00, 0x00, 0x1d, 0x00, 0x00, 0x7f,
  0x00, 0x00, 0xfb, 0x00, 0x00, 0x40, 0x00, 0x00, 0x4e, 0x00, 0x00, 0xfc,
  0x00, 0x00, 0xff, 0x00, 0x00, 0xff, 0x00, 0x00, 0x9d, 0x00, 0x00, 0x10,
  0x00, 0x00, 0xcd, 0x00, 0x00, 0x5d, 0x00, 0x00, 0x00, 0x00, 0x00, 0xa3,
  0x00, 0x00, 0xff, 0x00, 0x00, 0xff, 0x00, 0x00, 0xff, 0x00, 0x00, 0x6a,
  0x00, 0x00, 0x2d, 0x00, 0x00, 0xee, 0x00, 0x00, 0xff, 0x00, 0x00, 0xff,
  0x00, 0x00, 0xff, 0x00, 0x00, 0xff, 0x00, 0x00, 0xff, 0x00, 0x00, 0xff,
  0x00, 0x00, 0x7b, 0x00, 0x00, 0x21, 0x00, 0x00, 0xe3, 0x00, 0x00, 0xff,
  0x00, 0x00, 0xff, 0x00, 0x00, 0xff, 0x00, 0x00, 0xd7, 0x00, 0x00, 0x18,
  0x00, 0x00, 0x8f, 0x00, 0x00, 0xf5, 0x00, 0x00, 0x35, 0x00, 0x00, 0x5e,
  0x00, 0x00, 0xfe, 0x00, 0x00, 0xff, 0x00, 0x00, 0xff, 0x00, 0x00, 0x9f,
  0x00, 0x00, 0x12, 0x00, 0x00, 0xce, 0x00, 0x00, 0xd9, 0x00, 0x00, 0x13,
  0x00, 0x00, 0x95, 0x00, 0x00, 0xff, 0x00, 0x00, 0xff, 0x00, 0x00, 0xff,
  0x00, 0x00, 0xff, 0x00, 0x00, 0xc0, 0x00, 0x00, 0x0d, 0x00, 0x00, 0xae,
  0x00, 0x00, 0xff, 0x00, 0x00, 0xff, 0x00, 0x00, 0xff, 0x00, 0x00, 0xe9,
  0x00, 0x00, 0x00, 0x00, 0x00, 0x00, 0x00, 0x00, 0x00, 0x00, 0x00, 0x00,
  0x00, 0x00, 0x00, 0x00, 0x00, 0x00, 0x00, 0x00, 0x00, 0x00, 0x00, 0x00,
  0x00, 0x00, 0x00, 0x00, 0x00, 0x00, 0x00, 0x00, 0x00, 0x00, 0x00, 0x00,
  0x00, 0x00, 0x00, 0x00, 0x00, 0x00, 0x00, 0x00, 0x00, 0x00, 0x00, 0x00,
  0x00, 0x00, 0xef, 0x00, 0x00, 0xff, 0x00, 0x00, 0xf8, 0x00, 0x00, 0x40,
  0x00, 0x00, 0x4e, 0x00, 0x00, 0xfc, 0x00, 0x00, 0xff, 0x00, 0x00, 0xff,
  0x00, 0x00, 0x98, 0x00, 0x00, 0x12, 0x00, 0x00, 0xd5, 0x00, 0x00, 0x7e,
  0x00, 0x00, 0x00, 0x00, 0x00, 0xa8, 0x00, 0x00, 0xff, 0x00, 0x00, 0xff,
  0x00, 0x00, 0xff, 0x00, 0x00, 0xf9, 0x00, 0x00, 0x43, 0x00, 0x00, 0x4b,
  0x00, 0x00, 0xfb, 0x00, 0x00, 0xff, 0x00, 0x00, 0xff, 0x00, 0x00, 0xff,
  0x00, 0x00, 0xad, 0x00, 0x00, 0x0b, 0x00, 0x00, 0x9f, 0x00, 0x00, 0xd5,
  0x00, 0x00, 0xd2, 0x00, 0x00, 0xec, 0x00, 0x00, 0xff, 0x00, 0x00, 0xff,
  0x00, 0x00, 0xc6, 0x00, 0x00, 0x0d, 0x00, 0x00, 0xa7, 0x00, 0x00, 0xf2,
  0x00, 0x00, 0x2f, 0x00, 0x00, 0x6a, 0x00, 0x00, 0xff, 0x00, 0x00, 0xff,
  0x00, 0x00, 0xff, 0x00, 0x00, 0x80, 0x00, 0x00, 0x1d, 0x00, 0x00, 0xe0,
  0x00, 0x00, 0xff, 0x00, 0x00, 0xff, 0x00, 0x00, 0xff, 0x00, 0x00, 0xff,
  0x00, 0x00, 0xff, 0x00, 0x00, 0xb2, 0x00, 0x00, 0x0e, 0x00, 0x00, 0x9b,
  0x00, 0x00, 0xb8, 0x00, 0x00, 0x16, 0x00, 0x00, 0x87, 0x00, 0x00, 0xff,
  0x00, 0x00, 0xff, 0x00, 0x00, 0xe2, 0x00, 0x00, 0x1d, 0x00, 0x00, 0x7f,
  0x00, 0x00, 0xfb, 0x00, 0x00, 0x40, 0x00, 0x00, 0x4e, 0x00, 0x00, 0xfc,
  0x00, 0x00, 0xff, 0x00, 0x00, 0xff, 0x00, 0x00, 0x9d, 0x00, 0x00, 0x0f,
  0x00, 0x00, 0xd2, 0x00, 0x00, 0x85, 0x00, 0x00, 0x00, 0x00, 0x00, 0xa3,
  0x00, 0x00, 0xff, 0x00, 0x00, 0xff, 0x00, 0x00, 0xff, 0x00, 0x00, 0x6a,
  0x00, 0x00, 0x23, 0x00, 0x00, 0xc2, 0x00, 0x00, 0xd3, 0x00, 0x00, 0xd5,
  0x00, 0x00, 0xf6, 0x00, 0x00, 0xff, 0x00, 0x00, 0xff, 0x00, 0x00, 0xff,
  0x00, 0x00, 0x7b, 0x00, 0x00, 0x21, 0x00, 0x00, 0xe3, 0x00, 0x00, 0xff,
  0x00, 0x00, 0xff, 0x00, 0x00, 0xff, 0x00, 0x00, 0xd7, 0x00, 0x00, 0x18,
  0x00, 0x00, 0x8f, 0x00, 0x00, 0xf5, 0x00, 0x00, 0x35, 0x00, 0x00, 0x5d,
  0x00, 0x00, 0xfe, 0x00, 0x00, 0xff, 0x00, 0x00, 0xff, 0x00, 0x00, 0x9f,
  0x00, 0x00, 0x11, 0x00, 0x00, 0xce, 0x00, 0x00, 0xd9, 0x00, 0x00, 0x13,
  0x00, 0x00, 0x95, 0x00, 0x00, 0xff, 0x00, 0x00, 0xff, 0x00, 0x00, 0xff,
  0x00, 0x00, 0xff, 0x00, 0x00, 0xc0, 0x00, 0x00, 0x0d, 0x00, 0x00, 0xae,
  0x00, 0x00, 0xff, 0x00, 0x00, 0xff, 0x00, 0x00, 0xff, 0x00, 0x00, 0xe9,
  0x00, 0x00, 0x00, 0x00, 0x00, 0x00, 0x00, 0x00, 0x00, 0x00, 0x00, 0x00,
  0x00, 0x00, 0x00, 0x00, 0x00, 0x00, 0x00, 0x00, 0x00, 0x00, 0x00, 0x00,
  0x00, 0x00, 0x00, 0x00, 0x00, 0x00, 0x00, 0x00, 0x00, 0x00, 0x00, 0x00,
  0x00, 0x00, 0x00, 0x00, 0x00, 0x00, 0x00, 0x00, 0x00, 0x00, 0x00, 0x00,
  0x00, 0x00, 0xef, 0x00, 0x00, 0xff, 0x00, 0x00, 0xf8, 0x00, 0x00, 0x40,
  0x00, 0x00, 0x4e, 0x00, 0x00, 0xfc, 0x00, 0x00, 0xff, 0x00, 0x00, 0xff,
  0x00, 0x00, 0x98, 0x00, 0x00, 0x12, 0x00, 0x00, 0xd6, 0x00, 0x00, 0xa6,
  0x00, 0x00, 0x03, 0x00, 0x00, 0xa8, 0x00, 0x00, 0xff, 0x00, 0x00, 0xff,
  0x00, 0x00, 0xff, 0x00, 0x00, 0xf9, 0x00, 0x00, 0x43, 0x00, 0x00, 0x4b,
  0x00, 0x00, 0xfb, 0x00, 0x00, 0xff, 0x00, 0x00, 0xff, 0x00, 0x00, 0xff,
  0x00, 0x00, 0xce, 0x00, 0x00, 0x1e, 0x00, 0x00, 0x0f, 0x00, 0x00, 0x16,
  0x00, 0x00, 0x14, 0x00, 0x00, 0x9b, 0x00, 0x00, 0xff, 0x00, 0x00, 0xff,
  0x00, 0x00, 0xc6, 0x00, 0x00, 0x0d, 0x00, 0x00, 0xa7, 0x00, 0x00, 0xf3,
  0x00, 0x00, 0x30, 0x00, 0x00, 0x64, 0x00, 0x00, 0xff, 0x00, 0x00, 0xff,
  0x00, 0x00, 0xff, 0x00, 0x00, 0x80, 0x00, 0x00, 0x1e, 0x00, 0x00, 0xe0,
  0x00, 0x00, 0xff, 0x00, 0x00, 0xff, 0x00, 0x00, 0xff, 0x00, 0x00, 0xff,
  0x00, 0x00, 0xff, 0x00, 0x00, 0xb3, 0x00, 0x00, 0x07, 0x00, 0x00, 0x0f,
  0x00, 0x00, 0x13, 0x00, 0x00, 0x00, 0x00, 0x00, 0x88, 0x00, 0x00, 0xff,
  0x00, 0x00, 0xff, 0x00, 0x00, 0xe2, 0x00, 0x00, 0x1c, 0x00, 0x00, 0x7f,
  0x00, 0x00, 0xfb, 0x00, 0x00, 0x3f, 0x00, 0x00, 0x4e, 0x00, 0x00, 0xfc,
  0x00, 0x00, 0xff, 0x00, 0x00, 0xff, 0x00, 0x00, 0x9d, 0x00, 0x00, 0x0f,
  0x00, 0x00, 0xd3, 0x00, 0x00, 0xad, 0x00, 0x00, 0x04, 0x00, 0x00, 0xa3,
  0x00, 0x00, 0xff, 0x00, 0x00, 0xff, 0x00, 0x00, 0xff, 0x00, 0x00, 0x98,
  0x00, 0x00, 0x0b, 0x00, 0x00, 0x13, 0x00, 0x00, 0x14, 0x00, 0x00, 0x26,
  0x00, 0x00, 0xd1, 0x00, 0x00, 0xff, 0x00, 0x00, 0xff, 0x00, 0x00, 0xff,
  0x00, 0x00, 0x7b, 0x00, 0x00, 0x21, 0x00, 0x00, 0xe3, 0x00, 0x00, 0xff,
  0x00, 0x00, 0xff, 0x00, 0x00, 0xff, 0x00, 0x00, 0xd7, 0x00, 0x00, 0x18,
  0x00, 0x00, 0x8e, 0x00, 0x00, 0xf5, 0x00, 0x00, 0x35, 0x00, 0x00, 0x5d,
  0x00, 0x00, 0xfe, 0x00, 0x00, 0xff, 0x00, 0x00, 0xff, 0x00, 0x00, 0x9f,
  0x00, 0x00, 0x11, 0x00, 0x00, 0xce, 0x00, 0x00, 0xda, 0x00, 0x00, 0x14,
  0x00, 0x00, 0x8f, 0x00, 0x00, 0xff, 0x00, 0x00, 0xff, 0x00, 0x00, 0xff,
  0x00, 0x00, 0xff, 0x00, 0x00, 0xc0, 0x00, 0x00, 0x0e, 0x00, 0x00, 0xae,
  0x00, 0x00, 0xff, 0x00, 0x00, 0xff, 0x00, 0x00, 0xff, 0x00, 0x00, 0xe9,
  0x00, 0x00, 0x00, 0x00, 0x00, 0x00, 0x00, 0x00, 0x00, 0x00, 0x00, 0x00,
  0x00, 0x00, 0x00, 0x00, 0x00, 0x00, 0x00, 0x00, 0x00, 0x00, 0x00, 0x00,
  0x00, 0x00, 0x00, 0x00, 0x00, 0x00, 0x00, 0x00, 0x00, 0x00, 0x00, 0x00,
  0x00, 0x00, 0x00, 0x00, 0x00, 0x00, 0x00, 0x00, 0x00, 0x00, 0x00, 0x00,
  0x00, 0x00, 0xef, 0x00, 0x00, 0xff, 0x00, 0x00, 0xfc, 0x00, 0x00, 0xb1,
  0x00, 0x00, 0xb6, 0x00, 0x00, 0xfe, 0x00, 0x00, 0xff, 0x00, 0x00, 0xff,
  0x00, 0x00, 0xd5, 0x00, 0x00, 0x9e, 0x00, 0x00, 0xee, 0x00, 0x00, 0xe4,
  0x00, 0x00, 0x9a, 0x00, 0x00, 0xdb, 0x00, 0x00, 0xff, 0x00, 0x00, 0xff,
  0x00, 0x00, 0xff, 0x00, 0x00, 0xfc, 0x00, 0x00, 0xb2, 0x00, 0x00, 0xb5,
  0x00, 0x00, 0xfd, 0x00, 0x00, 0xff, 0x00, 0x00, 0xff, 0x00, 0x00, 0xff,
  0x00, 0x00, 0xfd, 0x00, 0x00, 0xc5, 0x00, 0x00, 0x96, 0x00, 0x00, 0x95,
  0x00, 0x00, 0x94, 0x00, 0x00, 0xd2, 0x00, 0x00, 0xff, 0x00, 0x00, 0xff,
  0x00, 0x00, 0xe8, 0x00, 0x00, 0x9c, 0x00, 0x00, 0xdb, 0x00, 0x00, 0xfc,
  0x00, 0x00, 0xae, 0x00, 0x00, 0xb5, 0x00, 0x00, 0xfc, 0x00, 0x00, 0xff,
  0x00, 0x00, 0xff, 0x00, 0x00, 0xcd, 0x00, 0x00, 0xa6, 0x00, 0x00, 0xf3,
  0x00, 0x00, 0xff, 0x00, 0x00, 0xff, 0x00, 0x00, 0xff, 0x00, 0x00, 0xff,
  0x00, 0x00, 0xff, 0x00, 0x00, 0xe0, 0x00, 0x00, 0x99, 0x00, 0x00, 0x95,
  0x00, 0x00, 0x95, 0x00, 0x00, 0x95, 0x00, 0x00, 0xce, 0x00, 0x00, 0xff,
  0x00, 0x00, 0xff, 0x00, 0x00, 0xf3, 0x00, 0x00, 0xa2, 0x00, 0x00, 0xcb,
  0x00, 0x00, 0xfe, 0x00, 0x00, 0xb0, 0x00, 0x00, 0xb6, 0x00, 0x00, 0xfe,
  0x00, 0x00, 0xff, 0x00, 0x00, 0xff, 0x00, 0x00, 0xd7, 0x00, 0x00, 0x9d,
  0x00, 0x00, 0xed, 0x00, 0x00, 0xe7, 0x00, 0x00, 0x9b, 0x00, 0x00, 0xd9,
  0x00, 0x00, 0xff, 0x00, 0x00, 0xff, 0x00, 0x00, 0xff, 0x00, 0x00, 0xf4,
  0x00, 0x00, 0xaf, 0x00, 0x00, 0x94, 0x00, 0x00, 0x94, 0x00, 0x00, 0x9c,
  0x00, 0x00, 0xea, 0x00, 0x00, 0xff, 0x00, 0x00, 0xff, 0x00, 0x00, 0xff,
  0x00, 0x00, 0xc9, 0x00, 0x00, 0xa4, 0x00, 0x00, 0xf3, 0x00, 0x00, 0xff,
  0x00, 0x00, 0xff, 0x00, 0x00, 0xff, 0x00, 0x00, 0xef, 0x00, 0x00, 0xa0,
  0x00, 0x00, 0xd1, 0x00, 0x00, 0xfb, 0x00, 0x00, 0xac, 0x00, 0x00, 0xbd,
  0x00, 0x00, 0xff, 0x00, 0x00, 0xff, 0x00, 0x00, 0xff, 0x00, 0x00, 0xd8,
  0x00, 0x00, 0x9e, 0x00, 0x00, 0xeb, 0x00, 0x00, 0xf3, 0x00, 0x00, 0xa1,
  0x00, 0x00, 0xc6, 0x00, 0x00, 0xff, 0x00, 0x00, 0xff, 0x00, 0x00, 0xff,
  0x00, 0x00, 0xff, 0x00, 0x00, 0xe6, 0x00, 0x00, 0x9f, 0x00, 0x00, 0xdf,
  0x00, 0x00, 0xff, 0x00, 0x00, 0xff, 0x00, 0x00, 0xff, 0x00, 0x00, 0xe9,
  0x00, 0x00, 0x00, 0x00, 0x00, 0x00, 0x00, 0x00, 0x00, 0x00, 0x00, 0x00,
  0x00, 0x00, 0x00, 0x00, 0x00, 0x00, 0x00, 0x00, 0x00, 0x00, 0x00, 0x00,
  0x00, 0x00, 0x00, 0x00, 0x00, 0x00, 0x00, 0x00, 0x00, 0x00, 0x00, 0x00,
  0x00, 0x00, 0x00, 0x00, 0x00, 0x00, 0x00, 0x00, 0x00, 0x00, 0x00, 0x00,
  0x00, 0x00, 0xf0, 0x00, 0x00, 0xff, 0x00, 0x00, 0xff, 0x00, 0x00, 0xff,
  0x00, 0x00, 0xff, 0x00, 0x00, 0xff, 0x00, 0x00, 0xff, 0x00, 0x00, 0xff,
  0x00, 0x00, 0xff, 0x00, 0x00, 0xff, 0x00, 0x00, 0xff, 0x00, 0x00, 0xff,
  0x00, 0x00, 0xff, 0x00, 0x00, 0xff, 0x00, 0x00, 0xff, 0x00, 0x00, 0xff,
  0x00, 0x00, 0xff, 0x00, 0x00, 0xff, 0x00, 0x00, 0xff, 0x00, 0x00, 0xff,
  0x00, 0x00, 0xff, 0x00, 0x00, 0xff, 0x00, 0x00, 0xff, 0x00, 0x00, 0xff,
  0x00, 0x00, 0xff, 0x00, 0x00, 0xff, 0x00, 0x00, 0xff, 0x00, 0x00, 0xff,
  0x00, 0x00, 0xff, 0x00, 0x00, 0xff, 0x00, 0x00, 0xff, 0x00, 0x00, 0xff,
  0x00, 0x00, 0xff, 0x00, 0x00, 0xff, 0x00, 0x00, 0xff, 0x00, 0x00, 0xff,
  0x00, 0x00, 0xff, 0x00, 0x00, 0xff, 0x00, 0x00, 0xff, 0x00, 0x00, 0xff,
  0x00, 0x00, 0xff, 0x00, 0x00, 0xff, 0x00, 0x00, 0xff, 0x00, 0x00, 0xff,
  0x00, 0x00, 0xff, 0x00, 0x00, 0xff, 0x00, 0x00, 0xff, 0x00, 0x00, 0xff,
  0x00, 0x00, 0xff, 0x00, 0x00, 0xff, 0x00, 0x00, 0xff, 0x00, 0x00, 0xff,
  0x00, 0x00, 0xff, 0x00, 0x00, 0xff, 0x00, 0x00, 0xff, 0x00, 0x00, 0xff,
  0x00, 0x00, 0xff, 0x00, 0x00, 0xff, 0x00, 0x00, 0xff, 0x00, 0x00, 0xff,
  0x00, 0x00, 0xff, 0x00, 0x00, 0xff, 0x00, 0x00, 0xff, 0x00, 0x00, 0xff,
  0x00, 0x00, 0xff, 0x00, 0x00, 0xff, 0x00, 0x00, 0xff, 0x00, 0x00, 0xff,
  0x00, 0x00, 0xff, 0x00, 0x00, 0xff, 0x00, 0x00, 0xff, 0x00, 0x00, 0xff,
  0x00, 0x00, 0xff, 0x00, 0x00, 0xff, 0x00, 0x00, 0xff, 0x00, 0x00, 0xff,
  0x00, 0x00, 0xff, 0x00, 0x00, 0xff, 0x00, 0x00, 0xff, 0x00, 0x00, 0xff,
  0x00, 0x00, 0xff, 0x00, 0x00, 0xff, 0x00, 0x00, 0xff, 0x00, 0x00, 0xff,
  0x00, 0x00, 0xff, 0x00, 0x00, 0xff, 0x00, 0x00, 0xff, 0x00, 0x00, 0xff,
  0x00, 0x00, 0xff, 0x00, 0x00, 0xff, 0x00, 0x00, 0xff, 0x00, 0x00, 0xff,
  0x00, 0x00, 0xff, 0x00, 0x00, 0xff, 0x00, 0x00, 0xff, 0x00, 0x00, 0xff,
  0x00, 0x00, 0xff, 0x00, 0x00, 0xff, 0x00, 0x00, 0xff, 0x00, 0x00, 0xff,
  0x00, 0x00, 0xff, 0x00, 0x00, 0xff, 0x00, 0x00, 0xff, 0x00, 0x00, 0xff,
  0x00, 0x00, 0xff, 0x00, 0x00, 0xff, 0x00, 0x00, 0xff, 0x00, 0x00, 0xff,
  0x00, 0x00, 0xff, 0x00, 0x00, 0xff, 0x00, 0x00, 0xff, 0x00, 0x00, 0xff,
  0x00, 0x00, 0xff, 0x00, 0x00, 0xff, 0x00, 0x00, 0xff, 0x00, 0x00, 0xe9,
  0x00, 0x00, 0x00, 0x00, 0x00, 0x00, 0x00, 0x00, 0x00, 0x00, 0x00, 0x00,
  0x00, 0x00, 0x00, 0x00, 0x00, 0x00, 0x00, 0x00, 0x00, 0x00, 0x00, 0x00,
  0x00, 0x00, 0x00, 0x00, 0x00, 0x00, 0x00, 0x00, 0x00, 0x00, 0x00, 0x00,
  0x00, 0x00, 0x00, 0x00, 0x00, 0x00, 0x00, 0x00, 0x00, 0x00, 0x00, 0x00,
  0x00, 0x00, 0xe6, 0x00, 0x00, 0xf6, 0x00, 0x00, 0xf5, 0x00, 0x00, 0xf5,
  0x00, 0x00, 0xf5, 0x00, 0x00, 0xf5, 0x00, 0x00, 0xf5, 0x00, 0x00, 0xf5,
  0x00, 0x00, 0xf5, 0x00, 0x00, 0xf5, 0x00, 0x00, 0xf5, 0x00, 0x00, 0xf5,
  0x00, 0x00, 0xf5, 0x00, 0x00, 0xf5, 0x00, 0x00, 0xf5, 0x00, 0x00, 0xf5,
  0x00, 0x00, 0xf5, 0x00, 0x00, 0xf5, 0x00, 0x00, 0xf5, 0x00, 0x00, 0xf5,
  0x00, 0x00, 0xf5, 0x00, 0x00, 0xf5, 0x00, 0x00, 0xf5, 0x00, 0x00, 0xf5,
  0x00, 0x00, 0xf5, 0x00, 0x00, 0xf5, 0x00, 0x00, 0xf5, 0x00, 0x00, 0xf5,
  0x00, 0x00, 0xf5, 0x00, 0x00, 0xf5, 0x00, 0x00, 0xf5, 0x00, 0x00, 0xf5,
  0x00, 0x00, 0xf5, 0x00, 0x00, 0xf5, 0x00, 0x00, 0xf5, 0x00, 0x00, 0xf5,
  0x00, 0x00, 0xf5, 0x00, 0x00, 0xf5, 0x00, 0x00, 0xf5, 0x00, 0x00, 0xf5,
  0x00, 0x00, 0xf5, 0x00, 0x00, 0xf5, 0x00, 0x00, 0xf5, 0x00, 0x00, 0xf5,
  0x00, 0x00, 0xf5, 0x00, 0x00, 0xf5, 0x00, 0x00, 0xf5, 0x00, 0x00, 0xf5,
  0x00, 0x00, 0xf5, 0x00, 0x00, 0xf5, 0x00, 0x00, 0xf5, 0x00, 0x00, 0xf5,
  0x00, 0x00, 0xf5, 0x00, 0x00, 0xf5, 0x00, 0x00, 0xf5, 0x00, 0x00, 0xf5,
  0x00, 0x00, 0xf5, 0x00, 0x00, 0xf5, 0x00, 0x00, 0xf5, 0x00, 0x00, 0xf5,
  0x00, 0x00, 0xf5, 0x00, 0x00, 0xf5, 0x00, 0x00, 0xf5, 0x00, 0x00, 0xf5,
  0x00, 0x00, 0xf5, 0x00, 0x00, 0xf5, 0x00, 0x00, 0xf5, 0x00, 0x00, 0xf5,
  0x00, 0x00, 0xf5, 0x00, 0x00, 0xf5, 0x00, 0x00, 0xf5, 0x00, 0x00, 0xf5,
  0x00, 0x00, 0xf5, 0x00, 0x00, 0xf5, 0x00, 0x00, 0xf5, 0x00, 0x00, 0xf5,
  0x00, 0x00, 0xf5, 0x00, 0x00, 0xf5, 0x00, 0x00, 0xf5, 0x00, 0x00, 0xf5,
  0x00, 0x00, 0xf5, 0x00, 0x00, 0xf5, 0x00, 0x00, 0xf5, 0x00, 0x00, 0xf5,
  0x00, 0x00, 0xf5, 0x00, 0x00, 0xf5, 0x00, 0x00, 0xf5, 0x00, 0x00, 0xf5,
  0x00, 0x00, 0xf5, 0x00, 0x00, 0xf5, 0x00, 0x00, 0xf5, 0x00, 0x00, 0xf5,
  0x00, 0x00, 0xf5, 0x00, 0x00, 0xf5, 0x00, 0x00, 0xf5, 0x00, 0x00, 0xf5,
  0x00, 0x00, 0xf5, 0x00, 0x00, 0xf5, 0x00, 0x00, 0xf5, 0x00, 0x00, 0xf5,
  0x00, 0x00, 0xf5, 0x00, 0x00, 0xf5, 0x00, 0x00, 0xf5, 0x00, 0x00, 0xf5,
  0x00, 0x00, 0xf5, 0x00, 0x00, 0xf5, 0x00, 0x00, 0xf5, 0x00, 0x00, 0xf5,
  0x00, 0x00, 0xf5, 0x00, 0x00, 0xf5, 0x00, 0x00, 0xf5, 0x00, 0x00, 0xf5,
  0x00, 0x00, 0xf5, 0x00, 0x00, 0xf5, 0x00, 0x00, 0xf6, 0x00, 0x00, 0xe0,
  0x00, 0x00, 0x00, 0x00, 0x00, 0x00, 0x00, 0x00, 0x00, 0x00, 0x00, 0x00,
  0x00, 0x00, 0x00, 0x00, 0x00, 0x00, 0x00, 0x00, 0x00, 0x00, 0x00, 0x00,
  0x00, 0x00, 0x00, 0x00, 0x00, 0x00, 0x00, 0x00, 0x00, 0x00, 0x00, 0x00,
  0x00, 0x00, 0x00, 0x00, 0x00, 0x00, 0x00, 0x00, 0x00, 0x00, 0x00, 0x00,
  0x00, 0x00, 0x00, 0x00, 0x00, 0x00, 0x00, 0x00, 0x00, 0x00, 0x00, 0x00,
  0x00, 0x00, 0x00, 0x00, 0x00, 0x00, 0x00, 0x00, 0x00, 0x00, 0x00, 0x00,
  0x00, 0x00, 0x00, 0x00, 0x00, 0x00, 0x00, 0x00, 0x00, 0x00, 0x00, 0x00,
  0x00, 0x00, 0x00, 0x00, 0x00, 0x00, 0x00, 0x00, 0x00, 0x00, 0x00, 0x00,
  0x00, 0x00, 0x00, 0x00, 0x00, 0x00, 0x00, 0x00, 0x00, 0x00, 0x00, 0x00,
  0x00, 0x00, 0x00, 0x00, 0x00, 0x00, 0x00, 0x00, 0x00, 0x00, 0x00, 0x00,
  0x00, 0x00, 0x00, 0x00, 0x00, 0x00, 0x00, 0x00, 0x00, 0x00, 0x00, 0x00,
  0x00, 0x00, 0x00, 0x00, 0x00, 0x00, 0x00, 0x00, 0x00, 0x00, 0x00, 0x00,
  0x00, 0x00, 0x00, 0x00, 0x00, 0x00, 0x00, 0x00, 0x00, 0x00, 0x00, 0x00,
  0x00, 0x00, 0x00, 0x00, 0x00, 0x00, 0x00, 0x00, 0x00, 0x00, 0x00, 0x00,
  0x00, 0x00, 0x00, 0x00, 0x00, 0x00, 0x00, 0x00, 0x00, 0x00, 0x00, 0x00,
  0x00, 0x00, 0x00, 0x00, 0x00, 0x00, 0x00, 0x00, 0x00, 0x00, 0x00, 0x00,
  0x00, 0x00, 0x00, 0x00, 0x00, 0x00, 0x00, 0x00, 0x00, 0x00, 0x00, 0x00,
  0x00, 0x00, 0x00, 0x00, 0x00, 0x00, 0x00, 0x00, 0x00, 0x00, 0x00, 0x00,
  0x00, 0x00, 0x00, 0x00, 0x00, 0x00, 0x00, 0x00, 0x00, 0x00, 0x00, 0x00,
  0x00, 0x00, 0x00, 0x00, 0x00, 0x00, 0x00, 0x00, 0x00, 0x00, 0x00, 0x00,
  0x00, 0x00, 0x00, 0x00, 0x00, 0x00, 0x00, 0x00, 0x00, 0x00, 0x00, 0x00,
  0x00, 0x00, 0x00, 0x00, 0x00, 0x00, 0x00, 0x00, 0x00, 0x00, 0x00, 0x00,
  0x00, 0x00, 0x00, 0x00, 0x00, 0x00, 0x00, 0x00, 0x00, 0x00, 0x00, 0x00,
  0x00, 0x00, 0x00, 0x00, 0x00, 0x00, 0x00, 0x00, 0x00, 0x00, 0x00, 0x00,
  0x00, 0x00, 0x00, 0x00, 0x00, 0x00, 0x00, 0x00, 0x00, 0x00, 0x00, 0x00,
  0x00, 0x00, 0x00, 0x00, 0x00, 0x00, 0x00, 0x00, 0x00, 0x00, 0x00, 0x00,
  0x00, 0x00, 0x00, 0x00, 0x00, 0x00, 0x00, 0x00, 0x00, 0x00, 0x00, 0x00,
  0x00, 0x00, 0x00, 0x00, 0x00, 0x00, 0x00, 0x00, 0x00, 0x00, 0x00, 0x00,
  0x00, 0x00, 0x00, 0x00, 0x00, 0x00, 0x00, 0x00, 0x00, 0x00, 0x00, 0x00,
  0x00, 0x00, 0x00, 0x00, 0x00, 0x00, 0x00, 0x00, 0x00, 0x00, 0x00, 0x00,
  0x00, 0x00, 0x00, 0x00, 0x00, 0x00, 0x00, 0x00, 0x00, 0x00, 0x00, 0x00,
  0x00, 0x00, 0x00, 0x00, 0x00, 0x00, 0x00, 0x00, 0x00, 0x00, 0x00, 0x00,
  0x00, 0x00, 0x00, 0x00, 0x00, 0x00, 0x00, 0x00, 0x00, 0x00, 0x00, 0x00,
  0x00, 0x00, 0x00, 0x00, 0x00, 0x00, 0x00, 0x00, 0x00, 0x00, 0x00, 0x00,
  0x00, 0x00, 0x00, 0x00, 0x00, 0x00, 0x00, 0x00, 0x00, 0x00, 0x00, 0x00,
  0x00, 0x00, 0x00, 0x00, 0x00, 0x00, 0x00, 0x00, 0x00, 0x00, 0x00, 0x00,
  0x00, 0x00, 0x00, 0x00, 0x00, 0x00, 0x00, 0x00, 0x00, 0x00, 0x00, 0x00,
  0x00, 0x00, 0x00, 0x00, 0x00, 0x00, 0x00, 0x00, 0x00, 0x00, 0x00, 0x00,
  0x00, 0x00, 0x00, 0x00, 0x00, 0x00, 0x00, 0x00, 0x00, 0x00, 0x00, 0x00,
  0x00, 0x00, 0x00, 0x00, 0x00, 0x00, 0x00, 0x00, 0x00, 0x00, 0x00, 0x00,
  0x00, 0x00, 0x00, 0x00, 0x00, 0x00, 0x00, 0x00, 0x00, 0x00, 0x00, 0x00,
  0x00, 0x00, 0x00, 0x00, 0x00, 0x00, 0x00, 0x00, 0x00, 0x00, 0x00, 0x00,
  0x00, 0x00, 0x00, 0x00, 0x00, 0x00, 0x00, 0x00, 0x00, 0x00, 0x00, 0x00,
  0x00, 0x00, 0x00, 0x00, 0x00, 0x00, 0x00, 0x00, 0x00, 0x00, 0x00, 0x00,
  0x00, 0x00, 0x00, 0x00, 0x00, 0x00, 0x00, 0x00, 0x00, 0x00, 0x00, 0x00,
  0x00, 0x00, 0x00, 0x00, 0x00, 0x00, 0x00, 0x00, 0x00, 0x00, 0x00, 0x00,
  0x00, 0x00, 0x00, 0x00, 0x00, 0x00, 0x00, 0x00, 0x00, 0x00, 0x00, 0x00,
  0x00, 0x00, 0x00, 0x00, 0x00, 0x00, 0x00, 0x00, 0x00, 0x00, 0x00, 0x00,
  0x00, 0x00, 0x00, 0x00, 0x00, 0x00, 0x00, 0x00, 0x00, 0x00, 0x00, 0x00,
  0x00, 0x00, 0x00, 0x00, 0x00, 0x00, 0x00, 0x00, 0x00, 0x00, 0x00, 0x00,
  0x00, 0x00, 0x00, 0x00, 0x00, 0x00, 0x00, 0x00, 0x00, 0x00, 0x00, 0x00,
  0x00, 0x00, 0x00, 0x00, 0x00, 0x00, 0x00, 0x00, 0x00, 0x00, 0x00, 0x00,
  0x00, 0x00, 0x00, 0x00, 0x00, 0x00, 0x00, 0x00, 0x00, 0x00, 0x00, 0x00,
  0x00, 0x00, 0x00, 0x00, 0x00, 0x00, 0x00, 0x00, 0x00, 0x00, 0x00, 0x00,
  0x00, 0x00, 0x00, 0x00, 0x00, 0x00, 0x00, 0x00, 0x00, 0x00, 0x00, 0x00,
  0x00, 0x00, 0x00, 0x00, 0x00, 0x00, 0x00, 0x00, 0x00, 0x00, 0x00, 0x00,
  0x00, 0x00, 0x00, 0x00, 0x00, 0x00, 0x00, 0x00, 0x00, 0x00, 0x00, 0x00,
  0x00, 0x00, 0x00, 0x00, 0x00, 0x00, 0x00, 0x00, 0x00, 0x00, 0x00, 0x00,
  0x00, 0x00, 0x00, 0x00, 0x00, 0x00, 0x00, 0x00, 0x00, 0x00, 0x00, 0x00,
  0x00, 0x00, 0x00, 0x00, 0x00, 0x00, 0x00, 0x00, 0x00, 0x00, 0x00, 0x00,
  0x00, 0x00, 0x00, 0x00, 0x00, 0x00, 0x00, 0x00, 0x00, 0x00, 0x00, 0x00,
  0x00, 0x00, 0x00, 0x00, 0x00, 0x00, 0x00, 0x00, 0x00, 0x00, 0x00, 0x00,
  0x00, 0x00, 0x00, 0x00, 0x00, 0x00, 0x00, 0x00, 0x00, 0x00, 0x00, 0x00,
  0x00, 0x00, 0x00, 0x00, 0x00, 0x00, 0x00, 0x00, 0x00, 0x00, 0x00, 0x00,
  0x00, 0x00, 0x00, 0x00, 0x00, 0x00, 0x00, 0x00, 0x00, 0x00, 0x00, 0x00,
  0x00, 0x00, 0x00, 0x00, 0x00, 0x00, 0x00, 0x00, 0x00, 0x00, 0x00, 0x00,
  0x00, 0x00, 0x00, 0x00, 0x00, 0x00, 0x00, 0x00, 0x00, 0x00, 0x00, 0x00,
  0x00, 0x00, 0x00, 0x00, 0x00, 0x00, 0x00, 0x00, 0x00, 0x00, 0x00, 0x00
};

const lv_img_dsc_t sc_pad_logo_drake = {
  .header.cf = LV_IMG_CF_TRUE_COLOR_ALPHA,
  .header.always_zero = 0,
  .header.reserved = 0,
  .header.w = 132,
  .header.h = 48,
  .data_size = 6336 * LV_IMG_PX_SIZE_ALPHA_BYTE,
  .data = sc_pad_logo_drake_map,
};

static const uint8_t sc_pad_logo_misc_map[] = {
  0x00, 0x00, 0x00, 0x00, 0x00, 0x00, 0x00, 0x00, 0x00, 0x00, 0x00, 0x00,
  0x00, 0x00, 0x00, 0x00, 0x00, 0x00, 0x00, 0x00, 0x00, 0x00, 0x00, 0x00,
  0x00, 0x00, 0x00, 0x00, 0x00, 0x00, 0x00, 0x00, 0x00, 0x00, 0x00, 0x00,
  0x00, 0x00, 0x00, 0x00, 0x00, 0x00, 0x00, 0x00, 0x00, 0x00, 0x00, 0x00,
  0x00, 0x00, 0x00, 0x00, 0x00, 0x00, 0x00, 0x00, 0x00, 0x00, 0x00, 0x00,
  0x00, 0x00, 0x00, 0x00, 0x00, 0x00, 0x00, 0x00, 0x00, 0x00, 0x00, 0x00,
  0x00, 0x00, 0x00, 0x00, 0x00, 0x00, 0x00, 0x00, 0x00, 0x00, 0x00, 0x00,
  0x00, 0x00, 0x00, 0x00, 0x00, 0x00, 0x00, 0x00, 0x00, 0x00, 0x00, 0x00,
  0x00, 0x00, 0x00, 0x00, 0x00, 0x00, 0x00, 0x00, 0x00, 0x00, 0x00, 0x00,
  0x00, 0x00, 0x00, 0x00, 0x00, 0x00, 0x00, 0x00, 0x00, 0x00, 0x00, 0x00,
  0x00, 0x00, 0x00, 0x00, 0x00, 0x00, 0x00, 0x00, 0x00, 0x00, 0x00, 0x00,
  0x00, 0x00, 0x00, 0x00, 0x00, 0x00, 0x00, 0x00, 0x00, 0x00, 0x00, 0x00,
  0x00, 0x00, 0x00, 0x00, 0x00, 0x00, 0x00, 0x00, 0x00, 0x00, 0x00, 0x00,
  0x00, 0x00, 0x00, 0x00, 0x00, 0x00, 0x00, 0x00, 0x00, 0x00, 0x00, 0x00,
  0x00, 0x00, 0x00, 0x00, 0x00, 0x00, 0x00, 0x00, 0x00, 0x00, 0x00, 0x00,
  0x00, 0x00, 0x00, 0x00, 0x00, 0x00, 0x00, 0x00, 0x00, 0x00, 0x00, 0x00,
  0x00, 0x00, 0x00, 0x00, 0x00, 0x00, 0x00, 0x00, 0x00, 0x00, 0x00, 0x00,
  0x00, 0x00, 0x00, 0x00, 0x00, 0x00, 0x00, 0x00, 0x00, 0x00, 0x00, 0x00,
  0x00, 0x00, 0x00, 0x00, 0x00, 0x00, 0x00, 0x00, 0x00, 0x00, 0x00, 0x00,
  0x00, 0x00, 0x00, 0x00, 0x00, 0x00, 0x00, 0x00, 0x00, 0x00, 0x00, 0x00,
  0x00, 0x00, 0x00, 0x00, 0x00, 0x00, 0x00, 0x00, 0x00, 0x00, 0x00, 0x00,
  0x00, 0x00, 0x00, 0x00, 0x00, 0x00, 0x00, 0x00, 0x00, 0x00, 0x00, 0x00,
  0x00, 0x00, 0x00, 0x00, 0x00, 0x00, 0x00, 0x00, 0x00, 0x00, 0x00, 0x00,
  0x00, 0x00, 0x00, 0x00, 0x00, 0x00, 0x00, 0x00, 0x00, 0x00, 0x00, 0x00,
  0x00, 0x00, 0x00, 0x00, 0x00, 0x00, 0x00, 0x00, 0x00, 0x00, 0x00, 0x00,
  0x00, 0x00, 0x00, 0x00, 0x00, 0x00, 0x00, 0x00, 0x00, 0x00, 0x00, 0x00,
  0x00, 0x00, 0x00, 0x00, 0x00, 0x00, 0x00, 0x00, 0x00, 0x00, 0x00, 0x00,
  0x00, 0x00, 0x00, 0x00, 0x00, 0x00, 0x00, 0x00, 0x00, 0x00, 0x00, 0x00,
  0x00, 0x00, 0x00, 0x00, 0x00, 0x00, 0x00, 0x00, 0x00, 0x00, 0x00, 0x00,
  0x00, 0x00, 0x00, 0x00, 0x00, 0x00, 0x00, 0x00, 0x00, 0x00, 0x00, 0x00,
  0x00, 0x00, 0x00, 0x00, 0x00, 0x00, 0x00, 0x00, 0x00, 0x00, 0x00, 0x00,
  0x00, 0x00, 0x00, 0x00, 0x00, 0x00, 0x00, 0x00, 0x00, 0x00, 0x00, 0x00,
  0x00, 0x00, 0x00, 0x00, 0x00, 0x00, 0x00, 0x00, 0x00, 0x00, 0x00, 0x00,
  0x00, 0x00, 0x00, 0x00, 0x00, 0x00, 0x00, 0x00, 0x00, 0x00, 0x00, 0x00,
  0x00, 0x00, 0x00, 0x00, 0x00, 0x00, 0x00, 0x00, 0x00, 0x00, 0x00, 0x00,
  0x00, 0x00, 0x00, 0x00, 0x00, 0x00, 0x00, 0x00, 0x00, 0x00, 0x00, 0x00,
  0x00, 0x00, 0x00, 0x00, 0x00, 0x00, 0x00, 0x00, 0x00, 0x00, 0x00, 0x00,
  0x00, 0x00, 0x00, 0x00, 0x00, 0x00, 0x00, 0x00, 0x00, 0x00, 0x00, 0x00,
  0x00, 0x00, 0x00, 0x00, 0x00, 0x00, 0x00, 0x00, 0x00, 0x00, 0x00, 0x00,
  0x00, 0x00, 0x00, 0x00, 0x00, 0x00, 0x00, 0x00, 0x00, 0x00, 0x00, 0x00,
  0x00, 0x00, 0x00, 0x00, 0x00, 0x00, 0x00, 0x00, 0x00, 0x00, 0x00, 0x00,
  0x00, 0x00, 0x00, 0x00, 0x00, 0x00, 0x00, 0x00, 0x00, 0x00, 0x00, 0x00,
  0x00, 0x00, 0x00, 0x00, 0x00, 0x00, 0x00, 0x00, 0x00, 0x00, 0x00, 0x00,
  0x00, 0x00, 0x00, 0x00, 0x00, 0x00, 0x00, 0x00, 0x00, 0x00, 0x00, 0x00,
  0x00, 0x00, 0x00, 0x00, 0x00, 0x00, 0x00, 0x00, 0x00, 0x00, 0x00, 0x00,
  0x00, 0x00, 0x00, 0x00, 0x00, 0x00, 0x00, 0x00, 0x00, 0x00, 0x00, 0x00,
  0x00, 0x00, 0x00, 0x00, 0x00, 0x00, 0x00, 0x00, 0x00, 0x00, 0x00, 0x00,
  0x00, 0x00, 0x00, 0x00, 0x00, 0x00, 0x00, 0x00, 0x00, 0x00, 0x00, 0x00,
  0x00, 0x00, 0x00, 0x00, 0x00, 0x00, 0x00, 0x00, 0x00, 0x00, 0x00, 0x00,
  0x00, 0x00, 0x00, 0x00, 0x00, 0x00, 0x00, 0x00, 0x00, 0x00, 0x00, 0x00,
  0x00, 0x00, 0x00, 0x00, 0x00, 0x00, 0x00, 0x00, 0x00, 0x00, 0x00, 0x00,
  0x00, 0x00, 0x00, 0x00, 0x00, 0x00, 0x00, 0x00, 0x00, 0x00, 0x00, 0x00,
  0x00, 0x00, 0x00, 0x00, 0x00, 0x00, 0x00, 0x00, 0x00, 0x00, 0x00, 0x00,
  0x00, 0x00, 0x00, 0x00, 0x00, 0x00, 0x00, 0x00, 0x00, 0x00, 0x00, 0x00,
  0x00, 0x00, 0x00, 0x00, 0x00, 0x00, 0x00, 0x00, 0x00, 0x00, 0x00, 0x00,
  0x00, 0x00, 0x00, 0x00, 0x00, 0x00, 0x00, 0x00, 0x00, 0x00, 0x00, 0x00,
  0x00, 0x00, 0x00, 0x00, 0x00, 0x00, 0x00, 0x00, 0x00, 0x00, 0x00, 0x00,
  0x00, 0x00, 0x00, 0x00, 0x00, 0x00, 0x00, 0x00, 0x00, 0x00, 0x00, 0x00,
  0x00, 0x00, 0x00, 0x00, 0x00, 0x00, 0x00, 0x00, 0x00, 0x00, 0x00, 0x00,
  0x00, 0x00, 0x00, 0x00, 0x00, 0x00, 0x00, 0x00, 0x00, 0x00, 0x00, 0x00,
  0x00, 0x00, 0x00, 0x00, 0x00, 0x00, 0x00, 0x00, 0x00, 0x00, 0x00, 0x00,
  0x00, 0x00, 0x00, 0x00, 0x00, 0x00, 0x00, 0x00, 0x00, 0x00, 0x00, 0x00,
  0x00, 0x00, 0x00, 0x00, 0x00, 0x00, 0x00, 0x00, 0x00, 0x00, 0x00, 0x00,
  0x00, 0x00, 0x00, 0x00, 0x00, 0x00, 0x00, 0x00, 0x00, 0x00, 0x00, 0x00,
  0x00, 0x00, 0x00, 0x00, 0x00, 0x00, 0x00, 0x00, 0x00, 0x00, 0x00, 0x00,
  0x00, 0x00, 0x00, 0x00, 0x00, 0x00, 0x00, 0x00, 0x00, 0x00, 0x00, 0x00,
  0x00, 0x00, 0x00, 0x00, 0x00, 0x00, 0x00, 0x00, 0x00, 0x00, 0x00, 0x00,
  0x00, 0x00, 0x00, 0x00, 0x00, 0x00, 0x00, 0x00, 0x00, 0x00, 0x00, 0x00,
  0x00, 0x00, 0x00, 0x00, 0x00, 0x00, 0x00, 0x00, 0x00, 0x00, 0x00, 0x00,
  0x00, 0x00, 0x00, 0x00, 0x00, 0x00, 0x00, 0x00, 0x00, 0x00, 0x00, 0x00,
  0x00, 0x00, 0x00, 0x00, 0x00, 0x00, 0x00, 0x00, 0x00, 0x00, 0x00, 0x00,
  0x00, 0x00, 0x00, 0x00, 0x00, 0x00, 0x00, 0x00, 0x00, 0x00, 0x00, 0x00,
  0x00, 0x00, 0x00, 0x00, 0x00, 0x00, 0x00, 0x00, 0x00, 0x00, 0x00, 0x00,
  0x00, 0x00, 0x00, 0x00, 0x00, 0x00, 0x00, 0x00, 0x00, 0x00, 0x00, 0x00,
  0x00, 0x00, 0x00, 0x00, 0x00, 0x00, 0x00, 0x00, 0x00, 0x00, 0x00, 0x00,
  0x00, 0x00, 0x00, 0x00, 0x00, 0x00, 0x00, 0x00, 0x00, 0x00, 0x00, 0x00,
  0x00, 0x00, 0x00, 0x00, 0x00, 0x00, 0x00, 0x00, 0x00, 0x00, 0x00, 0x00,
  0x00, 0x00, 0x00, 0x00, 0x00, 0x00, 0x00, 0x00, 0x00, 0x00, 0x00, 0x00,
  0x00, 0x00, 0x00, 0x00, 0x00, 0x00, 0x00, 0x00, 0x00, 0x00, 0x00, 0x00,
  0x00, 0x00, 0x00, 0x00, 0x00, 0x00, 0x00, 0x00, 0x00, 0x00, 0x00, 0x00,
  0x00, 0x00, 0x00, 0x00, 0x00, 0x00, 0x00, 0x00, 0x00, 0x00, 0x00, 0x00,
  0x00, 0x00, 0x00, 0x00, 0x00, 0x00, 0x00, 0x00, 0x00, 0x00, 0x00, 0x00,
  0x00, 0x00, 0x00, 0x00, 0x00, 0x00, 0x00, 0x00, 0x00, 0x00, 0x00, 0x00,
  0x00, 0x00, 0x00, 0x00, 0x00, 0x00, 0x00, 0x00, 0x00, 0x00, 0x00, 0x00,
  0x00, 0x00, 0x00, 0x00, 0x00, 0x00, 0x00, 0x00, 0x00, 0x00, 0x00, 0x00,
  0x00, 0x00, 0x00, 0x00, 0x00, 0x00, 0x00, 0x00, 0x00, 0x00, 0x00, 0x00,
  0x00, 0x00, 0x00, 0x00, 0x00, 0x00, 0x00, 0x00, 0x00, 0x00, 0x00, 0x00,
  0x00, 0x00, 0x00, 0x00, 0x00, 0x00, 0x00, 0x00, 0x00, 0x00, 0x00, 0x00,
  0x00, 0x00, 0x00, 0x00, 0x00, 0x00, 0x00, 0x00, 0x00, 0x00, 0x00, 0x00,
  0x00, 0x00, 0x00, 0x00, 0x00, 0x00, 0x00, 0x00, 0x00, 0x00, 0x00, 0x00,
  0x00, 0x00, 0x00, 0x00, 0x00, 0x00, 0x00, 0x00, 0x00, 0x00, 0x00, 0x00,
  0x00, 0x00, 0x00, 0x00, 0x00, 0x00, 0x00, 0x00, 0x00, 0x00, 0x00, 0x00,
  0x00, 0x00, 0x00, 0x00, 0x00, 0x00, 0x00, 0x00, 0x00, 0x00, 0x00, 0x00,
  0x00, 0x00, 0x00, 0x00, 0x00, 0x00, 0x00, 0x00, 0x00, 0x00, 0x00, 0x00,
  0x00, 0x00, 0x00, 0x00, 0x00, 0x00, 0x00, 0x00, 0x00, 0x00, 0x00, 0x00,
  0x00, 0x00, 0x00, 0x00, 0x00, 0x00, 0x00, 0x00, 0x00, 0x00, 0x00, 0x00,
  0x00, 0x00, 0x00, 0x00, 0x00, 0x00, 0x00, 0x00, 0x00, 0x00, 0x00, 0x00,
  0x00, 0x00, 0x00, 0x00, 0x00, 0x00, 0x00, 0x00, 0x00, 0x00, 0x00, 0x00,
  0x00, 0x00, 0x00, 0x00, 0x00, 0x00, 0x00, 0x00, 0x00, 0x00, 0x00, 0x00,
  0x00, 0x00, 0x00, 0x00, 0x00, 0x00, 0x00, 0x00, 0x00, 0x00, 0x00, 0x00,
  0x00, 0x00, 0x00, 0x00, 0x00, 0x00, 0x00, 0x00, 0x00, 0x00, 0x00, 0x00,
  0x00, 0x00, 0x00, 0x00, 0x00, 0x00, 0x00, 0x00, 0x00, 0x00, 0x00, 0x00,
  0x00, 0x00, 0x00, 0x00, 0x00, 0x00, 0x00, 0x00, 0x00, 0x00, 0x00, 0x00,
  0x00, 0x00, 0x00, 0x00, 0x00, 0x00, 0x00, 0x00, 0x3b, 0x00, 0x00, 0xe1,
  0x00, 0x00, 0xfd, 0x00, 0x00, 0xfb, 0x00, 0x00, 0xfb, 0x00, 0x00, 0xfc,
  0x00, 0x00, 0xfb, 0x00, 0x00, 0x83, 0x00, 0x00, 0x03, 0x00, 0x00, 0x00,
  0x00, 0x00, 0x00, 0x00, 0x00, 0x00, 0x00, 0x00, 0x00, 0x00, 0x00, 0x00,
  0x00, 0x00, 0x00, 0x00, 0x00, 0x00, 0x00, 0x00, 0x00, 0x00, 0x00, 0x00,
  0x00, 0x00, 0x00, 0x00, 0x00, 0x00, 0x00, 0x00, 0x00, 0x00, 0x00, 0x00,
  0x00, 0x00, 0x00, 0x00, 0x00, 0x00, 0x00, 0x00, 0x00, 0x00, 0x00, 0x00,
  0x00, 0x00, 0x00, 0x00, 0x00, 0x00, 0x00, 0x00, 0x00, 0x00, 0x00, 0x00,
  0x00, 0x00, 0x00, 0x00, 0x00, 0x00, 0x00, 0x00, 0x00, 0x00, 0x00, 0x00,
  0x00, 0x00, 0x00, 0x00, 0x00, 0x00, 0x00, 0x00, 0x00, 0x00, 0x00, 0x00,
  0x00, 0x00, 0x00, 0x00, 0x00, 0x00, 0x00, 0x00, 0x00, 0x00, 0x00, 0x00,
  0x00, 0x00, 0x00, 0x00, 0x00, 0x00, 0x00, 0x00, 0x00, 0x00, 0x00, 0x00,
  0x00, 0x00, 0x00, 0x00, 0x00, 0x00, 0x00, 0x00, 0x00, 0x00, 0x00, 0x00,
  0x00, 0x00, 0x00, 0x00, 0x00, 0x00, 0x00, 0x00, 0x00, 0x00, 0x00, 0x00,
  0x00, 0x00, 0x00, 0x00, 0x00, 0x00, 0x00, 0x00, 0x00, 0x00, 0x00, 0x00,
  0x00, 0x00, 0x00, 0x00, 0x00, 0x00, 0x00, 0x00, 0x00, 0x00, 0x00, 0x00,
  0x00, 0x00, 0x00, 0x00, 0x00, 0x00, 0x00, 0x00, 0x00, 0x00, 0x00, 0x00,
  0x00, 0x00, 0x00, 0x00, 0x00, 0x00, 0x00, 0x00, 0x00, 0x00, 0x00, 0x00,
  0x00, 0x00, 0x00, 0x00, 0x00, 0x00, 0x00, 0x00, 0x00, 0x00, 0x00, 0x00,
  0x00, 0x00, 0x00, 0x00, 0x00, 0x00, 0x00, 0x00, 0x00, 0x00, 0x00, 0x00,
  0x00, 0x00, 0x00, 0x00, 0x00, 0x00, 0x00, 0x00, 0x00, 0x00, 0x00, 0x00,
  0x00, 0x00, 0x00, 0x00, 0x00, 0x00, 0x00, 0x00, 0x00, 0x00, 0x00, 0x00,
  0x00, 0x00, 0x00, 0x00, 0x00, 0x00, 0x00, 0x00, 0x00, 0x00, 0x00, 0x00,
  0x00, 0x00, 0x00, 0x00, 0x00, 0x00, 0x00, 0x00, 0x00, 0x00, 0x00, 0x00,
  0x00, 0x00, 0x00, 0x00, 0x00, 0x00, 0x00, 0x00, 0x00, 0x00, 0x00, 0x00,
  0x00, 0x00, 0x00, 0x00, 0x00, 0x00, 0x00, 0x00, 0x00, 0x00, 0x00, 0x00,
  0x00, 0x00, 0x00, 0x00, 0x00, 0x00, 0x00, 0x00, 0x00, 0x00, 0x00, 0x00,
  0x00, 0x00, 0x00, 0x00, 0x00, 0x00, 0x00, 0x00, 0x00, 0x00, 0x00, 0x00,
  0x00, 0x00, 0x00, 0x00, 0x00, 0x00, 0x00, 0x00, 0x00, 0x00, 0x00, 0x00,
  0x00, 0x00, 0x00, 0x00, 0x00, 0x00, 0x00, 0x00, 0x00, 0x00, 0x00, 0x00,
  0x00, 0x00, 0x00, 0x00, 0x00, 0x00, 0x00, 0x00, 0x00, 0x00, 0x00, 0x00,
  0x00, 0x00, 0x00, 0x00, 0x00, 0x00, 0x00, 0x00, 0x00, 0x00, 0x00, 0x00,
  0x00, 0x00, 0x00, 0x00, 0x00, 0x00, 0x00, 0x00, 0x00, 0x00, 0x00, 0x00,
  0x00, 0x00, 0x00, 0x00, 0x00, 0x20, 0x00, 0x00, 0xc1, 0x00, 0x00, 0xff,
  0x00, 0x00, 0xff, 0x00, 0x00, 0xff, 0x00, 0x00, 0xff, 0x00, 0x00, 0xff,
  0x00, 0x00, 0xaf, 0x00, 0x00, 0x15, 0x00, 0x00, 0x00, 0x00, 0x00, 0x00,
  0x00, 0x00, 0x00, 0x00, 0x00, 0x00, 0x00, 0x00, 0x00, 0x00, 0x00, 0x00,
  0x00, 0x00, 0x00, 0x00, 0x00, 0x00, 0x00, 0x00, 0x00, 0x00, 0x00, 0x00,
  0x00, 0x00, 0x00, 0x00, 0x00, 0x00, 0x00, 0x00, 0x00, 0x00, 0x00, 0x00,
  0x00, 0x00, 0x00, 0x00, 0x00, 0x00, 0x00, 0x00, 0x00, 0x00, 0x00, 0x00,
  0x00, 0x00, 0x00, 0x00, 0x00, 0x00, 0x00, 0x00, 0x00, 0x00, 0x00, 0x00,
  0x00, 0x00, 0x00, 0x00, 0x00, 0x00, 0x00, 0x00, 0x00, 0x00, 0x00, 0x00,
  0x00, 0x00, 0x00, 0x00, 0x00, 0x00, 0x00, 0x00, 0x00, 0x00, 0x00, 0x00,
  0x00, 0x00, 0x00, 0x00, 0x00, 0x00, 0x00, 0x00, 0x00, 0x00, 0x00, 0x00,
  0x00, 0x00, 0x00, 0x00, 0x00, 0x00, 0x00, 0x00, 0x00, 0x00, 0x00, 0x00,
  0x00, 0x00, 0x00, 0x00, 0x00, 0x00, 0x00, 0x00, 0x00, 0x00, 0x00, 0x00,
  0x00, 0x00, 0x00, 0x00, 0x00, 0x00, 0x00, 0x00, 0x00, 0x00, 0x00, 0x00,
  0x00, 0x00, 0x00, 0x00, 0x00, 0x00, 0x00, 0x00, 0x00, 0x00, 0x00, 0x00,
  0x00, 0x00, 0x00, 0x00, 0x00, 0x00, 0x00, 0x00, 0x00, 0x00, 0x00, 0x00,
  0x00, 0x00, 0x00, 0x00, 0x00, 0x00, 0x00, 0x00, 0x00, 0x00, 0x00, 0x00,
  0x00, 0x00, 0x00, 0x00, 0x00, 0x00, 0x00, 0x00, 0x00, 0x00, 0x00, 0x00,
  0x00, 0x00, 0x00, 0x00, 0x00, 0x00, 0x00, 0x00, 0x00, 0x00, 0x00, 0x00,
  0x00, 0x00, 0x00, 0x00, 0x00, 0x00, 0x00, 0x00, 0x00, 0x00, 0x00, 0x00,
  0x00, 0x00, 0x00, 0x00, 0x00, 0x00, 0x00, 0x00, 0x00, 0x00, 0x00, 0x00,
  0x00, 0x00, 0x00, 0x00, 0x00, 0x00, 0x00, 0x00, 0x00, 0x00, 0x00, 0x00,
  0x00, 0x00, 0x00, 0x00, 0x00, 0x00, 0x00, 0x00, 0x00, 0x00, 0x00, 0x00,
  0x00, 0x00, 0x00, 0x00, 0x00, 0x00, 0x00, 0x00, 0x00, 0x00, 0x00, 0x00,
  0x00, 0x00, 0x00, 0x00, 0x00, 0x00, 0x00, 0x00, 0x00, 0x00, 0x00, 0x00,
  0x00, 0x00, 0x00, 0x00, 0x00, 0x00, 0x00, 0x00, 0x00, 0x00, 0x00, 0x00,
  0x00, 0x00, 0x00, 0x00, 0x00, 0x00, 0x00, 0x00, 0x00, 0x00, 0x00, 0x00,
  0x00, 0x00, 0x00, 0x00, 0x00, 0x00, 0x00, 0x00, 0x00, 0x00, 0x00, 0x00,
  0x00, 0x00, 0x00, 0x00, 0x00, 0x00, 0x00, 0x00, 0x00, 0x00, 0x00, 0x00,
  0x00, 0x00, 0x00, 0x00, 0x00, 0x00, 0x00, 0x00, 0x00, 0x00, 0x00, 0x00,
  0x00, 0x00, 0x00, 0x00, 0x00, 0x00, 0x00, 0x00, 0x00, 0x00, 0x00, 0x00,
  0x00, 0x00, 0x00, 0x00, 0x00, 0x00, 0x00, 0x00, 0x00, 0x00, 0x00, 0x00,
  0x00, 0x00, 0x00, 0x00, 0x00, 0x00, 0x00, 0x00, 0x00, 0x00, 0x00, 0x00,
  0x00, 0x00, 0x11, 0x00, 0x00, 0xaa, 0x00, 0x00, 0xff, 0x00, 0x00, 0xff,
  0x00, 0x00, 0xff, 0x00, 0x00, 0xff, 0x00, 0x00, 0xff, 0x00, 0x00, 0xc7,
  0x00, 0x00, 0x23, 0x00, 0x00, 0x00, 0x00, 0x00, 0x00, 0x00, 0x00, 0x00,
  0x00, 0x00, 0x00, 0x00, 0x00, 0x00, 0x00, 0x00, 0x00, 0x00, 0x00, 0x00,
  0x00, 0x00, 0x00, 0x00, 0x00, 0x00, 0x00, 0x00, 0x00, 0x00, 0x00, 0x00,
  0x00, 0x00, 0x00, 0x00, 0x00, 0x00, 0x00, 0x00, 0x00, 0x00, 0x00, 0x00,
  0x00, 0x00, 0x00, 0x00, 0x00, 0x00, 0x00, 0x00, 0x00, 0x00, 0x00, 0x00,
  0x00, 0x00, 0x00, 0x00, 0x00, 0x00, 0x00, 0x00, 0x00, 0x00, 0x00, 0x00,
  0x00, 0x00, 0x00, 0x00, 0x00, 0x00, 0x00, 0x00, 0x00, 0x00, 0x00, 0x00,
  0x00, 0x00, 0x00, 0x00, 0x00, 0x00, 0x00, 0x00, 0x00, 0x00, 0x00, 0x00,
  0x00, 0x00, 0x00, 0x00, 0x00, 0x00, 0x00, 0x00, 0x00, 0x00, 0x00, 0x00,
  0x00, 0x00, 0x00, 0x00, 0x00, 0x00, 0x00, 0x00, 0x00, 0x00, 0x00, 0x00,
  0x00, 0x00, 0x00, 0x00, 0x00, 0x00, 0x00, 0x00, 0x00, 0x00, 0x00, 0x00,
  0x00, 0x00, 0x00, 0x00, 0x00, 0x00, 0x00, 0x00, 0x00, 0x00, 0x00, 0x00,
  0x00, 0x00, 0x00, 0x00, 0x00, 0x00, 0x00, 0x00, 0x00, 0x00, 0x00, 0x00,
  0x00, 0x00, 0x00, 0x00, 0x00, 0x00, 0x00, 0x00, 0x00, 0x00, 0x00, 0x00,
  0x00, 0x00, 0x00, 0x00, 0x00, 0x00, 0x00, 0x00, 0x00, 0x00, 0x00, 0x00,
  0x00, 0x00, 0x00, 0x00, 0x00, 0x00, 0x00, 0x00, 0x00, 0x00, 0x00, 0x00,
  0x00, 0x00, 0x00, 0x00, 0x00, 0x00, 0x00, 0x00, 0x00, 0x00, 0x00, 0x00,
  0x00, 0x00, 0x00, 0x00, 0x00, 0x00, 0x00, 0x00, 0x00, 0x00, 0x00, 0x00,
  0x00, 0x00, 0x00, 0x00, 0x00, 0x00, 0x00, 0x00, 0x00, 0x00, 0x00, 0x00,
  0x00, 0x00, 0x00, 0x00, 0x00, 0x00, 0x00, 0x00, 0x00, 0x00, 0x00, 0x00,
  0x00, 0x00, 0x00, 0x00, 0x00, 0x00, 0x00, 0x00, 0x00, 0x00, 0x00, 0x00,
  0x00, 0x00, 0x00, 0x00, 0x00, 0x00, 0x00, 0x00, 0x00, 0x00, 0x00, 0x00,
  0x00, 0x00, 0x00, 0x00, 0x00, 0x00, 0x00, 0x00, 0x00, 0x00, 0x00, 0x00,
  0x00, 0x00, 0x00, 0x00, 0x00, 0x00, 0x00, 0x00, 0x00, 0x00, 0x00, 0x00,
  0x00, 0x00, 0x00, 0x00, 0x00, 0x00, 0x00, 0x00, 0x00, 0x00, 0x00, 0x00,
  0x00, 0x00, 0x00, 0x00, 0x00, 0x00, 0x00, 0x00, 0x00, 0x00, 0x00, 0x00,
  0x00, 0x00, 0x00, 0x00, 0x00, 0x00, 0x00, 0x00, 0x00, 0x00, 0x00, 0x00,
  0x00, 0x00, 0x00, 0x00, 0x00, 0x00, 0x00, 0x00, 0x00, 0x00, 0x00, 0x00,
  0x00, 0x00, 0x00, 0x00, 0x00, 0x00, 0x00, 0x00, 0x00, 0x00, 0x00, 0x00,
  0x00, 0x00, 0x00, 0x00, 0x00, 0x00, 0x00, 0x00, 0x00, 0x00, 0x00, 0x00,
  0x00, 0x00, 0x00, 0x00, 0x00, 0x00, 0x00, 0x00, 0x00, 0x00, 0x00, 0x07,
  0x00, 0x00, 0x8e, 0x00, 0x00, 0xfe, 0x00, 0x00, 0xff, 0x00, 0x00, 0xff,
  0x00, 0x00, 0xff, 0x00, 0x00, 0xff, 0x00, 0x00, 0xdc, 0x00, 0x00, 0x38,
  0x00, 0x00, 0x00, 0x00, 0x00, 0x00, 0x00, 0x00, 0x00, 0x00, 0x00, 0x00,
  0x00, 0x00, 0x00, 0x00, 0x00, 0x00, 0x00, 0x00, 0x00, 0x00, 0x00, 0x00,
  0x00, 0x00, 0x00, 0x00, 0x00, 0x00, 0x00, 0x00, 0x00, 0x00, 0x00, 0x00,
  0x00, 0x00, 0x00, 0x00, 0x00, 0x00, 0x00, 0x00, 0x00, 0x00, 0x00, 0x00,
  0x00, 0x00, 0x00, 0x00, 0x00, 0x00, 0x00, 0x00, 0x00, 0x00, 0x00, 0x00,
  0x00, 0x00, 0x00, 0x00, 0x00, 0x00, 0x00, 0x00, 0x00, 0x00, 0x00, 0x00,
  0x00, 0x00, 0x00, 0x00, 0x00, 0x00, 0x00, 0x00, 0x00, 0x00, 0x00, 0x00,
  0x00, 0x00, 0x00, 0x00, 0x00, 0x00, 0x00, 0x00, 0x00, 0x00, 0x00, 0x00,
  0x00, 0x00, 0x00, 0x00, 0x00, 0x00, 0x00, 0x00, 0x00, 0x00, 0x00, 0x00,
  0x00, 0x00, 0x00, 0x00, 0x00, 0x00, 0x00, 0x00, 0x00, 0x00, 0x00, 0x00,
  0x00, 0x00, 0x00, 0x00, 0x00, 0x00, 0x00, 0x00, 0x00, 0x00, 0x00, 0x00,
  0x00, 0x00, 0x00, 0x00, 0x00, 0x00, 0x00, 0x00, 0x00, 0x00, 0x00, 0x00,
  0x00, 0x00, 0x00, 0x00, 0x00, 0x00, 0x00, 0x00, 0x00, 0x00, 0x00, 0x00,
  0x00, 0x00, 0x00, 0x00, 0x00, 0x00, 0x00, 0x00, 0x00, 0x00, 0x00, 0x00,
  0x00, 0x00, 0x00, 0x00, 0x00, 0x00, 0x00, 0x00, 0x00, 0x00, 0x00, 0x00,
  0x00, 0x00, 0x00, 0x00, 0x00, 0x00, 0x00, 0x00, 0x00, 0x00, 0x00, 0x00,
  0x00, 0x00, 0x00, 0x00, 0x00, 0x00, 0x00, 0x00, 0x00, 0x00, 0x00, 0x00,
  0x00, 0x00, 0x00, 0x00, 0x00, 0x00, 0x00, 0x00, 0x00, 0x00, 0x00, 0x00,
  0x00, 0x00, 0x00, 0x00, 0x00, 0x00, 0x00, 0x00, 0x00, 0x00, 0x00, 0x00,
  0x00, 0x00, 0x00, 0x00, 0x00, 0x00, 0x00, 0x00, 0x00, 0x00, 0x00, 0x00,
  0x00, 0x00, 0x00, 0x00, 0x00, 0x00, 0x00, 0x00, 0x00, 0x00, 0x00, 0x00,
  0x00, 0x00, 0x00, 0x00, 0x00, 0x00, 0x00, 0x00, 0x00, 0x00, 0x00, 0x00,
  0x00, 0x00, 0x00, 0x00, 0x00, 0x00, 0x00, 0x00, 0x00, 0x00, 0x00, 0x00,
  0x00, 0x00, 0x00, 0x00, 0x00, 0x00, 0x00, 0x00, 0x00, 0x00, 0x00, 0x00,
  0x00, 0x00, 0x00, 0x00, 0x00, 0x00, 0x00, 0x00, 0x00, 0x00, 0x00, 0x00,
  0x00, 0x00, 0x00, 0x00, 0x00, 0x00, 0x00, 0x00, 0x00, 0x00, 0x00, 0x00,
  0x00, 0x00, 0x00, 0x00, 0x00, 0x00, 0x00, 0x00, 0x00, 0x00, 0x00, 0x00,
  0x00, 0x00, 0x00, 0x00, 0x00, 0x00, 0x00, 0x00, 0x00, 0x00, 0x00, 0x00,
  0x00, 0x00, 0x00, 0x00, 0x00, 0x00, 0x00, 0x00, 0x00, 0x00, 0x00, 0x00,
  0x00, 0x00, 0x00, 0x00, 0x00, 0x00, 0x00, 0x00, 0x00, 0x00, 0x00, 0x00,
  0x00, 0x00, 0x00, 0x00, 0x00, 0x00, 0x00, 0x00, 0x01, 0x00, 0x00, 0x71,
  0x00, 0x00, 0xf8, 0x00, 0x00, 0xff, 0x00, 0x00, 0xff, 0x00, 0x00, 0xff,
  0x00, 0x00, 0xff, 0x00, 0x00, 0xec, 0x00, 0x00, 0x51, 0x00, 0x00, 0x00,
  0x00, 0x00, 0x00, 0x00, 0x00, 0x00, 0x00, 0x00, 0x00, 0x00, 0x00, 0x00,
  0x00, 0x00, 0x00, 0x00, 0x00, 0x00, 0x00, 0x00, 0x00, 0x00, 0x00, 0x00,
  0x00, 0x00, 0x00, 0x00, 0x00, 0x00, 0x00, 0x00, 0x00, 0x00, 0x00, 0x00,
  0x00, 0x00, 0x00, 0x00, 0x00, 0x00, 0x00, 0x00, 0x00, 0x00, 0x00, 0x00,
  0x00, 0x00, 0x00, 0x00, 0x00, 0x00, 0x00, 0x00, 0x00, 0x00, 0x00, 0x00,
  0x00, 0x00, 0x00, 0x00, 0x00, 0x00, 0x00, 0x00, 0x00, 0x00, 0x00, 0x00,
  0x00, 0x00, 0x00, 0x00, 0x00, 0x00, 0x00, 0x00, 0x00, 0x00, 0x00, 0x00,
  0x00, 0x00, 0x00, 0x00, 0x00, 0x00, 0x00, 0x00, 0x00, 0x00, 0x00, 0x00,
  0x00, 0x00, 0x00, 0x00, 0x00, 0x00, 0x00, 0x00, 0x00, 0x00, 0x00, 0x00,
  0x00, 0x00, 0x00, 0x00, 0x00, 0x00, 0x00, 0x00, 0x00, 0x00, 0x00, 0x00,
  0x00, 0x00, 0x00, 0x00, 0x00, 0x00, 0x00, 0x00, 0x00, 0x00, 0x00, 0x00,
  0x00, 0x00, 0x00, 0x00, 0x00, 0x00, 0x00, 0x00, 0x00, 0x00, 0x00, 0x00,
  0x00, 0x00, 0x00, 0x00, 0x00, 0x00, 0x00, 0x00, 0x00, 0x00, 0x00, 0x00,
  0x00, 0x00, 0x00, 0x00, 0x00, 0x00, 0x00, 0x00, 0x00, 0x00, 0x00, 0x00,
  0x00, 0x00, 0x00, 0x00, 0x00, 0x00, 0x00, 0x00, 0x00, 0x00, 0x00, 0x00,
  0x00, 0x00, 0x00, 0x00, 0x00, 0x00, 0x00, 0x00, 0x00, 0x00, 0x00, 0x00,
  0x00, 0x00, 0x00, 0x00, 0x00, 0x00, 0x00, 0x00, 0x00, 0x00, 0x00, 0x00,
  0x00, 0x00, 0x00, 0x00, 0x00, 0x00, 0x00, 0x00, 0x00, 0x00, 0x00, 0x00,
  0x00, 0x00, 0x00, 0x00, 0x00, 0x00, 0x00, 0x00, 0x00, 0x00, 0x00, 0x00,
  0x00, 0x00, 0x00, 0x00, 0x00, 0x00, 0x00, 0x00, 0x00, 0x00, 0x00, 0x00,
  0x00, 0x00, 0x00, 0x00, 0x00, 0x00, 0x00, 0x00, 0x00, 0x00, 0x00, 0x00,
  0x00, 0x00, 0x00, 0x00, 0x00, 0x00, 0x00, 0x00, 0x00, 0x00, 0x00, 0x00,
  0x00, 0x00, 0x00, 0x00, 0x00, 0x00, 0x00, 0x00, 0x00, 0x00, 0x00, 0x00,
  0x00, 0x00, 0x00, 0x00, 0x00, 0x00, 0x00, 0x00, 0x00, 0x00, 0x00, 0x00,
  0x00, 0x00, 0x00, 0x00, 0x00, 0x00, 0x00, 0x00, 0x00, 0x00, 0x00, 0x00,
  0x00, 0x00, 0x00, 0x00, 0x00, 0x00, 0x00, 0x00, 0x00, 0x00, 0x00, 0x00,
  0x00, 0x00, 0x00, 0x00, 0x00, 0x00, 0x00, 0x00, 0x00, 0x00, 0x00, 0x00,
  0x00, 0x00, 0x00, 0x00, 0x00, 0x00, 0x00, 0x00, 0x00, 0x00, 0x00, 0x00,
  0x00, 0x00, 0x00, 0x00, 0x00, 0x00, 0x00, 0x00, 0x00, 0x00, 0x00, 0x00,
  0x00, 0x00, 0x00, 0x00, 0x00, 0x00, 0x00, 0x00, 0x00, 0x00, 0x00, 0x00,
  0x00, 0x00, 0x00, 0x00, 0x00, 0x00, 0x00, 0x00, 0x55, 0x00, 0x00, 0xee,
  0x00, 0x00, 0xff, 0x00, 0x00, 0xff, 0x00, 0x00, 0xff, 0x00, 0x00, 0xff,
  0x00, 0x00, 0xf7, 0x00, 0x00, 0x6d, 0x00, 0x00, 0x00, 0x00, 0x00, 0x00,
  0x00, 0x00, 0x00, 0x00, 0x00, 0x00, 0x00, 0x00, 0x00, 0x00, 0x00, 0x00,
  0x00, 0x00, 0x00, 0x00, 0x00, 0x00, 0x00, 0x00, 0x00, 0x00, 0x00, 0x00,
  0x00, 0x00, 0x00, 0x00, 0x00, 0x00, 0x00, 0x00, 0x00, 0x00, 0x00, 0x00,
  0x00, 0x00, 0x00, 0x00, 0x00, 0x00, 0x00, 0x00, 0x00, 0x00, 0x00, 0x00,
  0x00, 0x00, 0x00, 0x00, 0x00, 0x00, 0x00, 0x00, 0x00, 0x00, 0x00, 0x00,
  0x00, 0x00, 0x00, 0x00, 0x00, 0x00, 0x00, 0x00, 0x00, 0x00, 0x00, 0x00,
  0x00, 0x00, 0x00, 0x00, 0x00, 0x00, 0x00, 0x00, 0x00, 0x00, 0x00, 0x00,
  0x00, 0x00, 0x00, 0x00, 0x00, 0x00, 0x00, 0x00, 0x00, 0x00, 0x00, 0x00,
  0x00, 0x00, 0x00, 0x00, 0x00, 0x00, 0x00, 0x00, 0x00, 0x00, 0x00, 0x00,
  0x00, 0x00, 0x00, 0x00, 0x00, 0x00, 0x00, 0x00, 0x00, 0x00, 0x00, 0x00,
  0x00, 0x00, 0x00, 0x00, 0x00, 0x00, 0x00, 0x00, 0x00, 0x00, 0x00, 0x00,
  0x00, 0x00, 0x00, 0x00, 0x00, 0x00, 0x00, 0x00, 0x00, 0x00, 0x00, 0x00,
  0x00, 0x00, 0x00, 0x00, 0x00, 0x00, 0x00, 0x00, 0x00, 0x00, 0x00, 0x00,
  0x00, 0x00, 0x00, 0x00, 0x00, 0x00, 0x00, 0x00, 0x00, 0x00, 0x00, 0x00,
  0x00, 0x00, 0x00, 0x00, 0x00, 0x00, 0x00, 0x00, 0x00, 0x00, 0x00, 0x00,
  0x00, 0x00, 0x00, 0x00, 0x00, 0x00, 0x00, 0x00, 0x00, 0x00, 0x00, 0x00,
  0x00, 0x00, 0x00, 0x00, 0x00, 0x00, 0x00, 0x00, 0x00, 0x00, 0x00, 0x00,
  0x00, 0x00, 0x00, 0x00, 0x00, 0x00, 0x00, 0x00, 0x00, 0x00, 0x00, 0x00,
  0x00, 0x00, 0x00, 0x00, 0x00, 0x00, 0x00, 0x00, 0x00, 0x00, 0x00, 0x00,
  0x00, 0x00, 0x00, 0x00, 0x00, 0x00, 0x00, 0x00, 0x00, 0x00, 0x00, 0x00,
  0x00, 0x00, 0x00, 0x00, 0x00, 0x00, 0x00, 0x00, 0x00, 0x00, 0x00, 0x00,
  0x00, 0x00, 0x00, 0x00, 0x00, 0x00, 0x00, 0x00, 0x00, 0x00, 0x00, 0x00,
  0x00, 0x00, 0x00, 0x00, 0x00, 0x00, 0x00, 0x00, 0x00, 0x00, 0x00, 0x00,
  0x00, 0x00, 0x00, 0x00, 0x00, 0x00, 0x00, 0x00, 0x00, 0x00, 0x00, 0x00,
  0x00, 0x00, 0x00, 0x00, 0x00, 0x00, 0x00, 0x00, 0x00, 0x00, 0x00, 0x00,
  0x00, 0x00, 0x00, 0x00, 0x00, 0x00, 0x00, 0x00, 0x00, 0x00, 0x00, 0x00,
  0x00, 0x00, 0x00, 0x00, 0x00, 0x00, 0x00, 0x00, 0x00, 0x00, 0x00, 0x00,
  0x00, 0x00, 0x00, 0x00, 0x00, 0x00, 0x00, 0x00, 0x00, 0x00, 0x00, 0x00,
  0x00, 0x00, 0x00, 0x00, 0x00, 0x00, 0x00, 0x00, 0x00, 0x00, 0x00, 0x00,
  0x00, 0x00, 0x00, 0x00, 0x00, 0x00, 0x00, 0x00, 0x00, 0x00, 0x00, 0x00,
  0x00, 0x00, 0x00, 0x00, 0x00, 0x3c, 0x00, 0x00, 0xdf, 0x00, 0x00, 0xff,
  0x00, 0x00, 0xff, 0x00, 0x00, 0xff, 0x00, 0x00, 0xff, 0x00, 0x00, 0xfb,
  0x00, 0x00, 0x88, 0x00, 0x00, 0x05, 0x00, 0x00, 0x00, 0x00, 0x00, 0x00,
  0x00, 0x00, 0x00, 0x00, 0x00, 0x00, 0x00, 0x00, 0x00, 0x00, 0x00, 0x00,
  0x00, 0x00, 0x00, 0x00, 0x00, 0x00, 0x00, 0x00, 0x00, 0x00, 0x00, 0x00,
  0x00, 0x00, 0x00, 0x00, 0x00, 0x00, 0x00, 0x00, 0x00, 0x00, 0x00, 0x00,
  0x00, 0x00, 0x00, 0x00, 0x00, 0x00, 0x00, 0x00, 0x00, 0x00, 0x00, 0x00,
  0x00, 0x00, 0x00, 0x00, 0x00, 0x00, 0x00, 0x00, 0x00, 0x00, 0x00, 0x00,
  0x00, 0x00, 0x00, 0x00, 0x00, 0x00, 0x00, 0x00, 0x00, 0x00, 0x00, 0x00,
  0x00, 0x00, 0x00, 0x00, 0x00, 0x00, 0x00, 0x00, 0x00, 0x00, 0x00, 0x00,
  0x00, 0x00, 0x00, 0x00, 0x00, 0x00, 0x00, 0x00, 0x00, 0x00, 0x00, 0x00,
  0x00, 0x00, 0x00, 0x00, 0x00, 0x00, 0x00, 0x00, 0x00, 0x00, 0x00, 0x00,
  0x00, 0x00, 0x00, 0x00, 0x00, 0x00, 0x00, 0x00, 0x00, 0x00, 0x00, 0x00,
  0x00, 0x00, 0x00, 0x00, 0x00, 0x00, 0x00, 0x00, 0x00, 0x00, 0x00, 0x00,
  0x00, 0x00, 0x00, 0x00, 0x00, 0x00, 0x00, 0x00, 0x00, 0x00, 0x00, 0x00,
  0x00, 0x00, 0x00, 0x00, 0x00, 0x00, 0x00, 0x00, 0x00, 0x00, 0x00, 0x00,
  0x00, 0x00, 0x00, 0x00, 0x00, 0x00, 0x00, 0x00, 0x00, 0x00, 0x00, 0x00,
  0x00, 0x00, 0x00, 0x00, 0x00, 0x00, 0x00, 0x00, 0x00, 0x00, 0x00, 0x00,
  0x00, 0x00, 0x00, 0x00, 0x00, 0x00, 0x00, 0x00, 0x00, 0x00, 0x00, 0x00,
  0x00, 0x00, 0x00, 0x00, 0x00, 0x00, 0x00, 0x00, 0x00, 0x00, 0x00, 0x00,
  0x00, 0x00, 0x00, 0x00, 0x00, 0x00, 0x00, 0x00, 0x00, 0x00, 0x00, 0x00,
  0x00, 0x00, 0x00, 0x00, 0x00, 0x00, 0x00, 0x00, 0x00, 0x00, 0x00, 0x00,
  0x00, 0x00, 0x00, 0x00, 0x00, 0x00, 0x00, 0x00, 0x00, 0x00, 0x00, 0x00,
  0x00, 0x00, 0x00, 0x00, 0x00, 0x00, 0x00, 0x00, 0x00, 0x00, 0x00, 0x00,
  0x00, 0x00, 0x00, 0x00, 0x00, 0x00, 0x00, 0x00, 0x00, 0x00, 0x00, 0x00,
  0x00, 0x00, 0x00, 0x00, 0x00, 0x00, 0x00, 0x00, 0x00, 0x00, 0x00, 0x00,
  0x00, 0x00, 0x00, 0x00, 0x00, 0x00, 0x00, 0x00, 0x00, 0x00, 0x00, 0x00,
  0x00, 0x00, 0x00, 0x00, 0x00, 0x00, 0x00, 0x00, 0x00, 0x00, 0x00, 0x00,
  0x00, 0x00, 0x00, 0x00, 0x00, 0x00, 0x00, 0x00, 0x00, 0x00, 0x00, 0x00,
  0x00, 0x00, 0x00, 0x00, 0x00, 0x00, 0x00, 0x00, 0x00, 0x00, 0x00, 0x00,
  0x00, 0x00, 0x00, 0x00, 0x00, 0x00, 0x00, 0x00, 0x00, 0x00, 0x00, 0x00,
  0x00, 0x00, 0x00, 0x00, 0x00, 0x00, 0x00, 0x00, 0x00, 0x00, 0x00, 0x00,
  0x00, 0x00, 0x00, 0x00, 0x00, 0x00, 0x00, 0x00, 0x00, 0x00, 0x00, 0x00,
  0x00, 0x00, 0x27, 0x00, 0x00, 0xcb, 0x00, 0x00, 0xff, 0x00, 0x00, 0xff,
  0x00, 0x00, 0xff, 0x00, 0x00, 0xff, 0x00, 0x00, 0xff, 0x00, 0x00, 0xf4,
  0x00, 0x00, 0xaa, 0x00, 0x00, 0x99, 0x00, 0x00, 0x9b, 0x00, 0x00, 0x9b,
  0x00, 0x00, 0x9b, 0x00, 0x00, 0x9b, 0x00, 0x00, 0x9b, 0x00, 0x00, 0x9b,
  0x00, 0x00, 0x3e, 0x00, 0x00, 0x00, 0x00, 0x00, 0x00, 0x00, 0x00, 0x00,
  0x00, 0x00, 0x00, 0x00, 0x00, 0x00, 0x00, 0x00, 0x00, 0x00, 0x00, 0x00,
  0x00, 0x00, 0x00, 0x00, 0x00, 0x00, 0x00, 0x00, 0x00, 0x00, 0x00, 0x00,
  0x00, 0x00, 0x00, 0x00, 0x00, 0x00, 0x00, 0x00, 0x00, 0x00, 0x00, 0x00,
  0x00, 0x00, 0x00, 0x00, 0x00, 0x00, 0x00, 0x00, 0x00, 0x00, 0x00, 0x00,
  0x00, 0x00, 0x00, 0x00, 0x00, 0x00, 0x00, 0x00, 0x00, 0x00, 0x00, 0x00,
  0x00, 0x00, 0x00, 0x00, 0x00, 0x00, 0x00, 0x00, 0x00, 0x00, 0x00, 0x00,
  0x00, 0x00, 0x00, 0x00, 0x00, 0x00, 0x00, 0x00, 0x00, 0x00, 0x00, 0x00,
  0x00, 0x00, 0x00, 0x00, 0x00, 0x00, 0x00, 0x00, 0x00, 0x00, 0x00, 0x00,
  0x00, 0x00, 0x00, 0x00, 0x00, 0x00, 0x00, 0x00, 0x00, 0x00, 0x00, 0x00,
  0x00, 0x00, 0x00, 0x00, 0x00, 0x00, 0x00, 0x00, 0x00, 0x00, 0x00, 0x00,
  0x00, 0x00, 0x00, 0x00, 0x00, 0x00, 0x00, 0x00, 0x00, 0x00, 0x00, 0x00,
  0x00, 0x00, 0x00, 0x00, 0x00, 0x00, 0x00, 0x00, 0x00, 0x00, 0x00, 0x00,
  0x00, 0x00, 0x00, 0x00, 0x00, 0x00, 0x00, 0x00, 0x00, 0x00, 0x00, 0x00,
  0x00, 0x00, 0x00, 0x00, 0x00, 0x00, 0x00, 0x00, 0x00, 0x00, 0x00, 0x00,
  0x00, 0x00, 0x00, 0x00, 0x00, 0x00, 0x00, 0x00, 0x00, 0x00, 0x00, 0x00,
  0x00, 0x00, 0x00, 0x00, 0x00, 0x00, 0x00, 0x00, 0x00, 0x00, 0x00, 0x00,
  0x00, 0x00, 0x00, 0x00, 0x00, 0x00, 0x00, 0x00, 0x00, 0x00, 0x00, 0x00,
  0x00, 0x00, 0x00, 0x00, 0x00, 0x00, 0x00, 0x00, 0x00, 0x00, 0x00, 0x00,
  0x00, 0x00, 0x00, 0x00, 0x00, 0x00, 0x00, 0x00, 0x00, 0x00, 0x00, 0x00,
  0x00, 0x00, 0x00, 0x00, 0x00, 0x00, 0x00, 0x00, 0x00, 0x00, 0x00, 0x00,
  0x00, 0x00, 0x00, 0x00, 0x00, 0x00, 0x00, 0x00, 0x00, 0x00, 0x00, 0x00,
  0x00, 0x00, 0x00, 0x00, 0x00, 0x00, 0x00, 0x00, 0x00, 0x00, 0x00, 0x00,
  0x00, 0x00, 0x00, 0x00, 0x00, 0x00, 0x00, 0x00, 0x00, 0x00, 0x00, 0x00,
  0x00, 0x00, 0x00, 0x00, 0x00, 0x00, 0x00, 0x00, 0x00, 0x00, 0x00, 0x00,
  0x00, 0x00, 0x00, 0x00, 0x00, 0x00, 0x00, 0x00, 0x00, 0x00, 0x00, 0x00,
  0x00, 0x00, 0x00, 0x00, 0x00, 0x00, 0x00, 0x00, 0x00, 0x00, 0x00, 0x00,
  0x00, 0x00, 0x00, 0x00, 0x00, 0x00, 0x00, 0x00, 0x00, 0x00, 0x00, 0x00,
  0x00, 0x00, 0x00, 0x00, 0x00, 0x00, 0x00, 0x00, 0x00, 0x00, 0x00, 0x16,
  0x00, 0x00, 0xb3, 0x00, 0x00, 0xff, 0x00, 0x00, 0xff, 0x00, 0x00, 0xff,
  0x00, 0x00, 0xff, 0x00, 0x00, 0xff, 0x00, 0x00, 0xff, 0x00, 0x00, 0xff,
  0x00, 0x00, 0xff, 0x00, 0x00, 0xff, 0x00, 0x00, 0xff, 0x00, 0x00, 0xff,
  0x00, 0x00, 0xff, 0x00, 0x00, 0xff, 0x00, 0x00, 0xff, 0x00, 0x00, 0xff,
  0x00, 0x00, 0x99, 0x00, 0x00, 0x01, 0x00, 0x00, 0x00, 0x00, 0x00, 0x00,
  0x00, 0x00, 0x00, 0x00, 0x00, 0x00, 0x00, 0x00, 0x00, 0x00, 0x00, 0x00,
  0x00, 0x00, 0x00, 0x00, 0x00, 0x00, 0x00, 0x00, 0x00, 0x00, 0x00, 0x00,
  0x00, 0x00, 0x00, 0x00, 0x00, 0x00, 0x00, 0x00, 0x00, 0x00, 0x00, 0x00,
  0x00, 0x00, 0x00, 0x00, 0x00, 0x00, 0x00, 0x00, 0x00, 0x00, 0x00, 0x00,
  0x00, 0x00, 0x00, 0x00, 0x00, 0x00, 0x00, 0x00, 0x00, 0x00, 0x00, 0x00,
  0x00, 0x00, 0x00, 0x00, 0x00, 0x00, 0x00, 0x00, 0x00, 0x00, 0x00, 0x00,
  0x00, 0x00, 0x00, 0x00, 0x00, 0x00, 0x00, 0x00, 0x00, 0x00, 0x00, 0x00,
  0x00, 0x00, 0x00, 0x00, 0x00, 0x00, 0x00, 0x00, 0x00, 0x00, 0x00, 0x00,
  0x00, 0x00, 0x00, 0x00, 0x00, 0x00, 0x00, 0x00, 0x00, 0x00, 0x00, 0x00,
  0x00, 0x00, 0x00, 0x00, 0x00, 0x00, 0x00, 0x00, 0x00, 0x00, 0x00, 0x00,
  0x00, 0x00, 0x00, 0x00, 0x00, 0x00, 0x00, 0x00, 0x00, 0x00, 0x00, 0x00,
  0x00, 0x00, 0x00, 0x00, 0x00, 0x00, 0x00, 0x00, 0x00, 0x00, 0x00, 0x00,
  0x00, 0x00, 0x00, 0x00, 0x00, 0x00, 0x00, 0x00, 0x00, 0x00, 0x00, 0x00,
  0x00, 0x00, 0x00, 0x00, 0x00, 0x00, 0x00, 0x00, 0x00, 0x00, 0x00, 0x00,
  0x00, 0x00, 0x00, 0x00, 0x00, 0x00, 0x00, 0x00, 0x00, 0x00, 0x00, 0x00,
  0x00, 0x00, 0x00, 0x00, 0x00, 0x00, 0x00, 0x00, 0x00, 0x00, 0x00, 0x00,
  0x00, 0x00, 0x00, 0x00, 0x00, 0x00, 0x00, 0x00, 0x00, 0x00, 0x00, 0x00,
  0x00, 0x00, 0x00, 0x00, 0x00, 0x00, 0x00, 0x00, 0x00, 0x00, 0x00, 0x00,
  0x00, 0x00, 0x00, 0x00, 0x00, 0x00, 0x00, 0x00, 0x00, 0x00, 0x00, 0x00,
  0x00, 0x00, 0x00, 0x00, 0x00, 0x00, 0x00, 0x00, 0x00, 0x00, 0x00, 0x00,
  0x00, 0x00, 0x00, 0x00, 0x00, 0x00, 0x00, 0x00, 0x00, 0x00, 0x00, 0x00,
  0x00, 0x00, 0x00, 0x00, 0x00, 0x00, 0x00, 0x00, 0x00, 0x00, 0x00, 0x00,
  0x00, 0x00, 0x00, 0x00, 0x00, 0x00, 0x00, 0x00, 0x00, 0x00, 0x00, 0x00,
  0x00, 0x00, 0x00, 0x00, 0x00, 0x00, 0x00, 0x00, 0x00, 0x00, 0x00, 0x00,
  0x00, 0x00, 0x00, 0x00, 0x00, 0x00, 0x00, 0x00, 0x00, 0x00, 0x00, 0x00,
  0x00, 0x00, 0x00, 0x00, 0x00, 0x00, 0x00, 0x00, 0x00, 0x00, 0x00, 0x00,
  0x00, 0x00, 0x00, 0x00, 0x00, 0x00, 0x00, 0x00, 0x00, 0x00, 0x00, 0x00,
  0x00, 0x00, 0x00, 0x00, 0x00, 0x00, 0x00, 0x00, 0x0a, 0x00, 0x00, 0x98,
  0x00, 0x00, 0xff, 0x00, 0x00, 0xff, 0x00, 0x00, 0xff, 0x00, 0x00, 0xff,
  0x00, 0x00, 0xff, 0x00, 0x00, 0xff, 0x00, 0x00, 0xff, 0x00, 0x00, 0xff,
  0x00, 0x00, 0xff, 0x00, 0x00, 0xff, 0x00, 0x00, 0xff, 0x00, 0x00, 0xff,
  0x00, 0x00, 0xff, 0x00, 0x00, 0xff, 0x00, 0x00, 0xff, 0x00, 0x00, 0xff,
  0x00, 0x00, 0xd3, 0x00, 0x00, 0x18, 0x00, 0x00, 0x00, 0x00, 0x00, 0x00,
  0x00, 0x00, 0x00, 0x00, 0x00, 0x00, 0x00, 0x00, 0x00, 0x00, 0x00, 0x00,
  0x00, 0x00, 0x00, 0x00, 0x00, 0x00, 0x00, 0x00, 0x00, 0x00, 0x00, 0x00,
  0x00, 0x00, 0x00, 0x00, 0x00, 0x00, 0x00, 0x00, 0x00, 0x00, 0x00, 0x00,
  0x00, 0x00, 0x00, 0x00, 0x00, 0x00, 0x00, 0x00, 0x00, 0x00, 0x00, 0x00,
  0x00, 0x00, 0x00, 0x00, 0x00, 0x00, 0x00, 0x00, 0x00, 0x00, 0x00, 0x00,
  0x00, 0x00, 0x00, 0x00, 0x00, 0x00, 0x00, 0x00, 0x00, 0x00, 0x00, 0x00,
  0x00, 0x00, 0x00, 0x00, 0x00, 0x00, 0x00, 0x00, 0x00, 0x00, 0x00, 0x00,
  0x00, 0x00, 0x00, 0x00, 0x00, 0x00, 0x00, 0x00, 0x00, 0x00, 0x00, 0x00,
  0x00, 0x00, 0x00, 0x00, 0x00, 0x00, 0x00, 0x00, 0x00, 0x00, 0x00, 0x00,
  0x00, 0x00, 0x00, 0x00, 0x00, 0x00, 0x00, 0x00, 0x00, 0x00, 0x00, 0x00,
  0x00, 0x00, 0x00, 0x00, 0x00, 0x00, 0x00, 0x00, 0x00, 0x00, 0x00, 0x00,
  0x00, 0x00, 0x00, 0x00, 0x00, 0x00, 0x00, 0x00, 0x00, 0x00, 0x00, 0x00,
  0x00, 0x00, 0x00, 0x00, 0x00, 0x00, 0x00, 0x00, 0x00, 0x00, 0x00, 0x00,
  0x00, 0x00, 0x00, 0x00, 0x00, 0x00, 0x00, 0x00, 0x00, 0x00, 0x00, 0x00,
  0x00, 0x00, 0x00, 0x00, 0x00, 0x00, 0x00, 0x00, 0x00, 0x00, 0x00, 0x00,
  0x00, 0x00, 0x00, 0x00, 0x00, 0x00, 0x00, 0x00, 0x00, 0x00, 0x00, 0x00,
  0x00, 0x00, 0x00, 0x00, 0x00, 0x00, 0x00, 0x00, 0x00, 0x00, 0x00, 0x00,
  0x00, 0x00, 0x00, 0x00, 0x00, 0x00, 0x00, 0x00, 0x00, 0x00, 0x00, 0x00,
  0x00, 0x00, 0x00, 0x00, 0x00, 0x00, 0x00, 0x00, 0x00, 0x00, 0x00, 0x00,
  0x00, 0x00, 0x00, 0x00, 0x00, 0x00, 0x00, 0x00, 0x00, 0x00, 0x00, 0x00,
  0x00, 0x00, 0x00, 0x00, 0x00, 0x00, 0x00, 0x00, 0x00, 0x00, 0x00, 0x00,
  0x00, 0x00, 0x00, 0x00, 0x00, 0x00, 0x00, 0x00, 0x00, 0x00, 0x00, 0x00,
  0x00, 0x00, 0x00, 0x00, 0x00, 0x00, 0x00, 0x00, 0x00, 0x00, 0x00, 0x00,
  0x00, 0x00, 0x00, 0x00, 0x00, 0x00, 0x00, 0x00, 0x00, 0x00, 0x00, 0x00,
  0x00, 0x00, 0x00, 0x00, 0x00, 0x00, 0x00, 0x00, 0x00, 0x00, 0x00, 0x00,
  0x00, 0x00, 0x00, 0x00, 0x00, 0x00, 0x00, 0x00, 0x00, 0x00, 0x00, 0x00,
  0x00, 0x00, 0x00, 0x00, 0x00, 0x00, 0x00, 0x00, 0x00, 0x00, 0x00, 0x00,
  0x00, 0x00, 0x00, 0x00, 0x00, 0x03, 0x00, 0x00, 0x7b, 0x00, 0x00, 0xfb,
  0x00, 0x00, 0xff, 0x00, 0x00, 0xff, 0x00, 0x00, 0xff, 0x00, 0x00, 0xff,
  0x00, 0x00, 0xff, 0x00, 0x00, 0xff, 0x00, 0x00, 0xff, 0x00, 0x00, 0xff,
  0x00, 0x00, 0xff, 0x00, 0x00, 0xff, 0x00, 0x00, 0xff, 0x00, 0x00, 0xff,
  0x00, 0x00, 0xff, 0x00, 0x00, 0xff, 0x00, 0x00, 0xff, 0x00, 0x00, 0xff,
  0x00, 0x00, 0xf6, 0x00, 0x00, 0x48, 0x00, 0x00, 0x00, 0x00, 0x00, 0x00,
  0x00, 0x00, 0x00, 0x00, 0x00, 0x00, 0x00, 0x00, 0x00, 0x00, 0x00, 0x00,
  0x00, 0x00, 0x00, 0x00, 0x00, 0x00, 0x00, 0x00, 0x00, 0x00, 0x00, 0x00,
  0x00, 0x00, 0x00, 0x00, 0x00, 0x00, 0x00, 0x00, 0x00, 0x00, 0x00, 0x00,
  0x00, 0x00, 0x00, 0x00, 0x00, 0x00, 0x00, 0x00, 0x00, 0x00, 0x00, 0x00,
  0x00, 0x00, 0x00, 0x00, 0x00, 0x00, 0x00, 0x00, 0x00, 0x00, 0x00, 0x00,
  0x00, 0x00, 0x00, 0x00, 0x00, 0x00, 0x00, 0x00, 0x00, 0x00, 0x00, 0x00,
  0x00, 0x00, 0x00, 0x00, 0x00, 0x00, 0x00, 0x00, 0x00, 0x00, 0x00, 0x00,
  0x00, 0x00, 0x00, 0x00, 0x00, 0x00, 0x00, 0x00, 0x00, 0x00, 0x00, 0x00,
  0x00, 0x00, 0x00, 0x00, 0x00, 0x00, 0x00, 0x00, 0x00, 0x00, 0x00, 0x00,
  0x00, 0x00, 0x00, 0x00, 0x00, 0x00, 0x00, 0x00, 0x00, 0x00, 0x00, 0x00,
  0x00, 0x00, 0x00, 0x00, 0x00, 0x00, 0x00, 0x00, 0x00, 0x00, 0x00, 0x00,
  0x00, 0x00, 0x00, 0x00, 0x00, 0x00, 0x00, 0x00, 0x00, 0x00, 0x00, 0x00,
  0x00, 0x00, 0x00, 0x00, 0x00, 0x00, 0x00, 0x00, 0x00, 0x00, 0x00, 0x00,
  0x00, 0x00, 0x00, 0x00, 0x00, 0x00, 0x00, 0x00, 0x00, 0x00, 0x00, 0x00,
  0x00, 0x00, 0x00, 0x00, 0x00, 0x00, 0x00, 0x00, 0x00, 0x00, 0x00, 0x00,
  0x00, 0x00, 0x00, 0x00, 0x00, 0x00, 0x00, 0x00, 0x00, 0x00, 0x00, 0x00,
  0x00, 0x00, 0x00, 0x00, 0x00, 0x00, 0x00, 0x00, 0x00, 0x00, 0x00, 0x00,
  0x00, 0x00, 0x00, 0x00, 0x00, 0x00, 0x00, 0x00, 0x00, 0x00, 0x00, 0x01,
  0x00, 0x00, 0x01, 0x00, 0x00, 0x01, 0x00, 0x00, 0x00, 0x00, 0x00, 0x00,
  0x00, 0x00, 0x00, 0x00, 0x00, 0x00, 0x00, 0x00, 0x00, 0x00, 0x00, 0x00,
  0x00, 0x00, 0x00, 0x00, 0x00, 0x00, 0x00, 0x00, 0x00, 0x00, 0x00, 0x00,
  0x00, 0x00, 0x00, 0x00, 0x00, 0x00, 0x00, 0x00, 0x00, 0x00, 0x00, 0x00,
  0x00, 0x00, 0x00, 0x00, 0x00, 0x00, 0x00, 0x00, 0x00, 0x00, 0x00, 0x00,
  0x00, 0x00, 0x00, 0x00, 0x00, 0x00, 0x00, 0x00, 0x00, 0x00, 0x00, 0x00,
  0x00, 0x00, 0x00, 0x00, 0x00, 0x00, 0x00, 0x00, 0x00, 0x00, 0x00, 0x00,
  0x00, 0x00, 0x00, 0x00, 0x00, 0x00, 0x00, 0x00, 0x00, 0x00, 0x00, 0x00,
  0x00, 0x00, 0x00, 0x00, 0x00, 0x00, 0x00, 0x00, 0x00, 0x00, 0x00, 0x00,
  0x00, 0x00, 0x00, 0x00, 0x00, 0x5f, 0x00, 0x00, 0xf2, 0x00, 0x00, 0xff,
  0x00, 0x00, 0xff, 0x00, 0x00, 0xff, 0x00, 0x00, 0xff, 0x00, 0x00, 0xff,
  0x00, 0x00, 0xff, 0x00, 0x00, 0xff, 0x00, 0x00, 0xff, 0x00, 0x00, 0xff,
  0x00, 0x00, 0xff, 0x00, 0x00, 0xff, 0x00, 0x00, 0xff, 0x00, 0x00, 0xff,
  0x00, 0x00, 0xff, 0x00, 0x00, 0xff, 0x00, 0x00, 0xff, 0x00, 0x00, 0xff,
  0x00, 0x00, 0xff, 0x00, 0x00, 0x89, 0x00, 0x00, 0x00, 0x00, 0x00, 0x00,
  0x00, 0x00, 0x00, 0x00, 0x00, 0x00, 0x00, 0x00, 0x00, 0x00, 0x00, 0x00,
  0x00, 0x00, 0x00, 0x00, 0x00, 0x00, 0x00, 0x00, 0x0d, 0x00, 0x00, 0x76,
  0x00, 0x00, 0x91, 0x00, 0x00, 0x90, 0x00, 0x00, 0x90, 0x00, 0x00, 0x90,
  0x00, 0x00, 0x90, 0x00, 0x00, 0x90, 0x00, 0x00, 0x90, 0x00, 0x00, 0x90,
  0x00, 0x00, 0x90, 0x00, 0x00, 0x90, 0x00, 0x00, 0x90, 0x00, 0x00, 0x90,
  0x00, 0x00, 0x90, 0x00, 0x00, 0x90, 0x00, 0x00, 0x90, 0x00, 0x00, 0x90,
  0x00, 0x00, 0x8f, 0x00, 0x00, 0x8c, 0x00, 0x00, 0x8c, 0x00, 0x00, 0x8c,
  0x00, 0x00, 0x8c, 0x00, 0x00, 0x8c, 0x00, 0x00, 0x8c, 0x00, 0x00, 0x8c,
  0x00, 0x00, 0x8c, 0x00, 0x00, 0x8c, 0x00, 0x00, 0x8b, 0x00, 0x00, 0x81,
  0x00, 0x00, 0x60, 0x00, 0x00, 0x2a, 0x00, 0x00, 0x02, 0x00, 0x00, 0x00,
  0x00, 0x00, 0x00, 0x00, 0x00, 0x00, 0x00, 0x00, 0x00, 0x00, 0x00, 0x00,
  0x00, 0x00, 0x08, 0x00, 0x00, 0x72, 0x00, 0x00, 0x9a, 0x00, 0x00, 0x98,
  0x00, 0x00, 0x98, 0x00, 0x00, 0x98, 0x00, 0x00, 0x99, 0x00, 0x00, 0x4a,
  0x00, 0x00, 0x00, 0x00, 0x00, 0x00, 0x00, 0x00, 0x00, 0x00, 0x00, 0x03,
  0x00, 0x00, 0x28, 0x00, 0x00, 0x5b, 0x00, 0x00, 0x80, 0x00, 0x00, 0x90,
  0x00, 0x00, 0x94, 0x00, 0x00, 0x94, 0x00, 0x00, 0x96, 0x00, 0x00, 0x98,
  0x00, 0x00, 0x98, 0x00, 0x00, 0x98, 0x00, 0x00, 0x98, 0x00, 0x00, 0x98,
  0x00, 0x00, 0x98, 0x00, 0x00, 0x98, 0x00, 0x00, 0x98, 0x00, 0x00, 0x99,
  0x00, 0x00, 0x9c, 0x00, 0x00, 0x9e, 0x00, 0x00, 0x70, 0x00, 0x00, 0x05,
  0x00, 0x00, 0x00, 0x00, 0x00, 0x00, 0x00, 0x00, 0x00, 0x00, 0x00, 0x00,
  0x00, 0x00, 0x00, 0x00, 0x00, 0x0c, 0x00, 0x00, 0x30, 0x00, 0x00, 0x5b,
  0x00, 0x00, 0x7c, 0x00, 0x00, 0x8f, 0x00, 0x00, 0x96, 0x00, 0x00, 0x98,
  0x00, 0x00, 0x98, 0x00, 0x00, 0x98, 0x00, 0x00, 0x98, 0x00, 0x00, 0x98,
  0x00, 0x00, 0x98, 0x00, 0x00, 0x98, 0x00, 0x00, 0x98, 0x00, 0x00, 0x98,
  0x00, 0x00, 0x99, 0x00, 0x00, 0x83, 0x00, 0x00, 0x00, 0x00, 0x00, 0x00,
  0x00, 0x00, 0x00, 0x00, 0x00, 0x00, 0x00, 0x00, 0x00, 0x00, 0x00, 0x00,
  0x00, 0x00, 0x00, 0x00, 0x00, 0x00, 0x00, 0x00, 0x00, 0x00, 0x00, 0x00,
  0x00, 0x00, 0x45, 0x00, 0x00, 0xe5, 0x00, 0x00, 0xff, 0x00, 0x00, 0xff,
  0x00, 0x00, 0xff, 0x00, 0x00, 0xff, 0x00, 0x00, 0xfd, 0x00, 0x00, 0xf1,
  0x00, 0x00, 0xf1, 0x00, 0x00, 0xf1, 0x00, 0x00, 0xf1, 0x00, 0x00, 0xf1,
  0x00, 0x00, 0xf1, 0x00, 0x00, 0xf1, 0x00, 0x00, 0xf0, 0x00, 0x00, 0xf9,
  0x00, 0x00, 0xff, 0x00, 0x00, 0xff, 0x00, 0x00, 0xff, 0x00, 0x00, 0xff,
  0x00, 0x00, 0xff, 0x00, 0x00, 0xc7, 0x00, 0x00, 0x10, 0x00, 0x00, 0x00,
  0x00, 0x00, 0x00, 0x00, 0x00, 0x00, 0x00, 0x00, 0x00, 0x00, 0x00, 0x00,
  0x00, 0x00, 0x00, 0x00, 0x00, 0x00, 0x00, 0x00, 0x37, 0x00, 0x00, 0xf1,
  0x00, 0x00, 0xff, 0x00, 0x00, 0xff, 0x00, 0x00, 0xff, 0x00, 0x00, 0xff,
  0x00, 0x00, 0xff, 0x00, 0x00, 0xff, 0x00, 0x00, 0xff, 0x00, 0x00, 0xff,
  0x00, 0x00, 0xff, 0x00, 0x00, 0xff, 0x00, 0x00, 0xff, 0x00, 0x00, 0xff,
  0x00, 0x00, 0xff, 0x00, 0x00, 0xff, 0x00, 0x00, 0xff, 0x00, 0x00, 0xff,
  0x00, 0x00, 0xff, 0x00, 0x00, 0xff, 0x00, 0x00, 0xff, 0x00, 0x00, 0xff,
  0x00, 0x00, 0xff, 0x00, 0x00, 0xff, 0x00, 0x00, 0xff, 0x00, 0x00, 0xff,
  0x00, 0x00, 0xff, 0x00, 0x00, 0xff, 0x00, 0x00, 0xff, 0x00, 0x00, 0xff,
  0x00, 0x00, 0xfe, 0x00, 0x00, 0xe4, 0x00, 0x00, 0x8c, 0x00, 0x00, 0x18,
  0x00, 0x00, 0x00, 0x00, 0x00, 0x00, 0x00, 0x00, 0x00, 0x00, 0x00, 0x00,
  0x00, 0x00, 0x27, 0x00, 0x00, 0xe6, 0x00, 0x00, 0xff, 0x00, 0x00, 0xff,
  0x00, 0x00, 0xff, 0x00, 0x00, 0xff, 0x00, 0x00, 0xff, 0x00, 0x00, 0x70,
  0x00, 0x00, 0x00, 0x00, 0x00, 0x00, 0x00, 0x00, 0x25, 0x00, 0x00, 0x95,
  0x00, 0x00, 0xe3, 0x00, 0x00, 0xfc, 0x00, 0x00, 0xff, 0x00, 0x00, 0xff,
  0x00, 0x00, 0xff, 0x00, 0x00, 0xff, 0x00, 0x00, 0xff, 0x00, 0x00, 0xff,
  0x00, 0x00, 0xff, 0x00, 0x00, 0xff, 0x00, 0x00, 0xff, 0x00, 0x00, 0xff,
  0x00, 0x00, 0xff, 0x00, 0x00, 0xff, 0x00, 0x00, 0xff, 0x00, 0x00, 0xff,
  0x00, 0x00, 0xff, 0x00, 0x00, 0xff, 0x00, 0x00, 0xab, 0x00, 0x00, 0x04,
  0x00, 0x00, 0x00, 0x00, 0x00, 0x00, 0x00, 0x00, 0x00, 0x00, 0x00, 0x14,
  0x00, 0x00, 0x66, 0x00, 0x00, 0xbc, 0x00, 0x00, 0xea, 0x00, 0x00, 0xfd,
  0x00, 0x00, 0xff, 0x00, 0x00, 0xff, 0x00, 0x00, 0xff, 0x00, 0x00, 0xff,
  0x00, 0x00, 0xff, 0x00, 0x00, 0xff, 0x00, 0x00, 0xff, 0x00, 0x00, 0xff,
  0x00, 0x00, 0xff, 0x00, 0x00, 0xff, 0x00, 0x00, 0xff, 0x00, 0x00, 0xff,
  0x00, 0x00, 0xff, 0x00, 0x00, 0xcf, 0x00, 0x00, 0x00, 0x00, 0x00, 0x00,
  0x00, 0x00, 0x00, 0x00, 0x00, 0x00, 0x00, 0x00, 0x00, 0x00, 0x00, 0x00,
  0x00, 0x00, 0x00, 0x00, 0x00, 0x00, 0x00, 0x00, 0x00, 0x00, 0x00, 0x2e,
  0x00, 0x00, 0xd3, 0x00, 0x00, 0xff, 0x00, 0x00, 0xff, 0x00, 0x00, 0xff,
  0x00, 0x00, 0xff, 0x00, 0x00, 0xff, 0x00, 0x00, 0xa7, 0x62, 0x00, 0x41,
  0x00, 0x00, 0x33, 0x00, 0x00, 0x34, 0x00, 0x00, 0x34, 0x00, 0x00, 0x34,
  0x00, 0x00, 0x34, 0x00, 0x00, 0x33, 0x62, 0x00, 0x3e, 0x00, 0x00, 0x92,
  0x00, 0x00, 0xff, 0x00, 0x00, 0xff, 0x00, 0x00, 0xff, 0x00, 0x00, 0xff,
  0x00, 0x00, 0xff, 0x00, 0x00, 0xf0, 0x00, 0x00, 0x3b, 0x00, 0x00, 0x00,
  0x00, 0x00, 0x00, 0x00, 0x00, 0x00, 0x00, 0x00, 0x00, 0x00, 0x00, 0x00,
  0x00, 0x00, 0x00, 0x00, 0x00, 0x00, 0x00, 0x00, 0x6c, 0x00, 0x00, 0xff,
  0x00, 0x00, 0xff, 0x00, 0x00, 0xff, 0x00, 0x00, 0xff, 0x00, 0x00, 0xff,
  0x00, 0x00, 0xff, 0x00, 0x00, 0xff, 0x00, 0x00, 0xff, 0x00, 0x00, 0xff,
  0x00, 0x00, 0xff, 0x00, 0x00, 0xff, 0x00, 0x00, 0xff, 0x00, 0x00, 0xff,
  0x00, 0x00, 0xff, 0x00, 0x00, 0xff, 0x00, 0x00, 0xff, 0x00, 0x00, 0xff,
  0x00, 0x00, 0xff, 0x00, 0x00, 0xff, 0x00, 0x00, 0xff, 0x00, 0x00, 0xff,
  0x00, 0x00, 0xff, 0x00, 0x00, 0xff, 0x00, 0x00, 0xff, 0x00, 0x00, 0xff,
  0x00, 0x00, 0xff, 0x00, 0x00, 0xff, 0x00, 0x00, 0xff, 0x00, 0x00, 0xff,
  0x00, 0x00, 0xff, 0x00, 0x00, 0xff, 0x00, 0x00, 0xff, 0x00, 0x00, 0xaa,
  0x00, 0x00, 0x11, 0x00, 0x00, 0x00, 0x00, 0x00, 0x00, 0x00, 0x00, 0x00,
  0x00, 0x00, 0x57, 0x00, 0x00, 0xfb, 0x00, 0x00, 0xff, 0x00, 0x00, 0xff,
  0x00, 0x00, 0xff, 0x00, 0x00, 0xff, 0x00, 0x00, 0xf0, 0x00, 0x00, 0x3a,
  0x00, 0x00, 0x00, 0x00, 0x00, 0x30, 0x00, 0x00, 0xcb, 0x00, 0x00, 0xff,
  0x00, 0x00, 0xff, 0x00, 0x00, 0xff, 0x00, 0x00, 0xff, 0x00, 0x00, 0xff,
  0x00, 0x00, 0xff, 0x00, 0x00, 0xff, 0x00, 0x00, 0xff, 0x00, 0x00, 0xff,
  0x00, 0x00, 0xff, 0x00, 0x00, 0xff, 0x00, 0x00, 0xff, 0x00, 0x00, 0xff,
  0x00, 0x00, 0xff, 0x00, 0x00, 0xff, 0x00, 0x00, 0xff, 0x00, 0x00, 0xff,
  0x00, 0x00, 0xff, 0x00, 0x00, 0xff, 0x00, 0x00, 0x71, 0x00, 0x00, 0x00,
  0x00, 0x00, 0x00, 0x00, 0x00, 0x00, 0x00, 0x00, 0x39, 0x00, 0x00, 0xbe,
  0x00, 0x00, 0xfc, 0x00, 0x00, 0xff, 0x00, 0x00, 0xff, 0x00, 0x00, 0xff,
  0x00, 0x00, 0xff, 0x00, 0x00, 0xff, 0x00, 0x00, 0xff, 0x00, 0x00, 0xff,
  0x00, 0x00, 0xff, 0x00, 0x00, 0xff, 0x00, 0x00, 0xff, 0x00, 0x00, 0xff,
  0x00, 0x00, 0xff, 0x00, 0x00, 0xff, 0x00, 0x00, 0xff, 0x00, 0x00, 0xff,
  0x00, 0x00, 0xff, 0x00, 0x00, 0x8c, 0x00, 0x00, 0x00, 0x00, 0x00, 0x00,
  0x00, 0x00, 0x00, 0x00, 0x00, 0x00, 0x00, 0x00, 0x00, 0x00, 0x00, 0x00,
  0x00, 0x00, 0x00, 0x00, 0x00, 0x00, 0x00, 0x00, 0x1b, 0x00, 0x00, 0xbd,
  0x00, 0x00, 0xff, 0x00, 0x00, 0xff, 0x00, 0x00, 0xff, 0x00, 0x00, 0xff,
  0x00, 0x00, 0xff, 0x00, 0x00, 0xba, 0xeb, 0x09, 0x90, 0x6e, 0x12, 0x58,
  0x26, 0x09, 0x00, 0x00, 0x00, 0x00, 0x00, 0x00, 0x00, 0x00, 0x00, 0x00,
  0xc4, 0x00, 0x00, 0xd0, 0x12, 0x0f, 0x6e, 0x12, 0x8e, 0x06, 0x09, 0x6c,
  0x00, 0x00, 0xed, 0x00, 0x00, 0xff, 0x00, 0x00, 0xff, 0x00, 0x00, 0xff,
  0x00, 0x00, 0xff, 0x00, 0x00, 0xff, 0x00, 0x00, 0x7a, 0x00, 0x00, 0x00,
  0x00, 0x00, 0x00, 0x00, 0x00, 0x00, 0x00, 0x00, 0x00, 0x00, 0x00, 0x00,
  0x00, 0x00, 0x00, 0x00, 0x00, 0x03, 0x00, 0x00, 0xa6, 0x00, 0x00, 0xff,
  0x00, 0x00, 0xff, 0x00, 0x00, 0xff, 0x00, 0x00, 0xff, 0x00, 0x00, 0xff,
  0x00, 0x00, 0xff, 0x00, 0x00, 0xff, 0x00, 0x00, 0xff, 0x00, 0x00, 0xff,
  0x00, 0x00, 0xff, 0x00, 0x00, 0xff, 0x00, 0x00, 0xff, 0x00, 0x00, 0xff,
  0x00, 0x00, 0xff, 0x00, 0x00, 0xff, 0x00, 0x00, 0xff, 0x00, 0x00, 0xff,
  0x00, 0x00, 0xff, 0x00, 0x00, 0xff, 0x00, 0x00, 0xff, 0x00, 0x00, 0xff,
  0x00, 0x00, 0xff, 0x00, 0x00, 0xff, 0x00, 0x00, 0xff, 0x00, 0x00, 0xff,
  0x00, 0x00, 0xff, 0x00, 0x00, 0xff, 0x00, 0x00, 0xff, 0x00, 0x00, 0xff,
  0x00, 0x00, 0xff, 0x00, 0x00, 0xff, 0x00, 0x00, 0xff, 0x00, 0x00, 0xfe,
  0x00, 0x00, 0x6c, 0x00, 0x00, 0x00, 0x00, 0x00, 0x00, 0x00, 0x00, 0x00,
  0x00, 0x00, 0x90, 0x00, 0x00, 0xff, 0x00, 0x00, 0xff, 0x00, 0x00, 0xff,
  0x00, 0x00, 0xff, 0x00, 0x00, 0xff, 0x00, 0x00, 0xce, 0x00, 0x00, 0x13,
  0x00, 0x00, 0x10, 0x00, 0x00, 0xb9, 0x00, 0x00, 0xff, 0x00, 0x00, 0xff,
  0x00, 0x00, 0xff, 0x00, 0x00, 0xff, 0x00, 0x00, 0xff, 0x00, 0x00, 0xff,
  0x00, 0x00, 0xff, 0x00, 0x00, 0xff, 0x00, 0x00, 0xff, 0x00, 0x00, 0xff,
  0x00, 0x00, 0xff, 0x00, 0x00, 0xff, 0x00, 0x00, 0xff, 0x00, 0x00, 0xff,
  0x00, 0x00, 0xff, 0x00, 0x00, 0xff, 0x00, 0x00, 0xff, 0x00, 0x00, 0xff,
  0x00, 0x00, 0xff, 0x00, 0x00, 0xf5, 0x00, 0x00, 0x3d, 0x00, 0x00, 0x00,
  0x00, 0x00, 0x00, 0x00, 0x00, 0x3b, 0x00, 0x00, 0xdb, 0x00, 0x00, 0xff,
  0x00, 0x00, 0xff, 0x00, 0x00, 0xff, 0x00, 0x00, 0xff, 0x00, 0x00, 0xff,
  0x00, 0x00, 0xff, 0x00, 0x00, 0xff, 0x00, 0x00, 0xff, 0x00, 0x00, 0xff,
  0x00, 0x00, 0xff, 0x00, 0x00, 0xff, 0x00, 0x00, 0xff, 0x00, 0x00, 0xff,
  0x00, 0x00, 0xff, 0x00, 0x00, 0xff, 0x00, 0x00, 0xff, 0x00, 0x00, 0xff,
  0x00, 0x00, 0xf4, 0x00, 0x00, 0x4d, 0x00, 0x00, 0x00, 0x00, 0x00, 0x00,
  0x00, 0x00, 0x00, 0x00, 0x00, 0x00, 0x00, 0x00, 0x00, 0x00, 0x00, 0x00,
  0x00, 0x00, 0x00, 0x00, 0x00, 0x0e, 0x00, 0x00, 0xa2, 0x00, 0x00, 0xff,
  0x00, 0x00, 0xff, 0x00, 0x00, 0xff, 0x00, 0x00, 0xff, 0x00, 0x00, 0xff,
  0x00, 0x00, 0xcd, 0xa9, 0x09, 0x87, 0x6d, 0x12, 0xf3, 0x4d, 0x12, 0xa6,
  0x4d, 0x12, 0x03, 0x4d, 0x12, 0x00, 0x4d, 0x12, 0x00, 0x4d, 0x12, 0x00,
  0x4d, 0x12, 0x07, 0x4d, 0x12, 0x8d, 0x4d, 0x12, 0xfd, 0x0b, 0x12, 0x7f,
  0x00, 0x00, 0xc4, 0x00, 0x00, 0xff, 0x00, 0x00, 0xff, 0x00, 0x00, 0xff,
  0x00, 0x00, 0xff, 0x00, 0x00, 0xff, 0x00, 0x00, 0xba, 0x00, 0x00, 0x0a,
  0x00, 0x00, 0x00, 0x00, 0x00, 0x00, 0x00, 0x00, 0x00, 0x00, 0x00, 0x00,
  0x00, 0x00, 0x00, 0x00, 0x00, 0x1a, 0x00, 0x00, 0xd6, 0x00, 0x00, 0xff,
  0x00, 0x00, 0xff, 0x00, 0x00, 0xff, 0x00, 0x00, 0xff, 0x00, 0x00, 0xff,
  0x00, 0x00, 0xee, 0x00, 0x00, 0xdb, 0x00, 0x00, 0xdc, 0x00, 0x00, 0xdc,
  0x00, 0x00, 0xdc, 0x00, 0x00, 0xdc, 0x00, 0x00, 0xdc, 0x00, 0x00, 0xdd,
  0x00, 0x00, 0xf4, 0x00, 0x00, 0xff, 0x00, 0x00, 0xff, 0x00, 0x00, 0xff,
  0x00, 0x00, 0xff, 0x00, 0x00, 0xff, 0x00, 0x00, 0xfb, 0x00, 0x00, 0xe1,
  0x00, 0x00, 0xde, 0x00, 0x00, 0xde, 0x00, 0x00, 0xde, 0x00, 0x00, 0xdf,
  0x00, 0x00, 0xec, 0x00, 0x00, 0xff, 0x00, 0x00, 0xff, 0x00, 0x00, 0xff,
  0x00, 0x00, 0xff, 0x00, 0x00, 0xff, 0x00, 0x00, 0xff, 0x00, 0x00, 0xff,
  0x00, 0x00, 0xbc, 0x00, 0x00, 0x0b, 0x00, 0x00, 0x00, 0x00, 0x00, 0x0e,
  0x00, 0x00, 0xc5, 0x00, 0x00, 0xff, 0x00, 0x00, 0xff, 0x00, 0x00, 0xff,
  0x00, 0x00, 0xff, 0x00, 0x00, 0xff, 0x00, 0x00, 0x9b, 0x00, 0x00, 0x00,
  0x00, 0x00, 0x59, 0x00, 0x00, 0xfb, 0x00, 0x00, 0xff, 0x00, 0x00, 0xff,
  0x00, 0x00, 0xff, 0x00, 0x00, 0xff, 0x00, 0x00, 0xfb, 0x00, 0x00, 0xce,
  0x00, 0x00, 0xb1, 0x00, 0x00, 0xb0, 0x00, 0x00, 0xb0, 0x00, 0x00, 0xb0,
  0x00, 0x00, 0xb0, 0x00, 0x00, 0xb0, 0x00, 0x00, 0xb0, 0x00, 0x00, 0xb0,
  0x00, 0x00, 0xb0, 0x00, 0x00, 0xb0, 0x00, 0x00, 0xb0, 0x00, 0x00, 0xb0,
  0x00, 0x00, 0xb1, 0x00, 0x00, 0x93, 0x00, 0x00, 0x12, 0x00, 0x00, 0x00,
  0x00, 0x00, 0x1a, 0x00, 0x00, 0xc3, 0x00, 0x00, 0xff, 0x00, 0x00, 0xff,
  0x00, 0x00, 0xff, 0x00, 0x00, 0xff, 0x00, 0x00, 0xff, 0x00, 0x00, 0xff,
  0x00, 0x00, 0xf9, 0x00, 0x00, 0xea, 0x00, 0x00, 0xe6, 0x00, 0x00, 0xe6,
  0x00, 0x00, 0xe6, 0x00, 0x00, 0xe6, 0x00, 0x00, 0xe6, 0x00, 0x00, 0xe6,
  0x00, 0x00, 0xe6, 0x00, 0x00, 0xe6, 0x00, 0x00, 0xe6, 0x00, 0x00, 0xe8,
  0x00, 0x00, 0xc0, 0x00, 0x00, 0x1c, 0x00, 0x00, 0x00, 0x00, 0x00, 0x00,
  0x00, 0x00, 0x00, 0x00, 0x00, 0x00, 0x00, 0x00, 0x00, 0x00, 0x00, 0x00,
  0x00, 0x00, 0x05, 0x00, 0x00, 0x86, 0x00, 0x00, 0xfd, 0x00, 0x00, 0xff,
  0x00, 0x00, 0xff, 0x00, 0x00, 0xff, 0x00, 0x00, 0xff, 0x00, 0x00, 0xdf,
  0x26, 0x09, 0x82, 0x6d, 0x12, 0xe1, 0x4d, 0x12, 0xff, 0x4d, 0x12, 0xdb,
  0x4d, 0x12, 0x1f, 0x4d, 0x12, 0x00, 0x6d, 0x12, 0x00, 0x6d, 0x12, 0x01,
  0x4d, 0x12, 0x70, 0x4d, 0x12, 0xf8, 0x4d, 0x12, 0xff, 0x4d, 0x12, 0xae,
  0x00, 0x00, 0x91, 0x00, 0x00, 0xff, 0x00, 0x00, 0xff, 0x00, 0x00, 0xff,
  0x00, 0x00, 0xff, 0x00, 0x00, 0xff, 0x00, 0x00, 0xe9, 0x00, 0x00, 0x2f,
  0x00, 0x00, 0x00, 0x00, 0x00, 0x00, 0x00, 0x00, 0x00, 0x00, 0x00, 0x00,
  0x00, 0x00, 0x00, 0x00, 0x00, 0x43, 0x00, 0x00, 0xf5, 0x00, 0x00, 0xff,
  0x00, 0x00, 0xff, 0x00, 0x00, 0xff, 0x00, 0x00, 0xff, 0x00, 0x00, 0xfb,
  0x00, 0x00, 0x6a, 0x00, 0x00, 0x1b, 0x00, 0x00, 0x1e, 0x00, 0x00, 0x1e,
  0x00, 0x00, 0x1e, 0x00, 0x00, 0x1e, 0x00, 0x00, 0x1e, 0x00, 0x00, 0x1f,
  0x00, 0x00, 0xab, 0x00, 0x00, 0xff, 0x00, 0x00, 0xff, 0x00, 0x00, 0xff,
  0x00, 0x00, 0xff, 0x00, 0x00, 0xff, 0x00, 0x00, 0xc2, 0x00, 0x00, 0x28,
  0x00, 0x00, 0x20, 0x00, 0x00, 0x20, 0x00, 0x00, 0x20, 0x00, 0x00, 0x21,
  0x00, 0x00, 0x31, 0x00, 0x00, 0x93, 0x00, 0x00, 0xfa, 0x00, 0x00, 0xff,
  0x00, 0x00, 0xff, 0x00, 0x00, 0xff, 0x00, 0x00, 0xff, 0x00, 0x00, 0xff,
  0x00, 0x00, 0xda, 0x00, 0x00, 0x1c, 0x00, 0x00, 0x00, 0x00, 0x00, 0x30,
  0x00, 0x00, 0xea, 0x00, 0x00, 0xff, 0x00, 0x00, 0xff, 0x00, 0x00, 0xff,
  0x00, 0x00, 0xff, 0x00, 0x00, 0xfe, 0x00, 0x00, 0x62, 0x00, 0x00, 0x00,
  0x00, 0x00, 0x9c, 0x00, 0x00, 0xff, 0x00, 0x00, 0xff, 0x00, 0x00, 0xff,
  0x00, 0x00, 0xff, 0x00, 0x00, 0xff, 0x00, 0x00, 0xa6, 0x00, 0x00, 0x16,
  0x00, 0x00, 0x06, 0x00, 0x00, 0x06, 0x00, 0x00, 0x06, 0x00, 0x00, 0x06,
  0x00, 0x00, 0x06, 0x00, 0x00, 0x06, 0x00, 0x00, 0x06, 0x00, 0x00, 0x06,
  0x00, 0x00, 0x06, 0x00, 0x00, 0x06, 0x00, 0x00, 0x06, 0x00, 0x00, 0x06,
  0x00, 0x00, 0x06, 0x00, 0x00, 0x03, 0x00, 0x00, 0x00, 0x00, 0x00, 0x02,
  0x00, 0x00, 0x89, 0x00, 0x00, 0xff, 0x00, 0x00, 0xff, 0x00, 0x00, 0xff,
  0x00, 0x00, 0xff, 0x00, 0x00, 0xff, 0x00, 0x00, 0xfb, 0x00, 0x00, 0xaf,
  0x00, 0x00, 0x50, 0x00, 0x00, 0x2c, 0x00, 0x00, 0x28, 0x00, 0x00, 0x28,
  0x00, 0x00, 0x28, 0x00, 0x00, 0x28, 0x00, 0x00, 0x28, 0x00, 0x00, 0x28,
  0x00, 0x00, 0x28, 0x00, 0x00, 0x28, 0x00, 0x00, 0x28, 0x00, 0x00, 0x28,
  0x00, 0x00, 0x1c, 0x00, 0x00, 0x01, 0x00, 0x00, 0x00, 0x00, 0x00, 0x00,
  0x00, 0x00, 0x00, 0x00, 0x00, 0x00, 0x00, 0x00, 0x00, 0x00, 0x00, 0x00,
  0x00, 0x00, 0x69, 0x00, 0x00, 0xf6, 0x00, 0x00, 0xff, 0x00, 0x00, 0xff,
  0x00, 0x00, 0xff, 0x00, 0x00, 0xff, 0x00, 0x00, 0xed, 0xc4, 0x00, 0x86,
  0x6d, 0x12, 0xd0, 0x4d, 0x12, 0xff, 0x4d, 0x12, 0xff, 0x4d, 0x12, 0xf9,
  0x4d, 0x12, 0x52, 0x4d, 0x12, 0x00, 0x4d, 0x12, 0x00, 0x4d, 0x12, 0x54,
  0x4d, 0x12, 0xed, 0x4d, 0x12, 0xff, 0x4d, 0x12, 0xff, 0x6d, 0x12, 0xdf,
  0xc4, 0x00, 0x71, 0x00, 0x00, 0xf4, 0x00, 0x00, 0xff, 0x00, 0x00, 0xff,
  0x00, 0x00, 0xff, 0x00, 0x00, 0xff, 0x00, 0x00, 0xff, 0x00, 0x00, 0x6a,
  0x00, 0x00, 0x00, 0x00, 0x00, 0x00, 0x00, 0x00, 0x00, 0x00, 0x00, 0x00,
  0x00, 0x00, 0x00, 0x00, 0x00, 0x7a, 0x00, 0x00, 0xff, 0x00, 0x00, 0xff,
  0x00, 0x00, 0xff, 0x00, 0x00, 0xff, 0x00, 0x00, 0xff, 0x00, 0x00, 0xe4,
  0x00, 0x00, 0x26, 0x00, 0x00, 0x00, 0x00, 0x00, 0x00, 0x00, 0x00, 0x00,
  0x00, 0x00, 0x00, 0x00, 0x00, 0x00, 0x00, 0x00, 0x00, 0x00, 0x00, 0x0c,
  0x00, 0x00, 0xc1, 0x00, 0x00, 0xff, 0x00, 0x00, 0xff, 0x00, 0x00, 0xff,
  0x00, 0x00, 0xff, 0x00, 0x00, 0xff, 0x00, 0x00, 0x82, 0x00, 0x00, 0x00,
  0x00, 0x00, 0x00, 0x00, 0x00, 0x00, 0x00, 0x00, 0x00, 0x00, 0x00, 0x00,
  0x00, 0x00, 0x00, 0x00, 0x00, 0x13, 0x00, 0x00, 0xcb, 0x00, 0x00, 0xff,
  0x00, 0x00, 0xff, 0x00, 0x00, 0xff, 0x00, 0x00, 0xff, 0x00, 0x00, 0xff,
  0x00, 0x00, 0xda, 0x00, 0x00, 0x1c, 0x00, 0x00, 0x00, 0x00, 0x00, 0x62,
  0x00, 0x00, 0xfe, 0x00, 0x00, 0xff, 0x00, 0x00, 0xff, 0x00, 0x00, 0xff,
  0x00, 0x00, 0xff, 0x00, 0x00, 0xea, 0x00, 0x00, 0x2f, 0x00, 0x00, 0x08,
  0x00, 0x00, 0xbf, 0x00, 0x00, 0xff, 0x00, 0x00, 0xff, 0x00, 0x00, 0xff,
  0x00, 0x00, 0xff, 0x00, 0x00, 0xff, 0x00, 0x00, 0x69, 0x00, 0x00, 0x00,
  0x00, 0x00, 0x00, 0x00, 0x00, 0x00, 0x00, 0x00, 0x00, 0x00, 0x00, 0x00,
  0x00, 0x00, 0x00, 0x00, 0x00, 0x00, 0x00, 0x00, 0x00, 0x00, 0x00, 0x00,
  0x00, 0x00, 0x00, 0x00, 0x00, 0x00, 0x00, 0x00, 0x00, 0x00, 0x00, 0x00,
  0x00, 0x00, 0x00, 0x00, 0x00, 0x00, 0x00, 0x00, 0x00, 0x00, 0x00, 0x34,
  0x00, 0x00, 0xe8, 0x00, 0x00, 0xff, 0x00, 0x00, 0xff, 0x00, 0x00, 0xff,
  0x00, 0x00, 0xff, 0x00, 0x00, 0xfe, 0x00, 0x00, 0x93, 0x00, 0x00, 0x0d,
  0x00, 0x00, 0x00, 0x00, 0x00, 0x00, 0x00, 0x00, 0x00, 0x00, 0x00, 0x00,
  0x00, 0x00, 0x00, 0x00, 0x00, 0x00, 0x00, 0x00, 0x00, 0x00, 0x00, 0x00,
  0x00, 0x00, 0x00, 0x00, 0x00, 0x00, 0x00, 0x00, 0x00, 0x00, 0x00, 0x00,
  0x00, 0x00, 0x00, 0x00, 0x00, 0x00, 0x00, 0x00, 0x00, 0x00, 0x00, 0x00,
  0x00, 0x00, 0x00, 0x00, 0x00, 0x00, 0x00, 0x00, 0x00, 0x00, 0x00, 0x4d,
  0x00, 0x00, 0xea, 0x00, 0x00, 0xff, 0x00, 0x00, 0xff, 0x00, 0x00, 0xff,
  0x00, 0x00, 0xff, 0x00, 0x00, 0xf7, 0x62, 0x00, 0x90, 0x4d, 0x12, 0xbd,
  0x4d, 0x12, 0xff, 0x4d, 0x12, 0xff, 0x4d, 0x12, 0xff, 0x4d, 0x12, 0xff,
  0x4d, 0x12, 0x94, 0x4d, 0x12, 0x00, 0x4d, 0x12, 0x3a, 0x4d, 0x12, 0xde,
  0x4d, 0x12, 0xff, 0x4d, 0x12, 0xff, 0x4d, 0x12, 0xff, 0x6d, 0x12, 0xfb,
  0xca, 0x09, 0x78, 0x00, 0x00, 0xd1, 0x00, 0x00, 0xff, 0x00, 0x00, 0xff,
  0x00, 0x00, 0xff, 0x00, 0x00, 0xff, 0x00, 0x00, 0xff, 0x00, 0x00, 0xad,
  0x00, 0x00, 0x06, 0x00, 0x00, 0x00, 0x00, 0x00, 0x00, 0x00, 0x00, 0x00,
  0x00, 0x00, 0x07, 0x00, 0x00, 0xb2, 0x00, 0x00, 0xff, 0x00, 0x00, 0xff,
  0x00, 0x00, 0xff, 0x00, 0x00, 0xff, 0x00, 0x00, 0xff, 0x00, 0x00, 0xb8,
  0x00, 0x00, 0x09, 0x00, 0x00, 0x00, 0x00, 0x00, 0x00, 0x00, 0x00, 0x00,
  0x00, 0x00, 0x00, 0x00, 0x00, 0x00, 0x00, 0x00, 0x00, 0x00, 0x00, 0x2e,
  0x00, 0x00, 0xe9, 0x00, 0x00, 0xff, 0x00, 0x00, 0xff, 0x00, 0x00, 0xff,
  0x00, 0x00, 0xff, 0x00, 0x00, 0xf7, 0x00, 0x00, 0x49, 0x00, 0x00, 0x00,
  0x00, 0x00, 0x00, 0x00, 0x00, 0x00, 0x00, 0x00, 0x00, 0x00, 0x00, 0x00,
  0x00, 0x00, 0x00, 0x00, 0x00, 0x06, 0x00, 0x00, 0xb6, 0x00, 0x00, 0xff,
  0x00, 0x00, 0xff, 0x00, 0x00, 0xff, 0x00, 0x00, 0xff, 0x00, 0x00, 0xff,
  0x00, 0x00, 0xc0, 0x00, 0x00, 0x0c, 0x00, 0x00, 0x00, 0x00, 0x00, 0x9c,
  0x00, 0x00, 0xff, 0x00, 0x00, 0xff, 0x00, 0x00, 0xff, 0x00, 0x00, 0xff,
  0x00, 0x00, 0xff, 0x00, 0x00, 0xc4, 0x00, 0x00, 0x0d, 0x00, 0x00, 0x17,
  0x00, 0x00, 0xd6, 0x00, 0x00, 0xff, 0x00, 0x00, 0xff, 0x00, 0x00, 0xff,
  0x00, 0x00, 0xff, 0x00, 0x00, 0xff, 0x00, 0x00, 0xd0, 0x00, 0x00, 0x8f,
  0x00, 0x00, 0x8c, 0x00, 0x00, 0x8d, 0x00, 0x00, 0x8d, 0x00, 0x00, 0x8d,
  0x00, 0x00, 0x8d, 0x00, 0x00, 0x8d, 0x00, 0x00, 0x8d, 0x00, 0x00, 0x8d,
  0x00, 0x00, 0x88, 0x00, 0x00, 0x6e, 0x00, 0x00, 0x35, 0x00, 0x00, 0x04,
  0x00, 0x00, 0x00, 0x00, 0x00, 0x00, 0x00, 0x00, 0x00, 0x00, 0x00, 0x85,
  0x00, 0x00, 0xff, 0x00, 0x00, 0xff, 0x00, 0x00, 0xff, 0x00, 0x00, 0xff,
  0x00, 0x00, 0xff, 0x00, 0x00, 0xcc, 0x00, 0x00, 0x1a, 0x00, 0x00, 0x00,
  0x00, 0x00, 0x00, 0x00, 0x00, 0x00, 0x00, 0x00, 0x00, 0x00, 0x00, 0x00,
  0x00, 0x00, 0x00, 0x00, 0x00, 0x00, 0x00, 0x00, 0x00, 0x00, 0x00, 0x00,
  0x00, 0x00, 0x00, 0x00, 0x00, 0x00, 0x00, 0x00, 0x00, 0x00, 0x00, 0x00,
  0x00, 0x00, 0x00, 0x00, 0x00, 0x00, 0x00, 0x00, 0x00, 0x00, 0x00, 0x00,
  0x00, 0x00, 0x00, 0x00, 0x00, 0x00, 0x00, 0x00, 0x3e, 0x00, 0x00, 0xd8,
  0x00, 0x00, 0xff, 0x00, 0x00, 0xff, 0x00, 0x00, 0xff, 0x00, 0x00, 0xff,
  0x00, 0x00, 0xfc, 0x41, 0x00, 0xa3, 0x2c, 0x12, 0xad, 0x4d, 0x12, 0xff,
  0x4d, 0x12, 0xff, 0x4d, 0x12, 0xff, 0x4d, 0x12, 0xff, 0x4d, 0x12, 0xff,
  0x4d, 0x12, 0xd0, 0x4d, 0x12, 0x3e, 0x4d, 0x12, 0xcc, 0x4d, 0x12, 0xff,
  0x4d, 0x12, 0xff, 0x4d, 0x12, 0xff, 0x4d, 0x12, 0xff, 0x4d, 0x12, 0xff,
  0x4d, 0x12, 0xa5, 0x00, 0x00, 0x9e, 0x00, 0x00, 0xff, 0x00, 0x00, 0xff,
  0x00, 0x00, 0xff, 0x00, 0x00, 0xff, 0x00, 0x00, 0xff, 0x00, 0x00, 0xe1,
  0x00, 0x00, 0x26, 0x00, 0x00, 0x00, 0x00, 0x00, 0x00, 0x00, 0x00, 0x00,
  0x00, 0x00, 0x22, 0x00, 0x00, 0xdf, 0x00, 0x00, 0xff, 0x00, 0x00, 0xff,
  0x00, 0x00, 0xff, 0x00, 0x00, 0xff, 0x00, 0x00, 0xff, 0x00, 0x00, 0x7f,
  0x00, 0x00, 0x00, 0x00, 0x00, 0x00, 0x00, 0x00, 0x00, 0x00, 0x00, 0x00,
  0x00, 0x00, 0x00, 0x00, 0x00, 0x00, 0x00, 0x00, 0x00, 0x00, 0x00, 0x60,
  0x00, 0x00, 0xfd, 0x00, 0x00, 0xff, 0x00, 0x00, 0xff, 0x00, 0x00, 0xff,
  0x00, 0x00, 0xff, 0x00, 0x00, 0xda, 0x00, 0x00, 0x1d, 0x00, 0x00, 0x00,
  0x00, 0x00, 0x00, 0x00, 0x00, 0x00, 0x00, 0x00, 0x00, 0x00, 0x00, 0x00,
  0x00, 0x00, 0x00, 0x00, 0x00, 0x17, 0x00, 0x00, 0xd2, 0x00, 0x00, 0xff,
  0x00, 0x00, 0xff, 0x00, 0x00, 0xff, 0x00, 0x00, 0xff, 0x00, 0x00, 0xff,
  0x00, 0x00, 0x8c, 0x00, 0x00, 0x00, 0x00, 0x00, 0x14, 0x00, 0x00, 0xce,
  0x00, 0x00, 0xff, 0x00, 0x00, 0xff, 0x00, 0x00, 0xff, 0x00, 0x00, 0xff,
  0x00, 0x00, 0xff, 0x00, 0x00, 0x8f, 0x00, 0x00, 0x00, 0x00, 0x00, 0x16,
  0x00, 0x00, 0xd3, 0x00, 0x00, 0xff, 0x00, 0x00, 0xff, 0x00, 0x00, 0xff,
  0x00, 0x00, 0xff, 0x00, 0x00, 0xff, 0x00, 0x00, 0xff, 0x00, 0x00, 0xff,
  0x00, 0x00, 0xff, 0x00, 0x00, 0xff, 0x00, 0x00, 0xff, 0x00, 0x00, 0xff,
  0x00, 0x00, 0xff, 0x00, 0x00, 0xff, 0x00, 0x00, 0xff, 0x00, 0x00, 0xff,
  0x00, 0x00, 0xff, 0x00, 0x00, 0xff, 0x00, 0x00, 0xeb, 0x00, 0x00, 0x85,
  0x00, 0x00, 0x0b, 0x00, 0x00, 0x00, 0x00, 0x00, 0x10, 0x00, 0x00, 0xc7,
  0x00, 0x00, 0xff, 0x00, 0x00, 0xff, 0x00, 0x00, 0xff, 0x00, 0x00, 0xff,
  0x00, 0x00, 0xff, 0x00, 0x00, 0x78, 0x00, 0x00, 0x00, 0x00, 0x00, 0x00,
  0x00, 0x00, 0x00, 0x00, 0x00, 0x00, 0x00, 0x00, 0x00, 0x00, 0x00, 0x00,
  0x00, 0x00, 0x00, 0x00, 0x00, 0x00, 0x00, 0x00, 0x00, 0x00, 0x00, 0x00,
  0x00, 0x00, 0x00, 0x00, 0x00, 0x00, 0x00, 0x00, 0x00, 0x00, 0x00, 0x00,
  0x00, 0x00, 0x00, 0x00, 0x00, 0x00, 0x00, 0x00, 0x00, 0x00, 0x00, 0x00,
  0x00, 0x00, 0x00, 0x00, 0x00, 0x00, 0x00, 0x00, 0xc5, 0x00, 0x00, 0xff,
  0x00, 0x00, 0xff, 0x00, 0x00, 0xff, 0x00, 0x00, 0xff, 0x00, 0x00, 0xff,
  0x00, 0x00, 0xd3, 0x47, 0x09, 0x41, 0x6d, 0x12, 0x79, 0x4d, 0x12, 0x80,
  0x4d, 0x12, 0x7f, 0x4d, 0x12, 0x80, 0x4d, 0x12, 0x80, 0x4d, 0x12, 0x7e,
  0x4d, 0x12, 0x8a, 0x4d, 0x12, 0x75, 0x4d, 0x12, 0x7e, 0x4d, 0x12, 0x80,
  0x4d, 0x12, 0x7f, 0x4d, 0x12, 0x80, 0x4d, 0x12, 0x80, 0x4d, 0x12, 0x81,
  0x6d, 0x12, 0x63, 0x20, 0x00, 0x8a, 0x00, 0x00, 0xff, 0x00, 0x00, 0xff,
  0x00, 0x00, 0xff, 0x00, 0x00, 0xff, 0x00, 0x00, 0xff, 0x00, 0x00, 0xee,
  0x00, 0x00, 0x39, 0x00, 0x00, 0x00, 0x00, 0x00, 0x00, 0x00, 0x00, 0x00,
  0x00, 0x00, 0x4f, 0x00, 0x00, 0xf9, 0x00, 0x00, 0xff, 0x00, 0x00, 0xff,
  0x00, 0x00, 0xff, 0x00, 0x00, 0xff, 0x00, 0x00, 0xf5, 0x00, 0x00, 0x46,
  0x00, 0x00, 0x00, 0x00, 0x00, 0x00, 0x00, 0x00, 0x00, 0x00, 0x00, 0x00,
  0x00, 0x00, 0x00, 0x00, 0x00, 0x00, 0x00, 0x00, 0x01, 0x00, 0x00, 0x99,
  0x00, 0x00, 0xff, 0x00, 0x00, 0xff, 0x00, 0x00, 0xff, 0x00, 0x00, 0xff,
  0x00, 0x00, 0xff, 0x00, 0x00, 0xaa, 0x00, 0x00, 0x05, 0x00, 0x00, 0x00,
  0x00, 0x00, 0x00, 0x00, 0x00, 0x00, 0x00, 0x00, 0x00, 0x00, 0x00, 0x00,
  0x00, 0x00, 0x00, 0x00, 0x00, 0x3d, 0x00, 0x00, 0xf2, 0x00, 0x00, 0xff,
  0x00, 0x00, 0xff, 0x00, 0x00, 0xff, 0x00, 0x00, 0xff, 0x00, 0x00, 0xfa,
  0x00, 0x00, 0x52, 0x00, 0x00, 0x00, 0x00, 0x00, 0x39, 0x00, 0x00, 0xf0,
  0x00, 0x00, 0xff, 0x00, 0x00, 0xff, 0x00, 0x00, 0xff, 0x00, 0x00, 0xff,
  0x00, 0x00, 0xfb, 0x00, 0x00, 0x55, 0x00, 0x00, 0x00, 0x00, 0x00, 0x01,
  0x00, 0x00, 0x84, 0x00, 0x00, 0xff, 0x00, 0x00, 0xff, 0x00, 0x00, 0xff,
  0x00, 0x00, 0xff, 0x00, 0x00, 0xff, 0x00, 0x00, 0xff, 0x00, 0x00, 0xff,
  0x00, 0x00, 0xff, 0x00, 0x00, 0xff, 0x00, 0x00, 0xff, 0x00, 0x00, 0xff,
  0x00, 0x00, 0xff, 0x00, 0x00, 0xff, 0x00, 0x00, 0xff, 0x00, 0x00, 0xff,
  0x00, 0x00, 0xff, 0x00, 0x00, 0xff, 0x00, 0x00, 0xff, 0x00, 0x00, 0xfb,
  0x00, 0x00, 0x64, 0x00, 0x00, 0x00, 0x00, 0x00, 0x32, 0x00, 0x00, 0xec,
  0x00, 0x00, 0xff, 0x00, 0x00, 0xff, 0x00, 0x00, 0xff, 0x00, 0x00, 0xff,
  0x00, 0x00, 0xf4, 0x00, 0x00, 0x41, 0x00, 0x00, 0x00, 0x00, 0x00, 0x00,
  0x00, 0x00, 0x00, 0x00, 0x00, 0x00, 0x00, 0x00, 0x00, 0x00, 0x00, 0x00,
  0x00, 0x00, 0x00, 0x00, 0x00, 0x00, 0x00, 0x00, 0x00, 0x00, 0x00, 0x00,
  0x00, 0x00, 0x00, 0x00, 0x00, 0x00, 0x00, 0x00, 0x00, 0x00, 0x00, 0x00,
  0x00, 0x00, 0x00, 0x00, 0x00, 0x00, 0x00, 0x00, 0x00, 0x00, 0x00, 0x00,
  0x00, 0x00, 0x00, 0x00, 0x00, 0x00, 0x00, 0x00, 0xab, 0x00, 0x00, 0xff,
  0x00, 0x00, 0xff, 0x00, 0x00, 0xff, 0x00, 0x00, 0xff, 0x00, 0x00, 0xff,
  0x00, 0x00, 0xe5, 0x00, 0x00, 0x29, 0x47, 0x09, 0x00, 0x4d, 0x12, 0x00,
  0x4d, 0x12, 0x00, 0x4d, 0x12, 0x00, 0x4d, 0x12, 0x00, 0x4d, 0x12, 0x06,
  0x4d, 0x12, 0x97, 0x4d, 0x12, 0x7f, 0x4d, 0x12, 0x00, 0x4d, 0x12, 0x00,
  0x4d, 0x12, 0x00, 0x4d, 0x12, 0x00, 0x4d, 0x12, 0x00, 0x47, 0x09, 0x00,
  0x00, 0x00, 0x42, 0x00, 0x00, 0xe3, 0x00, 0x00, 0xff, 0x00, 0x00, 0xff,
  0x00, 0x00, 0xff, 0x00, 0x00, 0xff, 0x00, 0x00, 0xfb, 0x00, 0x00, 0x7e,
  0x00, 0x00, 0x05, 0x00, 0x00, 0x00, 0x00, 0x00, 0x00, 0x00, 0x00, 0x00,
  0x00, 0x00, 0x88, 0x00, 0x00, 0xff, 0x00, 0x00, 0xff, 0x00, 0x00, 0xff,
  0x00, 0x00, 0xff, 0x00, 0x00, 0xff, 0x00, 0x00, 0xd7, 0x00, 0x00, 0x1b,
  0x00, 0x00, 0x00, 0x00, 0x00, 0x00, 0x00, 0x00, 0x00, 0x00, 0x00, 0x00,
  0x00, 0x00, 0x00, 0x00, 0x00, 0x00, 0x00, 0x00, 0x12, 0x00, 0x00, 0xcc,
  0x00, 0x00, 0xff, 0x00, 0x00, 0xff, 0x00, 0x00, 0xff, 0x00, 0x00, 0xff,
  0x00, 0x00, 0xff, 0x00, 0x00, 0x70, 0x00, 0x00, 0x00, 0x00, 0x00, 0x00,
  0x00, 0x00, 0x00, 0x00, 0x00, 0x00, 0x00, 0x00, 0x00, 0x00, 0x00, 0x00,
  0x00, 0x00, 0x00, 0x00, 0x00, 0x73, 0x00, 0x00, 0xff, 0x00, 0x00, 0xff,
  0x00, 0x00, 0xff, 0x00, 0x00, 0xff, 0x00, 0x00, 0xff, 0x00, 0x00, 0xe0,
  0x00, 0x00, 0x23, 0x00, 0x00, 0x00, 0x00, 0x00, 0x6e, 0x00, 0x00, 0xff,
  0x00, 0x00, 0xff, 0x00, 0x00, 0xff, 0x00, 0x00, 0xff, 0x00, 0x00, 0xff,
  0x00, 0x00, 0xe3, 0x00, 0x00, 0x26, 0x00, 0x00, 0x00, 0x00, 0x00, 0x00,
  0x00, 0x00, 0x11, 0x00, 0x00, 0x88, 0x00, 0x00, 0xe6, 0x00, 0x00, 0xfc,
  0x00, 0x00, 0xff, 0x00, 0x00, 0xff, 0x00, 0x00, 0xff, 0x00, 0x00, 0xff,
  0x00, 0x00, 0xff, 0x00, 0x00, 0xff, 0x00, 0x00, 0xff, 0x00, 0x00, 0xff,
  0x00, 0x00, 0xff, 0x00, 0x00, 0xff, 0x00, 0x00, 0xff, 0x00, 0x00, 0xff,
  0x00, 0x00, 0xff, 0x00, 0x00, 0xff, 0x00, 0x00, 0xff, 0x00, 0x00, 0xff,
  0x00, 0x00, 0xae, 0x00, 0x00, 0x01, 0x00, 0x00, 0x5d, 0x00, 0x00, 0xfd,
  0x00, 0x00, 0xff, 0x00, 0x00, 0xff, 0x00, 0x00, 0xff, 0x00, 0x00, 0xff,
  0x00, 0x00, 0xdf, 0x00, 0x00, 0x21, 0x00, 0x00, 0x00, 0x00, 0x00, 0x00,
  0x00, 0x00, 0x00, 0x00, 0x00, 0x00, 0x00, 0x00, 0x00, 0x00, 0x00, 0x00,
  0x00, 0x00, 0x00, 0x00, 0x00, 0x00, 0x00, 0x00, 0x00, 0x00, 0x00, 0x00,
  0x00, 0x00, 0x00, 0x00, 0x00, 0x00, 0x00, 0x00, 0x00, 0x00, 0x00, 0x00,
  0x00, 0x00, 0x00, 0x00, 0x00, 0x00, 0x00, 0x00, 0x00, 0x00, 0x00, 0x00,
  0x00, 0x00, 0x00, 0x00, 0x00, 0x00, 0x00, 0x00, 0x5e, 0x00, 0x00, 0xf8,
  0x00, 0x00, 0xff, 0x00, 0x00, 0xff, 0x00, 0x00, 0xff, 0x00, 0x00, 0xff,
  0x00, 0x00, 0xfe, 0x00, 0x00, 0x64, 0x00, 0x00, 0x00, 0x00, 0x00, 0x00,
  0x6d, 0x12, 0x00, 0x4d, 0x12, 0x00, 0x4d, 0x12, 0x02, 0x4d, 0x12, 0x7b,
  0x4d, 0x12, 0xfe, 0x4d, 0x12, 0xc2, 0x4d, 0x12, 0x0e, 0x4d, 0x12, 0x00,
  0x00, 0x00, 0x00, 0x00, 0x00, 0x00, 0x00, 0x00, 0x00, 0x00, 0x00, 0x2f,
  0x00, 0x00, 0xd4, 0x00, 0x00, 0xff, 0x00, 0x00, 0xff, 0x00, 0x00, 0xff,
  0x00, 0x00, 0xff, 0x00, 0x00, 0xff, 0x00, 0x00, 0x9b, 0x00, 0x00, 0x0b,
  0x00, 0x00, 0x00, 0x00, 0x00, 0x00, 0x00, 0x00, 0x00, 0x00, 0x00, 0x0c,
  0x00, 0x00, 0xbf, 0x00, 0x00, 0xff, 0x00, 0x00, 0xff, 0x00, 0x00, 0xff,
  0x00, 0x00, 0xff, 0x00, 0x00, 0xff, 0x00, 0x00, 0xa6, 0x00, 0x00, 0x03,
  0x00, 0x00, 0x00, 0x00, 0x00, 0x00, 0x00, 0x00, 0x00, 0x00, 0x00, 0x00,
  0x00, 0x00, 0x00, 0x00, 0x00, 0x00, 0x00, 0x00, 0x37, 0x00, 0x00, 0xef,
  0x00, 0x00, 0xff, 0x00, 0x00, 0xff, 0x00, 0x00, 0xff, 0x00, 0x00, 0xff,
  0x00, 0x00, 0xf0, 0x00, 0x00, 0x39, 0x00, 0x00, 0x00, 0x00, 0x00, 0x00,
  0x00, 0x00, 0x00, 0x00, 0x00, 0x00, 0x00, 0x00, 0x00, 0x00, 0x00, 0x00,
  0x00, 0x00, 0x05, 0x00, 0x00, 0xac, 0x00, 0x00, 0xff, 0x00, 0x00, 0xff,
  0x00, 0x00, 0xff, 0x00, 0x00, 0xff, 0x00, 0x00, 0xff, 0x00, 0x00, 0xb3,
  0x00, 0x00, 0x07, 0x00, 0x00, 0x03, 0x00, 0x00, 0xa7, 0x00, 0x00, 0xff,
  0x00, 0x00, 0xff, 0x00, 0x00, 0xff, 0x00, 0x00, 0xff, 0x00, 0x00, 0xff,
  0x00, 0x00, 0xb9, 0x00, 0x00, 0x09, 0x00, 0x00, 0x00, 0x00, 0x00, 0x00,
  0x00, 0x00, 0x00, 0x00, 0x00, 0x03, 0x00, 0x00, 0x2c, 0x00, 0x00, 0x58,
  0x00, 0x00, 0x64, 0x00, 0x00, 0x64, 0x00, 0x00, 0x64, 0x00, 0x00, 0x64,
  0x00, 0x00, 0x64, 0x00, 0x00, 0x64, 0x00, 0x00, 0x64, 0x00, 0x00, 0x64,
  0x00, 0x00, 0x65, 0x00, 0x00, 0x84, 0x00, 0x00, 0xe6, 0x00, 0x00, 0xff,
  0x00, 0x00, 0xff, 0x00, 0x00, 0xff, 0x00, 0x00, 0xff, 0x00, 0x00, 0xff,
  0x00, 0x00, 0xb6, 0x00, 0x00, 0x06, 0x00, 0x00, 0x89, 0x00, 0x00, 0xff,
  0x00, 0x00, 0xff, 0x00, 0x00, 0xff, 0x00, 0x00, 0xff, 0x00, 0x00, 0xff,
  0x00, 0x00, 0xcd, 0x00, 0x00, 0x10, 0x00, 0x00, 0x00, 0x00, 0x00, 0x00,
  0x00, 0x00, 0x00, 0x00, 0x00, 0x00, 0x00, 0x00, 0x00, 0x00, 0x00, 0x00,
  0x00, 0x00, 0x00, 0x00, 0x00, 0x00, 0x00, 0x00, 0x00, 0x00, 0x00, 0x00,
  0x00, 0x00, 0x00, 0x00, 0x00, 0x00, 0x00, 0x00, 0x00, 0x00, 0x00, 0x00,
  0x00, 0x00, 0x00, 0x00, 0x00, 0x00, 0x00, 0x00, 0x00, 0x00, 0x00, 0x00,
  0x00, 0x00, 0x00, 0x00, 0x00, 0x00, 0x00, 0x00, 0x23, 0x00, 0x00, 0xda,
  0x00, 0x00, 0xff, 0x00, 0x00, 0xff, 0x00, 0x00, 0xff, 0x00, 0x00, 0xff,
  0x00, 0x00, 0xff, 0x00, 0x00, 0xa5, 0x00, 0x00, 0x04, 0x00, 0x00, 0x00,
  0x6d, 0x12, 0x00, 0x4d, 0x12, 0x00, 0x4d, 0x12, 0x5e, 0x4d, 0x12, 0xf2,
  0x4d, 0x12, 0xff, 0x4d, 0x12, 0xed, 0x4d, 0x12, 0x35, 0x4d, 0x12, 0x00,
  0x00, 0x00, 0x00, 0x00, 0x00, 0x00, 0x00, 0x00, 0x1c, 0x00, 0x00, 0xbe,
  0x00, 0x00, 0xff, 0x00, 0x00, 0xff, 0x00, 0x00, 0xff, 0x00, 0x00, 0xff,
  0x00, 0x00, 0xff, 0x00, 0x00, 0xb6, 0x00, 0x00, 0x17, 0x00, 0x00, 0x00,
  0x00, 0x00, 0x00, 0x00, 0x00, 0x00, 0x00, 0x00, 0x00, 0x00, 0x00, 0x2b,
  0x00, 0x00, 0xe7, 0x00, 0x00, 0xff, 0x00, 0x00, 0xff, 0x00, 0x00, 0xff,
  0x00, 0x00, 0xff, 0x00, 0x00, 0xff, 0x00, 0x00, 0x6b, 0x00, 0x00, 0x00,
  0x00, 0x00, 0x00, 0x00, 0x00, 0x00, 0x00, 0x00, 0x00, 0x00, 0x00, 0x00,
  0x00, 0x00, 0x00, 0x00, 0x00, 0x00, 0x00, 0x00, 0x6b, 0x00, 0x00, 0xff,
  0x00, 0x00, 0xff, 0x00, 0x00, 0xff, 0x00, 0x00, 0xff, 0x00, 0x00, 0xff,
  0x00, 0x00, 0xcd, 0x00, 0x00, 0x13, 0x00, 0x00, 0x00, 0x00, 0x00, 0x00,
  0x00, 0x00, 0x00, 0x00, 0x00, 0x00, 0x00, 0x00, 0x00, 0x00, 0x00, 0x00,
  0x00, 0x00, 0x1d, 0x00, 0x00, 0xda, 0x00, 0x00, 0xff, 0x00, 0x00, 0xff,
  0x00, 0x00, 0xff, 0x00, 0x00, 0xff, 0x00, 0x00, 0xff, 0x00, 0x00, 0x7a,
  0x00, 0x00, 0x00, 0x00, 0x00, 0x1a, 0x00, 0x00, 0xd7, 0x00, 0x00, 0xff,
  0x00, 0x00, 0xff, 0x00, 0x00, 0xff, 0x00, 0x00, 0xff, 0x00, 0x00, 0xff,
  0x00, 0x00, 0x82, 0x00, 0x00, 0x00, 0x00, 0x00, 0x00, 0x00, 0x00, 0x00,
  0x00, 0x00, 0x00, 0x00, 0x00, 0x00, 0x00, 0x00, 0x00, 0x00, 0x00, 0x00,
  0x00, 0x00, 0x00, 0x00, 0x00, 0x00, 0x00, 0x00, 0x00, 0x00, 0x00, 0x00,
  0x00, 0x00, 0x00, 0x00, 0x00, 0x00, 0x00, 0x00, 0x00, 0x00, 0x00, 0x00,
  0x00, 0x00, 0x00, 0x00, 0x00, 0x02, 0x00, 0x00, 0xb4, 0x00, 0x00, 0xff,
  0x00, 0x00, 0xff, 0x00, 0x00, 0xff, 0x00, 0x00, 0xff, 0x00, 0x00, 0xff,
  0x00, 0x00, 0x94, 0x00, 0x00, 0x02, 0x00, 0x00, 0xab, 0x00, 0x00, 0xff,
  0x00, 0x00, 0xff, 0x00, 0x00, 0xff, 0x00, 0x00, 0xff, 0x00, 0x00, 0xff,
  0x00, 0x00, 0xe1, 0x00, 0x00, 0x29, 0x00, 0x00, 0x00, 0x00, 0x00, 0x00,
  0x00, 0x00, 0x00, 0x00, 0x00, 0x00, 0x00, 0x00, 0x00, 0x00, 0x00, 0x00,
  0x00, 0x00, 0x00, 0x00, 0x00, 0x00, 0x00, 0x00, 0x00, 0x00, 0x00, 0x00,
  0x00, 0x00, 0x00, 0x00, 0x00, 0x00, 0x00, 0x00, 0x00, 0x00, 0x00, 0x00,
  0x00, 0x00, 0x00, 0x00, 0x00, 0x00, 0x00, 0x00, 0x00, 0x00, 0x00, 0x00,
  0x00, 0x00, 0x00, 0x00, 0x00, 0x00, 0x00, 0x00, 0x04, 0x00, 0x00, 0xa4,
  0x00, 0x00, 0xff, 0x00, 0x00, 0xff, 0x00, 0x00, 0xff, 0x00, 0x00, 0xff,
  0x00, 0x00, 0xff, 0x00, 0x00, 0xdb, 0x00, 0x00, 0x1e, 0x00, 0x00, 0x00,
  0x4d, 0x12, 0x00, 0x4d, 0x12, 0x43, 0x4d, 0x12, 0xe4, 0x4d, 0x12, 0xff,
  0x4d, 0x12, 0xff, 0x4d, 0x12, 0xff, 0x4d, 0x12, 0x72, 0x6d, 0x12, 0x00,
  0x00, 0x00, 0x00, 0x00, 0x00, 0x0e, 0x00, 0x00, 0xa4, 0x00, 0x00, 0xff,
  0x00, 0x00, 0xff, 0x00, 0x00, 0xff, 0x00, 0x00, 0xff, 0x00, 0x00, 0xff,
  0x00, 0x00, 0xcd, 0x00, 0x00, 0x28, 0x00, 0x00, 0x00, 0x00, 0x00, 0x00,
  0x00, 0x00, 0x00, 0x00, 0x00, 0x00, 0x00, 0x00, 0x00, 0x00, 0x00, 0x5c,
  0x00, 0x00, 0xfc, 0x00, 0x00, 0xff, 0x00, 0x00, 0xff, 0x00, 0x00, 0xff,
  0x00, 0x00, 0xff, 0x00, 0x00, 0xee, 0x00, 0x00, 0x35, 0x00, 0x00, 0x00,
  0x00, 0x00, 0x00, 0x00, 0x00, 0x00, 0x00, 0x00, 0x00, 0x00, 0x00, 0x00,
  0x00, 0x00, 0x00, 0x00, 0x00, 0x03, 0x00, 0x00, 0xa4, 0x00, 0x00, 0xff,
  0x00, 0x00, 0xff, 0x00, 0x00, 0xff, 0x00, 0x00, 0xff, 0x00, 0x00, 0xff,
  0x00, 0x00, 0x98, 0x00, 0x00, 0x01, 0x00, 0x00, 0x00, 0x00, 0x00, 0x00,
  0x00, 0x00, 0x00, 0x00, 0x00, 0x00, 0x00, 0x00, 0x00, 0x00, 0x00, 0x00,
  0x00, 0x00, 0x48, 0x00, 0x00, 0xf7, 0x00, 0x00, 0xff, 0x00, 0x00, 0xff,
  0x00, 0x00, 0xff, 0x00, 0x00, 0xff, 0x00, 0x00, 0xf4, 0x00, 0x00, 0x42,
  0x00, 0x00, 0x00, 0x00, 0x00, 0x44, 0x00, 0x00, 0xf5, 0x00, 0x00, 0xff,
  0x00, 0x00, 0xff, 0x00, 0x00, 0xff, 0x00, 0x00, 0xff, 0x00, 0x00, 0xf7,
  0x00, 0x00, 0x4a, 0x00, 0x00, 0x00, 0x00, 0x00, 0x07, 0x00, 0x00, 0x14,
  0x00, 0x00, 0x14, 0x00, 0x00, 0x14, 0x00, 0x00, 0x14, 0x00, 0x00, 0x14,
  0x00, 0x00, 0x14, 0x00, 0x00, 0x14, 0x00, 0x00, 0x14, 0x00, 0x00, 0x14,
  0x00, 0x00, 0x14, 0x00, 0x00, 0x14, 0x00, 0x00, 0x14, 0x00, 0x00, 0x14,
  0x00, 0x00, 0x16, 0x00, 0x00, 0x4c, 0x00, 0x00, 0xe4, 0x00, 0x00, 0xff,
  0x00, 0x00, 0xff, 0x00, 0x00, 0xff, 0x00, 0x00, 0xff, 0x00, 0x00, 0xfc,
  0x00, 0x00, 0x5a, 0x00, 0x00, 0x01, 0x00, 0x00, 0xb1, 0x00, 0x00, 0xff,
  0x00, 0x00, 0xff, 0x00, 0x00, 0xff, 0x00, 0x00, 0xff, 0x00, 0x00, 0xff,
  0x00, 0x00, 0xff, 0x00, 0x00, 0xb5, 0x00, 0x00, 0x4a, 0x00, 0x00, 0x2b,
  0x00, 0x00, 0x28, 0x00, 0x00, 0x28, 0x00, 0x00, 0x28, 0x00, 0x00, 0x28,
  0x00, 0x00, 0x28, 0x00, 0x00, 0x28, 0x00, 0x00, 0x28, 0x00, 0x00, 0x28,
  0x00, 0x00, 0x28, 0x00, 0x00, 0x25, 0x00, 0x00, 0x08, 0x00, 0x00, 0x00,
  0x00, 0x00, 0x00, 0x00, 0x00, 0x00, 0x00, 0x00, 0x00, 0x00, 0x00, 0x00,
  0x00, 0x00, 0x00, 0x00, 0x00, 0x00, 0x00, 0x00, 0x00, 0x00, 0x00, 0x62,
  0x00, 0x00, 0xfd, 0x00, 0x00, 0xff, 0x00, 0x00, 0xff, 0x00, 0x00, 0xff,
  0x00, 0x00, 0xff, 0x00, 0x00, 0xf9, 0x00, 0x00, 0x52, 0xe5, 0x00, 0x00,
  0x4d, 0x12, 0x2d, 0x4d, 0x12, 0xd2, 0x4d, 0x12, 0xff, 0x4d, 0x12, 0xff,
  0x4d, 0x12, 0xff, 0x4d, 0x12, 0xff, 0x4d, 0x12, 0xb4, 0x8e, 0x12, 0x07,
  0x00, 0x00, 0x05, 0x00, 0x00, 0x87, 0x00, 0x00, 0xfd, 0x00, 0x00, 0xff,
  0x00, 0x00, 0xff, 0x00, 0x00, 0xff, 0x00, 0x00, 0xff, 0x00, 0x00, 0xe1,
  0x00, 0x00, 0x3e, 0x00, 0x00, 0x00, 0x00, 0x00, 0x00, 0x00, 0x00, 0x00,
  0x00, 0x00, 0x00, 0x00, 0x00, 0x00, 0x00, 0x00, 0x00, 0x00, 0x00, 0x96,
  0x00, 0x00, 0xff, 0x00, 0x00, 0xff, 0x00, 0x00, 0xff, 0x00, 0x00, 0xff,
  0x00, 0x00, 0xff, 0x00, 0x00, 0xc9, 0x00, 0x00, 0x11, 0x00, 0x00, 0x00,
  0x00, 0x00, 0x00, 0x00, 0x00, 0x00, 0x00, 0x00, 0x00, 0x00, 0x00, 0x00,
  0x00, 0x00, 0x00, 0x00, 0x00, 0x18, 0x00, 0x00, 0xd4, 0x00, 0x00, 0xff,
  0x00, 0x00, 0xff, 0x00, 0x00, 0xff, 0x00, 0x00, 0xff, 0x00, 0x00, 0xfc,
  0x00, 0x00, 0x5d, 0x00, 0x00, 0x00, 0x00, 0x00, 0x00, 0x00, 0x00, 0x00,
  0x00, 0x00, 0x00, 0x00, 0x00, 0x00, 0x00, 0x00, 0x00, 0x00, 0x00, 0x00,
  0x00, 0x00, 0x80, 0x00, 0x00, 0xff, 0x00, 0x00, 0xff, 0x00, 0x00, 0xff,
  0x00, 0x00, 0xff, 0x00, 0x00, 0xff, 0x00, 0x00, 0xd4, 0x00, 0x00, 0x18,
  0x00, 0x00, 0x00, 0x00, 0x00, 0x7b, 0x00, 0x00, 0xff, 0x00, 0x00, 0xff,
  0x00, 0x00, 0xff, 0x00, 0x00, 0xff, 0x00, 0x00, 0xff, 0x00, 0x00, 0xdb,
  0x00, 0x00, 0x1e, 0x00, 0x00, 0x00, 0x00, 0x00, 0x78, 0x00, 0x00, 0xd4,
  0x00, 0x00, 0xd2, 0x00, 0x00, 0xd2, 0x00, 0x00, 0xd2, 0x00, 0x00, 0xd2,
  0x00, 0x00, 0xd2, 0x00, 0x00, 0xd2, 0x00, 0x00, 0xd2, 0x00, 0x00, 0xd2,
  0x00, 0x00, 0xd2, 0x00, 0x00, 0xd2, 0x00, 0x00, 0xd2, 0x00, 0x00, 0xd1,
  0x00, 0x00, 0xd5, 0x00, 0x00, 0xef, 0x00, 0x00, 0xff, 0x00, 0x00, 0xff,
  0x00, 0x00, 0xff, 0x00, 0x00, 0xff, 0x00, 0x00, 0xff, 0x00, 0x00, 0xdf,
  0x00, 0x00, 0x24, 0x00, 0x00, 0x00, 0x00, 0x00, 0x96, 0x00, 0x00, 0xff,
  0x00, 0x00, 0xff, 0x00, 0x00, 0xff, 0x00, 0x00, 0xff, 0x00, 0x00, 0xff,
  0x00, 0x00, 0xff, 0x00, 0x00, 0xff, 0x00, 0x00, 0xf7, 0x00, 0x00, 0xe9,
  0x00, 0x00, 0xe6, 0x00, 0x00, 0xe6, 0x00, 0x00, 0xe6, 0x00, 0x00, 0xe6,
  0x00, 0x00, 0xe6, 0x00, 0x00, 0xe6, 0x00, 0x00, 0xe6, 0x00, 0x00, 0xe6,
  0x00, 0x00, 0xe7, 0x00, 0x00, 0xda, 0x00, 0x00, 0x34, 0x00, 0x00, 0x00,
  0x00, 0x00, 0x00, 0x00, 0x00, 0x00, 0x00, 0x00, 0x00, 0x00, 0x00, 0x00,
  0x00, 0x00, 0x00, 0x00, 0x00, 0x00, 0x00, 0x00, 0x00, 0x00, 0x00, 0x29,
  0x00, 0x00, 0xe5, 0x00, 0x00, 0xff, 0x00, 0x00, 0xff, 0x00, 0x00, 0xff,
  0x00, 0x00, 0xff, 0x00, 0x00, 0xff, 0x00, 0x00, 0x92, 0xaf, 0x12, 0x15,
  0x6d, 0x12, 0xb0, 0x6d, 0x12, 0xf7, 0x6d, 0x12, 0xf4, 0x6d, 0x12, 0xf4,
  0x6d, 0x12, 0xf4, 0x6d, 0x12, 0xf6, 0x6d, 0x12, 0xda, 0x6d, 0x12, 0x26,
  0x00, 0x00, 0x67, 0x00, 0x00, 0xf6, 0x00, 0x00, 0xff, 0x00, 0x00, 0xff,
  0x00, 0x00, 0xff, 0x00, 0x00, 0xff, 0x00, 0x00, 0xef, 0x00, 0x00, 0x57,
  0x00, 0x00, 0x00, 0x00, 0x00, 0x00, 0x00, 0x00, 0x00, 0x00, 0x00, 0x00,
  0x00, 0x00, 0x00, 0x00, 0x00, 0x00, 0x00, 0x00, 0x11, 0x00, 0x00, 0xca,
  0x00, 0x00, 0xff, 0x00, 0x00, 0xff, 0x00, 0x00, 0xff, 0x00, 0x00, 0xff,
  0x00, 0x00, 0xff, 0x00, 0x00, 0x93, 0x00, 0x00, 0x00, 0x00, 0x00, 0x00,
  0x00, 0x00, 0x00, 0x00, 0x00, 0x00, 0x00, 0x00, 0x00, 0x00, 0x00, 0x00,
  0x00, 0x00, 0x00, 0x00, 0x00, 0x40, 0x00, 0x00, 0xf3, 0x00, 0x00, 0xff,
  0x00, 0x00, 0xff, 0x00, 0x00, 0xff, 0x00, 0x00, 0xff, 0x00, 0x00, 0xe7,
  0x00, 0x00, 0x2b, 0x00, 0x00, 0x00, 0x00, 0x00, 0x00, 0x00, 0x00, 0x00,
  0x00, 0x00, 0x00, 0x00, 0x00, 0x00, 0x00, 0x00, 0x00, 0x00, 0x00, 0x09,
  0x00, 0x00, 0xb7, 0x00, 0x00, 0xff, 0x00, 0x00, 0xff, 0x00, 0x00, 0xff,
  0x00, 0x00, 0xff, 0x00, 0x00, 0xff, 0x00, 0x00, 0xa3, 0x00, 0x00, 0x02,
  0x00, 0x00, 0x07, 0x00, 0x00, 0xb3, 0x00, 0x00, 0xff, 0x00, 0x00, 0xff,
  0x00, 0x00, 0xff, 0x00, 0x00, 0xff, 0x00, 0x00, 0xff, 0x00, 0x00, 0xad,
  0x00, 0x00, 0x04, 0x00, 0x00, 0x0f, 0x00, 0x00, 0xc8, 0x00, 0x00, 0xff,
  0x00, 0x00, 0xff, 0x00, 0x00, 0xff, 0x00, 0x00, 0xff, 0x00, 0x00, 0xff,
  0x00, 0x00, 0xff, 0x00, 0x00, 0xff, 0x00, 0x00, 0xff, 0x00, 0x00, 0xff,
  0x00, 0x00, 0xff, 0x00, 0x00, 0xff, 0x00, 0x00, 0xff, 0x00, 0x00, 0xff,
  0x00, 0x00, 0xff, 0x00, 0x00, 0xff, 0x00, 0x00, 0xff, 0x00, 0x00, 0xff,
  0x00, 0x00, 0xff, 0x00, 0x00, 0xff, 0x00, 0x00, 0xff, 0x00, 0x00, 0x88,
  0x00, 0x00, 0x01, 0x00, 0x00, 0x00, 0x00, 0x00, 0x4d, 0x00, 0x00, 0xf5,
  0x00, 0x00, 0xff, 0x00, 0x00, 0xff, 0x00, 0x00, 0xff, 0x00, 0x00, 0xff,
  0x00, 0x00, 0xff, 0x00, 0x00, 0xff, 0x00, 0x00, 0xff, 0x00, 0x00, 0xff,
  0x00, 0x00, 0xff, 0x00, 0x00, 0xff, 0x00, 0x00, 0xff, 0x00, 0x00, 0xff,
  0x00, 0x00, 0xff, 0x00, 0x00, 0xff, 0x00, 0x00, 0xff, 0x00, 0x00, 0xff,
  0x00, 0x00, 0xff, 0x00, 0x00, 0xdc, 0x00, 0x00, 0x1e, 0x00, 0x00, 0x00,
  0x00, 0x00, 0x00, 0x00, 0x00, 0x00, 0x00, 0x00, 0x00, 0x00, 0x00, 0x00,
  0x00, 0x00, 0x00, 0x00, 0x00, 0x00, 0x00, 0x00, 0x00, 0x00, 0x00, 0x08,
  0x00, 0x00, 0xb4, 0x00, 0x00, 0xff, 0x00, 0x00, 0xff, 0x00, 0x00, 0xff,
  0x00, 0x00, 0xff, 0x00, 0x00, 0xff, 0x00, 0x00, 0xd2, 0xa3, 0x00, 0x58,
  0x67, 0x09, 0x7b, 0x67, 0x09, 0x7d, 0x67, 0x09, 0x7d, 0x67, 0x09, 0x7d,
  0x67, 0x09, 0x7d, 0x67, 0x09, 0x7d, 0x67, 0x09, 0x79, 0x62, 0x00, 0x73,
  0x00, 0x00, 0xe8, 0x00, 0x00, 0xff, 0x00, 0x00, 0xff, 0x00, 0x00, 0xff,
  0x00, 0x00, 0xff, 0x00, 0x00, 0xf9, 0x00, 0x00, 0x74, 0x00, 0x00, 0x01,
  0x00, 0x00, 0x00, 0x00, 0x00, 0x00, 0x00, 0x00, 0x00, 0x00, 0x00, 0x00,
  0x00, 0x00, 0x00, 0x00, 0x00, 0x00, 0x00, 0x00, 0x35, 0x00, 0x00, 0xee,
  0x00, 0x00, 0xff, 0x00, 0x00, 0xff, 0x00, 0x00, 0xff, 0x00, 0x00, 0xff,
  0x00, 0x00, 0xfb, 0x00, 0x00, 0x58, 0x00, 0x00, 0x00, 0x00, 0x00, 0x00,
  0x00, 0x00, 0x00, 0x00, 0x00, 0x00, 0x00, 0x00, 0x00, 0x00, 0x00, 0x00,
  0x00, 0x00, 0x00, 0x00, 0x00, 0x76, 0x00, 0x00, 0xff, 0x00, 0x00, 0xff,
  0x00, 0x00, 0xff, 0x00, 0x00, 0xff, 0x00, 0x00, 0xff, 0x00, 0x00, 0xbd,
  0x00, 0x00, 0x0b, 0x00, 0x00, 0x00, 0x00, 0x00, 0x00, 0x00, 0x00, 0x00,
  0x00, 0x00, 0x00, 0x00, 0x00, 0x00, 0x00, 0x00, 0x00, 0x00, 0x00, 0x25,
  0x00, 0x00, 0xe2, 0x00, 0x00, 0xff, 0x00, 0x00, 0xff, 0x00, 0x00, 0xff,
  0x00, 0x00, 0xff, 0x00, 0x00, 0xff, 0x00, 0x00, 0x68, 0x00, 0x00, 0x00,
  0x00, 0x00, 0x22, 0x00, 0x00, 0xdf, 0x00, 0x00, 0xff, 0x00, 0x00, 0xff,
  0x00, 0x00, 0xff, 0x00, 0x00, 0xff, 0x00, 0x00, 0xff, 0x00, 0x00, 0x75,
  0x00, 0x00, 0x00, 0x00, 0x00, 0x33, 0x00, 0x00, 0xec, 0x00, 0x00, 0xff,
  0x00, 0x00, 0xff, 0x00, 0x00, 0xff, 0x00, 0x00, 0xff, 0x00, 0x00, 0xff,
  0x00, 0x00, 0xff, 0x00, 0x00, 0xff, 0x00, 0x00, 0xff, 0x00, 0x00, 0xff,
  0x00, 0x00, 0xff, 0x00, 0x00, 0xff, 0x00, 0x00, 0xff, 0x00, 0x00, 0xff,
  0x00, 0x00, 0xff, 0x00, 0x00, 0xff, 0x00, 0x00, 0xff, 0x00, 0x00, 0xff,
  0x00, 0x00, 0xff, 0x00, 0x00, 0xff, 0x00, 0x00, 0xb3, 0x00, 0x00, 0x18,
  0x00, 0x00, 0x00, 0x00, 0x00, 0x00, 0x00, 0x00, 0x08, 0x00, 0x00, 0x90,
  0x00, 0x00, 0xfd, 0x00, 0x00, 0xff, 0x00, 0x00, 0xff, 0x00, 0x00, 0xff,
  0x00, 0x00, 0xff, 0x00, 0x00, 0xff, 0x00, 0x00, 0xff, 0x00, 0x00, 0xff,
  0x00, 0x00, 0xff, 0x00, 0x00, 0xff, 0x00, 0x00, 0xff, 0x00, 0x00, 0xff,
  0x00, 0x00, 0xff, 0x00, 0x00, 0xff, 0x00, 0x00, 0xff, 0x00, 0x00, 0xff,
  0x00, 0x00, 0xff, 0x00, 0x00, 0xaa, 0x00, 0x00, 0x05, 0x00, 0x00, 0x00,
  0x00, 0x00, 0x00, 0x00, 0x00, 0x00, 0x00, 0x00, 0x00, 0x00, 0x00, 0x00,
  0x00, 0x00, 0x00, 0x00, 0x00, 0x00, 0x00, 0x00, 0x00, 0x00, 0x00, 0x00,
  0x00, 0x00, 0x72, 0x00, 0x00, 0xff, 0x00, 0x00, 0xff, 0x00, 0x00, 0xff,
  0x00, 0x00, 0xff, 0x00, 0x00, 0xff, 0x00, 0x00, 0xfe, 0x00, 0x00, 0xf1,
  0x00, 0x00, 0xed, 0x00, 0x00, 0xed, 0x00, 0x00, 0xed, 0x00, 0x00, 0xed,
  0x00, 0x00, 0xed, 0x00, 0x00, 0xed, 0x00, 0x00, 0xed, 0x00, 0x00, 0xf7,
  0x00, 0x00, 0xff, 0x00, 0x00, 0xff, 0x00, 0x00, 0xff, 0x00, 0x00, 0xff,
  0x00, 0x00, 0xfe, 0x00, 0x00, 0x90, 0x00, 0x00, 0x08, 0x00, 0x00, 0x00,
  0x00, 0x00, 0x00, 0x00, 0x00, 0x00, 0x00, 0x00, 0x00, 0x00, 0x00, 0x00,
  0x00, 0x00, 0x00, 0x00, 0x00, 0x00, 0x00, 0x00, 0x6b, 0x00, 0x00, 0xff,
  0x00, 0x00, 0xff, 0x00, 0x00, 0xff, 0x00, 0x00, 0xff, 0x00, 0x00, 0xff,
  0x00, 0x00, 0xe6, 0x00, 0x00, 0x27, 0x00, 0x00, 0x00, 0x00, 0x00, 0x00,
  0x00, 0x00, 0x00, 0x00, 0x00, 0x00, 0x00, 0x00, 0x00, 0x00, 0x00, 0x00,
  0x00, 0x00, 0x06, 0x00, 0x00, 0xb1, 0x00, 0x00, 0xff, 0x00, 0x00, 0xff,
  0x00, 0x00, 0xff, 0x00, 0x00, 0xff, 0x00, 0x00, 0xff, 0x00, 0x00, 0x86,
  0x00, 0x00, 0x00, 0x00, 0x00, 0x00, 0x00, 0x00, 0x00, 0x00, 0x00, 0x00,
  0x00, 0x00, 0x00, 0x00, 0x00, 0x00, 0x00, 0x00, 0x00, 0x00, 0x00, 0x55,
  0x00, 0x00, 0xfe, 0x00, 0x00, 0xff, 0x00, 0x00, 0xff, 0x00, 0x00, 0xff,
  0x00, 0x00, 0xff, 0x00, 0x00, 0xef, 0x00, 0x00, 0x33, 0x00, 0x00, 0x00,
  0x00, 0x00, 0x50, 0x00, 0x00, 0xfc, 0x00, 0x00, 0xff, 0x00, 0x00, 0xff,
  0x00, 0x00, 0xff, 0x00, 0x00, 0xff, 0x00, 0x00, 0xf5, 0x00, 0x00, 0x3e,
  0x00, 0x00, 0x00, 0x00, 0x00, 0x6a, 0x00, 0x00, 0xff, 0x00, 0x00, 0xff,
  0x00, 0x00, 0xff, 0x00, 0x00, 0xff, 0x00, 0x00, 0xff, 0x00, 0x00, 0xff,
  0x00, 0x00, 0xff, 0x00, 0x00, 0xff, 0x00, 0x00, 0xff, 0x00, 0x00, 0xff,
  0x00, 0x00, 0xff, 0x00, 0x00, 0xff, 0x00, 0x00, 0xff, 0x00, 0x00, 0xff,
  0x00, 0x00, 0xff, 0x00, 0x00, 0xff, 0x00, 0x00, 0xff, 0x00, 0x00, 0xfe,
  0x00, 0x00, 0xe4, 0x00, 0x00, 0x8c, 0x00, 0x00, 0x1a, 0x00, 0x00, 0x00,
  0x00, 0x00, 0x00, 0x00, 0x00, 0x00, 0x00, 0x00, 0x00, 0x00, 0x00, 0x0d,
  0x00, 0x00, 0x73, 0x00, 0x00, 0xd6, 0x00, 0x00, 0xfa, 0x00, 0x00, 0xff,
  0x00, 0x00, 0xff, 0x00, 0x00, 0xff, 0x00, 0x00, 0xff, 0x00, 0x00, 0xff,
  0x00, 0x00, 0xff, 0x00, 0x00, 0xff, 0x00, 0x00, 0xff, 0x00, 0x00, 0xff,
  0x00, 0x00, 0xff, 0x00, 0x00, 0xff, 0x00, 0x00, 0xff, 0x00, 0x00, 0xff,
  0x00, 0x00, 0xff, 0x00, 0x00, 0x70, 0x00, 0x00, 0x00, 0x00, 0x00, 0x00,
  0x00, 0x00, 0x00, 0x00, 0x00, 0x00, 0x00, 0x00, 0x00, 0x00, 0x00, 0x00,
  0x00, 0x00, 0x00, 0x00, 0x00, 0x00, 0x00, 0x00, 0x00, 0x00, 0x00, 0x00,
  0x00, 0x00, 0x35, 0x00, 0x00, 0xed, 0x00, 0x00, 0xff, 0x00, 0x00, 0xff,
  0x00, 0x00, 0xff, 0x00, 0x00, 0xff, 0x00, 0x00, 0xff, 0x00, 0x00, 0xff,
  0x00, 0x00, 0xff, 0x00, 0x00, 0xff, 0x00, 0x00, 0xff, 0x00, 0x00, 0xff,
  0x00, 0x00, 0xff, 0x00, 0x00, 0xff, 0x00, 0x00, 0xff, 0x00, 0x00, 0xff,
  0x00, 0x00, 0xff, 0x00, 0x00, 0xff, 0x00, 0x00, 0xff, 0x00, 0x00, 0xff,
  0x00, 0x00, 0xac, 0x00, 0x00, 0x12, 0x00, 0x00, 0x00, 0x00, 0x00, 0x00,
  0x00, 0x00, 0x00, 0x00, 0x00, 0x00, 0x00, 0x00, 0x00, 0x00, 0x00, 0x00,
  0x00, 0x00, 0x00, 0x00, 0x00, 0x00, 0x00, 0x00, 0x4c, 0x00, 0x00, 0x9d,
  0x00, 0x00, 0x9c, 0x00, 0x00, 0x9c, 0x00, 0x00, 0x9c, 0x00, 0x00, 0x9e,
  0x00, 0x00, 0x74, 0x00, 0x00, 0x07, 0x00, 0x00, 0x00, 0x00, 0x00, 0x00,
  0x00, 0x00, 0x00, 0x00, 0x00, 0x00, 0x00, 0x00, 0x00, 0x00, 0x00, 0x00,
  0x00, 0x00, 0x07, 0x00, 0x00, 0x76, 0x00, 0x00, 0xa2, 0x00, 0x00, 0xa0,
  0x00, 0x00, 0xa0, 0x00, 0x00, 0xa0, 0x00, 0x00, 0x9b, 0x00, 0x00, 0x33,
  0x00, 0x00, 0x00, 0x00, 0x00, 0x00, 0x00, 0x00, 0x00, 0x00, 0x00, 0x00,
  0x00, 0x00, 0x00, 0x00, 0x00, 0x00, 0x00, 0x00, 0x00, 0x00, 0x00, 0x41,
  0x00, 0x00, 0xa3, 0x00, 0x00, 0xa4, 0x00, 0x00, 0xa4, 0x00, 0x00, 0xa4,
  0x00, 0x00, 0xa5, 0x00, 0x00, 0x82, 0x00, 0x00, 0x0c, 0x00, 0x00, 0x00,
  0x00, 0x00, 0x39, 0x00, 0x00, 0x9a, 0x00, 0x00, 0x9c, 0x00, 0x00, 0x9c,
  0x00, 0x00, 0x9c, 0x00, 0x00, 0x9d, 0x00, 0x00, 0x83, 0x00, 0x00, 0x10,
  0x00, 0x00, 0x00, 0x00, 0x00, 0x4b, 0x00, 0x00, 0x9d, 0x00, 0x00, 0x9c,
  0x00, 0x00, 0x9c, 0x00, 0x00, 0x9c, 0x00, 0x00, 0x9c, 0x00, 0x00, 0x9c,
  0x00, 0x00, 0x9c, 0x00, 0x00, 0x9c, 0x00, 0x00, 0x9c, 0x00, 0x00, 0x9c,
  0x00, 0x00, 0x9c, 0x00, 0x00, 0x9c, 0x00, 0x00, 0x9c, 0x00, 0x00, 0x99,
  0x00, 0x00, 0x98, 0x00, 0x00, 0x96, 0x00, 0x00, 0x88, 0x00, 0x00, 0x62,
  0x00, 0x00, 0x2a, 0x00, 0x00, 0x02, 0x00, 0x00, 0x00, 0x00, 0x00, 0x00,
  0x00, 0x00, 0x00, 0x00, 0x00, 0x00, 0x00, 0x00, 0x00, 0x00, 0x00, 0x00,
  0x00, 0x00, 0x00, 0x00, 0x00, 0x1d, 0x00, 0x00, 0x52, 0x00, 0x00, 0x7e,
  0x00, 0x00, 0x95, 0x00, 0x00, 0x9b, 0x00, 0x00, 0x9c, 0x00, 0x00, 0x9c,
  0x00, 0x00, 0x9c, 0x00, 0x00, 0x9c, 0x00, 0x00, 0x9c, 0x00, 0x00, 0x9c,
  0x00, 0x00, 0x9c, 0x00, 0x00, 0x9c, 0x00, 0x00, 0x9c, 0x00, 0x00, 0x9c,
  0x00, 0x00, 0x94, 0x00, 0x00, 0x27, 0x00, 0x00, 0x00, 0x00, 0x00, 0x00,
  0x00, 0x00, 0x00, 0x00, 0x00, 0x00, 0x00, 0x00, 0x00, 0x00, 0x00, 0x00,
  0x00, 0x00, 0x00, 0x00, 0x00, 0x00, 0x00, 0x00, 0x00, 0x00, 0x00, 0x00,
  0x00, 0x00, 0x0d, 0x00, 0x00, 0xc1, 0x00, 0x00, 0xff, 0x00, 0x00, 0xff,
  0x00, 0x00, 0xff, 0x00, 0x00, 0xff, 0x00, 0x00, 0xff, 0x00, 0x00, 0xff,
  0x00, 0x00, 0xff, 0x00, 0x00, 0xff, 0x00, 0x00, 0xff, 0x00, 0x00, 0xff,
  0x00, 0x00, 0xff, 0x00, 0x00, 0xff, 0x00, 0x00, 0xff, 0x00, 0x00, 0xff,
  0x00, 0x00, 0xff, 0x00, 0x00, 0xff, 0x00, 0x00, 0xff, 0x00, 0x00, 0xc5,
  0x00, 0x00, 0x21, 0x00, 0x00, 0x00, 0x00, 0x00, 0x00, 0x00, 0x00, 0x00,
  0x00, 0x00, 0x00, 0x00, 0x00, 0x00, 0x00, 0x00, 0x00, 0x00, 0x00, 0x00,
  0x00, 0x00, 0x00, 0x00, 0x00, 0x00, 0x00, 0x00, 0x00, 0x00, 0x00, 0x01,
  0x00, 0x00, 0x01, 0x00, 0x00, 0x01, 0x00, 0x00, 0x01, 0x00, 0x00, 0x01,
  0x00, 0x00, 0x00, 0x00, 0x00, 0x00, 0x00, 0x00, 0x00, 0x00, 0x00, 0x00,
  0x00, 0x00, 0x00, 0x00, 0x00, 0x00, 0x00, 0x00, 0x00, 0x00, 0x00, 0x00,
  0x00, 0x00, 0x00, 0x00, 0x00, 0x00, 0x00, 0x00, 0x02, 0x00, 0x00, 0x02,
  0x00, 0x00, 0x02, 0x00, 0x00, 0x02, 0x00, 0x00, 0x01, 0x00, 0x00, 0x00,
  0x00, 0x00, 0x00, 0x00, 0x00, 0x00, 0x00, 0x00, 0x00, 0x00, 0x00, 0x00,
  0x00, 0x00, 0x00, 0x00, 0x00, 0x00, 0x00, 0x00, 0x00, 0x00, 0x00, 0x00,
  0x00, 0x00, 0x02, 0x00, 0x00, 0x03, 0x00, 0x00, 0x03, 0x00, 0x00, 0x03,
  0x00, 0x00, 0x03, 0x00, 0x00, 0x01, 0x00, 0x00, 0x00, 0x00, 0x00, 0x00,
  0x00, 0x00, 0x00, 0x00, 0x00, 0x01, 0x00, 0x00, 0x01, 0x00, 0x00, 0x01,
  0x00, 0x00, 0x01, 0x00, 0x00, 0x01, 0x00, 0x00, 0x00, 0x00, 0x00, 0x00,
  0x00, 0x00, 0x00, 0x00, 0x00, 0x00, 0x00, 0x00, 0x01, 0x00, 0x00, 0x01,
  0x00, 0x00, 0x01, 0x00, 0x00, 0x01, 0x00, 0x00, 0x01, 0x00, 0x00, 0x01,
  0x00, 0x00, 0x01, 0x00, 0x00, 0x01, 0x00, 0x00, 0x01, 0x00, 0x00, 0x01,
  0x00, 0x00, 0x01, 0x00, 0x00, 0x01, 0x00, 0x00, 0x01, 0x00, 0x00, 0x00,
  0x00, 0x00, 0x00, 0x00, 0x00, 0x00, 0x00, 0x00, 0x00, 0x00, 0x00, 0x00,
  0x00, 0x00, 0x00, 0x00, 0x00, 0x00, 0x00, 0x00, 0x00, 0x00, 0x00, 0x00,
  0x00, 0x00, 0x00, 0x00, 0x00, 0x00, 0x00, 0x00, 0x00, 0x00, 0x00, 0x00,
  0x00, 0x00, 0x00, 0x00, 0x00, 0x00, 0x00, 0x00, 0x00, 0x00, 0x00, 0x00,
  0x00, 0x00, 0x00, 0x00, 0x00, 0x01, 0x00, 0x00, 0x01, 0x00, 0x00, 0x01,
  0x00, 0x00, 0x01, 0x00, 0x00, 0x01, 0x00, 0x00, 0x01, 0x00, 0x00, 0x01,
  0x00, 0x00, 0x01, 0x00, 0x00, 0x01, 0x00, 0x00, 0x01, 0x00, 0x00, 0x01,
  0x00, 0x00, 0x00, 0x00, 0x00, 0x00, 0x00, 0x00, 0x00, 0x00, 0x00, 0x00,
  0x00, 0x00, 0x00, 0x00, 0x00, 0x00, 0x00, 0x00, 0x00, 0x00, 0x00, 0x00,
  0x00, 0x00, 0x00, 0x00, 0x00, 0x00, 0x00, 0x00, 0x00, 0x00, 0x00, 0x00,
  0x00, 0x00, 0x00, 0x00, 0x00, 0x82, 0x00, 0x00, 0xff, 0x00, 0x00, 0xff,
  0x00, 0x00, 0xff, 0x00, 0x00, 0xff, 0x00, 0x00, 0xff, 0x00, 0x00, 0xff,
  0x00, 0x00, 0xff, 0x00, 0x00, 0xff, 0x00, 0x00, 0xff, 0x00, 0x00, 0xff,
  0x00, 0x00, 0xff, 0x00, 0x00, 0xff, 0x00, 0x00, 0xff, 0x00, 0x00, 0xff,
  0x00, 0x00, 0xff, 0x00, 0x00, 0xff, 0x00, 0x00, 0xda, 0x00, 0x00, 0x35,
  0x00, 0x00, 0x00, 0x00, 0x00, 0x00, 0x00, 0x00, 0x00, 0x00, 0x00, 0x00,
  0x00, 0x00, 0x00, 0x00, 0x00, 0x00, 0x00, 0x00, 0x00, 0x00, 0x00, 0x00,
  0x00, 0x00, 0x00, 0x00, 0x00, 0x00, 0x00, 0x00, 0x00, 0x00, 0x00, 0x00,
  0x00, 0x00, 0x00, 0x00, 0x00, 0x00, 0x00, 0x00, 0x00, 0x00, 0x00, 0x00,
  0x00, 0x00, 0x00, 0x00, 0x00, 0x00, 0x00, 0x00, 0x00, 0x00, 0x00, 0x00,
  0x00, 0x00, 0x00, 0x00, 0x00, 0x00, 0x00, 0x00, 0x00, 0x00, 0x00, 0x00,
  0x00, 0x00, 0x00, 0x00, 0x00, 0x00, 0x00, 0x00, 0x00, 0x00, 0x00, 0x00,
  0x00, 0x00, 0x00, 0x00, 0x00, 0x00, 0x00, 0x00, 0x00, 0x00, 0x00, 0x00,
  0x00, 0x00, 0x00, 0x00, 0x00, 0x00, 0x00, 0x00, 0x00, 0x00, 0x00, 0x00,
  0x00, 0x00, 0x00, 0x00, 0x00, 0x00, 0x00, 0x00, 0x00, 0x00, 0x00, 0x00,
  0x00, 0x00, 0x00, 0x00, 0x00, 0x00, 0x00, 0x00, 0x00, 0x00, 0x00, 0x00,
  0x00, 0x00, 0x00, 0x00, 0x00, 0x00, 0x00, 0x00, 0x00, 0x00, 0x00, 0x00,
  0x00, 0x00, 0x00, 0x00, 0x00, 0x00, 0x00, 0x00, 0x00, 0x00, 0x00, 0x00,
  0x00, 0x00, 0x00, 0x00, 0x00, 0x00, 0x00, 0x00, 0x00, 0x00, 0x00, 0x00,
  0x00, 0x00, 0x00, 0x00, 0x00, 0x00, 0x00, 0x00, 0x00, 0x00, 0x00, 0x00,
  0x00, 0x00, 0x00, 0x00, 0x00, 0x00, 0x00, 0x00, 0x00, 0x00, 0x00, 0x00,
  0x00, 0x00, 0x00, 0x00, 0x00, 0x00, 0x00, 0x00, 0x00, 0x00, 0x00, 0x00,
  0x00, 0x00, 0x00, 0x00, 0x00, 0x00, 0x00, 0x00, 0x00, 0x00, 0x00, 0x00,
  0x00, 0x00, 0x00, 0x00, 0x00, 0x00, 0x00, 0x00, 0x00, 0x00, 0x00, 0x00,
  0x00, 0x00, 0x00, 0x00, 0x00, 0x00, 0x00, 0x00, 0x00, 0x00, 0x00, 0x00,
  0x00, 0x00, 0x00, 0x00, 0x00, 0x00, 0x00, 0x00, 0x00, 0x00, 0x00, 0x00,
  0x00, 0x00, 0x00, 0x00, 0x00, 0x00, 0x00, 0x00, 0x00, 0x00, 0x00, 0x00,
  0x00, 0x00, 0x00, 0x00, 0x00, 0x00, 0x00, 0x00, 0x00, 0x00, 0x00, 0x00,
  0x00, 0x00, 0x00, 0x00, 0x00, 0x00, 0x00, 0x00, 0x00, 0x00, 0x00, 0x00,
  0x00, 0x00, 0x00, 0x00, 0x00, 0x00, 0x00, 0x00, 0x00, 0x00, 0x00, 0x00,
  0x00, 0x00, 0x00, 0x00, 0x00, 0x00, 0x00, 0x00, 0x00, 0x00, 0x00, 0x00,
  0x00, 0x00, 0x00, 0x00, 0x00, 0x00, 0x00, 0x00, 0x00, 0x00, 0x00, 0x00,
  0x00, 0x00, 0x00, 0x00, 0x00, 0x00, 0x00, 0x00, 0x00, 0x00, 0x00, 0x00,
  0x00, 0x00, 0x00, 0x00, 0x00, 0x42, 0x00, 0x00, 0xf7, 0x00, 0x00, 0xff,
  0x00, 0x00, 0xff, 0x00, 0x00, 0xff, 0x00, 0x00, 0xff, 0x00, 0x00, 0xff,
  0x00, 0x00, 0xff, 0x00, 0x00, 0xff, 0x00, 0x00, 0xff, 0x00, 0x00, 0xff,
  0x00, 0x00, 0xff, 0x00, 0x00, 0xff, 0x00, 0x00, 0xff, 0x00, 0x00, 0xff,
  0x00, 0x00, 0xff, 0x00, 0x00, 0xea, 0x00, 0x00, 0x4d, 0x00, 0x00, 0x00,
  0x00, 0x00, 0x00, 0x00, 0x00, 0x00, 0x00, 0x00, 0x00, 0x00, 0x00, 0x00,
  0x00, 0x00, 0x00, 0x00, 0x00, 0x00, 0x00, 0x00, 0x00, 0x00, 0x00, 0x00,
  0x00, 0x00, 0x00, 0x00, 0x00, 0x00, 0x00, 0x00, 0x00, 0x00, 0x00, 0x00,
  0x00, 0x00, 0x00, 0x00, 0x00, 0x00, 0x00, 0x00, 0x00, 0x00, 0x00, 0x00,
  0x00, 0x00, 0x00, 0x00, 0x00, 0x00, 0x00, 0x00, 0x00, 0x00, 0x00, 0x00,
  0x00, 0x00, 0x00, 0x00, 0x00, 0x00, 0x00, 0x00, 0x00, 0x00, 0x00, 0x00,
  0x00, 0x00, 0x00, 0x00, 0x00, 0x00, 0x00, 0x00, 0x00, 0x00, 0x00, 0x00,
  0x00, 0x00, 0x00, 0x00, 0x00, 0x00, 0x00, 0x00, 0x00, 0x00, 0x00, 0x00,
  0x00, 0x00, 0x00, 0x00, 0x00, 0x00, 0x00, 0x00, 0x00, 0x00, 0x00, 0x00,
  0x00, 0x00, 0x00, 0x00, 0x00, 0x00, 0x00, 0x00, 0x00, 0x00, 0x00, 0x00,
  0x00, 0x00, 0x00, 0x00, 0x00, 0x00, 0x00, 0x00, 0x00, 0x00, 0x00, 0x00,
  0x00, 0x00, 0x00, 0x00, 0x00, 0x00, 0x00, 0x00, 0x00, 0x00, 0x00, 0x00,
  0x00, 0x00, 0x00, 0x00, 0x00, 0x00, 0x00, 0x00, 0x00, 0x00, 0x00, 0x00,
  0x00, 0x00, 0x00, 0x00, 0x00, 0x00, 0x00, 0x00, 0x00, 0x00, 0x00, 0x00,
  0x00, 0x00, 0x00, 0x00, 0x00, 0x00, 0x00, 0x00, 0x00, 0x00, 0x00, 0x00,
  0x00, 0x00, 0x00, 0x00, 0x00, 0x00, 0x00, 0x00, 0x00, 0x00, 0x00, 0x00,
  0x00, 0x00, 0x00, 0x00, 0x00, 0x00, 0x00, 0x00, 0x00, 0x00, 0x00, 0x00,
  0x00, 0x00, 0x00, 0x00, 0x00, 0x00, 0x00, 0x00, 0x00, 0x00, 0x00, 0x00,
  0x00, 0x00, 0x00, 0x00, 0x00, 0x00, 0x00, 0x00, 0x00, 0x00, 0x00, 0x00,
  0x00, 0x00, 0x00, 0x00, 0x00, 0x00, 0x00, 0x00, 0x00, 0x00, 0x00, 0x00,
  0x00, 0x00, 0x00, 0x00, 0x00, 0x00, 0x00, 0x00, 0x00, 0x00, 0x00, 0x00,
  0x00, 0x00, 0x00, 0x00, 0x00, 0x00, 0x00, 0x00, 0x00, 0x00, 0x00, 0x00,
  0x00, 0x00, 0x00, 0x00, 0x00, 0x00, 0x00, 0x00, 0x00, 0x00, 0x00, 0x00,
  0x00, 0x00, 0x00, 0x00, 0x00, 0x00, 0x00, 0x00, 0x00, 0x00, 0x00, 0x00,
  0x00, 0x00, 0x00, 0x00, 0x00, 0x00, 0x00, 0x00, 0x00, 0x00, 0x00, 0x00,
  0x00, 0x00, 0x00, 0x00, 0x00, 0x00, 0x00, 0x00, 0x00, 0x00, 0x00, 0x00,
  0x00, 0x00, 0x00, 0x00, 0x00, 0x00, 0x00, 0x00, 0x00, 0x00, 0x00, 0x00,
  0x00, 0x00, 0x00, 0x00, 0x00, 0x00, 0x00, 0x00, 0x00, 0x00, 0x00, 0x00,
  0x00, 0x00, 0x00, 0x00, 0x00, 0x11, 0x00, 0x00, 0x85, 0x00, 0x00, 0x9c,
  0x00, 0x00, 0x9b, 0x00, 0x00, 0x9b, 0x00, 0x00, 0x9b, 0x00, 0x00, 0x9b,
  0x00, 0x00, 0x9b, 0x00, 0x00, 0x9a, 0x00, 0x00, 0xd7, 0x00, 0x00, 0xff,
  0x00, 0x00, 0xff, 0x00, 0x00, 0xff, 0x00, 0x00, 0xff, 0x00, 0x00, 0xff,
  0x00, 0x00, 0xf6, 0x00, 0x00, 0x69, 0x00, 0x00, 0x00, 0x00, 0x00, 0x00,
  0x00, 0x00, 0x00, 0x00, 0x00, 0x00, 0x00, 0x00, 0x00, 0x00, 0x00, 0x00,
  0x00, 0x00, 0x00, 0x00, 0x00, 0x00, 0x00, 0x00, 0x00, 0x00, 0x00, 0x00,
  0x00, 0x00, 0x00, 0x00, 0x00, 0x00, 0x00, 0x00, 0x00, 0x00, 0x00, 0x00,
  0x00, 0x00, 0x00, 0x00, 0x00, 0x00, 0x00, 0x00, 0x00, 0x00, 0x00, 0x00,
  0x00, 0x00, 0x00, 0x00, 0x00, 0x00, 0x00, 0x00, 0x00, 0x00, 0x00, 0x00,
  0x00, 0x00, 0x00, 0x00, 0x00, 0x00, 0x00, 0x00, 0x00, 0x00, 0x00, 0x00,
  0x00, 0x00, 0x00, 0x00, 0x00, 0x00, 0x00, 0x00, 0x00, 0x00, 0x00, 0x00,
  0x00, 0x00, 0x00, 0x00, 0x00, 0x00, 0x00, 0x00, 0x00, 0x00, 0x00, 0x00,
  0x00, 0x00, 0x00, 0x00, 0x00, 0x00, 0x00, 0x00, 0x00, 0x00, 0x00, 0x00,
  0x00, 0x00, 0x00, 0x00, 0x00, 0x00, 0x00, 0x00, 0x00, 0x00, 0x00, 0x00,
  0x00, 0x00, 0x00, 0x00, 0x00, 0x00, 0x00, 0x00, 0x00, 0x00, 0x00, 0x00,
  0x00, 0x00, 0x00, 0x00, 0x00, 0x00, 0x00, 0x00, 0x00, 0x00, 0x00, 0x00,
  0x00, 0x00, 0x00, 0x00, 0x00, 0x00, 0x00, 0x00, 0x00, 0x00, 0x00, 0x00,
  0x00, 0x00, 0x00, 0x00, 0x00, 0x00, 0x00, 0x00, 0x00, 0x00, 0x00, 0x00,
  0x00, 0x00, 0x00, 0x00, 0x00, 0x00, 0x00, 0x00, 0x00, 0x00, 0x00, 0x00,
  0x00, 0x00, 0x00, 0x00, 0x00, 0x00, 0x00, 0x00, 0x00, 0x00, 0x00, 0x00,
  0x00, 0x00, 0x00, 0x00, 0x00, 0x00, 0x00, 0x00, 0x00, 0x00, 0x00, 0x00,
  0x00, 0x00, 0x00, 0x00, 0x00, 0x00, 0x00, 0x00, 0x00, 0x00, 0x00, 0x00,
  0x00, 0x00, 0x00, 0x00, 0x00, 0x00, 0x00, 0x00, 0x00, 0x00, 0x00, 0x00,
  0x00, 0x00, 0x00, 0x00, 0x00, 0x00, 0x00, 0x00, 0x00, 0x00, 0x00, 0x00,
  0x00, 0x00, 0x00, 0x00, 0x00, 0x00, 0x00, 0x00, 0x00, 0x00, 0x00, 0x00,
  0x00, 0x00, 0x00, 0x00, 0x00, 0x00, 0x00, 0x00, 0x00, 0x00, 0x00, 0x00,
  0x00, 0x00, 0x00, 0x00, 0x00, 0x00, 0x00, 0x00, 0x00, 0x00, 0x00, 0x00,
  0x00, 0x00, 0x00, 0x00, 0x00, 0x00, 0x00, 0x00, 0x00, 0x00, 0x00, 0x00,
  0x00, 0x00, 0x00, 0x00, 0x00, 0x00, 0x00, 0x00, 0x00, 0x00, 0x00, 0x00,
  0x00, 0x00, 0x00, 0x00, 0x00, 0x00, 0x00, 0x00, 0x00, 0x00, 0x00, 0x00,
  0x00, 0x00, 0x00, 0x00, 0x00, 0x00, 0x00, 0x00, 0x00, 0x00, 0x00, 0x00,
  0x00, 0x00, 0x00, 0x00, 0x00, 0x00, 0x00, 0x00, 0x00, 0x00, 0x00, 0x00,
  0x00, 0x00, 0x00, 0x00, 0x00, 0x00, 0x00, 0x00, 0x00, 0x00, 0x00, 0x00,
  0x00, 0x00, 0x00, 0x00, 0x00, 0x00, 0x00, 0x00, 0x00, 0x00, 0x00, 0x00,
  0x00, 0x00, 0x00, 0x00, 0x00, 0x3e, 0x00, 0x00, 0xdf, 0x00, 0x00, 0xff,
  0x00, 0x00, 0xff, 0x00, 0x00, 0xff, 0x00, 0x00, 0xff, 0x00, 0x00, 0xfd,
  0x00, 0x00, 0x86, 0x00, 0x00, 0x05, 0x00, 0x00, 0x00, 0x00, 0x00, 0x00,
  0x00, 0x00, 0x00, 0x00, 0x00, 0x00, 0x00, 0x00, 0x00, 0x00, 0x00, 0x00,
  0x00, 0x00, 0x00, 0x00, 0x00, 0x00, 0x00, 0x00, 0x00, 0x00, 0x00, 0x00,
  0x00, 0x00, 0x00, 0x00, 0x00, 0x00, 0x00, 0x00, 0x00, 0x00, 0x00, 0x00,
  0x00, 0x00, 0x00, 0x00, 0x00, 0x00, 0x00, 0x00, 0x00, 0x00, 0x00, 0x00,
  0x00, 0x00, 0x00, 0x00, 0x00, 0x00, 0x00, 0x00, 0x00, 0x00, 0x00, 0x00,
  0x00, 0x00, 0x00, 0x00, 0x00, 0x00, 0x00, 0x00, 0x00, 0x00, 0x00, 0x00,
  0x00, 0x00, 0x00, 0x00, 0x00, 0x00, 0x00, 0x00, 0x00, 0x00, 0x00, 0x00,
  0x00, 0x00, 0x00, 0x00, 0x00, 0x00, 0x00, 0x00, 0x00, 0x00, 0x00, 0x00,
  0x00, 0x00, 0x00, 0x00, 0x00, 0x00, 0x00, 0x00, 0x00, 0x00, 0x00, 0x00,
  0x00, 0x00, 0x00, 0x00, 0x00, 0x00, 0x00, 0x00, 0x00, 0x00, 0x00, 0x00,
  0x00, 0x00, 0x00, 0x00, 0x00, 0x00, 0x00, 0x00, 0x00, 0x00, 0x00, 0x00,
  0x00, 0x00, 0x00, 0x00, 0x00, 0x00, 0x00, 0x00, 0x00, 0x00, 0x00, 0x00,
  0x00, 0x00, 0x00, 0x00, 0x00, 0x00, 0x00, 0x00, 0x00, 0x00, 0x00, 0x00,
  0x00, 0x00, 0x00, 0x00, 0x00, 0x00, 0x00, 0x00, 0x00, 0x00, 0x00, 0x00,
  0x00, 0x00, 0x00, 0x00, 0x00, 0x00, 0x00, 0x00, 0x00, 0x00, 0x00, 0x00,
  0x00, 0x00, 0x00, 0x00, 0x00, 0x00, 0x00, 0x00, 0x00, 0x00, 0x00, 0x00,
  0x00, 0x00, 0x00, 0x00, 0x00, 0x00, 0x00, 0x00, 0x00, 0x00, 0x00, 0x00,
  0x00, 0x00, 0x00, 0x00, 0x00, 0x00, 0x00, 0x00, 0x00, 0x00, 0x00, 0x00,
  0x00, 0x00, 0x00, 0x00, 0x00, 0x00, 0x00, 0x00, 0x00, 0x00, 0x00, 0x00,
  0x00, 0x00, 0x00, 0x00, 0x00, 0x00, 0x00, 0x00, 0x00, 0x00, 0x00, 0x00,
  0x00, 0x00, 0x00, 0x00, 0x00, 0x00, 0x00, 0x00, 0x00, 0x00, 0x00, 0x00,
  0x00, 0x00, 0x00, 0x00, 0x00, 0x00, 0x00, 0x00, 0x00, 0x00, 0x00, 0x00,
  0x00, 0x00, 0x00, 0x00, 0x00, 0x00, 0x00, 0x00, 0x00, 0x00, 0x00, 0x00,
  0x00, 0x00, 0x00, 0x00, 0x00, 0x00, 0x00, 0x00, 0x00, 0x00, 0x00, 0x00,
  0x00, 0x00, 0x00, 0x00, 0x00, 0x00, 0x00, 0x00, 0x00, 0x00, 0x00, 0x00,
  0x00, 0x00, 0x00, 0x00, 0x00, 0x00, 0x00, 0x00, 0x00, 0x00, 0x00, 0x00,
  0x00, 0x00, 0x00, 0x00, 0x00, 0x00, 0x00, 0x00, 0x00, 0x00, 0x00, 0x00,
  0x00, 0x00, 0x00, 0x00, 0x00, 0x00, 0x00, 0x00, 0x00, 0x00, 0x00, 0x00,
  0x00, 0x00, 0x00, 0x00, 0x00, 0x00, 0x00, 0x00, 0x00, 0x00, 0x00, 0x00,
  0x00, 0x00, 0x00, 0x00, 0x00, 0x00, 0x00, 0x00, 0x00, 0x00, 0x00, 0x00,
  0x00, 0x00, 0x29, 0x00, 0x00, 0xcf, 0x00, 0x00, 0xff, 0x00, 0x00, 0xff,
  0x00, 0x00, 0xff, 0x00, 0x00, 0xff, 0x00, 0x00, 0xff, 0x00, 0x00, 0xa2,
  0x00, 0x00, 0x0e, 0x00, 0x00, 0x00, 0x00, 0x00, 0x00, 0x00, 0x00, 0x00,
  0x00, 0x00, 0x00, 0x00, 0x00, 0x00, 0x00, 0x00, 0x00, 0x00, 0x00, 0x00,
  0x00, 0x00, 0x00, 0x00, 0x00, 0x00, 0x00, 0x00, 0x00, 0x00, 0x00, 0x00,
  0x00, 0x00, 0x00, 0x00, 0x00, 0x00, 0x00, 0x00, 0x00, 0x00, 0x00, 0x00,
  0x00, 0x00, 0x00, 0x00, 0x00, 0x00, 0x00, 0x00, 0x00, 0x00, 0x00, 0x00,
  0x00, 0x00, 0x00, 0x00, 0x00, 0x00, 0x00, 0x00, 0x00, 0x00, 0x00, 0x00,
  0x00, 0x00, 0x00, 0x00, 0x00, 0x00, 0x00, 0x00, 0x00, 0x00, 0x00, 0x00,
  0x00, 0x00, 0x00, 0x00, 0x00, 0x00, 0x00, 0x00, 0x00, 0x00, 0x00, 0x00,
  0x00, 0x00, 0x00, 0x00, 0x00, 0x00, 0x00, 0x00, 0x00, 0x00, 0x00, 0x00,
  0x00, 0x00, 0x00, 0x00, 0x00, 0x00, 0x00, 0x00, 0x00, 0x00, 0x00, 0x00,
  0x00, 0x00, 0x00, 0x00, 0x00, 0x00, 0x00, 0x00, 0x00, 0x00, 0x00, 0x00,
  0x00, 0x00, 0x00, 0x00, 0x00, 0x00, 0x00, 0x00, 0x00, 0x00, 0x00, 0x00,
  0x00, 0x00, 0x00, 0x00, 0x00, 0x00, 0x00, 0x00, 0x00, 0x00, 0x00, 0x00,
  0x00, 0x00, 0x00, 0x00, 0x00, 0x00, 0x00, 0x00, 0x00, 0x00, 0x00, 0x00,
  0x00, 0x00, 0x00, 0x00, 0x00, 0x00, 0x00, 0x00, 0x00, 0x00, 0x00, 0x00,
  0x00, 0x00, 0x00, 0x00, 0x00, 0x00, 0x00, 0x00, 0x00, 0x00, 0x00, 0x00,
  0x00, 0x00, 0x00, 0x00, 0x00, 0x00, 0x00, 0x00, 0x00, 0x00, 0x00, 0x00,
  0x00, 0x00, 0x00, 0x00, 0x00, 0x00, 0x00, 0x00, 0x00, 0x00, 0x00, 0x00,
  0x00, 0x00, 0x00, 0x00, 0x00, 0x00, 0x00, 0x00, 0x00, 0x00, 0x00, 0x00,
  0x00, 0x00, 0x00, 0x00, 0x00, 0x00, 0x00, 0x00, 0x00, 0x00, 0x00, 0x00,
  0x00, 0x00, 0x00, 0x00, 0x00, 0x00, 0x00, 0x00, 0x00, 0x00, 0x00, 0x00,
  0x00, 0x00, 0x00, 0x00, 0x00, 0x00, 0x00, 0x00, 0x00, 0x00, 0x00, 0x00,
  0x00, 0x00, 0x00, 0x00, 0x00, 0x00, 0x00, 0x00, 0x00, 0x00, 0x00, 0x00,
  0x00, 0x00, 0x00, 0x00, 0x00, 0x00, 0x00, 0x00, 0x00, 0x00, 0x00, 0x00,
  0x00, 0x00, 0x00, 0x00, 0x00, 0x00, 0x00, 0x00, 0x00, 0x00, 0x00, 0x00,
  0x00, 0x00, 0x00, 0x00, 0x00, 0x00, 0x00, 0x00, 0x00, 0x00, 0x00, 0x00,
  0x00, 0x00, 0x00, 0x00, 0x00, 0x00, 0x00, 0x00, 0x00, 0x00, 0x00, 0x00,
  0x00, 0x00, 0x00, 0x00, 0x00, 0x00, 0x00, 0x00, 0x00, 0x00, 0x00, 0x00,
  0x00, 0x00, 0x00, 0x00, 0x00, 0x00, 0x00, 0x00, 0x00, 0x00, 0x00, 0x00,
  0x00, 0x00, 0x00, 0x00, 0x00, 0x00, 0x00, 0x00, 0x00, 0x00, 0x00, 0x00,
  0x00, 0x00, 0x00, 0x00, 0x00, 0x00, 0x00, 0x00, 0x00, 0x00, 0x00, 0x18,
  0x00, 0x00, 0xb7, 0x00, 0x00, 0xff, 0x00, 0x00, 0xff, 0x00, 0x00, 0xff,
  0x00, 0x00, 0xff, 0x00, 0x00, 0xff, 0x00, 0x00, 0xbd, 0x00, 0x00, 0x1b,
  0x00, 0x00, 0x00, 0x00, 0x00, 0x00, 0x00, 0x00, 0x00, 0x00, 0x00, 0x00,
  0x00, 0x00, 0x00, 0x00, 0x00, 0x00, 0x00, 0x00, 0x00, 0x00, 0x00, 0x00,
  0x00, 0x00, 0x00, 0x00, 0x00, 0x00, 0x00, 0x00, 0x00, 0x00, 0x00, 0x00,
  0x00, 0x00, 0x00, 0x00, 0x00, 0x00, 0x00, 0x00, 0x00, 0x00, 0x00, 0x00,
  0x00, 0x00, 0x00, 0x00, 0x00, 0x00, 0x00, 0x00, 0x00, 0x00, 0x00, 0x00,
  0x00, 0x00, 0x00, 0x00, 0x00, 0x00, 0x00, 0x00, 0x00, 0x00, 0x00, 0x00,
  0x00, 0x00, 0x00, 0x00, 0x00, 0x00, 0x00, 0x00, 0x00, 0x00, 0x00, 0x00,
  0x00, 0x00, 0x00, 0x00, 0x00, 0x00, 0x00, 0x00, 0x00, 0x00, 0x00, 0x00,
  0x00, 0x00, 0x00, 0x00, 0x00, 0x00, 0x00, 0x00, 0x00, 0x00, 0x00, 0x00,
  0x00, 0x00, 0x00, 0x00, 0x00, 0x00, 0x00, 0x00, 0x00, 0x00, 0x00, 0x00,
  0x00, 0x00, 0x00, 0x00, 0x00, 0x00, 0x00, 0x00, 0x00, 0x00, 0x00, 0x00,
  0x00, 0x00, 0x00, 0x00, 0x00, 0x00, 0x00, 0x00, 0x00, 0x00, 0x00, 0x00,
  0x00, 0x00, 0x00, 0x00, 0x00, 0x00, 0x00, 0x00, 0x00, 0x00, 0x00, 0x00,
  0x00, 0x00, 0x00, 0x00, 0x00, 0x00, 0x00, 0x00, 0x00, 0x00, 0x00, 0x00,
  0x00, 0x00, 0x00, 0x00, 0x00, 0x00, 0x00, 0x00, 0x00, 0x00, 0x00, 0x00,
  0x00, 0x00, 0x00, 0x00, 0x00, 0x00, 0x00, 0x00, 0x00, 0x00, 0x00, 0x00,
  0x00, 0x00, 0x00, 0x00, 0x00, 0x00, 0x00, 0x00, 0x00, 0x00, 0x00, 0x00,
  0x00, 0x00, 0x00, 0x00, 0x00, 0x00, 0x00, 0x00, 0x00, 0x00, 0x00, 0x00,
  0x00, 0x00, 0x00, 0x00, 0x00, 0x00, 0x00, 0x00, 0x00, 0x00, 0x00, 0x00,
  0x00, 0x00, 0x00, 0x00, 0x00, 0x00, 0x00, 0x00, 0x00, 0x00, 0x00, 0x00,
  0x00, 0x00, 0x00, 0x00, 0x00, 0x00, 0x00, 0x00, 0x00, 0x00, 0x00, 0x00,
  0x00, 0x00, 0x00, 0x00, 0x00, 0x00, 0x00, 0x00, 0x00, 0x00, 0x00, 0x00,
  0x00, 0x00, 0x00, 0x00, 0x00, 0x00, 0x00, 0x00, 0x00, 0x00, 0x00, 0x00,
  0x00, 0x00, 0x00, 0x00, 0x00, 0x00, 0x00, 0x00, 0x00, 0x00, 0x00, 0x00,
  0x00, 0x00, 0x00, 0x00, 0x00, 0x00, 0x00, 0x00, 0x00, 0x00, 0x00, 0x00,
  0x00, 0x00, 0x00, 0x00, 0x00, 0x00, 0x00, 0x00, 0x00, 0x00, 0x00, 0x00,
  0x00, 0x00, 0x00, 0x00, 0x00, 0x00, 0x00, 0x00, 0x00, 0x00, 0x00, 0x00,
  0x00, 0x00, 0x00, 0x00, 0x00, 0x00, 0x00, 0x00, 0x00, 0x00, 0x00, 0x00,
  0x00, 0x00, 0x00, 0x00, 0x00, 0x00, 0x00, 0x00, 0x00, 0x00, 0x00, 0x00,
  0x00, 0x00, 0x00, 0x00, 0x00, 0x00, 0x00, 0x00, 0x00, 0x00, 0x00, 0x00,
  0x00, 0x00, 0x00, 0x00, 0x00, 0x00, 0x00, 0x00, 0x0c, 0x00, 0x00, 0x9c,
  0x00, 0x00, 0xff, 0x00, 0x00, 0xff, 0x00, 0x00, 0xff, 0x00, 0x00, 0xff,
  0x00, 0x00, 0xff, 0x00, 0x00, 0xd3, 0x00, 0x00, 0x2d, 0x00, 0x00, 0x00,
  0x00, 0x00, 0x00, 0x00, 0x00, 0x00, 0x00, 0x00, 0x00, 0x00, 0x00, 0x00,
  0x00, 0x00, 0x00, 0x00, 0x00, 0x00, 0x00, 0x00, 0x00, 0x00, 0x00, 0x00,
  0x00, 0x00, 0x00, 0x00, 0x00, 0x00, 0x00, 0x00, 0x00, 0x00, 0x00, 0x00,
  0x00, 0x00, 0x00, 0x00, 0x00, 0x00, 0x00, 0x00, 0x00, 0x00, 0x00, 0x00,
  0x00, 0x00, 0x00, 0x00, 0x00, 0x00, 0x00, 0x00, 0x00, 0x00, 0x00, 0x00,
  0x00, 0x00, 0x00, 0x00, 0x00, 0x00, 0x00, 0x00, 0x00, 0x00, 0x00, 0x00,
  0x00, 0x00, 0x00, 0x00, 0x00, 0x00, 0x00, 0x00, 0x00, 0x00, 0x00, 0x00,
  0x00, 0x00, 0x00, 0x00, 0x00, 0x00, 0x00, 0x00, 0x00, 0x00, 0x00, 0x00,
  0x00, 0x00, 0x00, 0x00, 0x00, 0x00, 0x00, 0x00, 0x00, 0x00, 0x00, 0x00,
  0x00, 0x00, 0x00, 0x00, 0x00, 0x00, 0x00, 0x00, 0x00, 0x00, 0x00, 0x00,
  0x00, 0x00, 0x00, 0x00, 0x00, 0x00, 0x00, 0x00, 0x00, 0x00, 0x00, 0x00,
  0x00, 0x00, 0x00, 0x00, 0x00, 0x00, 0x00, 0x00, 0x00, 0x00, 0x00, 0x00,
  0x00, 0x00, 0x00, 0x00, 0x00, 0x00, 0x00, 0x00, 0x00, 0x00, 0x00, 0x00,
  0x00, 0x00, 0x00, 0x00, 0x00, 0x00, 0x00, 0x00, 0x00, 0x00, 0x00, 0x00,
  0x00, 0x00, 0x00, 0x00, 0x00, 0x00, 0x00, 0x00, 0x00, 0x00, 0x00, 0x00,
  0x00, 0x00, 0x00, 0x00, 0x00, 0x00, 0x00, 0x00, 0x00, 0x00, 0x00, 0x00,
  0x00, 0x00, 0x00, 0x00, 0x00, 0x00, 0x00, 0x00, 0x00, 0x00, 0x00, 0x00,
  0x00, 0x00, 0x00, 0x00, 0x00, 0x00, 0x00, 0x00, 0x00, 0x00, 0x00, 0x00,
  0x00, 0x00, 0x00, 0x00, 0x00, 0x00, 0x00, 0x00, 0x00, 0x00, 0x00, 0x00,
  0x00, 0x00, 0x00, 0x00, 0x00, 0x00, 0x00, 0x00, 0x00, 0x00, 0x00, 0x00,
  0x00, 0x00, 0x00, 0x00, 0x00, 0x00, 0x00, 0x00, 0x00, 0x00, 0x00, 0x00,
  0x00, 0x00, 0x00, 0x00, 0x00, 0x00, 0x00, 0x00, 0x00, 0x00, 0x00, 0x00,
  0x00, 0x00, 0x00, 0x00, 0x00, 0x00, 0x00, 0x00, 0x00, 0x00, 0x00, 0x00,
  0x00, 0x00, 0x00, 0x00, 0x00, 0x00, 0x00, 0x00, 0x00, 0x00, 0x00, 0x00,
  0x00, 0x00, 0x00, 0x00, 0x00, 0x00, 0x00, 0x00, 0x00, 0x00, 0x00, 0x00,
  0x00, 0x00, 0x00, 0x00, 0x00, 0x00, 0x00, 0x00, 0x00, 0x00, 0x00, 0x00,
  0x00, 0x00, 0x00, 0x00, 0x00, 0x00, 0x00, 0x00, 0x00, 0x00, 0x00, 0x00,
  0x00, 0x00, 0x00, 0x00, 0x00, 0x00, 0x00, 0x00, 0x00, 0x00, 0x00, 0x00,
  0x00, 0x00, 0x00, 0x00, 0x00, 0x00, 0x00, 0x00, 0x00, 0x00, 0x00, 0x00,
  0x00, 0x00, 0x00, 0x00, 0x00, 0x00, 0x00, 0x00, 0x00, 0x00, 0x00, 0x00,
  0x00, 0x00, 0x00, 0x00, 0x00, 0x04, 0x00, 0x00, 0x80, 0x00, 0x00, 0xfc,
  0x00, 0x00, 0xff, 0x00, 0x00, 0xff, 0x00, 0x00, 0xff, 0x00, 0x00, 0xff,
  0x00, 0x00, 0xe5, 0x00, 0x00, 0x44, 0x00, 0x00, 0x00, 0x00, 0x00, 0x00,
  0x00, 0x00, 0x00, 0x00, 0x00, 0x00, 0x00, 0x00, 0x00, 0x00, 0x00, 0x00,
  0x00, 0x00, 0x00, 0x00, 0x00, 0x00, 0x00, 0x00, 0x00, 0x00, 0x00, 0x00,
  0x00, 0x00, 0x00, 0x00, 0x00, 0x00, 0x00, 0x00, 0x00, 0x00, 0x00, 0x00,
  0x00, 0x00, 0x00, 0x00, 0x00, 0x00, 0x00, 0x00, 0x00, 0x00, 0x00, 0x00,
  0x00, 0x00, 0x00, 0x00, 0x00, 0x00, 0x00, 0x00, 0x00, 0x00, 0x00, 0x00,
  0x00, 0x00, 0x00, 0x00, 0x00, 0x00, 0x00, 0x00, 0x00, 0x00, 0x00, 0x00,
  0x00, 0x00, 0x00, 0x00, 0x00, 0x00, 0x00, 0x00, 0x00, 0x00, 0x00, 0x00,
  0x00, 0x00, 0x00, 0x00, 0x00, 0x00, 0x00, 0x00, 0x00, 0x00, 0x00, 0x00,
  0x00, 0x00, 0x00, 0x00, 0x00, 0x00, 0x00, 0x00, 0x00, 0x00, 0x00, 0x00,
  0x00, 0x00, 0x00, 0x00, 0x00, 0x00, 0x00, 0x00, 0x00, 0x00, 0x00, 0x00,
  0x00, 0x00, 0x00, 0x00, 0x00, 0x00, 0x00, 0x00, 0x00, 0x00, 0x00, 0x00,
  0x00, 0x00, 0x00, 0x00, 0x00, 0x00, 0x00, 0x00, 0x00, 0x00, 0x00, 0x00,
  0x00, 0x00, 0x00, 0x00, 0x00, 0x00, 0x00, 0x00, 0x00, 0x00, 0x00, 0x00,
  0x00, 0x00, 0x00, 0x00, 0x00, 0x00, 0x00, 0x00, 0x00, 0x00, 0x00, 0x00,
  0x00, 0x00, 0x00, 0x00, 0x00, 0x00, 0x00, 0x00, 0x00, 0x00, 0x00, 0x00,
  0x00, 0x00, 0x00, 0x00, 0x00, 0x00, 0x00, 0x00, 0x00, 0x00, 0x00, 0x00,
  0x00, 0x00, 0x00, 0x00, 0x00, 0x00, 0x00, 0x00, 0x00, 0x00, 0x00, 0x00,
  0x00, 0x00, 0x00, 0x00, 0x00, 0x00, 0x00, 0x00, 0x00, 0x00, 0x00, 0x00,
  0x00, 0x00, 0x00, 0x00, 0x00, 0x00, 0x00, 0x00, 0x00, 0x00, 0x00, 0x00,
  0x00, 0x00, 0x00, 0x00, 0x00, 0x00, 0x00, 0x00, 0x00, 0x00, 0x00, 0x00,
  0x00, 0x00, 0x00, 0x00, 0x00, 0x00, 0x00, 0x00, 0x00, 0x00, 0x00, 0x00,
  0x00, 0x00, 0x00, 0x00, 0x00, 0x00, 0x00, 0x00, 0x00, 0x00, 0x00, 0x00,
  0x00, 0x00, 0x00, 0x00, 0x00, 0x00, 0x00, 0x00, 0x00, 0x00, 0x00, 0x00,
  0x00, 0x00, 0x00, 0x00, 0x00, 0x00, 0x00, 0x00, 0x00, 0x00, 0x00, 0x00,
  0x00, 0x00, 0x00, 0x00, 0x00, 0x00, 0x00, 0x00, 0x00, 0x00, 0x00, 0x00,
  0x00, 0x00, 0x00, 0x00, 0x00, 0x00, 0x00, 0x00, 0x00, 0x00, 0x00, 0x00,
  0x00, 0x00, 0x00, 0x00, 0x00, 0x00, 0x00, 0x00, 0x00, 0x00, 0x00, 0x00,
  0x00, 0x00, 0x00, 0x00, 0x00, 0x00, 0x00, 0x00, 0x00, 0x00, 0x00, 0x00,
  0x00, 0x00, 0x00, 0x00, 0x00, 0x00, 0x00, 0x00, 0x00, 0x00, 0x00, 0x00,
  0x00, 0x00, 0x00, 0x00, 0x00, 0x00, 0x00, 0x00, 0x00, 0x00, 0x00, 0x00,
  0x00, 0x00, 0x01, 0x00, 0x00, 0x65, 0x00, 0x00, 0xf4, 0x00, 0x00, 0xff,
  0x00, 0x00, 0xff, 0x00, 0x00, 0xff, 0x00, 0x00, 0xff, 0x00, 0x00, 0xf0,
  0x00, 0x00, 0x5e, 0x00, 0x00, 0x00, 0x00, 0x00, 0x00, 0x00, 0x00, 0x00,
  0x00, 0x00, 0x00, 0x00, 0x00, 0x00, 0x00, 0x00, 0x00, 0x00, 0x00, 0x00,
  0x00, 0x00, 0x00, 0x00, 0x00, 0x00, 0x00, 0x00, 0x00, 0x00, 0x00, 0x00,
  0x00, 0x00, 0x00, 0x00, 0x00, 0x00, 0x00, 0x00, 0x00, 0x00, 0x00, 0x00,
  0x00, 0x00, 0x00, 0x00, 0x00, 0x00, 0x00, 0x00, 0x00, 0x00, 0x00, 0x00,
  0x00, 0x00, 0x00, 0x00, 0x00, 0x00, 0x00, 0x00, 0x00, 0x00, 0x00, 0x00,
  0x00, 0x00, 0x00, 0x00, 0x00, 0x00, 0x00, 0x00, 0x00, 0x00, 0x00, 0x00,
  0x00, 0x00, 0x00, 0x00, 0x00, 0x00, 0x00, 0x00, 0x00, 0x00, 0x00, 0x00,
  0x00, 0x00, 0x00, 0x00, 0x00, 0x00, 0x00, 0x00, 0x00, 0x00, 0x00, 0x00,
  0x00, 0x00, 0x00, 0x00, 0x00, 0x00, 0x00, 0x00, 0x00, 0x00, 0x00, 0x00,
  0x00, 0x00, 0x00, 0x00, 0x00, 0x00, 0x00, 0x00, 0x00, 0x00, 0x00, 0x00,
  0x00, 0x00, 0x00, 0x00, 0x00, 0x00, 0x00, 0x00, 0x00, 0x00, 0x00, 0x00,
  0x00, 0x00, 0x00, 0x00, 0x00, 0x00, 0x00, 0x00, 0x00, 0x00, 0x00, 0x00,
  0x00, 0x00, 0x00, 0x00, 0x00, 0x00, 0x00, 0x00, 0x00, 0x00, 0x00, 0x00,
  0x00, 0x00, 0x00, 0x00, 0x00, 0x00, 0x00, 0x00, 0x00, 0x00, 0x00, 0x00,
  0x00, 0x00, 0x00, 0x00, 0x00, 0x00, 0x00, 0x00, 0x00, 0x00, 0x00, 0x00,
  0x00, 0x00, 0x00, 0x00, 0x00, 0x00, 0x00, 0x00, 0x00, 0x00, 0x00, 0x00,
  0x00, 0x00, 0x00, 0x00, 0x00, 0x00, 0x00, 0x00, 0x00, 0x00, 0x00, 0x00,
  0x00, 0x00, 0x00, 0x00, 0x00, 0x00, 0x00, 0x00, 0x00, 0x00, 0x00, 0x00,
  0x00, 0x00, 0x00, 0x00, 0x00, 0x00, 0x00, 0x00, 0x00, 0x00, 0x00, 0x00,
  0x00, 0x00, 0x00, 0x00, 0x00, 0x00, 0x00, 0x00, 0x00, 0x00, 0x00, 0x00,
  0x00, 0x00, 0x00, 0x00, 0x00, 0x00, 0x00, 0x00, 0x00, 0x00, 0x00, 0x00,
  0x00, 0x00, 0x00, 0x00, 0x00, 0x00, 0x00, 0x00, 0x00, 0x00, 0x00, 0x00,
  0x00, 0x00, 0x00, 0x00, 0x00, 0x00, 0x00, 0x00, 0x00, 0x00, 0x00, 0x00,
  0x00, 0x00, 0x00, 0x00, 0x00, 0x00, 0x00, 0x00, 0x00, 0x00, 0x00, 0x00,
  0x00, 0x00, 0x00, 0x00, 0x00, 0x00, 0x00, 0x00, 0x00, 0x00, 0x00, 0x00,
  0x00, 0x00, 0x00, 0x00, 0x00, 0x00, 0x00, 0x00, 0x00, 0x00, 0x00, 0x00,
  0x00, 0x00, 0x00, 0x00, 0x00, 0x00, 0x00, 0x00, 0x00, 0x00, 0x00, 0x00,
  0x00, 0x00, 0x00, 0x00, 0x00, 0x00, 0x00, 0x00, 0x00, 0x00, 0x00, 0x00,
  0x00, 0x00, 0x00, 0x00, 0x00, 0x00, 0x00, 0x00, 0x00, 0x00, 0x00, 0x00,
  0x00, 0x00, 0x00, 0x00, 0x00, 0x00, 0x00, 0x00, 0x00, 0x00, 0x00, 0x00,
  0x00, 0x00, 0x39, 0x00, 0x00, 0xe0, 0x00, 0x00, 0xfe, 0x00, 0x00, 0xfb,
  0x00, 0x00, 0xfb, 0x00, 0x00, 0xfc, 0x00, 0x00, 0xfb, 0x00, 0x00, 0x88,
  0x00, 0x00, 0x03, 0x00, 0x00, 0x00, 0x00, 0x00, 0x00, 0x00, 0x00, 0x00,
  0x00, 0x00, 0x00, 0x00, 0x00, 0x00, 0x00, 0x00, 0x00, 0x00, 0x00, 0x00,
  0x00, 0x00, 0x00, 0x00, 0x00, 0x00, 0x00, 0x00, 0x00, 0x00, 0x00, 0x00,
  0x00, 0x00, 0x00, 0x00, 0x00, 0x00, 0x00, 0x00, 0x00, 0x00, 0x00, 0x00,
  0x00, 0x00, 0x00, 0x00, 0x00, 0x00, 0x00, 0x00, 0x00, 0x00, 0x00, 0x00,
  0x00, 0x00, 0x00, 0x00, 0x00, 0x00, 0x00, 0x00, 0x00, 0x00, 0x00, 0x00,
  0x00, 0x00, 0x00, 0x00, 0x00, 0x00, 0x00, 0x00, 0x00, 0x00, 0x00, 0x00,
  0x00, 0x00, 0x00, 0x00, 0x00, 0x00, 0x00, 0x00, 0x00, 0x00, 0x00, 0x00,
  0x00, 0x00, 0x00, 0x00, 0x00, 0x00, 0x00, 0x00, 0x00, 0x00, 0x00, 0x00,
  0x00, 0x00, 0x00, 0x00, 0x00, 0x00, 0x00, 0x00, 0x00, 0x00, 0x00, 0x00,
  0x00, 0x00, 0x00, 0x00, 0x00, 0x00, 0x00, 0x00, 0x00, 0x00, 0x00, 0x00,
  0x00, 0x00, 0x00, 0x00, 0x00, 0x00, 0x00, 0x00, 0x00, 0x00, 0x00, 0x00,
  0x00, 0x00, 0x00, 0x00, 0x00, 0x00, 0x00, 0x00, 0x00, 0x00, 0x00, 0x00,
  0x00, 0x00, 0x00, 0x00, 0x00, 0x00, 0x00, 0x00, 0x00, 0x00, 0x00, 0x00,
  0x00, 0x00, 0x00, 0x00, 0x00, 0x00, 0x00, 0x00, 0x00, 0x00, 0x00, 0x00,
  0x00, 0x00, 0x00, 0x00, 0x00, 0x00, 0x00, 0x00, 0x00, 0x00, 0x00, 0x00,
  0x00, 0x00, 0x00, 0x00, 0x00, 0x00, 0x00, 0x00, 0x00, 0x00, 0x00, 0x00,
  0x00, 0x00, 0x00, 0x00, 0x00, 0x00, 0x00, 0x00, 0x00, 0x00, 0x00, 0x00,
  0x00, 0x00, 0x00, 0x00, 0x00, 0x00, 0x00, 0x00, 0x00, 0x00, 0x00, 0x00,
  0x00, 0x00, 0x00, 0x00, 0x00, 0x00, 0x00, 0x00, 0x00, 0x00, 0x00, 0x00,
  0x00, 0x00, 0x00, 0x00, 0x00, 0x00, 0x00, 0x00, 0x00, 0x00, 0x00, 0x00,
  0x00, 0x00, 0x00, 0x00, 0x00, 0x00, 0x00, 0x00, 0x00, 0x00, 0x00, 0x00,
  0x00, 0x00, 0x00, 0x00, 0x00, 0x00, 0x00, 0x00, 0x00, 0x00, 0x00, 0x00,
  0x00, 0x00, 0x00, 0x00, 0x00, 0x00, 0x00, 0x00, 0x00, 0x00, 0x00, 0x00,
  0x00, 0x00, 0x00, 0x00, 0x00, 0x00, 0x00, 0x00, 0x00, 0x00, 0x00, 0x00,
  0x00, 0x00, 0x00, 0x00, 0x00, 0x00, 0x00, 0x00, 0x00, 0x00, 0x00, 0x00,
  0x00, 0x00, 0x00, 0x00, 0x00, 0x00, 0x00, 0x00, 0x00, 0x00, 0x00, 0x00,
  0x00, 0x00, 0x00, 0x00, 0x00, 0x00, 0x00, 0x00, 0x00, 0x00, 0x00, 0x00,
  0x00, 0x00, 0x00, 0x00, 0x00, 0x00, 0x00, 0x00, 0x00, 0x00, 0x00, 0x00,
  0x00, 0x00, 0x00, 0x00, 0x00, 0x00, 0x00, 0x00, 0x00, 0x00, 0x00, 0x00,
  0x00, 0x00, 0x00, 0x00, 0x00, 0x00, 0x00, 0x00, 0x00, 0x00, 0x00, 0x00,
  0x00, 0x00, 0x00, 0x00, 0x00, 0x00, 0x00, 0x00, 0x00, 0x00, 0x00, 0x00,
  0x00, 0x00, 0x00, 0x00, 0x00, 0x00, 0x00, 0x00, 0x00, 0x00, 0x00, 0x00,
  0x00, 0x00, 0x00, 0x00, 0x00, 0x00, 0x00, 0x00, 0x00, 0x00, 0x00, 0x00,
  0x00, 0x00, 0x00, 0x00, 0x00, 0x00, 0x00, 0x00, 0x00, 0x00, 0x00, 0x00,
  0x00, 0x00, 0x00, 0x00, 0x00, 0x00, 0x00, 0x00, 0x00, 0x00, 0x00, 0x00,
  0x00, 0x00, 0x00, 0x00, 0x00, 0x00, 0x00, 0x00, 0x00, 0x00, 0x00, 0x00,
  0x00, 0x00, 0x00, 0x00, 0x00, 0x00, 0x00, 0x00, 0x00, 0x00, 0x00, 0x00,
  0x00, 0x00, 0x00, 0x00, 0x00, 0x00, 0x00, 0x00, 0x00, 0x00, 0x00, 0x00,
  0x00, 0x00, 0x00, 0x00, 0x00, 0x00, 0x00, 0x00, 0x00, 0x00, 0x00, 0x00,
  0x00, 0x00, 0x00, 0x00, 0x00, 0x00, 0x00, 0x00, 0x00, 0x00, 0x00, 0x00,
  0x00, 0x00, 0x00, 0x00, 0x00, 0x00, 0x00, 0x00, 0x00, 0x00, 0x00, 0x00,
  0x00, 0x00, 0x00, 0x00, 0x00, 0x00, 0x00, 0x00, 0x00, 0x00, 0x00, 0x00,
  0x00, 0x00, 0x00, 0x00, 0x00, 0x00, 0x00, 0x00, 0x00, 0x00, 0x00, 0x00,
  0x00, 0x00, 0x00, 0x00, 0x00, 0x00, 0x00, 0x00, 0x00, 0x00, 0x00, 0x00,
  0x00, 0x00, 0x00, 0x00, 0x00, 0x00, 0x00, 0x00, 0x00, 0x00, 0x00, 0x00,
  0x00, 0x00, 0x00, 0x00, 0x00, 0x00, 0x00, 0x00, 0x00, 0x00, 0x00, 0x00,
  0x00, 0x00, 0x00, 0x00, 0x00, 0x00, 0x00, 0x00, 0x00, 0x00, 0x00, 0x00,
  0x00, 0x00, 0x00, 0x00, 0x00, 0x00, 0x00, 0x00, 0x00, 0x00, 0x00, 0x00,
  0x00, 0x00, 0x00, 0x00, 0x00, 0x00, 0x00, 0x00, 0x00, 0x00, 0x00, 0x00,
  0x00, 0x00, 0x00, 0x00, 0x00, 0x00, 0x00, 0x00, 0x00, 0x00, 0x00, 0x00,
  0x00, 0x00, 0x00, 0x00, 0x00, 0x00, 0x00, 0x00, 0x00, 0x00, 0x00, 0x00,
  0x00, 0x00, 0x00, 0x00, 0x00, 0x00, 0x00, 0x00, 0x00, 0x00, 0x00, 0x00,
  0x00, 0x00, 0x00, 0x00, 0x00, 0x00, 0x00, 0x00, 0x00, 0x00, 0x00, 0x00,
  0x00, 0x00, 0x00, 0x00, 0x00, 0x00, 0x00, 0x00, 0x00, 0x00, 0x00, 0x00,
  0x00, 0x00, 0x00, 0x00, 0x00, 0x00, 0x00, 0x00, 0x00, 0x00, 0x00, 0x00,
  0x00, 0x00, 0x00, 0x00, 0x00, 0x00, 0x00, 0x00, 0x00, 0x00, 0x00, 0x00,
  0x00, 0x00, 0x00, 0x00, 0x00, 0x00, 0x00, 0x00, 0x00, 0x00, 0x00, 0x00,
  0x00, 0x00, 0x00, 0x00, 0x00, 0x00, 0x00, 0x00, 0x00, 0x00, 0x00, 0x00,
  0x00, 0x00, 0x00, 0x00, 0x00, 0x00, 0x00, 0x00, 0x00, 0x00, 0x00, 0x00,
  0x00, 0x00, 0x00, 0x00, 0x00, 0x00, 0x00, 0x00, 0x00, 0x00, 0x00, 0x00,
  0x00, 0x00, 0x00, 0x00, 0x00, 0x00, 0x00, 0x00, 0x00, 0x00, 0x00, 0x00,
  0x00, 0x00, 0x00, 0x00, 0x00, 0x00, 0x00, 0x00, 0x00, 0x00, 0x00, 0x00,
  0x00, 0x00, 0x00, 0x00, 0x00, 0x00, 0x00, 0x00, 0x00, 0x00, 0x00, 0x00,
  0x00, 0x00, 0x00, 0x00, 0x00, 0x00, 0x00, 0x00, 0x00, 0x00, 0x00, 0x00,
  0x00, 0x00, 0x00, 0x00, 0x00, 0x00, 0x00, 0x00, 0x00, 0x00, 0x00, 0x00,
  0x00, 0x00, 0x00, 0x00, 0x00, 0x00, 0x00, 0x00, 0x00, 0x00, 0x00, 0x00,
  0x00, 0x00, 0x00, 0x00, 0x00, 0x00, 0x00, 0x00, 0x00, 0x00, 0x00, 0x00,
  0x00, 0x00, 0x00, 0x00, 0x00, 0x00, 0x00, 0x00, 0x00, 0x00, 0x00, 0x00,
  0x00, 0x00, 0x00, 0x00, 0x00, 0x00, 0x00, 0x00, 0x00, 0x00, 0x00, 0x00,
  0x00, 0x00, 0x00, 0x00, 0x00, 0x00, 0x00, 0x00, 0x00, 0x00, 0x00, 0x00,
  0x00, 0x00, 0x00, 0x00, 0x00, 0x00, 0x00, 0x00, 0x00, 0x00, 0x00, 0x00,
  0x00, 0x00, 0x00, 0x00, 0x00, 0x00, 0x00, 0x00, 0x00, 0x00, 0x00, 0x00,
  0x00, 0x00, 0x00, 0x00, 0x00, 0x00, 0x00, 0x00, 0x00, 0x00, 0x00, 0x00,
  0x00, 0x00, 0x00, 0x00, 0x00, 0x00, 0x00, 0x00, 0x00, 0x00, 0x00, 0x00,
  0x00, 0x00, 0x00, 0x00, 0x00, 0x00, 0x00, 0x00, 0x00, 0x00, 0x00, 0x00,
  0x00, 0x00, 0x00, 0x00, 0x00, 0x00, 0x00, 0x00, 0x00, 0x00, 0x00, 0x00,
  0x00, 0x00, 0x00, 0x00, 0x00, 0x00, 0x00, 0x00, 0x00, 0x00, 0x00, 0x00,
  0x00, 0x00, 0x00, 0x00, 0x00, 0x00, 0x00, 0x00, 0x00, 0x00, 0x00, 0x00,
  0x00, 0x00, 0x00, 0x00, 0x00, 0x00, 0x00, 0x00, 0x00, 0x00, 0x00, 0x00,
  0x00, 0x00, 0x00, 0x00, 0x00, 0x00, 0x00, 0x00, 0x00, 0x00, 0x00, 0x00,
  0x00, 0x00, 0x00, 0x00, 0x00, 0x00, 0x00, 0x00, 0x00, 0x00, 0x00, 0x00,
  0x00, 0x00, 0x00, 0x00, 0x00, 0x00, 0x00, 0x00, 0x00, 0x00, 0x00, 0x00,
  0x00, 0x00, 0x00, 0x00, 0x00, 0x00, 0x00, 0x00, 0x00, 0x00, 0x00, 0x00,
  0x00, 0x00, 0x00, 0x00, 0x00, 0x00, 0x00, 0x00, 0x00, 0x00, 0x00, 0x00,
  0x00, 0x00, 0x00, 0x00, 0x00, 0x00, 0x00, 0x00, 0x00, 0x00, 0x00, 0x00,
  0x00, 0x00, 0x00, 0x00, 0x00, 0x00, 0x00, 0x00, 0x00, 0x00, 0x00, 0x00,
  0x00, 0x00, 0x00, 0x00, 0x00, 0x00, 0x00, 0x00, 0x00, 0x00, 0x00, 0x00,
  0x00, 0x00, 0x00, 0x00, 0x00, 0x00, 0x00, 0x00, 0x00, 0x00, 0x00, 0x00,
  0x00, 0x00, 0x00, 0x00, 0x00, 0x00, 0x00, 0x00, 0x00, 0x00, 0x00, 0x00,
  0x00, 0x00, 0x00, 0x00, 0x00, 0x00, 0x00, 0x00, 0x00, 0x00, 0x00, 0x00,
  0x00, 0x00, 0x00, 0x00, 0x00, 0x00, 0x00, 0x00, 0x00, 0x00, 0x00, 0x00,
  0x00, 0x00, 0x00, 0x00, 0x00, 0x00, 0x00, 0x00, 0x00, 0x00, 0x00, 0x00,
  0x00, 0x00, 0x00, 0x00, 0x00, 0x00, 0x00, 0x00, 0x00, 0x00, 0x00, 0x00,
  0x00, 0x00, 0x00, 0x00, 0x00, 0x00, 0x00, 0x00, 0x00, 0x00, 0x00, 0x00,
  0x00, 0x00, 0x00, 0x00, 0x00, 0x00, 0x00, 0x00, 0x00, 0x00, 0x00, 0x00,
  0x00, 0x00, 0x00, 0x00, 0x00, 0x00, 0x00, 0x00, 0x00, 0x00, 0x00, 0x00,
  0x00, 0x00, 0x00, 0x00, 0x00, 0x00, 0x00, 0x00, 0x00, 0x00, 0x00, 0x00,
  0x00, 0x00, 0x00, 0x00, 0x00, 0x00, 0x00, 0x00, 0x00, 0x00, 0x00, 0x00,
  0x00, 0x00, 0x00, 0x00, 0x00, 0x00, 0x00, 0x00, 0x00, 0x00, 0x00, 0x00,
  0x00, 0x00, 0x00, 0x00, 0x00, 0x00, 0x00, 0x00, 0x00, 0x00, 0x00, 0x00,
  0x00, 0x00, 0x00, 0x00, 0x00, 0x00, 0x00, 0x00, 0x00, 0x00, 0x00, 0x00,
  0x00, 0x00, 0x00, 0x00, 0x00, 0x00, 0x00, 0x00, 0x00, 0x00, 0x00, 0x00,
  0x00, 0x00, 0x00, 0x00, 0x00, 0x00, 0x00, 0x00, 0x00, 0x00, 0x00, 0x00,
  0x00, 0x00, 0x00, 0x00, 0x00, 0x00, 0x00, 0x00, 0x00, 0x00, 0x00, 0x00,
  0x00, 0x00, 0x00, 0x00, 0x00, 0x00, 0x00, 0x00, 0x00, 0x00, 0x00, 0x00,
  0x00, 0x00, 0x00, 0x00, 0x00, 0x00, 0x00, 0x00, 0x00, 0x00, 0x00, 0x00,
  0x00, 0x00, 0x00, 0x00, 0x00, 0x00, 0x00, 0x00, 0x00, 0x00, 0x00, 0x00,
  0x00, 0x00, 0x00, 0x00, 0x00, 0x00, 0x00, 0x00, 0x00, 0x00, 0x00, 0x00,
  0x00, 0x00, 0x00, 0x00, 0x00, 0x00, 0x00, 0x00, 0x00, 0x00, 0x00, 0x00,
  0x00, 0x00, 0x00, 0x00, 0x00, 0x00, 0x00, 0x00, 0x00, 0x00, 0x00, 0x00,
  0x00, 0x00, 0x00, 0x00, 0x00, 0x00, 0x00, 0x00, 0x00, 0x00, 0x00, 0x00,
  0x00, 0x00, 0x00, 0x00, 0x00, 0x00, 0x00, 0x00, 0x00, 0x00, 0x00, 0x00,
  0x00, 0x00, 0x00, 0x00, 0x00, 0x00, 0x00, 0x00, 0x00, 0x00, 0x00, 0x00,
  0x00, 0x00, 0x00, 0x00, 0x00, 0x00, 0x00, 0x00, 0x00, 0x00, 0x00, 0x00,
  0x00, 0x00, 0x00, 0x00, 0x00, 0x00, 0x00, 0x00, 0x00, 0x00, 0x00, 0x00,
  0x00, 0x00, 0x00, 0x00, 0x00, 0x00, 0x00, 0x00, 0x00, 0x00, 0x00, 0x00,
  0x00, 0x00, 0x00, 0x00, 0x00, 0x00, 0x00, 0x00, 0x00, 0x00, 0x00, 0x00,
  0x00, 0x00, 0x00, 0x00, 0x00, 0x00, 0x00, 0x00, 0x00, 0x00, 0x00, 0x00,
  0x00, 0x00, 0x00, 0x00, 0x00, 0x00, 0x00, 0x00, 0x00, 0x00, 0x00, 0x00,
  0x00, 0x00, 0x00, 0x00, 0x00, 0x00, 0x00, 0x00, 0x00, 0x00, 0x00, 0x00,
  0x00, 0x00, 0x00, 0x00, 0x00, 0x00, 0x00, 0x00, 0x00, 0x00, 0x00, 0x00,
  0x00, 0x00, 0x00, 0x00, 0x00, 0x00, 0x00, 0x00, 0x00, 0x00, 0x00, 0x00,
  0x00, 0x00, 0x00, 0x00, 0x00, 0x00, 0x00, 0x00, 0x00, 0x00, 0x00, 0x00,
  0x00, 0x00, 0x00, 0x00, 0x00, 0x00, 0x00, 0x00, 0x00, 0x00, 0x00, 0x00,
  0x00, 0x00, 0x00, 0x00, 0x00, 0x00, 0x00, 0x00, 0x00, 0x00, 0x00, 0x00,
  0x00, 0x00, 0x00, 0x00, 0x00, 0x00, 0x00, 0x00, 0x00, 0x00, 0x00, 0x00,
  0x00, 0x00, 0x00, 0x00, 0x00, 0x00, 0x00, 0x00, 0x00, 0x00, 0x00, 0x00,
  0x00, 0x00, 0x00, 0x00, 0x00, 0x00, 0x00, 0x00, 0x00, 0x00, 0x00, 0x00,
  0x00, 0x00, 0x00, 0x00, 0x00, 0x00, 0x00, 0x00, 0x00, 0x00, 0x00, 0x00,
  0x00, 0x00, 0x00, 0x00, 0x00, 0x00, 0x00, 0x00, 0x00, 0x00, 0x00, 0x00,
  0x00, 0x00, 0x00, 0x00, 0x00, 0x00, 0x00, 0x00, 0x00, 0x00, 0x00, 0x00,
  0x00, 0x00, 0x00, 0x00, 0x00, 0x00, 0x00, 0x00, 0x00, 0x00, 0x00, 0x00,
  0x00, 0x00, 0x00, 0x00, 0x00, 0x00, 0x00, 0x00, 0x00, 0x00, 0x00, 0x00,
  0x00, 0x00, 0x00, 0x00, 0x00, 0x00, 0x00, 0x00, 0x00, 0x00, 0x00, 0x00,
  0x00, 0x00, 0x00, 0x00, 0x00, 0x00, 0x00, 0x00, 0x00, 0x00, 0x00, 0x00,
  0x00, 0x00, 0x00, 0x00, 0x00, 0x00, 0x00, 0x00, 0x00, 0x00, 0x00, 0x00,
  0x00, 0x00, 0x00, 0x00, 0x00, 0x00, 0x00, 0x00, 0x00, 0x00, 0x00, 0x00,
  0x00, 0x00, 0x00, 0x00, 0x00, 0x00, 0x00, 0x00, 0x00, 0x00, 0x00, 0x00,
  0x00, 0x00, 0x00, 0x00, 0x00, 0x00, 0x00, 0x00, 0x00, 0x00, 0x00, 0x00,
  0x00, 0x00, 0x00, 0x00, 0x00, 0x00, 0x00, 0x00, 0x00, 0x00, 0x00, 0x00,
  0x00, 0x00, 0x00, 0x00, 0x00, 0x00, 0x00, 0x00, 0x00, 0x00, 0x00, 0x00,
  0x00, 0x00, 0x00, 0x00, 0x00, 0x00, 0x00, 0x00, 0x00, 0x00, 0x00, 0x00,
  0x00, 0x00, 0x00, 0x00, 0x00, 0x00, 0x00, 0x00, 0x00, 0x00, 0x00, 0x00,
  0x00, 0x00, 0x00, 0x00, 0x00, 0x00, 0x00, 0x00, 0x00, 0x00, 0x00, 0x00,
  0x00, 0x00, 0x00, 0x00, 0x00, 0x00, 0x00, 0x00, 0x00, 0x00, 0x00, 0x00,
  0x00, 0x00, 0x00, 0x00, 0x00, 0x00, 0x00, 0x00, 0x00, 0x00, 0x00, 0x00,
  0x00, 0x00, 0x00, 0x00, 0x00, 0x00, 0x00, 0x00, 0x00, 0x00, 0x00, 0x00,
  0x00, 0x00, 0x00, 0x00, 0x00, 0x00, 0x00, 0x00, 0x00, 0x00, 0x00, 0x00,
  0x00, 0x00, 0x00, 0x00, 0x00, 0x00, 0x00, 0x00, 0x00, 0x00, 0x00, 0x00,
  0x00, 0x00, 0x00, 0x00, 0x00, 0x00, 0x00, 0x00, 0x00, 0x00, 0x00, 0x00,
  0x00, 0x00, 0x00, 0x00, 0x00, 0x00, 0x00, 0x00, 0x00, 0x00, 0x00, 0x00,
  0x00, 0x00, 0x00, 0x00, 0x00, 0x00, 0x00, 0x00, 0x00, 0x00, 0x00, 0x00,
  0x00, 0x00, 0x00, 0x00, 0x00, 0x00, 0x00, 0x00, 0x00, 0x00, 0x00, 0x00,
  0x00, 0x00, 0x00, 0x00, 0x00, 0x00, 0x00, 0x00, 0x00, 0x00, 0x00, 0x00,
  0x00, 0x00, 0x00, 0x00, 0x00, 0x00, 0x00, 0x00, 0x00, 0x00, 0x00, 0x00,
  0x00, 0x00, 0x00, 0x00, 0x00, 0x00, 0x00, 0x00, 0x00, 0x00, 0x00, 0x00,
  0x00, 0x00, 0x00, 0x00, 0x00, 0x00, 0x00, 0x00, 0x00, 0x00, 0x00, 0x00,
  0x00, 0x00, 0x00, 0x00, 0x00, 0x00, 0x00, 0x00, 0x00, 0x00, 0x00, 0x00,
  0x00, 0x00, 0x00, 0x00, 0x00, 0x00, 0x00, 0x00, 0x00, 0x00, 0x00, 0x00,
  0x00, 0x00, 0x00, 0x00, 0x00, 0x00, 0x00, 0x00, 0x00, 0x00, 0x00, 0x00
};

const lv_img_dsc_t sc_pad_logo_misc = {
  .header.cf = LV_IMG_CF_TRUE_COLOR_ALPHA,
  .header.always_zero = 0,
  .header.reserved = 0,
  .header.w = 132,
  .header.h = 48,
  .data_size = 6336 * LV_IMG_PX_SIZE_ALPHA_BYTE,
  .data = sc_pad_logo_misc_map,
};

static const uint8_t sc_pad_logo_origin_map[] = {
  0x00, 0x00, 0x00, 0x00, 0x00, 0x00, 0x00, 0x00, 0x00, 0x00, 0x00, 0x00,
  0x00, 0x00, 0x00, 0x00, 0x00, 0x00, 0x00, 0x00, 0x00, 0x00, 0x00, 0x00,
  0x00, 0x00, 0x00, 0x00, 0x00, 0x00, 0x00, 0x00, 0x00, 0x00, 0x00, 0x00,
  0x00, 0x00, 0x00, 0x00, 0x00, 0x00, 0x00, 0x00, 0x00, 0x00, 0x00, 0x00,
  0x00, 0x00, 0x00, 0x00, 0x00, 0x00, 0x00, 0x00, 0x00, 0x00, 0x00, 0x00,
  0x00, 0x00, 0x00, 0x00, 0x00, 0x00, 0x00, 0x00, 0x00, 0x00, 0x00, 0x00,
  0x00, 0x00, 0x00, 0x00, 0x00, 0x00, 0x00, 0x00, 0x00, 0x00, 0x00, 0x00,
  0x00, 0x00, 0x00, 0x00, 0x00, 0x00, 0x00, 0x00, 0x00, 0x00, 0x00, 0x00,
  0x00, 0x00, 0x00, 0x00, 0x00, 0x00, 0x00, 0x00, 0x00, 0x00, 0x00, 0x00,
  0x00, 0x00, 0x00, 0x00, 0x00, 0x00, 0x00, 0x00, 0x00, 0x00, 0x00, 0x00,
  0x00, 0x00, 0x00, 0x00, 0x00, 0x00, 0x00, 0x00, 0x00, 0x00, 0x00, 0x00,
  0x00, 0x00, 0x00, 0x00, 0x00, 0x00, 0x00, 0x00, 0x00, 0x00, 0x00, 0x00,
  0x00, 0x00, 0x00, 0x00, 0x00, 0x00, 0x00, 0x00, 0x00, 0x00, 0x00, 0x00,
  0x00, 0x00, 0x00, 0x00, 0x00, 0x00, 0x00, 0x00, 0x00, 0x00, 0x00, 0x00,
  0x00, 0x00, 0x00, 0x00, 0x00, 0x00, 0x00, 0x00, 0x00, 0x00, 0x00, 0x00,
  0x00, 0x00, 0x00, 0x00, 0x00, 0x00, 0x00, 0x00, 0x00, 0x00, 0x00, 0x00,
  0x00, 0x00, 0x00, 0x00, 0x00, 0x00, 0x00, 0x00, 0x00, 0x00, 0x00, 0x00,
  0x00, 0x00, 0x00, 0x00, 0x00, 0x00, 0x00, 0x00, 0x00, 0x00, 0x00, 0x00,
  0x00, 0x00, 0x00, 0x00, 0x00, 0x00, 0x00, 0x00, 0x00, 0x00, 0x00, 0x00,
  0x00, 0x00, 0x00, 0x00, 0x00, 0x00, 0x00, 0x00, 0x00, 0x00, 0x00, 0x00,
  0x00, 0x00, 0x00, 0x00, 0x00, 0x00, 0x00, 0x00, 0x00, 0x00, 0x00, 0x00,
  0x00, 0x00, 0x00, 0x00, 0x00, 0x00, 0x00, 0x00, 0x00, 0x00, 0x00, 0x00,
  0x00, 0x00, 0x00, 0x00, 0x00, 0x00, 0x00, 0x00, 0x00, 0x00, 0x00, 0x00,
  0x00, 0x00, 0x00, 0x00, 0x00, 0x00, 0x00, 0x00, 0x00, 0x00, 0x00, 0x00,
  0x00, 0x00, 0x00, 0x00, 0x00, 0x00, 0x00, 0x00, 0x00, 0x00, 0x00, 0x00,
  0x00, 0x00, 0x00, 0x00, 0x00, 0x00, 0x00, 0x00, 0x00, 0x00, 0x00, 0x00,
  0x00, 0x00, 0x00, 0x00, 0x00, 0x00, 0x00, 0x00, 0x00, 0x00, 0x00, 0x00,
  0x00, 0x00, 0x00, 0x00, 0x00, 0x00, 0x00, 0x00, 0x00, 0x00, 0x00, 0x00,
  0x00, 0x00, 0x00, 0x00, 0x00, 0x00, 0x00, 0x00, 0x00, 0x00, 0x00, 0x00,
  0x00, 0x00, 0x00, 0x00, 0x00, 0x00, 0x00, 0x00, 0x00, 0x00, 0x00, 0x00,
  0x00, 0x00, 0x00, 0x00, 0x00, 0x00, 0x00, 0x00, 0x00, 0x00, 0x00, 0x00,
  0x00, 0x00, 0x00, 0x00, 0x00, 0x00, 0x00, 0x00, 0x00, 0x00, 0x00, 0x00,
  0x00, 0x00, 0x00, 0x00, 0x00, 0x00, 0x00, 0x00, 0x00, 0x00, 0x00, 0x00,
  0x00, 0x00, 0x00, 0x00, 0x00, 0x00, 0x00, 0x00, 0x00, 0x00, 0x00, 0x00,
  0x00, 0x00, 0x00, 0x00, 0x00, 0x00, 0x00, 0x00, 0x00, 0x00, 0x00, 0x00,
  0x00, 0x00, 0x00, 0x00, 0x00, 0x00, 0x00, 0x00, 0x00, 0x00, 0x00, 0x00,
  0x00, 0x00, 0x00, 0x00, 0x00, 0x00, 0x00, 0x00, 0x00, 0x00, 0x00, 0x00,
  0x00, 0x00, 0x00, 0x00, 0x00, 0x00, 0x00, 0x00, 0x00, 0x00, 0x00, 0x00,
  0x00, 0x00, 0x00, 0x00, 0x00, 0x00, 0x00, 0x00, 0x00, 0x00, 0x00, 0x00,
  0x00, 0x00, 0x00, 0x00, 0x00, 0x00, 0x00, 0x00, 0x00, 0x00, 0x00, 0x00,
  0x00, 0x00, 0x00, 0x00, 0x00, 0x00, 0x00, 0x00, 0x00, 0x00, 0x00, 0x00,
  0x00, 0x00, 0x00, 0x00, 0x00, 0x00, 0x00, 0x00, 0x00, 0x00, 0x00, 0x00,
  0x00, 0x00, 0x00, 0x00, 0x00, 0x00, 0x00, 0x00, 0x00, 0x00, 0x00, 0x00,
  0x00, 0x00, 0x00, 0x00, 0x00, 0x00, 0x00, 0x00, 0x00, 0x00, 0x00, 0x00,
  0x00, 0x00, 0x00, 0x00, 0x00, 0x00, 0x00, 0x00, 0x00, 0x00, 0x00, 0x00,
  0x00, 0x00, 0x00, 0x00, 0x00, 0x00, 0x00, 0x00, 0x00, 0x00, 0x00, 0x00,
  0x00, 0x00, 0x00, 0x00, 0x00, 0x00, 0x00, 0x00, 0x00, 0x00, 0x00, 0x00,
  0x00, 0x00, 0x00, 0x00, 0x00, 0x00, 0x00, 0x00, 0x00, 0x00, 0x00, 0x00,
  0x00, 0x00, 0x00, 0x00, 0x00, 0x00, 0x00, 0x00, 0x00, 0x00, 0x00, 0x00,
  0x00, 0x00, 0x00, 0x00, 0x00, 0x00, 0x00, 0x00, 0x00, 0x00, 0x00, 0x00,
  0x00, 0x00, 0x00, 0x00, 0x00, 0x00, 0x00, 0x00, 0x00, 0x00, 0x00, 0x00,
  0x00, 0x00, 0x00, 0x00, 0x00, 0x00, 0x00, 0x00, 0x00, 0x00, 0x00, 0x00,
  0x00, 0x00, 0x00, 0x00, 0x00, 0x00, 0x00, 0x00, 0x00, 0x00, 0x00, 0x00,
  0x00, 0x00, 0x00, 0x00, 0x00, 0x00, 0x00, 0x00, 0x00, 0x00, 0x00, 0x00,
  0x00, 0x00, 0x00, 0x00, 0x00, 0x00, 0x00, 0x00, 0x00, 0x00, 0x00, 0x00,
  0x00, 0x00, 0x00, 0x00, 0x00, 0x00, 0x00, 0x00, 0x00, 0x00, 0x00, 0x00,
  0x00, 0x00, 0x00, 0x00, 0x00, 0x00, 0x00, 0x00, 0x00, 0x00, 0x00, 0x00,
  0x00, 0x00, 0x00, 0x00, 0x00, 0x00, 0x00, 0x00, 0x00, 0x00, 0x00, 0x00,
  0x00, 0x00, 0x00, 0x00, 0x00, 0x00, 0x00, 0x00, 0x00, 0x00, 0x00, 0x00,
  0x00, 0x00, 0x00, 0x00, 0x00, 0x00, 0x00, 0x00, 0x00, 0x00, 0x00, 0x00,
  0x00, 0x00, 0x00, 0x00, 0x00, 0x00, 0x00, 0x00, 0x00, 0x00, 0x00, 0x00,
  0x00, 0x00, 0x00, 0x00, 0x00, 0x00, 0x00, 0x00, 0x00, 0x00, 0x00, 0x00,
  0x00, 0x00, 0x00, 0x00, 0x00, 0x00, 0x00, 0x00, 0x00, 0x00, 0x00, 0x00,
  0x00, 0x00, 0x00, 0x00, 0x00, 0x00, 0x00, 0x00, 0x00, 0x00, 0x00, 0x00,
  0x00, 0x00, 0x00, 0x00, 0x00, 0x00, 0x00, 0x00, 0x00, 0x00, 0x00, 0x00,
  0x00, 0x00, 0x00, 0x00, 0x00, 0x00, 0x00, 0x00, 0x00, 0x00, 0x00, 0x00,
  0x00, 0x00, 0x00, 0x00, 0x00, 0x00, 0x00, 0x00, 0x00, 0x00, 0x00, 0x00,
  0x00, 0x00, 0x00, 0x00, 0x00, 0x00, 0x00, 0x00, 0x00, 0x00, 0x00, 0x00,
  0x00, 0x00, 0x00, 0x00, 0x00, 0x00, 0x00, 0x00, 0x00, 0x00, 0x00, 0x00,
  0x00, 0x00, 0x00, 0x00, 0x00, 0x00, 0x00, 0x00, 0x00, 0x00, 0x00, 0x00,
  0x00, 0x00, 0x00, 0x00, 0x00, 0x00, 0x00, 0x00, 0x00, 0x00, 0x00, 0x00,
  0x00, 0x00, 0x00, 0x00, 0x00, 0x00, 0x00, 0x00, 0x00, 0x00, 0x00, 0x00,
  0x00, 0x00, 0x00, 0x00, 0x00, 0x00, 0x00, 0x00, 0x00, 0x00, 0x00, 0x00,
  0x00, 0x00, 0x00, 0x00, 0x00, 0x00, 0x00, 0x00, 0x00, 0x00, 0x00, 0x00,
  0x00, 0x00, 0x00, 0x00, 0x00, 0x00, 0x00, 0x00, 0x00, 0x00, 0x00, 0x00,
  0x00, 0x00, 0x00, 0x00, 0x00, 0x00, 0x00, 0x00, 0x00, 0x00, 0x00, 0x12,
  0x00, 0x00, 0x36, 0x00, 0x00, 0x62, 0x00, 0x00, 0x90, 0x00, 0x00, 0xb5,
  0x00, 0x00, 0xd2, 0x00, 0x00, 0xe4, 0x00, 0x00, 0xf1, 0x00, 0x00, 0xf6,
  0x00, 0x00, 0xed, 0x00, 0x00, 0xcc, 0x00, 0x00, 0x94, 0x00, 0x00, 0x45,
  0x00, 0x00, 0x05, 0x00, 0x00, 0x00, 0x00, 0x00, 0x00, 0x00, 0x00, 0x00,
  0x00, 0x00, 0x00, 0x00, 0x00, 0x00, 0x00, 0x00, 0x00, 0x00, 0x00, 0x00,
  0x00, 0x00, 0x00, 0x00, 0x00, 0x00, 0x00, 0x00, 0x00, 0x00, 0x00, 0x00,
  0x00, 0x00, 0x00, 0x00, 0x00, 0x00, 0x00, 0x00, 0x00, 0x00, 0x00, 0x00,
  0x00, 0x00, 0x00, 0x00, 0x00, 0x00, 0x00, 0x00, 0x00, 0x00, 0x00, 0x00,
  0x00, 0x00, 0x00, 0x00, 0x00, 0x00, 0x00, 0x00, 0x00, 0x00, 0x00, 0x00,
  0x00, 0x00, 0x00, 0x00, 0x00, 0x00, 0x00, 0x00, 0x00, 0x00, 0x00, 0x00,
  0x00, 0x00, 0x00, 0x00, 0x00, 0x00, 0x00, 0x00, 0x00, 0x00, 0x00, 0x00,
  0x00, 0x00, 0x00, 0x00, 0x00, 0x00, 0x00, 0x00, 0x00, 0x00, 0x00, 0x00,
  0x00, 0x00, 0x00, 0x00, 0x00, 0x00, 0x00, 0x00, 0x00, 0x00, 0x00, 0x00,
  0x00, 0x00, 0x00, 0x00, 0x00, 0x00, 0x00, 0x00, 0x00, 0x00, 0x00, 0x00,
  0x00, 0x00, 0x00, 0x00, 0x00, 0x00, 0x00, 0x00, 0x00, 0x00, 0x00, 0x00,
  0x00, 0x00, 0x00, 0x00, 0x00, 0x00, 0x00, 0x00, 0x00, 0x00, 0x00, 0x00,
  0x00, 0x00, 0x00, 0x00, 0x00, 0x00, 0x00, 0x00, 0x00, 0x00, 0x00, 0x00,
  0x00, 0x00, 0x00, 0x00, 0x00, 0x00, 0x00, 0x00, 0x00, 0x00, 0x00, 0x00,
  0x00, 0x00, 0x00, 0x00, 0x00, 0x00, 0x00, 0x00, 0x00, 0x00, 0x00, 0x00,
  0x00, 0x00, 0x00, 0x00, 0x00, 0x00, 0x00, 0x00, 0x00, 0x00, 0x00, 0x00,
  0x00, 0x00, 0x00, 0x00, 0x00, 0x00, 0x00, 0x00, 0x00, 0x00, 0x00, 0x00,
  0x00, 0x00, 0x00, 0x00, 0x00, 0x00, 0x00, 0x00, 0x00, 0x00, 0x00, 0x00,
  0x00, 0x00, 0x00, 0x00, 0x00, 0x00, 0x00, 0x00, 0x00, 0x00, 0x00, 0x00,
  0x00, 0x00, 0x00, 0x00, 0x00, 0x00, 0x00, 0x00, 0x00, 0x00, 0x00, 0x00,
  0x00, 0x00, 0x00, 0x00, 0x00, 0x00, 0x00, 0x00, 0x00, 0x00, 0x00, 0x00,
  0x00, 0x00, 0x00, 0x00, 0x00, 0x00, 0x00, 0x00, 0x00, 0x00, 0x00, 0x00,
  0x00, 0x00, 0x00, 0x00, 0x00, 0x00, 0x00, 0x00, 0x00, 0x00, 0x00, 0x00,
  0x00, 0x00, 0x00, 0x00, 0x00, 0x00, 0x00, 0x00, 0x00, 0x00, 0x00, 0x00,
  0x00, 0x00, 0x00, 0x00, 0x00, 0x00, 0x00, 0x00, 0x00, 0x00, 0x00, 0x00,
  0x00, 0x00, 0x00, 0x00, 0x00, 0x00, 0x00, 0x00, 0x00, 0x00, 0x00, 0x00,
  0x00, 0x00, 0x00, 0x00, 0x00, 0x00, 0x00, 0x00, 0x00, 0x00, 0x00, 0x00,
  0x00, 0x00, 0x00, 0x00, 0x00, 0x00, 0x00, 0x00, 0x00, 0x00, 0x00, 0x00,
  0x00, 0x00, 0x15, 0x00, 0x00, 0x4a, 0x00, 0x00, 0x8d, 0x00, 0x00, 0xc5,
  0x00, 0x00, 0xe9, 0x00, 0x00, 0xfa, 0x00, 0x00, 0xff, 0x00, 0x00, 0xff,
  0x00, 0x00, 0xff, 0x00, 0x00, 0xf4, 0x00, 0x00, 0xcd, 0x00, 0x00, 0x93,
  0x00, 0x00, 0x5a, 0x00, 0x00, 0x2c, 0x00, 0x00, 0x15, 0x00, 0x00, 0x0f,
  0x00, 0x00, 0x0f, 0x00, 0x00, 0x11, 0x00, 0x00, 0x0f, 0x00, 0x00, 0x0a,
  0x00, 0x00, 0x02, 0x00, 0x00, 0x00, 0x00, 0x00, 0x00, 0x00, 0x00, 0x00,
  0x00, 0x00, 0x00, 0x00, 0x00, 0x00, 0x00, 0x00, 0x00, 0x00, 0x00, 0x00,
  0x00, 0x00, 0x00, 0x00, 0x00, 0x00, 0x00, 0x00, 0x00, 0x00, 0x00, 0x00,
  0x00, 0x00, 0x00, 0x00, 0x00, 0x00, 0x00, 0x00, 0x00, 0x00, 0x00, 0x00,
  0x00, 0x00, 0x00, 0x00, 0x00, 0x00, 0x00, 0x00, 0x00, 0x00, 0x00, 0x00,
  0x00, 0x00, 0x00, 0x00, 0x00, 0x00, 0x00, 0x00, 0x00, 0x00, 0x00, 0x00,
  0x00, 0x00, 0x00, 0x00, 0x00, 0x00, 0x00, 0x00, 0x00, 0x00, 0x00, 0x00,
  0x00, 0x00, 0x00, 0x00, 0x00, 0x00, 0x00, 0x00, 0x00, 0x00, 0x00, 0x00,
  0x00, 0x00, 0x00, 0x00, 0x00, 0x00, 0x00, 0x00, 0x00, 0x00, 0x00, 0x00,
  0x00, 0x00, 0x00, 0x00, 0x00, 0x00, 0x00, 0x00, 0x00, 0x00, 0x00, 0x00,
  0x00, 0x00, 0x00, 0x00, 0x00, 0x00, 0x00, 0x00, 0x00, 0x00, 0x00, 0x00,
  0x00, 0x00, 0x00, 0x00, 0x00, 0x00, 0x00, 0x00, 0x00, 0x00, 0x00, 0x00,
  0x00, 0x00, 0x00, 0x00, 0x00, 0x00, 0x00, 0x00, 0x00, 0x00, 0x00, 0x00,
  0x00, 0x00, 0x00, 0x00, 0x00, 0x00, 0x00, 0x00, 0x00, 0x00, 0x00, 0x00,
  0x00, 0x00, 0x00, 0x00, 0x00, 0x00, 0x00, 0x00, 0x00, 0x00, 0x00, 0x00,
  0x00, 0x00, 0x00, 0x00, 0x00, 0x00, 0x00, 0x00, 0x00, 0x00, 0x00, 0x00,
  0x00, 0x00, 0x00, 0x00, 0x00, 0x00, 0x00, 0x00, 0x00, 0x00, 0x00, 0x00,
  0x00, 0x00, 0x00, 0x00, 0x00, 0x00, 0x00, 0x00, 0x00, 0x00, 0x00, 0x00,
  0x00, 0x00, 0x00, 0x00, 0x00, 0x00, 0x00, 0x00, 0x00, 0x00, 0x00, 0x00,
  0x00, 0x00, 0x00, 0x00, 0x00, 0x00, 0x00, 0x00, 0x00, 0x00, 0x00, 0x00,
  0x00, 0x00, 0x00, 0x00, 0x00, 0x00, 0x00, 0x00, 0x00, 0x00, 0x00, 0x00,
  0x00, 0x00, 0x00, 0x00, 0x00, 0x00, 0x00, 0x00, 0x00, 0x00, 0x00, 0x00,
  0x00, 0x00, 0x00, 0x00, 0x00, 0x00, 0x00, 0x00, 0x00, 0x00, 0x00, 0x00,
  0x00, 0x00, 0x00, 0x00, 0x00, 0x00, 0x00, 0x00, 0x00, 0x00, 0x00, 0x00,
  0x00, 0x00, 0x00, 0x00, 0x00, 0x00, 0x00, 0x00, 0x00, 0x00, 0x00, 0x00,
  0x00, 0x00, 0x00, 0x00, 0x00, 0x00, 0x00, 0x00, 0x00, 0x00, 0x00, 0x00,
  0x00, 0x00, 0x00, 0x00, 0x00, 0x00, 0x00, 0x00, 0x00, 0x00, 0x00, 0x00,
  0x00, 0x00, 0x00, 0x00, 0x00, 0x02, 0x00, 0x00, 0x2d, 0x00, 0x00, 0x80,
  0x00, 0x00, 0xcd, 0x00, 0x00, 0xf7, 0x00, 0x00, 0xff, 0x00, 0x00, 0xff,
  0x00, 0x00, 0xff, 0x00, 0x00, 0xff, 0x00, 0x00, 0xf6, 0x00, 0x00, 0xc9,
  0x00, 0x00, 0x81, 0x00, 0x00, 0x3f, 0x00, 0x00, 0x23, 0x00, 0x00, 0x32,
  0x00, 0x00, 0x5a, 0x00, 0x00, 0x87, 0x00, 0x00, 0xaa, 0x00, 0x00, 0xc2,
  0x00, 0x00, 0xd0, 0x00, 0x00, 0xd4, 0x00, 0x00, 0xd0, 0x00, 0x00, 0xc2,
  0x00, 0x00, 0xa8, 0x00, 0x00, 0x7e, 0x00, 0x00, 0x4b, 0x00, 0x00, 0x1b,
  0x00, 0x00, 0x00, 0x00, 0x00, 0x00, 0x00, 0x00, 0x00, 0x00, 0x00, 0x00,
  0x00, 0x00, 0x00, 0x00, 0x00, 0x00, 0x00, 0x00, 0x00, 0x00, 0x00, 0x00,
  0x00, 0x00, 0x00, 0x00, 0x00, 0x00, 0x00, 0x00, 0x00, 0x00, 0x00, 0x00,
  0x00, 0x00, 0x00, 0x00, 0x00, 0x00, 0x00, 0x00, 0x00, 0x00, 0x00, 0x00,
  0x00, 0x00, 0x00, 0x00, 0x00, 0x00, 0x00, 0x00, 0x00, 0x00, 0x00, 0x00,
  0x00, 0x00, 0x00, 0x00, 0x00, 0x00, 0x00, 0x00, 0x00, 0x00, 0x00, 0x00,
  0x00, 0x00, 0x00, 0x00, 0x00, 0x00, 0x00, 0x00, 0x00, 0x00, 0x00, 0x00,
  0x00, 0x00, 0x00, 0x00, 0x00, 0x00, 0x00, 0x00, 0x00, 0x00, 0x00, 0x00,
  0x00, 0x00, 0x00, 0x00, 0x00, 0x00, 0x00, 0x00, 0x00, 0x00, 0x00, 0x00,
  0x00, 0x00, 0x00, 0x00, 0x00, 0x00, 0x00, 0x00, 0x00, 0x00, 0x00, 0x00,
  0x00, 0x00, 0x00, 0x00, 0x00, 0x00, 0x00, 0x00, 0x00, 0x00, 0x00, 0x00,
  0x00, 0x00, 0x00, 0x00, 0x00, 0x00, 0x00, 0x00, 0x00, 0x00, 0x00, 0x00,
  0x00, 0x00, 0x00, 0x00, 0x00, 0x00, 0x00, 0x00, 0x00, 0x00, 0x00, 0x00,
  0x00, 0x00, 0x00, 0x00, 0x00, 0x00, 0x00, 0x00, 0x00, 0x00, 0x00, 0x00,
  0x00, 0x00, 0x00, 0x00, 0x00, 0x00, 0x00, 0x00, 0x00, 0x00, 0x00, 0x00,
  0x00, 0x00, 0x00, 0x00, 0x00, 0x00, 0x00, 0x00, 0x00, 0x00, 0x00, 0x00,
  0x00, 0x00, 0x00, 0x00, 0x00, 0x00, 0x00, 0x00, 0x00, 0x00, 0x00, 0x00,
  0x00, 0x00, 0x00, 0x00, 0x00, 0x00, 0x00, 0x00, 0x00, 0x00, 0x00, 0x00,
  0x00, 0x00, 0x00, 0x00, 0x00, 0x00, 0x00, 0x00, 0x00, 0x00, 0x00, 0x00,
  0x00, 0x00, 0x00, 0x00, 0x00, 0x00, 0x00, 0x00, 0x00, 0x00, 0x00, 0x00,
  0x00, 0x00, 0x00, 0x00, 0x00, 0x00, 0x00, 0x00, 0x00, 0x00, 0x00, 0x00,
  0x00, 0x00, 0x00, 0x00, 0x00, 0x00, 0x00, 0x00, 0x00, 0x00, 0x00, 0x00,
  0x00, 0x00, 0x00, 0x00, 0x00, 0x00, 0x00, 0x00, 0x00, 0x00, 0x00, 0x00,
  0x00, 0x00, 0x00, 0x00, 0x00, 0x00, 0x00, 0x00, 0x00, 0x00, 0x00, 0x00,
  0x00, 0x00, 0x00, 0x00, 0x00, 0x00, 0x00, 0x00, 0x00, 0x00, 0x00, 0x00,
  0x00, 0x00, 0x00, 0x00, 0x00, 0x00, 0x00, 0x00, 0x00, 0x00, 0x00, 0x01,
  0x00, 0x00, 0x33, 0x00, 0x00, 0x95, 0x00, 0x00, 0xe5, 0x00, 0x00, 0xff,
  0x00, 0x00, 0xff, 0x00, 0x00, 0xff, 0x00, 0x00, 0xff, 0x00, 0x00, 0xff,
  0x00, 0x00, 0xe0, 0x00, 0x00, 0x98, 0x00, 0x00, 0x47, 0x00, 0x00, 0x24,
  0x00, 0x00, 0x45, 0x00, 0x00, 0x89, 0x00, 0x00, 0xc9, 0x00, 0x00, 0xed,
  0x00, 0x00, 0xf3, 0x00, 0x00, 0xe8, 0x00, 0x00, 0xd7, 0x00, 0x00, 0xc8,
  0x00, 0x00, 0xbf, 0x00, 0x00, 0xbb, 0x00, 0x00, 0xc0, 0x00, 0x00, 0xcb,
  0x00, 0x00, 0xdc, 0x00, 0x00, 0xec, 0x00, 0x00, 0xf1, 0x00, 0x00, 0xd9,
  0x00, 0x00, 0x94, 0x00, 0x00, 0x38, 0x00, 0x00, 0x03, 0x00, 0x00, 0x00,
  0x00, 0x00, 0x00, 0x00, 0x00, 0x00, 0x00, 0x00, 0x00, 0x00, 0x00, 0x00,
  0x00, 0x00, 0x00, 0x00, 0x00, 0x00, 0x00, 0x00, 0x00, 0x00, 0x00, 0x00,
  0x00, 0x00, 0x00, 0x00, 0x00, 0x00, 0x00, 0x00, 0x00, 0x00, 0x00, 0x00,
  0x00, 0x00, 0x00, 0x00, 0x00, 0x00, 0x00, 0x00, 0x00, 0x00, 0x00, 0x01,
  0x00, 0x00, 0x02, 0x00, 0x00, 0x00, 0x00, 0x00, 0x00, 0x00, 0x00, 0x00,
  0x00, 0x00, 0x00, 0x00, 0x00, 0x00, 0x00, 0x00, 0x00, 0x00, 0x00, 0x00,
  0x00, 0x00, 0x00, 0x00, 0x00, 0x00, 0x00, 0x00, 0x00, 0x00, 0x00, 0x00,
  0x00, 0x00, 0x00, 0x00, 0x00, 0x00, 0x00, 0x00, 0x00, 0x00, 0x00, 0x00,
  0x00, 0x00, 0x00, 0x00, 0x00, 0x00, 0x00, 0x00, 0x00, 0x00, 0x00, 0x00,
  0x00, 0x00, 0x00, 0x00, 0x00, 0x00, 0x00, 0x00, 0x00, 0x00, 0x00, 0x00,
  0x00, 0x00, 0x00, 0x00, 0x00, 0x00, 0x00, 0x00, 0x00, 0x00, 0x00, 0x00,
  0x00, 0x00, 0x00, 0x00, 0x00, 0x00, 0x00, 0x00, 0x00, 0x00, 0x00, 0x00,
  0x00, 0x00, 0x00, 0x00, 0x00, 0x00, 0x00, 0x00, 0x00, 0x00, 0x00, 0x00,
  0x00, 0x00, 0x00, 0x00, 0x00, 0x00, 0x00, 0x00, 0x00, 0x00, 0x00, 0x00,
  0x00, 0x00, 0x00, 0x00, 0x00, 0x00, 0x00, 0x00, 0x00, 0x00, 0x00, 0x00,
  0x00, 0x00, 0x00, 0x00, 0x00, 0x00, 0x00, 0x00, 0x00, 0x00, 0x00, 0x00,
  0x00, 0x00, 0x00, 0x00, 0x00, 0x00, 0x00, 0x00, 0x00, 0x00, 0x00, 0x00,
  0x00, 0x00, 0x00, 0x00, 0x00, 0x00, 0x00, 0x00, 0x00, 0x00, 0x00, 0x00,
  0x00, 0x00, 0x00, 0x00, 0x00, 0x00, 0x00, 0x00, 0x00, 0x00, 0x00, 0x00,
  0x00, 0x00, 0x00, 0x00, 0x00, 0x00, 0x00, 0x00, 0x00, 0x00, 0x00, 0x00,
  0x00, 0x00, 0x00, 0x00, 0x00, 0x00, 0x00, 0x00, 0x00, 0x00, 0x00, 0x00,
  0x00, 0x00, 0x00, 0x00, 0x00, 0x00, 0x00, 0x00, 0x00, 0x00, 0x00, 0x00,
  0x00, 0x00, 0x00, 0x00, 0x00, 0x00, 0x00, 0x00, 0x00, 0x00, 0x00, 0x00,
  0x00, 0x00, 0x00, 0x00, 0x00, 0x00, 0x00, 0x00, 0x00, 0x00, 0x00, 0x00,
  0x00, 0x00, 0x00, 0x00, 0x00, 0x00, 0x00, 0x00, 0x21, 0x00, 0x00, 0x89,
  0x00, 0x00, 0xe6, 0x00, 0x00, 0xff, 0x00, 0x00, 0xff, 0x00, 0x00, 0xff,
  0x00, 0x00, 0xff, 0x00, 0x00, 0xfd, 0x00, 0x00, 0xce, 0x00, 0x00, 0x73,
  0x00, 0x00, 0x29, 0x00, 0x00, 0x2d, 0x00, 0x00, 0x7a, 0x00, 0x00, 0xc8,
  0x00, 0x00, 0xe6, 0x00, 0x00, 0xcf, 0x00, 0x00, 0x9f, 0x00, 0x00, 0x6b,
  0x00, 0x00, 0x42, 0x00, 0x00, 0x26, 0x00, 0x00, 0x16, 0x00, 0x00, 0x0d,
  0x00, 0x00, 0x0b, 0x00, 0x00, 0x0f, 0x00, 0x00, 0x11, 0x00, 0x00, 0x16,
  0x00, 0x00, 0x1b, 0x00, 0x00, 0x2a, 0x00, 0x00, 0x4a, 0x00, 0x00, 0x7c,
  0x00, 0x00, 0xb5, 0x00, 0x00, 0xce, 0x00, 0x00, 0x8f, 0x00, 0x00, 0x24,
  0x00, 0x00, 0x00, 0x00, 0x00, 0x00, 0x00, 0x00, 0x00, 0x00, 0x00, 0x00,
  0x00, 0x00, 0x00, 0x00, 0x00, 0x00, 0x00, 0x00, 0x00, 0x00, 0x00, 0x00,
  0x00, 0x00, 0x00, 0x00, 0x00, 0x00, 0x00, 0x00, 0x00, 0x00, 0x00, 0x00,
  0x00, 0x00, 0x00, 0x00, 0x00, 0x00, 0x00, 0x00, 0x00, 0x00, 0x00, 0x0c,
  0x00, 0x00, 0x09, 0x00, 0x00, 0x00, 0x00, 0x00, 0x00, 0x00, 0x00, 0x00,
  0x00, 0x00, 0x00, 0x00, 0x00, 0x00, 0x00, 0x00, 0x00, 0x00, 0x00, 0x00,
  0x00, 0x00, 0x00, 0x00, 0x00, 0x00, 0x00, 0x00, 0x00, 0x00, 0x00, 0x00,
  0x00, 0x00, 0x00, 0x00, 0x00, 0x00, 0x00, 0x00, 0x00, 0x00, 0x00, 0x00,
  0x00, 0x00, 0x00, 0x00, 0x00, 0x00, 0x00, 0x00, 0x00, 0x00, 0x00, 0x00,
  0x00, 0x00, 0x00, 0x00, 0x00, 0x00, 0x00, 0x00, 0x00, 0x00, 0x00, 0x00,
  0x00, 0x00, 0x00, 0x00, 0x00, 0x00, 0x00, 0x00, 0x00, 0x00, 0x00, 0x00,
  0x00, 0x00, 0x00, 0x00, 0x00, 0x00, 0x00, 0x00, 0x00, 0x00, 0x00, 0x00,
  0x00, 0x00, 0x00, 0x00, 0x00, 0x00, 0x00, 0x00, 0x00, 0x00, 0x00, 0x00,
  0x00, 0x00, 0x00, 0x00, 0x00, 0x00, 0x00, 0x00, 0x00, 0x00, 0x00, 0x00,
  0x00, 0x00, 0x00, 0x00, 0x00, 0x00, 0x00, 0x00, 0x00, 0x00, 0x00, 0x00,
  0x00, 0x00, 0x00, 0x00, 0x00, 0x00, 0x00, 0x00, 0x00, 0x00, 0x00, 0x00,
  0x00, 0x00, 0x00, 0x00, 0x00, 0x00, 0x00, 0x00, 0x00, 0x00, 0x00, 0x00,
  0x00, 0x00, 0x00, 0x00, 0x00, 0x00, 0x00, 0x00, 0x00, 0x00, 0x00, 0x00,
  0x00, 0x00, 0x00, 0x00, 0x00, 0x00, 0x00, 0x00, 0x00, 0x00, 0x00, 0x00,
  0x00, 0x00, 0x00, 0x00, 0x00, 0x00, 0x00, 0x00, 0x00, 0x00, 0x00, 0x00,
  0x00, 0x00, 0x00, 0x00, 0x00, 0x00, 0x00, 0x00, 0x00, 0x00, 0x00, 0x00,
  0x00, 0x00, 0x00, 0x00, 0x00, 0x00, 0x00, 0x00, 0x00, 0x00, 0x00, 0x00,
  0x00, 0x00, 0x00, 0x00, 0x00, 0x00, 0x00, 0x00, 0x00, 0x00, 0x00, 0x00,
  0x00, 0x00, 0x00, 0x00, 0x00, 0x00, 0x00, 0x00, 0x00, 0x00, 0x00, 0x00,
  0x00, 0x00, 0x07, 0x00, 0x00, 0x5c, 0x00, 0x00, 0xd2, 0x00, 0x00, 0xff,
  0x00, 0x00, 0xff, 0x00, 0x00, 0xff, 0x00, 0x00, 0xff, 0x00, 0x00, 0xfd,
  0x00, 0x00, 0xc9, 0x00, 0x00, 0x64, 0x00, 0x00, 0x1c, 0x00, 0x00, 0x37,
  0x00, 0x00, 0x95, 0x00, 0x00, 0xd2, 0x00, 0x00, 0xbe, 0x00, 0x00, 0x7b,
  0x00, 0x00, 0x3b, 0x00, 0x00, 0x12, 0x00, 0x00, 0x01, 0x00, 0x00, 0x00,
  0x00, 0x00, 0x00, 0x00, 0x00, 0x00, 0x00, 0x00, 0x00, 0x00, 0x00, 0x01,
  0x00, 0x00, 0x05, 0x00, 0x00, 0x0d, 0x00, 0x00, 0x1d, 0x00, 0x00, 0x30,
  0x00, 0x00, 0x43, 0x00, 0x00, 0x4a, 0x00, 0x00, 0x3b, 0x00, 0x00, 0x1c,
  0x00, 0x00, 0x0b, 0x00, 0x00, 0x25, 0x00, 0x00, 0x68, 0x00, 0x00, 0x89,
  0x00, 0x00, 0x39, 0x00, 0x00, 0x01, 0x00, 0x00, 0x00, 0x00, 0x00, 0x00,
  0x00, 0x00, 0x00, 0x00, 0x00, 0x00, 0x00, 0x00, 0x00, 0x00, 0x00, 0x00,
  0x00, 0x00, 0x00, 0x00, 0x00, 0x00, 0x00, 0x00, 0x00, 0x00, 0x00, 0x00,
  0x00, 0x00, 0x00, 0x00, 0x00, 0x00, 0x00, 0x00, 0x01, 0x00, 0x00, 0x25,
  0x00, 0x00, 0x06, 0x00, 0x00, 0x00, 0x00, 0x00, 0x00, 0x00, 0x00, 0x00,
  0x00, 0x00, 0x00, 0x00, 0x00, 0x00, 0x00, 0x00, 0x00, 0x00, 0x00, 0x00,
  0x00, 0x00, 0x00, 0x00, 0x00, 0x00, 0x00, 0x00, 0x00, 0x00, 0x00, 0x00,
  0x00, 0x00, 0x00, 0x00, 0x00, 0x00, 0x00, 0x00, 0x00, 0x00, 0x00, 0x00,
  0x00, 0x00, 0x00, 0x00, 0x00, 0x00, 0x00, 0x00, 0x00, 0x00, 0x00, 0x00,
  0x00, 0x00, 0x00, 0x00, 0x00, 0x00, 0x00, 0x00, 0x00, 0x00, 0x00, 0x00,
  0x00, 0x00, 0x00, 0x00, 0x00, 0x00, 0x00, 0x00, 0x00, 0x00, 0x00, 0x00,
  0x00, 0x00, 0x00, 0x00, 0x00, 0x00, 0x00, 0x00, 0x00, 0x00, 0x00, 0x00,
  0x00, 0x00, 0x00, 0x00, 0x00, 0x00, 0x00, 0x00, 0x00, 0x00, 0x00, 0x00,
  0x00, 0x00, 0x00, 0x00, 0x00, 0x00, 0x00, 0x00, 0x00, 0x00, 0x00, 0x00,
  0x00, 0x00, 0x00, 0x00, 0x00, 0x00, 0x00, 0x00, 0x00, 0x00, 0x00, 0x00,
  0x00, 0x00, 0x00, 0x00, 0x00, 0x00, 0x00, 0x00, 0x00, 0x00, 0x00, 0x00,
  0x00, 0x00, 0x00, 0x00, 0x00, 0x00, 0x00, 0x00, 0x00, 0x00, 0x00, 0x00,
  0x00, 0x00, 0x00, 0x00, 0x00, 0x00, 0x00, 0x00, 0x00, 0x00, 0x00, 0x00,
  0x00, 0x00, 0x00, 0x00, 0x00, 0x00, 0x00, 0x00, 0x00, 0x00, 0x00, 0x00,
  0x00, 0x00, 0x00, 0x00, 0x00, 0x00, 0x00, 0x00, 0x00, 0x00, 0x00, 0x00,
  0x00, 0x00, 0x00, 0x00, 0x00, 0x00, 0x00, 0x00, 0x00, 0x00, 0x00, 0x00,
  0x00, 0x00, 0x00, 0x00, 0x00, 0x00, 0x00, 0x00, 0x00, 0x00, 0x00, 0x00,
  0x00, 0x00, 0x00, 0x00, 0x00, 0x00, 0x00, 0x00, 0x00, 0x00, 0x00, 0x00,
  0x00, 0x00, 0x00, 0x00, 0x00, 0x00, 0x00, 0x00, 0x00, 0x00, 0x00, 0x1e,
  0x00, 0x00, 0x99, 0x00, 0x00, 0xf6, 0x00, 0x00, 0xff, 0x00, 0x00, 0xff,
  0x00, 0x00, 0xff, 0x00, 0x00, 0xff, 0x00, 0x00, 0xd3, 0x00, 0x00, 0x69,
  0x00, 0x00, 0x18, 0x00, 0x00, 0x34, 0x00, 0x00, 0x96, 0x00, 0x00, 0xbe,
  0x00, 0x00, 0x89, 0x00, 0x00, 0x3a, 0x00, 0x00, 0x0c, 0x00, 0x00, 0x00,
  0x00, 0x00, 0x00, 0x00, 0x00, 0x00, 0x00, 0x00, 0x00, 0x00, 0x00, 0x00,
  0x00, 0x00, 0x00, 0x00, 0x00, 0x00, 0x00, 0x00, 0x00, 0x00, 0x00, 0x00,
  0x00, 0x00, 0x00, 0x00, 0x00, 0x00, 0x00, 0x00, 0x00, 0x00, 0x00, 0x02,
  0x00, 0x00, 0x0c, 0x00, 0x00, 0x27, 0x00, 0x00, 0x5a, 0x00, 0x00, 0x94,
  0x00, 0x00, 0x9e, 0x00, 0x00, 0x60, 0x00, 0x00, 0x19, 0x00, 0x00, 0x0e,
  0x00, 0x00, 0x30, 0x00, 0x00, 0x0e, 0x00, 0x00, 0x00, 0x00, 0x00, 0x00,
  0x00, 0x00, 0x00, 0x00, 0x00, 0x00, 0x00, 0x00, 0x00, 0x00, 0x00, 0x00,
  0x00, 0x00, 0x00, 0x00, 0x00, 0x00, 0x00, 0x00, 0x00, 0x00, 0x00, 0x00,
  0x00, 0x00, 0x00, 0x00, 0x00, 0x00, 0x00, 0x00, 0x14, 0x00, 0x00, 0x37,
  0x00, 0x00, 0x00, 0x00, 0x00, 0x00, 0x00, 0x00, 0x00, 0x00, 0x00, 0x00,
  0x00, 0x00, 0x00, 0x00, 0x00, 0x00, 0x00, 0x00, 0x00, 0x00, 0x00, 0x00,
  0x00, 0x00, 0x00, 0x00, 0x00, 0x00, 0x00, 0x00, 0x00, 0x00, 0x00, 0x00,
  0x00, 0x00, 0x00, 0x00, 0x00, 0x00, 0x00, 0x00, 0x00, 0x00, 0x00, 0x00,
  0x00, 0x00, 0x00, 0x00, 0x00, 0x00, 0x00, 0x00, 0x00, 0x00, 0x00, 0x00,
  0x00, 0x00, 0x00, 0x00, 0x00, 0x00, 0x00, 0x00, 0x00, 0x00, 0x00, 0x00,
  0x00, 0x00, 0x00, 0x00, 0x00, 0x00, 0x00, 0x00, 0x00, 0x00, 0x00, 0x00,
  0x00, 0x00, 0x00, 0x00, 0x00, 0x00, 0x00, 0x00, 0x00, 0x00, 0x00, 0x00,
  0x00, 0x00, 0x00, 0x00, 0x00, 0x00, 0x00, 0x00, 0x00, 0x00, 0x00, 0x00,
  0x00, 0x00, 0x00, 0x00, 0x00, 0x00, 0x00, 0x00, 0x00, 0x00, 0x00, 0x00,
  0x00, 0x00, 0x00, 0x00, 0x00, 0x00, 0x00, 0x00, 0x00, 0x00, 0x00, 0x00,
  0x00, 0x00, 0x00, 0x00, 0x00, 0x00, 0x00, 0x00, 0x00, 0x00, 0x00, 0x00,
  0x00, 0x00, 0x00, 0x00, 0x00, 0x00, 0x00, 0x00, 0x00, 0x00, 0x00, 0x00,
  0x00, 0x00, 0x00, 0x00, 0x00, 0x00, 0x00, 0x00, 0x00, 0x00, 0x00, 0x00,
  0x00, 0x00, 0x00, 0x00, 0x00, 0x00, 0x00, 0x00, 0x00, 0x00, 0x00, 0x00,
  0x00, 0x00, 0x00, 0x00, 0x00, 0x00, 0x00, 0x00, 0x00, 0x00, 0x00, 0x00,
  0x00, 0x00, 0x00, 0x00, 0x00, 0x00, 0x00, 0x00, 0x00, 0x00, 0x00, 0x00,
  0x00, 0x00, 0x00, 0x00, 0x00, 0x00, 0x00, 0x00, 0x00, 0x00, 0x00, 0x00,
  0x00, 0x00, 0x00, 0x00, 0x00, 0x00, 0x00, 0x00, 0x00, 0x00, 0x00, 0x00,
  0x00, 0x00, 0x00, 0x00, 0x00, 0x00, 0x00, 0x00, 0x3b, 0x00, 0x00, 0xc6,
  0x00, 0x00, 0xff, 0x00, 0x00, 0xff, 0x00, 0x00, 0xff, 0x00, 0x00, 0xff,
  0x00, 0x00, 0xe8, 0x00, 0x00, 0x84, 0x00, 0x00, 0x1e, 0x00, 0x00, 0x24,
  0x00, 0x00, 0x81, 0x00, 0x00, 0xa6, 0x00, 0x00, 0x66, 0x00, 0x00, 0x1b,
  0x00, 0x00, 0x00, 0x00, 0x00, 0x00, 0x00, 0x00, 0x00, 0x00, 0x00, 0x00,
  0x00, 0x00, 0x00, 0x00, 0x00, 0x0c, 0x00, 0x00, 0x1d, 0x00, 0x00, 0x2c,
  0x00, 0x00, 0x32, 0x00, 0x00, 0x2d, 0x00, 0x00, 0x1d, 0x00, 0x00, 0x0b,
  0x00, 0x00, 0x00, 0x00, 0x00, 0x00, 0x00, 0x00, 0x00, 0x00, 0x00, 0x00,
  0x00, 0x00, 0x00, 0x00, 0x00, 0x00, 0x00, 0x00, 0x00, 0x00, 0x00, 0x0e,
  0x00, 0x00, 0x58, 0x00, 0x00, 0xc6, 0x00, 0x00, 0xd7, 0x00, 0x00, 0x78,
  0x00, 0x00, 0x16, 0x00, 0x00, 0x00, 0x00, 0x00, 0x00, 0x00, 0x00, 0x00,
  0x00, 0x00, 0x00, 0x00, 0x00, 0x00, 0x00, 0x00, 0x00, 0x00, 0x00, 0x00,
  0x00, 0x00, 0x00, 0x00, 0x00, 0x00, 0x00, 0x00, 0x00, 0x00, 0x00, 0x00,
  0x00, 0x00, 0x00, 0x00, 0x00, 0x00, 0x00, 0x00, 0x44, 0x00, 0x00, 0x2b,
  0x00, 0x00, 0x00, 0x00, 0x00, 0x00, 0x00, 0x00, 0x00, 0x00, 0x00, 0x00,
  0x00, 0x00, 0x00, 0x00, 0x00, 0x00, 0x00, 0x00, 0x00, 0x00, 0x00, 0x00,
  0x00, 0x00, 0x00, 0x00, 0x00, 0x00, 0x00, 0x00, 0x00, 0x00, 0x00, 0x00,
  0x00, 0x00, 0x00, 0x00, 0x00, 0x00, 0x00, 0x00, 0x00, 0x00, 0x00, 0x00,
  0x00, 0x00, 0x00, 0x00, 0x00, 0x00, 0x00, 0x00, 0x00, 0x00, 0x00, 0x00,
  0x00, 0x00, 0x00, 0x00, 0x00, 0x00, 0x00, 0x00, 0x00, 0x00, 0x00, 0x00,
  0x00, 0x00, 0x00, 0x00, 0x00, 0x00, 0x00, 0x00, 0x00, 0x00, 0x00, 0x00,
  0x00, 0x00, 0x00, 0x00, 0x00, 0x00, 0x00, 0x00, 0x00, 0x00, 0x00, 0x00,
  0x00, 0x00, 0x00, 0x00, 0x00, 0x00, 0x00, 0x00, 0x00, 0x00, 0x00, 0x00,
  0x00, 0x00, 0x00, 0x00, 0x00, 0x00, 0x00, 0x00, 0x00, 0x00, 0x00, 0x00,
  0x00, 0x00, 0x00, 0x00, 0x00, 0x00, 0x00, 0x00, 0x00, 0x00, 0x00, 0x00,
  0x00, 0x00, 0x00, 0x00, 0x00, 0x00, 0x00, 0x00, 0x00, 0x00, 0x00, 0x00,
  0x00, 0x00, 0x00, 0x00, 0x00, 0x00, 0x00, 0x00, 0x00, 0x00, 0x00, 0x00,
  0x00, 0x00, 0x00, 0x00, 0x00, 0x00, 0x00, 0x00, 0x00, 0x00, 0x00, 0x00,
  0x00, 0x00, 0x00, 0x00, 0x00, 0x00, 0x00, 0x00, 0x00, 0x00, 0x00, 0x00,
  0x00, 0x00, 0x00, 0x00, 0x00, 0x00, 0x00, 0x00, 0x00, 0x00, 0x00, 0x00,
  0x00, 0x00, 0x00, 0x00, 0x00, 0x00, 0x00, 0x00, 0x00, 0x00, 0x00, 0x00,
  0x00, 0x00, 0x00, 0x00, 0x00, 0x00, 0x00, 0x00, 0x00, 0x00, 0x00, 0x00,
  0x00, 0x00, 0x00, 0x00, 0x00, 0x00, 0x00, 0x00, 0x00, 0x00, 0x00, 0x00,
  0x00, 0x00, 0x01, 0x00, 0x00, 0x56, 0x00, 0x00, 0xe1, 0x00, 0x00, 0xff,
  0x00, 0x00, 0xff, 0x00, 0x00, 0xff, 0x00, 0x00, 0xfc, 0x00, 0x00, 0xb5,
  0x00, 0x00, 0x39, 0x00, 0x00, 0x11, 0x00, 0x00, 0x5c, 0x00, 0x00, 0x8f,
  0x00, 0x00, 0x55, 0x00, 0x00, 0x10, 0x00, 0x00, 0x00, 0x00, 0x00, 0x00,
  0x00, 0x00, 0x00, 0x00, 0x00, 0x03, 0x00, 0x00, 0x1e, 0x00, 0x00, 0x4a,
  0x00, 0x00, 0x6f, 0x00, 0x00, 0x82, 0x00, 0x00, 0x8c, 0x00, 0x00, 0x93,
  0x00, 0x00, 0xa0, 0x00, 0x00, 0xb3, 0x00, 0x00, 0xc3, 0x00, 0x00, 0xbd,
  0x00, 0x00, 0x92, 0x00, 0x00, 0x4d, 0x00, 0x00, 0x12, 0x00, 0x00, 0x00,
  0x00, 0x00, 0x00, 0x00, 0x00, 0x00, 0x00, 0x00, 0x00, 0x00, 0x00, 0x00,
  0x00, 0x00, 0x00, 0x00, 0x00, 0x1d, 0x00, 0x00, 0xa6, 0x00, 0x00, 0xfe,
  0x00, 0x00, 0xc0, 0x00, 0x00, 0x31, 0x00, 0x00, 0x00, 0x00, 0x00, 0x00,
  0x00, 0x00, 0x00, 0x00, 0x00, 0x00, 0x00, 0x00, 0x00, 0x00, 0x00, 0x00,
  0x00, 0x00, 0x00, 0x00, 0x00, 0x00, 0x00, 0x00, 0x00, 0x00, 0x00, 0x00,
  0x00, 0x00, 0x00, 0x00, 0x00, 0x10, 0x00, 0x00, 0x71, 0x00, 0x00, 0x0d,
  0x00, 0x00, 0x00, 0x00, 0x00, 0x00, 0x00, 0x00, 0x00, 0x00, 0x00, 0x00,
  0x00, 0x00, 0x00, 0x00, 0x00, 0x00, 0x00, 0x00, 0x00, 0x00, 0x00, 0x00,
  0x00, 0x00, 0x00, 0x00, 0x00, 0x00, 0x00, 0x00, 0x00, 0x00, 0x00, 0x00,
  0x00, 0x00, 0x00, 0x00, 0x00, 0x00, 0x00, 0x00, 0x00, 0x00, 0x00, 0x00,
  0x00, 0x00, 0x00, 0x00, 0x00, 0x00, 0x00, 0x00, 0x00, 0x00, 0x00, 0x00,
  0x00, 0x00, 0x00, 0x00, 0x00, 0x00, 0x00, 0x00, 0x00, 0x00, 0x00, 0x00,
  0x00, 0x00, 0x00, 0x00, 0x00, 0x00, 0x00, 0x00, 0x00, 0x00, 0x00, 0x00,
  0x00, 0x00, 0x00, 0x00, 0x00, 0x00, 0x00, 0x00, 0x00, 0x00, 0x00, 0x00,
  0x00, 0x00, 0x00, 0x00, 0x00, 0x00, 0x00, 0x00, 0x00, 0x00, 0x00, 0x00,
  0x00, 0x00, 0x00, 0x00, 0x00, 0x00, 0x00, 0x00, 0x00, 0x00, 0x00, 0x00,
  0x00, 0x00, 0x00, 0x00, 0x00, 0x00, 0x00, 0x00, 0x00, 0x00, 0x00, 0x00,
  0x00, 0x00, 0x00, 0x00, 0x00, 0x00, 0x00, 0x00, 0x00, 0x00, 0x00, 0x00,
  0x00, 0x00, 0x00, 0x00, 0x00, 0x00, 0x00, 0x00, 0x00, 0x00, 0x00, 0x00,
  0x00, 0x00, 0x00, 0x00, 0x00, 0x00, 0x00, 0x00, 0x00, 0x00, 0x00, 0x00,
  0x00, 0x00, 0x00, 0x00, 0x00, 0x00, 0x00, 0x00, 0x00, 0x00, 0x00, 0x00,
  0x00, 0x00, 0x00, 0x00, 0x00, 0x00, 0x00, 0x00, 0x00, 0x00, 0x00, 0x00,
  0x00, 0x00, 0x00, 0x00, 0x00, 0x00, 0x00, 0x00, 0x00, 0x00, 0x00, 0x00,
  0x00, 0x00, 0x00, 0x00, 0x00, 0x00, 0x00, 0x00, 0x00, 0x00, 0x00, 0x00,
  0x00, 0x00, 0x00, 0x00, 0x00, 0x00, 0x00, 0x00, 0x00, 0x00, 0x00, 0x02,
  0x00, 0x00, 0x67, 0x00, 0x00, 0xed, 0x00, 0x00, 0xff, 0x00, 0x00, 0xff,
  0x00, 0x00, 0xff, 0x00, 0x00, 0xea, 0x00, 0x00, 0x76, 0x00, 0x00, 0x11,
  0x00, 0x00, 0x31, 0x00, 0x00, 0x74, 0x00, 0x00, 0x52, 0x00, 0x00, 0x0f,
  0x00, 0x00, 0x00, 0x00, 0x00, 0x00, 0x00, 0x00, 0x00, 0x00, 0x00, 0x07,
  0x00, 0x00, 0x34, 0x00, 0x00, 0x64, 0x00, 0x00, 0x68, 0x00, 0x00, 0x4a,
  0x00, 0x00, 0x28, 0x00, 0x00, 0x13, 0x00, 0x00, 0x07, 0x00, 0x00, 0x05,
  0x00, 0x00, 0x07, 0x00, 0x00, 0x12, 0x00, 0x00, 0x2c, 0x00, 0x00, 0x63,
  0x00, 0x00, 0xb4, 0x00, 0x00, 0xeb, 0x00, 0x00, 0xc7, 0x00, 0x00, 0x5e,
  0x00, 0x00, 0x0a, 0x00, 0x00, 0x00, 0x00, 0x00, 0x00, 0x00, 0x00, 0x00,
  0x00, 0x00, 0x00, 0x00, 0x00, 0x00, 0x00, 0x00, 0x12, 0x00, 0x00, 0xab,
  0x00, 0x00, 0xff, 0x00, 0x00, 0xcc, 0x00, 0x00, 0x24, 0x00, 0x00, 0x00,
  0x00, 0x00, 0x00, 0x00, 0x00, 0x00, 0x00, 0x00, 0x00, 0x00, 0x00, 0x00,
  0x00, 0x00, 0x00, 0x00, 0x00, 0x00, 0x00, 0x00, 0x00, 0x00, 0x00, 0x00,
  0x00, 0x00, 0x00, 0x00, 0x00, 0x51, 0x00, 0x00, 0x66, 0x00, 0x00, 0x00,
  0x00, 0x00, 0x00, 0x00, 0x00, 0x00, 0x00, 0x00, 0x00, 0x00, 0x00, 0x00,
  0x00, 0x00, 0x00, 0x00, 0x00, 0x00, 0x00, 0x00, 0x00, 0x00, 0x00, 0x00,
  0x00, 0x00, 0x00, 0x00, 0x00, 0x00, 0x00, 0x00, 0x00, 0x00, 0x00, 0x00,
  0x00, 0x00, 0x00, 0x00, 0x00, 0x00, 0x00, 0x00, 0x00, 0x00, 0x00, 0x00,
  0x00, 0x00, 0x00, 0x00, 0x00, 0x00, 0x00, 0x00, 0x00, 0x00, 0x00, 0x00,
  0x00, 0x00, 0x00, 0x00, 0x00, 0x00, 0x00, 0x00, 0x00, 0x00, 0x00, 0x00,
  0x00, 0x00, 0x00, 0x00, 0x00, 0x00, 0x00, 0x00, 0x00, 0x00, 0x00, 0x00,
  0x00, 0x00, 0x00, 0x00, 0x00, 0x00, 0x00, 0x00, 0x00, 0x00, 0x00, 0x00,
  0x00, 0x00, 0x00, 0x00, 0x00, 0x00, 0x00, 0x00, 0x00, 0x00, 0x00, 0x00,
  0x00, 0x00, 0x00, 0x00, 0x00, 0x00, 0x00, 0x00, 0x00, 0x00, 0x00, 0x00,
  0x00, 0x00, 0x00, 0x00, 0x00, 0x00, 0x00, 0x00, 0x00, 0x00, 0x00, 0x00,
  0x00, 0x00, 0x00, 0x00, 0x00, 0x00, 0x00, 0x00, 0x00, 0x00, 0x00, 0x00,
  0x00, 0x00, 0x00, 0x00, 0x00, 0x00, 0x00, 0x00, 0x00, 0x00, 0x00, 0x00,
  0x00, 0x00, 0x00, 0x00, 0x00, 0x00, 0x00, 0x00, 0x00, 0x00, 0x00, 0x00,
  0x00, 0x00, 0x00, 0x00, 0x00, 0x00, 0x00, 0x00, 0x00, 0x00, 0x00, 0x00,
  0x00, 0x00, 0x00, 0x00, 0x00, 0x00, 0x00, 0x00, 0x00, 0x00, 0x00, 0x00,
  0x00, 0x00, 0x00, 0x00, 0x00, 0x00, 0x00, 0x00, 0x00, 0x00, 0x00, 0x00,
  0x00, 0x00, 0x00, 0x00, 0x00, 0x00, 0x00, 0x00, 0x00, 0x00, 0x00, 0x00,
  0x00, 0x00, 0x00, 0x00, 0x00, 0x00, 0x00, 0x00, 0x02, 0x00, 0x00, 0x6c,
  0x00, 0x00, 0xf2, 0x00, 0x00, 0xff, 0x00, 0x00, 0xff, 0x00, 0x00, 0xff,
  0x00, 0x00, 0xc9, 0x00, 0x00, 0x41, 0x00, 0x00, 0x10, 0x00, 0x00, 0x4c,
  0x00, 0x00, 0x53, 0x00, 0x00, 0x16, 0x00, 0x00, 0x00, 0x00, 0x00, 0x00,
  0x00, 0x00, 0x00, 0x00, 0x00, 0x00, 0x00, 0x00, 0x2c, 0x00, 0x00, 0x61,
  0x00, 0x00, 0x50, 0x00, 0x00, 0x1e, 0x00, 0x00, 0x02, 0x00, 0x00, 0x00,
  0x00, 0x00, 0x00, 0x00, 0x00, 0x00, 0x00, 0x00, 0x00, 0x00, 0x00, 0x00,
  0x00, 0x00, 0x00, 0x00, 0x00, 0x00, 0x00, 0x00, 0x00, 0x00, 0x00, 0x00,
  0x00, 0x00, 0x08, 0x00, 0x00, 0x4e, 0x00, 0x00, 0xcd, 0x00, 0x00, 0xfb,
  0x00, 0x00, 0xa2, 0x00, 0x00, 0x1c, 0x00, 0x00, 0x00, 0x00, 0x00, 0x00,
  0x00, 0x00, 0x00, 0x00, 0x00, 0x00, 0x00, 0x00, 0x00, 0x00, 0x00, 0x2b,
  0x00, 0x00, 0xde, 0x00, 0x00, 0xff, 0x00, 0x00, 0x92, 0x00, 0x00, 0x02,
  0x00, 0x00, 0x00, 0x00, 0x00, 0x00, 0x00, 0x00, 0x00, 0x00, 0x00, 0x00,
  0x00, 0x00, 0x00, 0x00, 0x00, 0x00, 0x00, 0x00, 0x00, 0x00, 0x00, 0x00,
  0x00, 0x00, 0x10, 0x00, 0x00, 0xa1, 0x00, 0x00, 0x2f, 0x00, 0x00, 0x00,
  0x00, 0x00, 0x00, 0x00, 0x00, 0x00, 0x00, 0x00, 0x00, 0x00, 0x00, 0x00,
  0x00, 0x00, 0x00, 0x00, 0x00, 0x00, 0x00, 0x00, 0x00, 0x00, 0x00, 0x00,
  0x00, 0x00, 0x00, 0x00, 0x00, 0x00, 0x00, 0x00, 0x00, 0x00, 0x00, 0x00,
  0x00, 0x00, 0x00, 0x00, 0x00, 0x00, 0x00, 0x00, 0x00, 0x00, 0x00, 0x00,
  0x00, 0x00, 0x00, 0x00, 0x00, 0x00, 0x00, 0x00, 0x00, 0x00, 0x00, 0x00,
  0x00, 0x00, 0x00, 0x00, 0x00, 0x00, 0x00, 0x00, 0x00, 0x00, 0x00, 0x00,
  0x00, 0x00, 0x00, 0x00, 0x00, 0x00, 0x00, 0x00, 0x00, 0x00, 0x00, 0x00,
  0x00, 0x00, 0x00, 0x00, 0x00, 0x00, 0x00, 0x00, 0x00, 0x00, 0x00, 0x00,
  0x00, 0x00, 0x00, 0x00, 0x00, 0x00, 0x00, 0x00, 0x00, 0x00, 0x00, 0x00,
  0x00, 0x00, 0x00, 0x00, 0x00, 0x00, 0x00, 0x00, 0x00, 0x00, 0x00, 0x00,
  0x00, 0x00, 0x00, 0x00, 0x00, 0x00, 0x00, 0x00, 0x00, 0x00, 0x00, 0x00,
  0x00, 0x00, 0x00, 0x00, 0x00, 0x00, 0x00, 0x00, 0x00, 0x00, 0x00, 0x00,
  0x00, 0x00, 0x00, 0x00, 0x00, 0x00, 0x00, 0x00, 0x00, 0x00, 0x00, 0x00,
  0x00, 0x00, 0x00, 0x00, 0x00, 0x00, 0x00, 0x00, 0x00, 0x00, 0x00, 0x00,
  0x00, 0x00, 0x00, 0x00, 0x00, 0x00, 0x00, 0x00, 0x00, 0x00, 0x00, 0x00,
  0x00, 0x00, 0x00, 0x00, 0x00, 0x00, 0x00, 0x00, 0x00, 0x00, 0x00, 0x00,
  0x00, 0x00, 0x00, 0x00, 0x00, 0x00, 0x00, 0x00, 0x00, 0x00, 0x00, 0x00,
  0x00, 0x00, 0x00, 0x00, 0x00, 0x00, 0x00, 0x00, 0x00, 0x00, 0x00, 0x00,
  0x00, 0x00, 0x00, 0x00, 0x00, 0x00, 0x00, 0x00, 0x63, 0x00, 0x00, 0xf1,
  0x00, 0x00, 0xff, 0x00, 0x00, 0xff, 0x00, 0x00, 0xfd, 0x00, 0x00, 0xa5,
  0x00, 0x00, 0x21, 0x00, 0x00, 0x1d, 0x00, 0x00, 0x45, 0x00, 0x00, 0x25,
  0x00, 0x00, 0x00, 0x00, 0x00, 0x00, 0x00, 0x00, 0x00, 0x00, 0x00, 0x00,
  0x00, 0x00, 0x0b, 0x00, 0x00, 0x51, 0x00, 0x00, 0x57, 0x00, 0x00, 0x19,
  0x00, 0x00, 0x00, 0x00, 0x00, 0x00, 0x00, 0x00, 0x00, 0x00, 0x00, 0x00,
  0x00, 0x00, 0x00, 0x00, 0x00, 0x00, 0x00, 0x00, 0x00, 0x00, 0x00, 0x00,
  0x00, 0x00, 0x00, 0x00, 0x00, 0x00, 0x00, 0x00, 0x00, 0x00, 0x00, 0x00,
  0x00, 0x00, 0x00, 0x00, 0x00, 0x00, 0x00, 0x00, 0x21, 0x00, 0x00, 0xb5,
  0x00, 0x00, 0xff, 0x00, 0x00, 0xb6, 0x00, 0x00, 0x1b, 0x00, 0x00, 0x00,
  0x00, 0x00, 0x00, 0x00, 0x00, 0x00, 0x00, 0x00, 0x00, 0x00, 0x00, 0x00,
  0x00, 0x00, 0x8c, 0x00, 0x00, 0xff, 0x00, 0x00, 0xdf, 0x00, 0x00, 0x22,
  0x00, 0x00, 0x00, 0x00, 0x00, 0x00, 0x00, 0x00, 0x00, 0x00, 0x00, 0x00,
  0x00, 0x00, 0x00, 0x00, 0x00, 0x00, 0x00, 0x00, 0x00, 0x00, 0x00, 0x00,
  0x00, 0x00, 0x63, 0x00, 0x00, 0xa2, 0x00, 0x00, 0x06, 0x00, 0x00, 0x00,
  0x00, 0x00, 0x00, 0x00, 0x00, 0x00, 0x00, 0x00, 0x00, 0x00, 0x00, 0x00,
  0x00, 0x00, 0x00, 0x00, 0x00, 0x00, 0x00, 0x00, 0x00, 0x00, 0x00, 0x00,
  0x00, 0x00, 0x00, 0x00, 0x00, 0x00, 0x00, 0x00, 0x00, 0x00, 0x00, 0x00,
  0x00, 0x00, 0x00, 0x00, 0x00, 0x00, 0x00, 0x00, 0x00, 0x00, 0x00, 0x00,
  0x00, 0x00, 0x00, 0x00, 0x00, 0x00, 0x00, 0x00, 0x00, 0x00, 0x00, 0x00,
  0x00, 0x00, 0x00, 0x00, 0x00, 0x00, 0x00, 0x00, 0x00, 0x00, 0x00, 0x00,
  0x00, 0x00, 0x00, 0x00, 0x00, 0x00, 0x00, 0x00, 0x00, 0x00, 0x00, 0x00,
  0x00, 0x00, 0x00, 0x00, 0x00, 0x00, 0x00, 0x00, 0x00, 0x00, 0x00, 0x00,
  0x00, 0x00, 0x00, 0x00, 0x00, 0x00, 0x00, 0x00, 0x00, 0x00, 0x00, 0x00,
  0x00, 0x00, 0x00, 0x00, 0x00, 0x00, 0x00, 0x00, 0x00, 0x00, 0x00, 0x00,
  0x00, 0x00, 0x00, 0x00, 0x00, 0x00, 0x00, 0x00, 0x00, 0x00, 0x00, 0x00,
  0x00, 0x00, 0x00, 0x00, 0x00, 0x00, 0x00, 0x00, 0x00, 0x00, 0x00, 0x00,
  0x00, 0x00, 0x00, 0x00, 0x00, 0x00, 0x00, 0x00, 0x00, 0x00, 0x00, 0x00,
  0x00, 0x00, 0x00, 0x00, 0x00, 0x00, 0x00, 0x00, 0x00, 0x00, 0x00, 0x00,
  0x00, 0x00, 0x00, 0x00, 0x00, 0x00, 0x00, 0x00, 0x00, 0x00, 0x00, 0x00,
  0x00, 0x00, 0x00, 0x00, 0x00, 0x00, 0x00, 0x00, 0x00, 0x00, 0x00, 0x00,
  0x00, 0x00, 0x00, 0x00, 0x00, 0x00, 0x00, 0x00, 0x00, 0x00, 0x00, 0x00,
  0x00, 0x00, 0x00, 0x00, 0x00, 0x00, 0x00, 0x00, 0x00, 0x00, 0x00, 0x00,
  0x00, 0x00, 0x00, 0x00, 0x00, 0x50, 0x00, 0x00, 0xeb, 0x00, 0x00, 0xff,
  0x00, 0x00, 0xff, 0x00, 0x00, 0xf6, 0x00, 0x00, 0x85, 0x00, 0x00, 0x12,
  0x00, 0x00, 0x21, 0x00, 0x00, 0x2b, 0x00, 0x00, 0x26, 0x00, 0x00, 0x09,
  0x00, 0x00, 0x00, 0x00, 0x00, 0x00, 0x00, 0x00, 0x00, 0x00, 0x00, 0x16,
  0x00, 0x00, 0x64, 0x00, 0x00, 0x3a, 0x00, 0x00, 0x01, 0x00, 0x00, 0x00,
  0x00, 0x00, 0x00, 0x00, 0x00, 0x00, 0x00, 0x00, 0x00, 0x00, 0x00, 0x00,
  0x00, 0x00, 0x00, 0x00, 0x00, 0x00, 0x00, 0x00, 0x00, 0x00, 0x00, 0x18,
  0x00, 0x00, 0x71, 0x00, 0x00, 0x76, 0x00, 0x00, 0x1e, 0x00, 0x00, 0x00,
  0x00, 0x00, 0x00, 0x00, 0x00, 0x00, 0x00, 0x00, 0x00, 0x00, 0x00, 0x23,
  0x00, 0x00, 0xcf, 0x00, 0x00, 0xff, 0x00, 0x00, 0x98, 0x00, 0x00, 0x06,
  0x00, 0x00, 0x00, 0x00, 0x00, 0x00, 0x00, 0x00, 0x00, 0x00, 0x00, 0x00,
  0x00, 0x00, 0x4c, 0x00, 0x00, 0xf9, 0x00, 0x00, 0xfa, 0x00, 0x00, 0x4d,
  0x00, 0x00, 0x00, 0x00, 0x00, 0x00, 0x00, 0x00, 0x00, 0x00, 0x00, 0x00,
  0x00, 0x00, 0x00, 0x00, 0x00, 0x00, 0x00, 0x00, 0x00, 0x00, 0x00, 0x1b,
  0x00, 0x00, 0xc7, 0x00, 0x00, 0x58, 0x00, 0x00, 0x00, 0x00, 0x00, 0x00,
  0x00, 0x00, 0x00, 0x00, 0x00, 0x00, 0x00, 0x00, 0x00, 0x00, 0x00, 0x00,
  0x00, 0x00, 0x00, 0x00, 0x00, 0x00, 0x00, 0x00, 0x00, 0x00, 0x00, 0x00,
  0x00, 0x00, 0x00, 0x00, 0x00, 0x00, 0x00, 0x00, 0x00, 0x00, 0x00, 0x00,
  0x00, 0x00, 0x00, 0x00, 0x00, 0x00, 0x00, 0x00, 0x00, 0x00, 0x00, 0x00,
  0x00, 0x00, 0x00, 0x00, 0x00, 0x00, 0x00, 0x00, 0x00, 0x00, 0x00, 0x00,
  0x00, 0x00, 0x00, 0x00, 0x00, 0x00, 0x00, 0x00, 0x00, 0x00, 0x00, 0x00,
  0x00, 0x00, 0x00, 0x00, 0x00, 0x00, 0x00, 0x00, 0x00, 0x00, 0x00, 0x00,
  0x00, 0x00, 0x00, 0x00, 0x00, 0x00, 0x00, 0x00, 0x00, 0x00, 0x00, 0x00,
  0x00, 0x00, 0x00, 0x00, 0x00, 0x00, 0x00, 0x00, 0x00, 0x00, 0x00, 0x00,
  0x00, 0x00, 0x00, 0x00, 0x00, 0x00, 0x00, 0x00, 0x00, 0x00, 0x00, 0x00,
  0x00, 0x00, 0x00, 0x00, 0x00, 0x00, 0x00, 0x00, 0x00, 0x00, 0x00, 0x00,
  0x00, 0x00, 0x00, 0x00, 0x00, 0x00, 0x00, 0x00, 0x00, 0x00, 0x00, 0x00,
  0x00, 0x00, 0x00, 0x00, 0x00, 0x00, 0x00, 0x00, 0x00, 0x00, 0x00, 0x00,
  0x00, 0x00, 0x00, 0x00, 0x00, 0x00, 0x00, 0x00, 0x00, 0x00, 0x00, 0x00,
  0x00, 0x00, 0x00, 0x00, 0x00, 0x00, 0x00, 0x00, 0x00, 0x00, 0x00, 0x00,
  0x00, 0x00, 0x00, 0x00, 0x00, 0x00, 0x00, 0x00, 0x00, 0x00, 0x00, 0x00,
  0x00, 0x00, 0x00, 0x00, 0x00, 0x00, 0x00, 0x00, 0x00, 0x00, 0x00, 0x00,
  0x00, 0x00, 0x00, 0x00, 0x00, 0x00, 0x00, 0x00, 0x00, 0x00, 0x00, 0x00,
  0x00, 0x00, 0x36, 0x00, 0x00, 0xdd, 0x00, 0x00, 0xff, 0x00, 0x00, 0xff,
  0x00, 0x00, 0xef, 0x00, 0x00, 0x6d, 0x00, 0x00, 0x0b, 0x00, 0x00, 0x18,
  0x00, 0x00, 0x10, 0x00, 0x00, 0x3b, 0x00, 0x00, 0x38, 0x00, 0x00, 0x00,
  0x00, 0x00, 0x00, 0x00, 0x00, 0x00, 0x00, 0x00, 0x16, 0x00, 0x00, 0x6e,
  0x00, 0x00, 0x2b, 0x00, 0x00, 0x00, 0x00, 0x00, 0x00, 0x00, 0x00, 0x00,
  0x00, 0x00, 0x00, 0x00, 0x00, 0x00, 0x00, 0x00, 0x00, 0x00, 0x00, 0x00,
  0x00, 0x00, 0x00, 0x00, 0x00, 0x00, 0x00, 0x00, 0x02, 0x00, 0x00, 0x92,
  0x00, 0x00, 0xff, 0x00, 0x00, 0xff, 0x00, 0x00, 0xa3, 0x00, 0x00, 0x06,
  0x00, 0x00, 0x00, 0x00, 0x00, 0x00, 0x00, 0x00, 0x00, 0x00, 0x00, 0x00,
  0x00, 0x00, 0x5c, 0x00, 0x00, 0xfa, 0x00, 0x00, 0xf3, 0x00, 0x00, 0x45,
  0x00, 0x00, 0x00, 0x00, 0x00, 0x00, 0x00, 0x00, 0x00, 0x00, 0x00, 0x00,
  0x00, 0x00, 0x30, 0x00, 0x00, 0xec, 0x00, 0x00, 0xff, 0x00, 0x00, 0x68,
  0x00, 0x00, 0x00, 0x00, 0x00, 0x00, 0x00, 0x00, 0x00, 0x00, 0x00, 0x00,
  0x00, 0x00, 0x00, 0x00, 0x00, 0x00, 0x00, 0x00, 0x00, 0x00, 0x00, 0x85,
  0x00, 0x00, 0xce, 0x00, 0x00, 0x16, 0x00, 0x00, 0x00, 0x00, 0x00, 0x00,
  0x00, 0x00, 0x00, 0x00, 0x00, 0x00, 0x00, 0x00, 0x00, 0x00, 0x00, 0x00,
  0x00, 0x00, 0x00, 0x00, 0x00, 0x00, 0x00, 0x00, 0x00, 0x00, 0x00, 0x00,
  0x00, 0x00, 0x00, 0x00, 0x00, 0x00, 0x00, 0x00, 0x00, 0x00, 0x00, 0x00,
  0x00, 0x00, 0x00, 0x00, 0x00, 0x00, 0x00, 0x00, 0x00, 0x00, 0x00, 0x00,
  0x00, 0x00, 0x00, 0x00, 0x00, 0x00, 0x00, 0x00, 0x00, 0x00, 0x00, 0x00,
  0x00, 0x00, 0x00, 0x00, 0x00, 0x00, 0x00, 0x00, 0x00, 0x00, 0x00, 0x00,
  0x00, 0x00, 0x00, 0x00, 0x00, 0x00, 0x00, 0x00, 0x00, 0x00, 0x00, 0x00,
  0x00, 0x00, 0x00, 0x00, 0x00, 0x00, 0x00, 0x00, 0x00, 0x00, 0x00, 0x00,
  0x00, 0x00, 0x00, 0x00, 0x00, 0x00, 0x00, 0x00, 0x00, 0x00, 0x00, 0x00,
  0x00, 0x00, 0x00, 0x00, 0x00, 0x00, 0x00, 0x00, 0x00, 0x00, 0x00, 0x00,
  0x00, 0x00, 0x00, 0x00, 0x00, 0x00, 0x00, 0x00, 0x00, 0x00, 0x00, 0x00,
  0x00, 0x00, 0x00, 0x00, 0x00, 0x00, 0x00, 0x00, 0x00, 0x00, 0x00, 0x00,
  0x00, 0x00, 0x00, 0x00, 0x00, 0x00, 0x00, 0x00, 0x00, 0x00, 0x00, 0x00,
  0x00, 0x00, 0x00, 0x00, 0x00, 0x00, 0x00, 0x00, 0x00, 0x00, 0x00, 0x00,
  0x00, 0x00, 0x00, 0x00, 0x00, 0x00, 0x00, 0x00, 0x00, 0x00, 0x00, 0x00,
  0x00, 0x00, 0x00, 0x00, 0x00, 0x00, 0x00, 0x00, 0x00, 0x00, 0x00, 0x00,
  0x00, 0x00, 0x00, 0x00, 0x00, 0x00, 0x00, 0x00, 0x00, 0x00, 0x00, 0x00,
  0x00, 0x00, 0x00, 0x00, 0x00, 0x00, 0x00, 0x00, 0x00, 0x00, 0x00, 0x1a,
  0x00, 0x00, 0xc1, 0x00, 0x00, 0xff, 0x00, 0x00, 0xff, 0x00, 0x00, 0xea,
  0x00, 0x00, 0x5e, 0x00, 0x00, 0x02, 0x00, 0x00, 0x0a, 0x00, 0x00, 0x02,
  0x00, 0x00, 0x40, 0x00, 0x00, 0x71, 0x00, 0x00, 0x07, 0x00, 0x00, 0x00,
  0x00, 0x00, 0x00, 0x00, 0x00, 0x0a, 0x00, 0x00, 0x71, 0x00, 0x00, 0x34,
  0x00, 0x00, 0x00, 0x00, 0x00, 0x00, 0x00, 0x00, 0x00, 0x00, 0x00, 0x00,
  0x00, 0x00, 0x00, 0x00, 0x00, 0x00, 0x00, 0x00, 0x00, 0x00, 0x00, 0x00,
  0x00, 0x00, 0x00, 0x00, 0x00, 0x00, 0x00, 0x00, 0x09, 0x00, 0x00, 0xbe,
  0x00, 0x00, 0xff, 0x00, 0x00, 0xff, 0x00, 0x00, 0xce, 0x00, 0x00, 0x10,
  0x00, 0x00, 0x00, 0x00, 0x00, 0x00, 0x00, 0x00, 0x00, 0x00, 0x00, 0x00,
  0x00, 0x00, 0x16, 0x00, 0x00, 0xd1, 0x00, 0x00, 0xff, 0x00, 0x00, 0x9a,
  0x00, 0x00, 0x01, 0x00, 0x00, 0x00, 0x00, 0x00, 0x00, 0x00, 0x00, 0x00,
  0x00, 0x00, 0x2c, 0x00, 0x00, 0xe9, 0x00, 0x00, 0xff, 0x00, 0x00, 0x6c,
  0x00, 0x00, 0x00, 0x00, 0x00, 0x00, 0x00, 0x00, 0x00, 0x00, 0x00, 0x00,
  0x00, 0x00, 0x00, 0x00, 0x00, 0x00, 0x00, 0x00, 0x3c, 0x00, 0x00, 0xea,
  0x00, 0x00, 0x7c, 0x00, 0x00, 0x00, 0x00, 0x00, 0x00, 0x00, 0x00, 0x00,
  0x00, 0x00, 0x00, 0x00, 0x00, 0x00, 0x00, 0x00, 0x00, 0x00, 0x00, 0x00,
  0x00, 0x00, 0x00, 0x00, 0x00, 0x00, 0x00, 0x00, 0x00, 0x00, 0x00, 0x00,
  0x00, 0x00, 0x00, 0x00, 0x00, 0x00, 0x00, 0x00, 0x00, 0x00, 0x00, 0x00,
  0x00, 0x00, 0x00, 0x00, 0x00, 0x00, 0x00, 0x00, 0x00, 0x00, 0x00, 0x00,
  0x00, 0x00, 0x00, 0x00, 0x00, 0x00, 0x00, 0x00, 0x00, 0x00, 0x00, 0x00,
  0x00, 0x00, 0x00, 0x00, 0x00, 0x00, 0x00, 0x00, 0x00, 0x00, 0x00, 0x00,
  0x00, 0x00, 0x00, 0x00, 0x00, 0x00, 0x00, 0x00, 0x00, 0x00, 0x00, 0x00,
  0x00, 0x00, 0x00, 0x00, 0x00, 0x00, 0x00, 0x00, 0x00, 0x00, 0x00, 0x00,
  0x00, 0x00, 0x00, 0x00, 0x00, 0x00, 0x00, 0x00, 0x00, 0x00, 0x00, 0x00,
  0x00, 0x00, 0x00, 0x00, 0x00, 0x00, 0x00, 0x00, 0x00, 0x00, 0x00, 0x00,
  0x00, 0x00, 0x00, 0x00, 0x00, 0x00, 0x00, 0x00, 0x00, 0x00, 0x00, 0x00,
  0x00, 0x00, 0x00, 0x00, 0x00, 0x00, 0x00, 0x00, 0x00, 0x00, 0x00, 0x00,
  0x00, 0x00, 0x00, 0x00, 0x00, 0x00, 0x00, 0x00, 0x00, 0x00, 0x00, 0x00,
  0x00, 0x00, 0x00, 0x00, 0x00, 0x00, 0x00, 0x00, 0x00, 0x00, 0x00, 0x00,
  0x00, 0x00, 0x00, 0x00, 0x00, 0x00, 0x00, 0x00, 0x00, 0x00, 0x00, 0x00,
  0x00, 0x00, 0x00, 0x00, 0x00, 0x00, 0x00, 0x00, 0x00, 0x00, 0x00, 0x00,
  0x00, 0x00, 0x00, 0x00, 0x00, 0x00, 0x00, 0x00, 0x00, 0x00, 0x00, 0x00,
  0x00, 0x00, 0x00, 0x00, 0x00, 0x00, 0x00, 0x00, 0x06, 0x00, 0x00, 0x95,
  0x00, 0x00, 0xff, 0x00, 0x00, 0xff, 0x00, 0x00, 0xe9, 0x00, 0x00, 0x58,
  0x00, 0x00, 0x00, 0x00, 0x00, 0x00, 0x00, 0x00, 0x00, 0x00, 0x00, 0x31,
  0x00, 0x00, 0xa5, 0x00, 0x00, 0x23, 0x00, 0x00, 0x00, 0x00, 0x00, 0x00,
  0x00, 0x00, 0x00, 0x00, 0x00, 0x5c, 0x00, 0x00, 0x57, 0x00, 0x00, 0x00,
  0x00, 0x00, 0x00, 0x00, 0x00, 0x00, 0x00, 0x00, 0x00, 0x00, 0x00, 0x00,
  0x00, 0x00, 0x00, 0x00, 0x00, 0x00, 0x00, 0x00, 0x00, 0x00, 0x00, 0x00,
  0x00, 0x00, 0x00, 0x00, 0x00, 0x00, 0x00, 0x00, 0x00, 0x00, 0x00, 0x64,
  0x00, 0x00, 0xe8, 0x00, 0x00, 0xec, 0x00, 0x00, 0x71, 0x00, 0x00, 0x00,
  0x00, 0x00, 0x00, 0x00, 0x00, 0x00, 0x00, 0x00, 0x00, 0x00, 0x00, 0x00,
  0x00, 0x00, 0x02, 0x00, 0x00, 0xa3, 0x00, 0x00, 0xff, 0x00, 0x00, 0xce,
  0x00, 0x00, 0x13, 0x00, 0x00, 0x00, 0x00, 0x00, 0x00, 0x00, 0x00, 0x00,
  0x00, 0x00, 0x3a, 0x00, 0x00, 0xf2, 0x00, 0x00, 0xff, 0x00, 0x00, 0x5d,
  0x00, 0x00, 0x00, 0x00, 0x00, 0x00, 0x00, 0x00, 0x00, 0x00, 0x00, 0x00,
  0x00, 0x00, 0x00, 0x00, 0x00, 0x11, 0x00, 0x00, 0xba, 0x00, 0x00, 0xe3,
  0x00, 0x00, 0x28, 0x00, 0x00, 0x00, 0x00, 0x00, 0x00, 0x00, 0x00, 0x00,
  0x00, 0x00, 0x00, 0x00, 0x00, 0x00, 0x00, 0x00, 0x00, 0x00, 0x00, 0x00,
  0x00, 0x00, 0x00, 0x00, 0x00, 0x00, 0x00, 0x00, 0x00, 0x00, 0x00, 0x00,
  0x00, 0x00, 0x00, 0x00, 0x00, 0x00, 0x00, 0x00, 0x00, 0x00, 0x00, 0x00,
  0x00, 0x00, 0x00, 0x00, 0x00, 0x00, 0x00, 0x00, 0x00, 0x00, 0x00, 0x00,
  0x00, 0x00, 0x00, 0x00, 0x00, 0x00, 0x00, 0x00, 0x00, 0x00, 0x00, 0x00,
  0x00, 0x00, 0x00, 0x00, 0x00, 0x00, 0x00, 0x00, 0x00, 0x00, 0x00, 0x00,
  0x00, 0x00, 0x00, 0x00, 0x00, 0x00, 0x00, 0x00, 0x00, 0x00, 0x00, 0x00,
  0x00, 0x00, 0x00, 0x00, 0x00, 0x00, 0x00, 0x00, 0x00, 0x00, 0x00, 0x00,
  0x00, 0x00, 0x00, 0x00, 0x00, 0x00, 0x00, 0x00, 0x00, 0x00, 0x00, 0x00,
  0x00, 0x00, 0x00, 0x00, 0x00, 0x00, 0x00, 0x00, 0x00, 0x00, 0x00, 0x00,
  0x00, 0x00, 0x00, 0x00, 0x00, 0x00, 0x00, 0x00, 0x00, 0x00, 0x00, 0x00,
  0x00, 0x00, 0x00, 0x00, 0x00, 0x00, 0x00, 0x00, 0x00, 0x00, 0x00, 0x00,
  0x00, 0x00, 0x00, 0x00, 0x00, 0x00, 0x00, 0x00, 0x00, 0x00, 0x00, 0x00,
  0x00, 0x00, 0x00, 0x00, 0x00, 0x00, 0x00, 0x00, 0x00, 0x00, 0x00, 0x00,
  0x00, 0x00, 0x00, 0x00, 0x00, 0x00, 0x00, 0x00, 0x00, 0x00, 0x00, 0x00,
  0x00, 0x00, 0x00, 0x00, 0x00, 0x00, 0x00, 0x00, 0x00, 0x00, 0x00, 0x00,
  0x00, 0x00, 0x00, 0x00, 0x00, 0x00, 0x00, 0x00, 0x00, 0x00, 0x00, 0x00,
  0x00, 0x00, 0x00, 0x00, 0x00, 0x00, 0x00, 0x00, 0x5c, 0x00, 0x00, 0xf6,
  0x00, 0x00, 0xff, 0x00, 0x00, 0xec, 0x00, 0x00, 0x59, 0x00, 0x00, 0x00,
  0x00, 0x00, 0x00, 0x00, 0x00, 0x00, 0x00, 0x00, 0x18, 0x00, 0x00, 0xb6,
  0x00, 0x00, 0x64, 0x00, 0x00, 0x00, 0x00, 0x00, 0x00, 0x00, 0x00, 0x00,
  0x00, 0x00, 0x24, 0x00, 0x00, 0x89, 0x00, 0x00, 0x0d, 0x00, 0x00, 0x00,
  0x00, 0x00, 0x00, 0x00, 0x00, 0x00, 0x00, 0x00, 0x00, 0x00, 0x00, 0x00,
  0x00, 0x00, 0x00, 0x00, 0x00, 0x00, 0x00, 0x00, 0x00, 0x00, 0x00, 0x00,
  0x00, 0x00, 0x00, 0x00, 0x00, 0x00, 0x00, 0x00, 0x00, 0x00, 0x00, 0x04,
  0x00, 0x00, 0x2d, 0x00, 0x00, 0x35, 0x00, 0x00, 0x61, 0x00, 0x00, 0x44,
  0x00, 0x00, 0x00, 0x00, 0x00, 0x00, 0x00, 0x00, 0x00, 0x00, 0x00, 0x00,
  0x00, 0x00, 0x00, 0x00, 0x00, 0x8a, 0x00, 0x00, 0xff, 0x00, 0x00, 0xe5,
  0x00, 0x00, 0x25, 0x00, 0x00, 0x00, 0x00, 0x00, 0x00, 0x00, 0x00, 0x00,
  0x00, 0x00, 0x5e, 0x00, 0x00, 0xfe, 0x00, 0x00, 0xf4, 0x00, 0x00, 0x3e,
  0x00, 0x00, 0x00, 0x00, 0x00, 0x00, 0x00, 0x00, 0x00, 0x00, 0x00, 0x00,
  0x00, 0x00, 0x00, 0x00, 0x00, 0x7c, 0x00, 0x00, 0xff, 0x00, 0x00, 0x8f,
  0x00, 0x00, 0x01, 0x00, 0x00, 0x00, 0x00, 0x00, 0x00, 0x00, 0x00, 0x00,
  0x00, 0x00, 0x00, 0x00, 0x00, 0x00, 0x00, 0x00, 0x00, 0x00, 0x00, 0x00,
  0x00, 0x00, 0x00, 0x00, 0x00, 0x00, 0x00, 0x00, 0x00, 0x00, 0x00, 0x00,
  0x00, 0x00, 0x00, 0x00, 0x00, 0x00, 0x00, 0x00, 0x00, 0x00, 0x00, 0x00,
  0x00, 0x00, 0x00, 0x00, 0x00, 0x00, 0x00, 0x00, 0x00, 0x00, 0x00, 0x00,
  0x00, 0x00, 0x00, 0x00, 0x00, 0x00, 0x00, 0x00, 0x00, 0x00, 0x00, 0x00,
  0x00, 0x00, 0x00, 0x00, 0x00, 0x00, 0x00, 0x00, 0x00, 0x00, 0x00, 0x00,
  0x00, 0x00, 0x00, 0x00, 0x00, 0x00, 0x00, 0x00, 0x00, 0x00, 0x00, 0x00,
  0x00, 0x00, 0x00, 0x00, 0x00, 0x00, 0x00, 0x00, 0x00, 0x00, 0x00, 0x00,
  0x00, 0x00, 0x00, 0x00, 0x00, 0x00, 0x00, 0x00, 0x00, 0x00, 0x00, 0x00,
  0x00, 0x00, 0x00, 0x00, 0x00, 0x00, 0x00, 0x00, 0x00, 0x00, 0x00, 0x00,
  0x00, 0x00, 0x00, 0x00, 0x00, 0x00, 0x00, 0x00, 0x00, 0x00, 0x00, 0x00,
  0x00, 0x00, 0x00, 0x00, 0x00, 0x00, 0x00, 0x00, 0x00, 0x00, 0x00, 0x00,
  0x00, 0x00, 0x00, 0x00, 0x00, 0x00, 0x00, 0x00, 0x00, 0x00, 0x00, 0x00,
  0x00, 0x00, 0x00, 0x00, 0x00, 0x00, 0x00, 0x00, 0x00, 0x00, 0x00, 0x00,
  0x00, 0x00, 0x00, 0x00, 0x00, 0x00, 0x00, 0x00, 0x00, 0x00, 0x00, 0x00,
  0x00, 0x00, 0x00, 0x00, 0x00, 0x00, 0x00, 0x00, 0x00, 0x00, 0x00, 0x00,
  0x00, 0x00, 0x00, 0x00, 0x00, 0x00, 0x00, 0x00, 0x00, 0x00, 0x00, 0x00,
  0x00, 0x00, 0x00, 0x00, 0x00, 0x26, 0x00, 0x00, 0xd6, 0x00, 0x00, 0xff,
  0x00, 0x00, 0xf2, 0x00, 0x00, 0x63, 0x00, 0x00, 0x00, 0x00, 0x00, 0x00,
  0x00, 0x00, 0x00, 0x00, 0x00, 0x05, 0x00, 0x00, 0x94, 0x00, 0x00, 0xbc,
  0x00, 0x00, 0x0f, 0x00, 0x00, 0x00, 0x00, 0x00, 0x00, 0x00, 0x00, 0x00,
  0x00, 0x00, 0x73, 0x00, 0x00, 0x56, 0x00, 0x00, 0x00, 0x00, 0x00, 0x00,
  0x00, 0x00, 0x00, 0x00, 0x00, 0x00, 0x00, 0x00, 0x00, 0x00, 0x00, 0x00,
  0x00, 0x00, 0x00, 0x00, 0x00, 0x00, 0x00, 0x00, 0x00, 0x00, 0x00, 0x00,
  0x00, 0x00, 0x00, 0x00, 0x00, 0x00, 0x00, 0x00, 0x00, 0x00, 0x00, 0x00,
  0x00, 0x00, 0x00, 0x00, 0x00, 0x0c, 0x00, 0x00, 0xbc, 0x00, 0x00, 0x92,
  0x00, 0x00, 0x01, 0x00, 0x00, 0x00, 0x00, 0x00, 0x00, 0x00, 0x00, 0x00,
  0x00, 0x00, 0x00, 0x00, 0x00, 0x8a, 0x00, 0x00, 0xff, 0x00, 0x00, 0xeb,
  0x00, 0x00, 0x2b, 0x00, 0x00, 0x00, 0x00, 0x00, 0x00, 0x00, 0x00, 0x00,
  0x00, 0x00, 0x97, 0x00, 0x00, 0xff, 0x00, 0x00, 0xd7, 0x00, 0x00, 0x1a,
  0x00, 0x00, 0x00, 0x00, 0x00, 0x00, 0x00, 0x00, 0x00, 0x00, 0x00, 0x00,
  0x00, 0x00, 0x47, 0x00, 0x00, 0xed, 0x00, 0x00, 0xe7, 0x00, 0x00, 0x30,
  0x00, 0x00, 0x00, 0x00, 0x00, 0x00, 0x00, 0x00, 0x00, 0x00, 0x00, 0x00,
  0x00, 0x00, 0x00, 0x00, 0x00, 0x00, 0x00, 0x00, 0x00, 0x00, 0x00, 0x00,
  0x00, 0x00, 0x00, 0x00, 0x00, 0x00, 0x00, 0x00, 0x00, 0x00, 0x00, 0x00,
  0x00, 0x00, 0x00, 0x00, 0x00, 0x00, 0x00, 0x00, 0x00, 0x00, 0x00, 0x00,
  0x00, 0x00, 0x00, 0x00, 0x00, 0x00, 0x00, 0x00, 0x00, 0x00, 0x00, 0x00,
  0x00, 0x00, 0x00, 0x00, 0x00, 0x00, 0x00, 0x00, 0x00, 0x00, 0x00, 0x00,
  0x00, 0x00, 0x00, 0x00, 0x00, 0x00, 0x00, 0x00, 0x00, 0x00, 0x00, 0x00,
  0x00, 0x00, 0x00, 0x00, 0x00, 0x00, 0x00, 0x00, 0x00, 0x00, 0x00, 0x00,
  0x00, 0x00, 0x00, 0x00, 0x00, 0x00, 0x00, 0x00, 0x00, 0x00, 0x00, 0x00,
  0x00, 0x00, 0x00, 0x00, 0x00, 0x00, 0x00, 0x00, 0x00, 0x00, 0x00, 0x00,
  0x00, 0x00, 0x00, 0x00, 0x00, 0x00, 0x00, 0x00, 0x00, 0x00, 0x00, 0x00,
  0x00, 0x00, 0x00, 0x00, 0x00, 0x00, 0x00, 0x00, 0x00, 0x00, 0x00, 0x00,
  0x00, 0x00, 0x00, 0x00, 0x00, 0x00, 0x00, 0x00, 0x00, 0x00, 0x00, 0x00,
  0x00, 0x00, 0x00, 0x00, 0x00, 0x00, 0x00, 0x00, 0x00, 0x00, 0x00, 0x00,
  0x00, 0x00, 0x00, 0x00, 0x00, 0x00, 0x00, 0x00, 0x00, 0x00, 0x00, 0x00,
  0x00, 0x00, 0x00, 0x00, 0x00, 0x00, 0x00, 0x00, 0x00, 0x00, 0x00, 0x00,
  0x00, 0x00, 0x00, 0x00, 0x00, 0x00, 0x00, 0x00, 0x00, 0x00, 0x00, 0x00,
  0x00, 0x00, 0x00, 0x00, 0x00, 0x00, 0x00, 0x00, 0x00, 0x00, 0x00, 0x00,
  0x00, 0x00, 0x05, 0x00, 0x00, 0x98, 0x00, 0x00, 0xff, 0x00, 0x00, 0xf9,
  0x00, 0x00, 0x76, 0x00, 0x00, 0x02, 0x00, 0x00, 0x00, 0x00, 0x00, 0x00,
  0x00, 0x00, 0x00, 0x00, 0x00, 0x56, 0x00, 0x00, 0xed, 0x00, 0x00, 0x56,
  0x00, 0x00, 0x00, 0x00, 0x00, 0x00, 0x00, 0x00, 0x00, 0x00, 0x00, 0x15,
  0x00, 0x00, 0xa2, 0x00, 0x00, 0x1e, 0x00, 0x00, 0x00, 0x00, 0x00, 0x00,
  0x00, 0x00, 0x00, 0x00, 0x00, 0x00, 0x00, 0x00, 0x00, 0x00, 0x00, 0x00,
  0x00, 0x00, 0x00, 0x00, 0x00, 0x00, 0x00, 0x00, 0x00, 0x00, 0x00, 0x00,
  0x00, 0x00, 0x00, 0x00, 0x00, 0x00, 0x00, 0x00, 0x00, 0x00, 0x00, 0x00,
  0x00, 0x00, 0x00, 0x00, 0x00, 0x01, 0x00, 0x00, 0x20, 0x00, 0x00, 0x16,
  0x00, 0x00, 0x00, 0x00, 0x00, 0x00, 0x00, 0x00, 0x00, 0x00, 0x00, 0x00,
  0x00, 0x00, 0x02, 0x00, 0x00, 0xa5, 0x00, 0x00, 0xff, 0x00, 0x00, 0xe6,
  0x00, 0x00, 0x24, 0x00, 0x00, 0x00, 0x00, 0x00, 0x00, 0x00, 0x00, 0x1c,
  0x00, 0x00, 0xd8, 0x00, 0x00, 0xff, 0x00, 0x00, 0x9d, 0x00, 0x00, 0x02,
  0x00, 0x00, 0x00, 0x00, 0x00, 0x00, 0x00, 0x00, 0x00, 0x00, 0x00, 0x26,
  0x00, 0x00, 0xd0, 0x00, 0x00, 0xff, 0x00, 0x00, 0x8f, 0x00, 0x00, 0x01,
  0x00, 0x00, 0x00, 0x00, 0x00, 0x00, 0x00, 0x00, 0x00, 0x00, 0x00, 0x00,
  0x00, 0x00, 0x00, 0x00, 0x00, 0x00, 0x00, 0x00, 0x00, 0x00, 0x00, 0x00,
  0x00, 0x00, 0x00, 0x00, 0x00, 0x00, 0x00, 0x00, 0x00, 0x00, 0x00, 0x00,
  0x00, 0x00, 0x00, 0x00, 0x00, 0x00, 0x00, 0x00, 0x00, 0x00, 0x00, 0x00,
  0x00, 0x00, 0x00, 0x00, 0x00, 0x00, 0x00, 0x00, 0x00, 0x00, 0x00, 0x00,
  0x00, 0x00, 0x00, 0x00, 0x00, 0x00, 0x00, 0x00, 0x00, 0x00, 0x00, 0x00,
  0x00, 0x00, 0x00, 0x00, 0x00, 0x00, 0x00, 0x00, 0x00, 0x00, 0x00, 0x00,
  0x00, 0x00, 0x00, 0x00, 0x00, 0x00, 0x00, 0x00, 0x00, 0x00, 0x00, 0x00,
  0x00, 0x00, 0x00, 0x00, 0x00, 0x00, 0x00, 0x00, 0x00, 0x00, 0x00, 0x00,
  0x00, 0x00, 0x00, 0x00, 0x00, 0x00, 0x00, 0x00, 0x00, 0x00, 0x00, 0x00,
  0x00, 0x00, 0x00, 0x00, 0x00, 0x00, 0x00, 0x00, 0x00, 0x00, 0x00, 0x00,
  0x00, 0x00, 0x00, 0x00, 0x00, 0x00, 0x00, 0x00, 0x00, 0x00, 0x00, 0x00,
  0x00, 0x00, 0x00, 0x00, 0x00, 0x00, 0x00, 0x00, 0x00, 0x00, 0x00, 0x00,
  0x00, 0x00, 0x00, 0x00, 0x00, 0x00, 0x00, 0x00, 0x00, 0x00, 0x00, 0x00,
  0x00, 0x00, 0x00, 0x00, 0x00, 0x00, 0x00, 0x00, 0x00, 0x00, 0x00, 0x00,
  0x00, 0x00, 0x00, 0x00, 0x00, 0x00, 0x00, 0x00, 0x00, 0x00, 0x00, 0x00,
  0x00, 0x00, 0x00, 0x00, 0x00, 0x00, 0x00, 0x00, 0x00, 0x00, 0x00, 0x00,
  0x00, 0x00, 0x00, 0x00, 0x00, 0x00, 0x00, 0x00, 0x00, 0x00, 0x00, 0x00,
  0x00, 0x00, 0x48, 0x00, 0x00, 0xf1, 0x00, 0x00, 0xff, 0x00, 0x00, 0x92,
  0x00, 0x00, 0x07, 0x00, 0x00, 0x00, 0x00, 0x00, 0x00, 0x00, 0x00, 0x00,
  0x00, 0x00, 0x1a, 0x00, 0x00, 0xcf, 0x00, 0x00, 0xc8, 0x00, 0x00, 0x11,
  0x00, 0x00, 0x00, 0x00, 0x00, 0x00, 0x00, 0x00, 0x00, 0x00, 0x00, 0x41,
  0x00, 0x00, 0xa1, 0x00, 0x00, 0x05, 0x00, 0x00, 0x00, 0x00, 0x00, 0x00,
  0x00, 0x00, 0x00, 0x00, 0x00, 0x00, 0x00, 0x00, 0x00, 0x00, 0x00, 0x00,
  0x00, 0x00, 0x00, 0x00, 0x00, 0x00, 0x00, 0x00, 0x00, 0x00, 0x00, 0x00,
  0x00, 0x00, 0x00, 0x00, 0x00, 0x00, 0x00, 0x00, 0x00, 0x00, 0x00, 0x00,
  0x00, 0x00, 0x00, 0x00, 0x00, 0x00, 0x00, 0x00, 0x00, 0x00, 0x00, 0x00,
  0x00, 0x00, 0x00, 0x00, 0x00, 0x00, 0x00, 0x00, 0x00, 0x00, 0x00, 0x00,
  0x00, 0x00, 0x05, 0x00, 0x00, 0x60, 0x00, 0x00, 0x84, 0x00, 0x00, 0x6d,
  0x00, 0x00, 0x0d, 0x00, 0x00, 0x00, 0x00, 0x00, 0x00, 0x00, 0x00, 0x21,
  0x00, 0x00, 0x7c, 0x00, 0x00, 0x81, 0x00, 0x00, 0x34, 0x00, 0x00, 0x00,
  0x00, 0x00, 0x00, 0x00, 0x00, 0x00, 0x00, 0x00, 0x00, 0x00, 0x00, 0x3a,
  0x00, 0x00, 0x7f, 0x00, 0x00, 0x79, 0x00, 0x00, 0x22, 0x00, 0x00, 0x00,
  0x00, 0x00, 0x00, 0x00, 0x00, 0x00, 0x00, 0x00, 0x00, 0x00, 0x00, 0x00,
  0x00, 0x00, 0x00, 0x00, 0x00, 0x00, 0x00, 0x00, 0x00, 0x00, 0x00, 0x00,
  0x00, 0x00, 0x00, 0x00, 0x00, 0x00, 0x00, 0x00, 0x00, 0x00, 0x00, 0x00,
  0x00, 0x00, 0x00, 0x00, 0x00, 0x00, 0x00, 0x00, 0x00, 0x00, 0x00, 0x00,
  0x00, 0x00, 0x00, 0x00, 0x00, 0x00, 0x00, 0x00, 0x00, 0x00, 0x00, 0x00,
  0x00, 0x00, 0x00, 0x00, 0x00, 0x00, 0x00, 0x00, 0x00, 0x00, 0x00, 0x00,
  0x00, 0x00, 0x00, 0x00, 0x00, 0x00, 0x00, 0x00, 0x00, 0x00, 0x00, 0x00,
  0x00, 0x00, 0x00, 0x00, 0x00, 0x00, 0x00, 0x00, 0x00, 0x00, 0x00, 0x00,
  0x00, 0x00, 0x00, 0x00, 0x00, 0x00, 0x00, 0x00, 0x00, 0x00, 0x00, 0x00,
  0x00, 0x00, 0x00, 0x00, 0x00, 0x00, 0x00, 0x00, 0x00, 0x00, 0x00, 0x00,
  0x00, 0x00, 0x00, 0x00, 0x00, 0x00, 0x00, 0x00, 0x00, 0x00, 0x00, 0x00,
  0x00, 0x00, 0x00, 0x00, 0x00, 0x00, 0x00, 0x00, 0x00, 0x00, 0x00, 0x00,
  0x00, 0x00, 0x00, 0x00, 0x00, 0x00, 0x00, 0x00, 0x00, 0x00, 0x00, 0x00,
  0x00, 0x00, 0x00, 0x00, 0x00, 0x00, 0x00, 0x00, 0x00, 0x00, 0x00, 0x00,
  0x00, 0x00, 0x00, 0x00, 0x00, 0x00, 0x00, 0x00, 0x00, 0x00, 0x00, 0x00,
  0x00, 0x00, 0x00, 0x00, 0x00, 0x00, 0x00, 0x00, 0x00, 0x00, 0x00, 0x00,
  0x00, 0x00, 0x00, 0x00, 0x00, 0x00, 0x00, 0x00, 0x00, 0x00, 0x00, 0x00,
  0x00, 0x00, 0x00, 0x00, 0x00, 0x00, 0x00, 0x00, 0x00, 0x00, 0x00, 0x10,
  0x00, 0x00, 0xba, 0x00, 0x00, 0xff, 0x00, 0x00, 0xb4, 0x00, 0x00, 0x14,
  0x00, 0x00, 0x00, 0x00, 0x00, 0x00, 0x00, 0x00, 0x00, 0x00, 0x00, 0x00,
  0x00, 0x00, 0x77, 0x00, 0x00, 0xff, 0x00, 0x00, 0x76, 0x00, 0x00, 0x00,
  0x00, 0x00, 0x00, 0x00, 0x00, 0x00, 0x00, 0x00, 0x00, 0x00, 0x00, 0x6d,
  0x00, 0x00, 0x93, 0x00, 0x00, 0x00, 0x00, 0x00, 0x00, 0x00, 0x00, 0x00,
  0x00, 0x00, 0x00, 0x00, 0x00, 0x00, 0x00, 0x00, 0x00, 0x00, 0x00, 0x00,
  0x00, 0x00, 0x00, 0x00, 0x00, 0x00, 0x00, 0x00, 0x00, 0x00, 0x00, 0x00,
  0x00, 0x00, 0x00, 0x00, 0x00, 0x00, 0x00, 0x00, 0x00, 0x00, 0x00, 0x00,
  0x00, 0x00, 0x00, 0x00, 0x00, 0x00, 0x00, 0x00, 0x00, 0x00, 0x00, 0x00,
  0x00, 0x00, 0x00, 0x00, 0x00, 0x00, 0x00, 0x00, 0x00, 0x00, 0x00, 0x00,
  0x00, 0x00, 0x00, 0x00, 0x00, 0x00, 0x00, 0x00, 0x00, 0x00, 0x00, 0x00,
  0x00, 0x00, 0x00, 0x00, 0x00, 0x00, 0x00, 0x00, 0x00, 0x00, 0x00, 0x00,
  0x00, 0x00, 0x00, 0x00, 0x00, 0x00, 0x00, 0x00, 0x00, 0x00, 0x00, 0x00,
  0x00, 0x00, 0x00, 0x00, 0x00, 0x00, 0x00, 0x00, 0x00, 0x00, 0x00, 0x00,
  0x00, 0x00, 0x00, 0x00, 0x00, 0x00, 0x00, 0x00, 0x00, 0x00, 0x00, 0x00,
  0x00, 0x00, 0x00, 0x00, 0x00, 0x00, 0x00, 0x00, 0x00, 0x00, 0x00, 0x00,
  0x00, 0x00, 0x00, 0x00, 0x00, 0x00, 0x00, 0x00, 0x00, 0x00, 0x00, 0x00,
  0x00, 0x00, 0x00, 0x00, 0x00, 0x00, 0x00, 0x00, 0x00, 0x00, 0x00, 0x00,
  0x00, 0x00, 0x00, 0x00, 0x00, 0x00, 0x00, 0x00, 0x00, 0x00, 0x00, 0x00,
  0x00, 0x00, 0x00, 0x00, 0x00, 0x00, 0x00, 0x00, 0x00, 0x00, 0x00, 0x00,
  0x00, 0x00, 0x00, 0x00, 0x00, 0x00, 0x00, 0x00, 0x00, 0x00, 0x00, 0x00,
  0x00, 0x00, 0x00, 0x00, 0x00, 0x00, 0x00, 0x00, 0x00, 0x00, 0x00, 0x00,
  0x00, 0x00, 0x00, 0x00, 0x00, 0x00, 0x00, 0x00, 0x00, 0x00, 0x00, 0x00,
  0x00, 0x00, 0x00, 0x00, 0x00, 0x00, 0x00, 0x00, 0x00, 0x00, 0x00, 0x00,
  0x00, 0x00, 0x00, 0x00, 0x00, 0x00, 0x00, 0x00, 0x00, 0x00, 0x00, 0x00,
  0x00, 0x00, 0x00, 0x00, 0x00, 0x00, 0x00, 0x00, 0x00, 0x00, 0x00, 0x00,
  0x00, 0x00, 0x00, 0x00, 0x00, 0x00, 0x00, 0x00, 0x00, 0x00, 0x00, 0x00,
  0x00, 0x00, 0x00, 0x00, 0x00, 0x00, 0x00, 0x00, 0x00, 0x00, 0x00, 0x00,
  0x00, 0x00, 0x00, 0x00, 0x00, 0x00, 0x00, 0x00, 0x00, 0x00, 0x00, 0x00,
  0x00, 0x00, 0x00, 0x00, 0x00, 0x00, 0x00, 0x00, 0x00, 0x00, 0x00, 0x00,
  0x00, 0x00, 0x00, 0x00, 0x00, 0x00, 0x00, 0x00, 0x00, 0x00, 0x00, 0x00,
  0x00, 0x00, 0x00, 0x00, 0x00, 0x00, 0x00, 0x00, 0x00, 0x00, 0x00, 0x00,
  0x00, 0x00, 0x00, 0x00, 0x00, 0x00, 0x00, 0x00, 0x00, 0x00, 0x00, 0x61,
  0x00, 0x00, 0xfd, 0x00, 0x00, 0xd6, 0x00, 0x00, 0x2b, 0x00, 0x00, 0x00,
  0x00, 0x00, 0x00, 0x00, 0x00, 0x00, 0x00, 0x00, 0x00, 0x00, 0x00, 0x1b,
  0x00, 0x00, 0xd4, 0x00, 0x00, 0xef, 0x00, 0x00, 0x34, 0x00, 0x00, 0x00,
  0x00, 0x00, 0x00, 0x00, 0x00, 0x00, 0x00, 0x00, 0x00, 0x00, 0x00, 0x88,
  0x00, 0x00, 0x94, 0x00, 0x00, 0x00, 0x00, 0x00, 0x00, 0x00, 0x00, 0x00,
  0x00, 0x00, 0x00, 0x00, 0x00, 0x00, 0x00, 0x00, 0x00, 0x00, 0x00, 0x00,
  0x00, 0x00, 0x00, 0x00, 0x00, 0x00, 0x00, 0x00, 0x00, 0x00, 0x00, 0x00,
  0x00, 0x00, 0x00, 0x00, 0x00, 0x00, 0x00, 0x00, 0x00, 0x00, 0x00, 0x00,
  0x00, 0x00, 0x00, 0x00, 0x00, 0x00, 0x00, 0x00, 0x00, 0x00, 0x00, 0x00,
  0x00, 0x00, 0x00, 0x00, 0x00, 0x00, 0x00, 0x00, 0x00, 0x00, 0x00, 0x00,
  0x00, 0x00, 0x00, 0x00, 0x00, 0x11, 0x00, 0x00, 0x50, 0x00, 0x00, 0x66,
  0x00, 0x00, 0x65, 0x00, 0x00, 0x65, 0x00, 0x00, 0x65, 0x00, 0x00, 0x65,
  0x00, 0x00, 0x65, 0x00, 0x00, 0x65, 0x00, 0x00, 0x65, 0x00, 0x00, 0x5f,
  0x00, 0x00, 0x23, 0x00, 0x00, 0x00, 0x00, 0x00, 0x00, 0x00, 0x00, 0x05,
  0x00, 0x00, 0x4e, 0x00, 0x00, 0x66, 0x00, 0x00, 0x65, 0x00, 0x00, 0x65,
  0x00, 0x00, 0x65, 0x00, 0x00, 0x65, 0x00, 0x00, 0x65, 0x00, 0x00, 0x65,
  0x00, 0x00, 0x65, 0x00, 0x00, 0x41, 0x00, 0x00, 0x04, 0x00, 0x00, 0x00,
  0x00, 0x00, 0x00, 0x00, 0x00, 0x20, 0x00, 0x00, 0x65, 0x00, 0x00, 0x44,
  0x00, 0x00, 0x01, 0x00, 0x00, 0x00, 0x00, 0x00, 0x00, 0x00, 0x00, 0x2f,
  0x00, 0x00, 0x61, 0x00, 0x00, 0x65, 0x00, 0x00, 0x65, 0x00, 0x00, 0x65,
  0x00, 0x00, 0x65, 0x00, 0x00, 0x65, 0x00, 0x00, 0x65, 0x00, 0x00, 0x65,
  0x00, 0x00, 0x44, 0x00, 0x00, 0x05, 0x00, 0x00, 0x00, 0x00, 0x00, 0x0d,
  0x00, 0x00, 0x5b, 0x00, 0x00, 0x57, 0x00, 0x00, 0x0a, 0x00, 0x00, 0x00,
  0x00, 0x00, 0x41, 0x00, 0x00, 0x68, 0x00, 0x00, 0x31, 0x00, 0x00, 0x00,
  0x00, 0x00, 0x00, 0x00, 0x00, 0x00, 0x00, 0x00, 0x00, 0x00, 0x00, 0x00,
  0x00, 0x00, 0x00, 0x00, 0x00, 0x00, 0x00, 0x00, 0x13, 0x00, 0x00, 0x5f,
  0x00, 0x00, 0x5c, 0x00, 0x00, 0x00, 0x00, 0x00, 0x00, 0x00, 0x00, 0x00,
  0x00, 0x00, 0x00, 0x00, 0x00, 0x00, 0x00, 0x00, 0x00, 0x00, 0x00, 0x00,
  0x00, 0x00, 0x00, 0x00, 0x00, 0x00, 0x00, 0x00, 0x00, 0x00, 0x00, 0x00,
  0x00, 0x00, 0x00, 0x00, 0x00, 0x00, 0x00, 0x00, 0x00, 0x00, 0x00, 0x00,
  0x00, 0x00, 0x00, 0x00, 0x00, 0x00, 0x00, 0x00, 0x00, 0x00, 0x00, 0x00,
  0x00, 0x00, 0x00, 0x00, 0x00, 0x00, 0x00, 0x00, 0x00, 0x00, 0x00, 0x00,
  0x00, 0x00, 0x00, 0x00, 0x00, 0x00, 0x00, 0x00, 0x15, 0x00, 0x00, 0xc9,
  0x00, 0x00, 0xf4, 0x00, 0x00, 0x53, 0x00, 0x00, 0x00, 0x00, 0x00, 0x00,
  0x00, 0x00, 0x00, 0x00, 0x00, 0x00, 0x00, 0x00, 0x00, 0x00, 0x00, 0x5d,
  0x00, 0x00, 0xff, 0x00, 0x00, 0xc9, 0x00, 0x00, 0x10, 0x00, 0x00, 0x00,
  0x00, 0x00, 0x00, 0x00, 0x00, 0x00, 0x00, 0x00, 0x00, 0x00, 0x00, 0x8b,
  0x00, 0x00, 0xae, 0x00, 0x00, 0x03, 0x00, 0x00, 0x00, 0x00, 0x00, 0x00,
  0x00, 0x00, 0x00, 0x00, 0x00, 0x00, 0x00, 0x00, 0x00, 0x00, 0x00, 0x00,
  0x00, 0x00, 0x00, 0x00, 0x00, 0x00, 0x00, 0x00, 0x00, 0x00, 0x00, 0x00,
  0x00, 0x00, 0x00, 0x00, 0x00, 0x00, 0x00, 0x00, 0x00, 0x00, 0x00, 0x00,
  0x00, 0x00, 0x00, 0x00, 0x00, 0x00, 0x00, 0x00, 0x00, 0x00, 0x00, 0x00,
  0x00, 0x00, 0x00, 0x00, 0x00, 0x00, 0x00, 0x00, 0x00, 0x00, 0x00, 0x00,
  0x00, 0x00, 0x26, 0x00, 0x00, 0xb2, 0x00, 0x00, 0xfa, 0x00, 0x00, 0xfb,
  0x00, 0x00, 0xfa, 0x00, 0x00, 0xfa, 0x00, 0x00, 0xfa, 0x00, 0x00, 0xfa,
  0x00, 0x00, 0xfa, 0x00, 0x00, 0xfa, 0x00, 0x00, 0xfc, 0x00, 0x00, 0xff,
  0x00, 0x00, 0xca, 0x00, 0x00, 0x29, 0x00, 0x00, 0x00, 0x00, 0x00, 0x18,
  0x00, 0x00, 0xd6, 0x00, 0x00, 0xff, 0x00, 0x00, 0xfa, 0x00, 0x00, 0xfa,
  0x00, 0x00, 0xfa, 0x00, 0x00, 0xfa, 0x00, 0x00, 0xfa, 0x00, 0x00, 0xfa,
  0x00, 0x00, 0xff, 0x00, 0x00, 0xf0, 0x00, 0x00, 0x69, 0x00, 0x00, 0x00,
  0x00, 0x00, 0x00, 0x00, 0x00, 0x66, 0x00, 0x00, 0xff, 0x00, 0x00, 0x95,
  0x00, 0x00, 0x00, 0x00, 0x00, 0x04, 0x00, 0x00, 0x66, 0x00, 0x00, 0xe3,
  0x00, 0x00, 0xfd, 0x00, 0x00, 0xfa, 0x00, 0x00, 0xfa, 0x00, 0x00, 0xfa,
  0x00, 0x00, 0xfa, 0x00, 0x00, 0xfa, 0x00, 0x00, 0xfa, 0x00, 0x00, 0xff,
  0x00, 0x00, 0xf2, 0x00, 0x00, 0x6f, 0x00, 0x00, 0x00, 0x00, 0x00, 0x34,
  0x00, 0x00, 0xf1, 0x00, 0x00, 0xc9, 0x00, 0x00, 0x0f, 0x00, 0x00, 0x07,
  0x00, 0x00, 0xb9, 0x00, 0x00, 0xff, 0x00, 0x00, 0xb6, 0x00, 0x00, 0x0b,
  0x00, 0x00, 0x00, 0x00, 0x00, 0x00, 0x00, 0x00, 0x00, 0x00, 0x00, 0x00,
  0x00, 0x00, 0x00, 0x00, 0x00, 0x00, 0x00, 0x00, 0x44, 0x00, 0x00, 0xf8,
  0x00, 0x00, 0xd0, 0x00, 0x00, 0x00, 0x00, 0x00, 0x00, 0x00, 0x00, 0x00,
  0x00, 0x00, 0x00, 0x00, 0x00, 0x00, 0x00, 0x00, 0x00, 0x00, 0x00, 0x00,
  0x00, 0x00, 0x00, 0x00, 0x00, 0x00, 0x00, 0x00, 0x00, 0x00, 0x00, 0x00,
  0x00, 0x00, 0x00, 0x00, 0x00, 0x00, 0x00, 0x00, 0x00, 0x00, 0x00, 0x00,
  0x00, 0x00, 0x00, 0x00, 0x00, 0x00, 0x00, 0x00, 0x00, 0x00, 0x00, 0x00,
  0x00, 0x00, 0x00, 0x00, 0x00, 0x00, 0x00, 0x00, 0x00, 0x00, 0x00, 0x00,
  0x00, 0x00, 0x00, 0x00, 0x00, 0x00, 0x00, 0x00, 0x67, 0x00, 0x00, 0xfd,
  0x00, 0x00, 0x89, 0x00, 0x00, 0x03, 0x00, 0x00, 0x00, 0x00, 0x00, 0x00,
  0x00, 0x00, 0x00, 0x00, 0x00, 0x00, 0x00, 0x00, 0x02, 0x00, 0x00, 0xa2,
  0x00, 0x00, 0xff, 0x00, 0x00, 0xa4, 0x00, 0x00, 0x02, 0x00, 0x00, 0x00,
  0x00, 0x00, 0x00, 0x00, 0x00, 0x00, 0x00, 0x00, 0x00, 0x00, 0x00, 0x74,
  0x00, 0x00, 0xd9, 0x00, 0x00, 0x1b, 0x00, 0x00, 0x00, 0x00, 0x00, 0x00,
  0x00, 0x00, 0x00, 0x00, 0x00, 0x00, 0x00, 0x00, 0x00, 0x00, 0x00, 0x00,
  0x00, 0x00, 0x00, 0x00, 0x00, 0x00, 0x00, 0x00, 0x00, 0x00, 0x00, 0x00,
  0x00, 0x00, 0x00, 0x00, 0x00, 0x00, 0x00, 0x00, 0x00, 0x00, 0x00, 0x00,
  0x00, 0x00, 0x00, 0x00, 0x00, 0x00, 0x00, 0x00, 0x00, 0x00, 0x00, 0x00,
  0x00, 0x00, 0x00, 0x00, 0x00, 0x00, 0x00, 0x00, 0x00, 0x00, 0x00, 0x03,
  0x00, 0x00, 0x9e, 0x00, 0x00, 0xff, 0x00, 0x00, 0x9d, 0x00, 0x00, 0x53,
  0x00, 0x00, 0x53, 0x00, 0x00, 0x53, 0x00, 0x00, 0x53, 0x00, 0x00, 0x53,
  0x00, 0x00, 0x53, 0x00, 0x00, 0x53, 0x00, 0x00, 0x58, 0x00, 0x00, 0xc7,
  0x00, 0x00, 0xff, 0x00, 0x00, 0x6d, 0x00, 0x00, 0x00, 0x00, 0x00, 0x31,
  0x00, 0x00, 0xf0, 0x00, 0x00, 0xd7, 0x00, 0x00, 0x58, 0x00, 0x00, 0x4f,
  0x00, 0x00, 0x50, 0x00, 0x00, 0x50, 0x00, 0x00, 0x50, 0x00, 0x00, 0x4e,
  0x00, 0x00, 0x8b, 0x00, 0x00, 0xff, 0x00, 0x00, 0xc4, 0x00, 0x00, 0x0c,
  0x00, 0x00, 0x00, 0x00, 0x00, 0x8e, 0x00, 0x00, 0xff, 0x00, 0x00, 0x6e,
  0x00, 0x00, 0x00, 0x00, 0x00, 0x36, 0x00, 0x00, 0xed, 0x00, 0x00, 0xe0,
  0x00, 0x00, 0x67, 0x00, 0x00, 0x52, 0x00, 0x00, 0x53, 0x00, 0x00, 0x53,
  0x00, 0x00, 0x53, 0x00, 0x00, 0x53, 0x00, 0x00, 0x51, 0x00, 0x00, 0x8d,
  0x00, 0x00, 0xff, 0x00, 0x00, 0xcd, 0x00, 0x00, 0x0a, 0x00, 0x00, 0x54,
  0x00, 0x00, 0xff, 0x00, 0x00, 0xa7, 0x00, 0x00, 0x01, 0x00, 0x00, 0x19,
  0x00, 0x00, 0xd8, 0x00, 0x00, 0xff, 0x00, 0x00, 0xf4, 0x00, 0x00, 0x4a,
  0x00, 0x00, 0x00, 0x00, 0x00, 0x00, 0x00, 0x00, 0x00, 0x00, 0x00, 0x00,
  0x00, 0x00, 0x00, 0x00, 0x00, 0x00, 0x00, 0x00, 0x69, 0x00, 0x00, 0xff,
  0x00, 0x00, 0xa6, 0x00, 0x00, 0x00, 0x00, 0x00, 0x00, 0x00, 0x00, 0x00,
  0x00, 0x00, 0x00, 0x00, 0x00, 0x00, 0x00, 0x00, 0x00, 0x00, 0x00, 0x00,
  0x00, 0x00, 0x00, 0x00, 0x00, 0x00, 0x00, 0x00, 0x00, 0x00, 0x00, 0x00,
  0x00, 0x00, 0x00, 0x00, 0x00, 0x00, 0x00, 0x00, 0x00, 0x00, 0x00, 0x00,
  0x00, 0x00, 0x00, 0x00, 0x00, 0x00, 0x00, 0x00, 0x00, 0x00, 0x00, 0x00,
  0x00, 0x00, 0x00, 0x00, 0x00, 0x00, 0x00, 0x00, 0x00, 0x00, 0x00, 0x00,
  0x00, 0x00, 0x00, 0x00, 0x00, 0x12, 0x00, 0x00, 0xc8, 0x00, 0x00, 0xc7,
  0x00, 0x00, 0x18, 0x00, 0x00, 0x00, 0x00, 0x00, 0x00, 0x00, 0x00, 0x00,
  0x00, 0x00, 0x00, 0x00, 0x00, 0x00, 0x00, 0x00, 0x12, 0x00, 0x00, 0xcd,
  0x00, 0x00, 0xff, 0x00, 0x00, 0x8c, 0x00, 0x00, 0x00, 0x00, 0x00, 0x00,
  0x00, 0x00, 0x00, 0x00, 0x00, 0x00, 0x00, 0x00, 0x00, 0x00, 0x00, 0x45,
  0x00, 0x00, 0xf2, 0x00, 0x00, 0x65, 0x00, 0x00, 0x00, 0x00, 0x00, 0x00,
  0x00, 0x00, 0x00, 0x00, 0x00, 0x00, 0x00, 0x00, 0x00, 0x00, 0x00, 0x00,
  0x00, 0x00, 0x00, 0x00, 0x00, 0x00, 0x00, 0x00, 0x00, 0x00, 0x00, 0x00,
  0x00, 0x00, 0x00, 0x00, 0x00, 0x00, 0x00, 0x00, 0x00, 0x00, 0x00, 0x00,
  0x00, 0x00, 0x00, 0x00, 0x00, 0x00, 0x00, 0x00, 0x00, 0x00, 0x00, 0x00,
  0x00, 0x00, 0x00, 0x00, 0x00, 0x0c, 0x00, 0x00, 0x02, 0x00, 0x00, 0x13,
  0x00, 0x00, 0xd1, 0x00, 0x00, 0xed, 0x00, 0x00, 0x2c, 0x00, 0x00, 0x00,
  0x00, 0x00, 0x00, 0x00, 0x00, 0x00, 0x00, 0x00, 0x00, 0x00, 0x00, 0x00,
  0x00, 0x00, 0x00, 0x00, 0x00, 0x00, 0x00, 0x00, 0x00, 0x00, 0x00, 0xa3,
  0x00, 0x00, 0xff, 0x00, 0x00, 0x58, 0x00, 0x00, 0x00, 0x00, 0x00, 0x53,
  0x00, 0x00, 0xff, 0x00, 0x00, 0xa7, 0x00, 0x00, 0x00, 0x00, 0x00, 0x00,
  0x00, 0x00, 0x00, 0x00, 0x00, 0x00, 0x00, 0x00, 0x00, 0x00, 0x00, 0x00,
  0x00, 0x00, 0x48, 0x00, 0x00, 0xfc, 0x00, 0x00, 0xb0, 0x00, 0x00, 0x05,
  0x00, 0x00, 0x06, 0x00, 0x00, 0xb4, 0x00, 0x00, 0xfc, 0x00, 0x00, 0x49,
  0x00, 0x00, 0x00, 0x00, 0x00, 0x65, 0x00, 0x00, 0xff, 0x00, 0x00, 0x94,
  0x00, 0x00, 0x00, 0x00, 0x00, 0x00, 0x00, 0x00, 0x00, 0x00, 0x00, 0x00,
  0x00, 0x00, 0x00, 0x00, 0x00, 0x00, 0x00, 0x00, 0x00, 0x00, 0x00, 0x2a,
  0x00, 0x00, 0xaa, 0x00, 0x00, 0x81, 0x00, 0x00, 0x03, 0x00, 0x00, 0x7b,
  0x00, 0x00, 0xff, 0x00, 0x00, 0x80, 0x00, 0x00, 0x00, 0x00, 0x00, 0x33,
  0x00, 0x00, 0xee, 0x00, 0x00, 0xfb, 0x00, 0x00, 0xff, 0x00, 0x00, 0xa9,
  0x00, 0x00, 0x07, 0x00, 0x00, 0x00, 0x00, 0x00, 0x00, 0x00, 0x00, 0x00,
  0x00, 0x00, 0x00, 0x00, 0x00, 0x00, 0x00, 0x00, 0x90, 0x00, 0x00, 0xff,
  0x00, 0x00, 0x79, 0x00, 0x00, 0x00, 0x00, 0x00, 0x00, 0x00, 0x00, 0x00,
  0x00, 0x00, 0x00, 0x00, 0x00, 0x00, 0x00, 0x00, 0x00, 0x00, 0x00, 0x00,
  0x00, 0x00, 0x00, 0x00, 0x00, 0x00, 0x00, 0x00, 0x00, 0x00, 0x00, 0x00,
  0x00, 0x00, 0x00, 0x00, 0x00, 0x00, 0x00, 0x00, 0x00, 0x00, 0x00, 0x00,
  0x00, 0x00, 0x00, 0x00, 0x00, 0x00, 0x00, 0x00, 0x00, 0x00, 0x00, 0x00,
  0x00, 0x00, 0x00, 0x00, 0x00, 0x00, 0x00, 0x00, 0x00, 0x00, 0x00, 0x00,
  0x00, 0x00, 0x00, 0x00, 0x00, 0x5a, 0x00, 0x00, 0xea, 0x00, 0x00, 0x48,
  0x00, 0x00, 0x00, 0x00, 0x00, 0x00, 0x00, 0x00, 0x00, 0x00, 0x00, 0x00,
  0x00, 0x00, 0x00, 0x00, 0x00, 0x00, 0x00, 0x00, 0x1f, 0x00, 0x00, 0xe0,
  0x00, 0x00, 0xff, 0x00, 0x00, 0x8a, 0x00, 0x00, 0x00, 0x00, 0x00, 0x00,
  0x00, 0x00, 0x00, 0x00, 0x00, 0x00, 0x00, 0x00, 0x00, 0x00, 0x00, 0x14,
  0x00, 0x00, 0xcd, 0x00, 0x00, 0xd6, 0x00, 0x00, 0x25, 0x00, 0x00, 0x00,
  0x00, 0x00, 0x00, 0x00, 0x00, 0x00, 0x00, 0x00, 0x00, 0x00, 0x00, 0x00,
  0x00, 0x00, 0x00, 0x00, 0x00, 0x00, 0x00, 0x00, 0x00, 0x00, 0x00, 0x00,
  0x00, 0x00, 0x00, 0x00, 0x00, 0x00, 0x00, 0x00, 0x00, 0x00, 0x00, 0x00,
  0x00, 0x00, 0x00, 0x00, 0x00, 0x00, 0x00, 0x00, 0x00, 0x00, 0x00, 0x00,
  0x00, 0x00, 0x3c, 0x00, 0x00, 0x77, 0x00, 0x00, 0x03, 0x00, 0x00, 0x2a,
  0x00, 0x00, 0xeb, 0x00, 0x00, 0xd3, 0x00, 0x00, 0x14, 0x00, 0x00, 0x00,
  0x00, 0x00, 0x00, 0x00, 0x00, 0x00, 0x00, 0x00, 0x00, 0x00, 0x00, 0x00,
  0x00, 0x00, 0x00, 0x00, 0x00, 0x00, 0x00, 0x00, 0x0d, 0x00, 0x00, 0xc6,
  0x00, 0x00, 0xf2, 0x00, 0x00, 0x35, 0x00, 0x00, 0x00, 0x00, 0x00, 0x79,
  0x00, 0x00, 0xff, 0x00, 0x00, 0x81, 0x00, 0x00, 0x00, 0x00, 0x00, 0x00,
  0x00, 0x00, 0x00, 0x00, 0x00, 0x00, 0x00, 0x00, 0x00, 0x00, 0x00, 0x00,
  0x00, 0x00, 0x6e, 0x00, 0x00, 0xff, 0x00, 0x00, 0x8a, 0x00, 0x00, 0x00,
  0x00, 0x00, 0x16, 0x00, 0x00, 0xd4, 0x00, 0x00, 0xea, 0x00, 0x00, 0x2a,
  0x00, 0x00, 0x00, 0x00, 0x00, 0x8b, 0x00, 0x00, 0xff, 0x00, 0x00, 0x6c,
  0x00, 0x00, 0x00, 0x00, 0x00, 0x00, 0x00, 0x00, 0x00, 0x00, 0x00, 0x00,
  0x00, 0x00, 0x00, 0x00, 0x00, 0x00, 0x00, 0x00, 0x00, 0x00, 0x00, 0x02,
  0x00, 0x00, 0x05, 0x00, 0x00, 0x03, 0x00, 0x00, 0x02, 0x00, 0x00, 0xa2,
  0x00, 0x00, 0xff, 0x00, 0x00, 0x59, 0x00, 0x00, 0x00, 0x00, 0x00, 0x54,
  0x00, 0x00, 0xfd, 0x00, 0x00, 0xc1, 0x00, 0x00, 0xdf, 0x00, 0x00, 0xf1,
  0x00, 0x00, 0x3d, 0x00, 0x00, 0x00, 0x00, 0x00, 0x00, 0x00, 0x00, 0x00,
  0x00, 0x00, 0x00, 0x00, 0x00, 0x07, 0x00, 0x00, 0xb6, 0x00, 0x00, 0xf9,
  0x00, 0x00, 0x50, 0x00, 0x00, 0x00, 0x00, 0x00, 0x00, 0x00, 0x00, 0x00,
  0x00, 0x00, 0x00, 0x00, 0x00, 0x00, 0x00, 0x00, 0x00, 0x00, 0x00, 0x00,
  0x00, 0x00, 0x00, 0x00, 0x00, 0x00, 0x00, 0x00, 0x00, 0x00, 0x00, 0x00,
  0x00, 0x00, 0x00, 0x00, 0x00, 0x00, 0x00, 0x00, 0x00, 0x00, 0x00, 0x00,
  0x00, 0x00, 0x00, 0x00, 0x00, 0x00, 0x00, 0x00, 0x00, 0x00, 0x00, 0x00,
  0x00, 0x00, 0x00, 0x00, 0x00, 0x00, 0x00, 0x00, 0x00, 0x00, 0x00, 0x00,
  0x00, 0x00, 0x09, 0x00, 0x00, 0xb5, 0x00, 0x00, 0x96, 0x00, 0x00, 0x03,
  0x00, 0x00, 0x00, 0x00, 0x00, 0x00, 0x00, 0x00, 0x00, 0x00, 0x00, 0x00,
  0x00, 0x00, 0x00, 0x00, 0x00, 0x00, 0x00, 0x00, 0x20, 0x00, 0x00, 0xe2,
  0x00, 0x00, 0xff, 0x00, 0x00, 0xa1, 0x00, 0x00, 0x01, 0x00, 0x00, 0x00,
  0x00, 0x00, 0x00, 0x00, 0x00, 0x00, 0x00, 0x00, 0x00, 0x00, 0x00, 0x00,
  0x00, 0x00, 0x67, 0x00, 0x00, 0xfd, 0x00, 0x00, 0xb3, 0x00, 0x00, 0x1d,
  0x00, 0x00, 0x00, 0x00, 0x00, 0x00, 0x00, 0x00, 0x00, 0x00, 0x00, 0x00,
  0x00, 0x00, 0x00, 0x00, 0x00, 0x00, 0x00, 0x00, 0x00, 0x00, 0x00, 0x00,
  0x00, 0x00, 0x00, 0x00, 0x00, 0x00, 0x00, 0x00, 0x00, 0x00, 0x00, 0x00,
  0x00, 0x00, 0x00, 0x00, 0x00, 0x00, 0x00, 0x00, 0x0f, 0x00, 0x00, 0x6a,
  0x00, 0x00, 0xe4, 0x00, 0x00, 0x8d, 0x00, 0x00, 0x00, 0x00, 0x00, 0x49,
  0x00, 0x00, 0xfc, 0x00, 0x00, 0xb2, 0x00, 0x00, 0x05, 0x00, 0x00, 0x00,
  0x00, 0x00, 0x00, 0x00, 0x00, 0x00, 0x00, 0x00, 0x00, 0x00, 0x00, 0x00,
  0x00, 0x00, 0x00, 0x00, 0x00, 0x00, 0x00, 0x00, 0x22, 0x00, 0x00, 0xe3,
  0x00, 0x00, 0xdb, 0x00, 0x00, 0x1b, 0x00, 0x00, 0x00, 0x00, 0x00, 0xa0,
  0x00, 0x00, 0xff, 0x00, 0x00, 0x5b, 0x00, 0x00, 0x00, 0x00, 0x00, 0x00,
  0x00, 0x00, 0x00, 0x00, 0x00, 0x00, 0x00, 0x00, 0x00, 0x00, 0x00, 0x00,
  0x00, 0x00, 0x96, 0x00, 0x00, 0xff, 0x00, 0x00, 0x63, 0x00, 0x00, 0x00,
  0x00, 0x00, 0x2e, 0x00, 0x00, 0xee, 0x00, 0x00, 0xd0, 0x00, 0x00, 0x12,
  0x00, 0x00, 0x04, 0x00, 0x00, 0xb1, 0x00, 0x00, 0xfb, 0x00, 0x00, 0x47,
  0x00, 0x00, 0x00, 0x00, 0x00, 0x00, 0x00, 0x00, 0x00, 0x00, 0x00, 0x00,
  0x00, 0x00, 0x00, 0x00, 0x00, 0x00, 0x00, 0x00, 0x00, 0x00, 0x00, 0x00,
  0x00, 0x00, 0x00, 0x00, 0x00, 0x00, 0x00, 0x00, 0x0d, 0x00, 0x00, 0xc6,
  0x00, 0x00, 0xf4, 0x00, 0x00, 0x37, 0x00, 0x00, 0x00, 0x00, 0x00, 0x7b,
  0x00, 0x00, 0xff, 0x00, 0x00, 0x7f, 0x00, 0x00, 0x87, 0x00, 0x00, 0xff,
  0x00, 0x00, 0x9b, 0x00, 0x00, 0x03, 0x00, 0x00, 0x00, 0x00, 0x00, 0x00,
  0x00, 0x00, 0x00, 0x00, 0x00, 0x17, 0x00, 0x00, 0xd6, 0x00, 0x00, 0xe7,
  0x00, 0x00, 0x2d, 0x00, 0x00, 0x00, 0x00, 0x00, 0x00, 0x00, 0x00, 0x00,
  0x00, 0x00, 0x00, 0x00, 0x00, 0x00, 0x00, 0x00, 0x00, 0x00, 0x00, 0x00,
  0x00, 0x00, 0x00, 0x00, 0x00, 0x00, 0x00, 0x00, 0x00, 0x00, 0x00, 0x00,
  0x00, 0x00, 0x00, 0x00, 0x00, 0x00, 0x00, 0x00, 0x00, 0x00, 0x00, 0x00,
  0x00, 0x00, 0x00, 0x00, 0x00, 0x00, 0x00, 0x00, 0x00, 0x00, 0x00, 0x00,
  0x00, 0x00, 0x00, 0x00, 0x00, 0x00, 0x00, 0x00, 0x00, 0x00, 0x00, 0x00,
  0x00, 0x00, 0x40, 0x00, 0x00, 0xc9, 0x00, 0x00, 0x26, 0x00, 0x00, 0x00,
  0x00, 0x00, 0x00, 0x00, 0x00, 0x00, 0x00, 0x00, 0x00, 0x00, 0x00, 0x00,
  0x00, 0x00, 0x00, 0x00, 0x00, 0x00, 0x00, 0x00, 0x12, 0x00, 0x00, 0xcc,
  0x00, 0x00, 0xff, 0x00, 0x00, 0xce, 0x00, 0x00, 0x14, 0x00, 0x00, 0x00,
  0x00, 0x00, 0x00, 0x00, 0x00, 0x00, 0x00, 0x00, 0x00, 0x00, 0x00, 0x00,
  0x00, 0x00, 0x0d, 0x00, 0x00, 0xa7, 0x00, 0x00, 0xff, 0x00, 0x00, 0xc0,
  0x00, 0x00, 0x3c, 0x00, 0x00, 0x02, 0x00, 0x00, 0x00, 0x00, 0x00, 0x00,
  0x00, 0x00, 0x00, 0x00, 0x00, 0x00, 0x00, 0x00, 0x00, 0x00, 0x00, 0x00,
  0x00, 0x00, 0x00, 0x00, 0x00, 0x00, 0x00, 0x00, 0x00, 0x00, 0x00, 0x00,
  0x00, 0x00, 0x10, 0x00, 0x00, 0x52, 0x00, 0x00, 0xba, 0x00, 0x00, 0xfb,
  0x00, 0x00, 0xff, 0x00, 0x00, 0x64, 0x00, 0x00, 0x00, 0x00, 0x00, 0x6e,
  0x00, 0x00, 0xff, 0x00, 0x00, 0x8c, 0x00, 0x00, 0x00, 0x00, 0x00, 0x00,
  0x00, 0x00, 0x00, 0x00, 0x00, 0x00, 0x00, 0x00, 0x00, 0x00, 0x00, 0x00,
  0x00, 0x00, 0x00, 0x00, 0x00, 0x00, 0x00, 0x00, 0x3e, 0x00, 0x00, 0xf7,
  0x00, 0x00, 0xbc, 0x00, 0x00, 0x08, 0x00, 0x00, 0x0c, 0x00, 0x00, 0xc3,
  0x00, 0x00, 0xf4, 0x00, 0x00, 0x39, 0x00, 0x00, 0x00, 0x00, 0x00, 0x00,
  0x00, 0x00, 0x00, 0x00, 0x00, 0x00, 0x00, 0x00, 0x00, 0x00, 0x00, 0x09,
  0x00, 0x00, 0xbb, 0x00, 0x00, 0xf8, 0x00, 0x00, 0x3f, 0x00, 0x00, 0x00,
  0x00, 0x00, 0x4e, 0x00, 0x00, 0xfe, 0x00, 0x00, 0xae, 0x00, 0x00, 0x03,
  0x00, 0x00, 0x14, 0x00, 0x00, 0xd3, 0x00, 0x00, 0xe9, 0x00, 0x00, 0x29,
  0x00, 0x00, 0x00, 0x00, 0x00, 0x00, 0x00, 0x00, 0x00, 0x00, 0x00, 0x00,
  0x00, 0x00, 0x00, 0x00, 0x00, 0x00, 0x00, 0x00, 0x00, 0x00, 0x00, 0x00,
  0x00, 0x00, 0x00, 0x00, 0x00, 0x00, 0x00, 0x00, 0x22, 0x00, 0x00, 0xe3,
  0x00, 0x00, 0xdd, 0x00, 0x00, 0x1c, 0x00, 0x00, 0x00, 0x00, 0x00, 0xa2,
  0x00, 0x00, 0xff, 0x00, 0x00, 0x56, 0x00, 0x00, 0x2a, 0x00, 0x00, 0xe7,
  0x00, 0x00, 0xe9, 0x00, 0x00, 0x31, 0x00, 0x00, 0x00, 0x00, 0x00, 0x00,
  0x00, 0x00, 0x00, 0x00, 0x00, 0x2f, 0x00, 0x00, 0xef, 0x00, 0x00, 0xcc,
  0x00, 0x00, 0x14, 0x00, 0x00, 0x00, 0x00, 0x00, 0x00, 0x00, 0x00, 0x00,
  0x00, 0x00, 0x00, 0x00, 0x00, 0x00, 0x00, 0x00, 0x00, 0x00, 0x00, 0x00,
  0x00, 0x00, 0x00, 0x00, 0x00, 0x00, 0x00, 0x00, 0x00, 0x00, 0x00, 0x00,
  0x00, 0x00, 0x00, 0x00, 0x00, 0x00, 0x00, 0x00, 0x00, 0x00, 0x00, 0x00,
  0x00, 0x00, 0x00, 0x00, 0x00, 0x00, 0x00, 0x00, 0x00, 0x00, 0x00, 0x00,
  0x00, 0x00, 0x00, 0x00, 0x00, 0x00, 0x00, 0x00, 0x00, 0x00, 0x00, 0x00,
  0x00, 0x00, 0x8c, 0x00, 0x00, 0x74, 0x00, 0x00, 0x00, 0x00, 0x00, 0x00,
  0x00, 0x00, 0x00, 0x00, 0x00, 0x00, 0x00, 0x00, 0x00, 0x00, 0x00, 0x00,
  0x00, 0x00, 0x00, 0x00, 0x00, 0x00, 0x00, 0x00, 0x00, 0x00, 0x00, 0x86,
  0x00, 0x00, 0xff, 0x00, 0x00, 0xf8, 0x00, 0x00, 0x57, 0x00, 0x00, 0x00,
  0x00, 0x00, 0x00, 0x00, 0x00, 0x00, 0x00, 0x00, 0x00, 0x00, 0x00, 0x00,
  0x00, 0x00, 0x00, 0x00, 0x00, 0x1d, 0x00, 0x00, 0xb4, 0x00, 0x00, 0xff,
  0x00, 0x00, 0xeb, 0x00, 0x00, 0x95, 0x00, 0x00, 0x41, 0x00, 0x00, 0x15,
  0x00, 0x00, 0x04, 0x00, 0x00, 0x00, 0x00, 0x00, 0x00, 0x00, 0x00, 0x00,
  0x00, 0x00, 0x07, 0x00, 0x00, 0x17, 0x00, 0x00, 0x3c, 0x00, 0x00, 0x7a,
  0x00, 0x00, 0xc4, 0x00, 0x00, 0xf7, 0x00, 0x00, 0xff, 0x00, 0x00, 0xff,
  0x00, 0x00, 0xcb, 0x00, 0x00, 0x2c, 0x00, 0x00, 0x00, 0x00, 0x00, 0x96,
  0x00, 0x00, 0xff, 0x00, 0x00, 0x65, 0x00, 0x00, 0x00, 0x00, 0x00, 0x00,
  0x00, 0x00, 0x00, 0x00, 0x00, 0x00, 0x00, 0x00, 0x00, 0x00, 0x00, 0x00,
  0x00, 0x00, 0x00, 0x00, 0x00, 0x00, 0x00, 0x00, 0x61, 0x00, 0x00, 0xff,
  0x00, 0x00, 0x98, 0x00, 0x00, 0x00, 0x00, 0x00, 0x20, 0x00, 0x00, 0xe1,
  0x00, 0x00, 0xde, 0x00, 0x00, 0x1b, 0x00, 0x00, 0x00, 0x00, 0x00, 0x00,
  0x00, 0x00, 0x00, 0x00, 0x00, 0x00, 0x00, 0x00, 0x00, 0x00, 0x00, 0x18,
  0x00, 0x00, 0xda, 0x00, 0x00, 0xe5, 0x00, 0x00, 0x23, 0x00, 0x00, 0x00,
  0x00, 0x00, 0x74, 0x00, 0x00, 0xff, 0x00, 0x00, 0x88, 0x00, 0x00, 0x00,
  0x00, 0x00, 0x2c, 0x00, 0x00, 0xec, 0x00, 0x00, 0xcf, 0x00, 0x00, 0x12,
  0x00, 0x00, 0x00, 0x00, 0x00, 0x00, 0x00, 0x00, 0x00, 0x00, 0x00, 0x00,
  0x00, 0x00, 0x00, 0x00, 0x00, 0x00, 0x00, 0x00, 0x00, 0x00, 0x00, 0x00,
  0x00, 0x00, 0x00, 0x00, 0x00, 0x00, 0x00, 0x00, 0x3e, 0x00, 0x00, 0xf7,
  0x00, 0x00, 0xbe, 0x00, 0x00, 0x09, 0x00, 0x00, 0x0c, 0x00, 0x00, 0xc5,
  0x00, 0x00, 0xf4, 0x00, 0x00, 0x37, 0x00, 0x00, 0x00, 0x00, 0x00, 0x95,
  0x00, 0x00, 0xff, 0x00, 0x00, 0x8c, 0x00, 0x00, 0x00, 0x00, 0x00, 0x00,
  0x00, 0x00, 0x00, 0x00, 0x00, 0x50, 0x00, 0x00, 0xfe, 0x00, 0x00, 0xaa,
  0x00, 0x00, 0x04, 0x00, 0x00, 0x00, 0x00, 0x00, 0x00, 0x00, 0x00, 0x00,
  0x00, 0x00, 0x00, 0x00, 0x00, 0x00, 0x00, 0x00, 0x00, 0x00, 0x00, 0x00,
  0x00, 0x00, 0x00, 0x00, 0x00, 0x00, 0x00, 0x00, 0x00, 0x00, 0x00, 0x00,
  0x00, 0x00, 0x00, 0x00, 0x00, 0x00, 0x00, 0x00, 0x00, 0x00, 0x00, 0x00,
  0x00, 0x00, 0x00, 0x00, 0x00, 0x00, 0x00, 0x00, 0x00, 0x00, 0x00, 0x00,
  0x00, 0x00, 0x00, 0x00, 0x00, 0x00, 0x00, 0x00, 0x00, 0x00, 0x00, 0x1e,
  0x00, 0x00, 0xa1, 0x00, 0x00, 0x19, 0x00, 0x00, 0x00, 0x00, 0x00, 0x00,
  0x00, 0x00, 0x00, 0x00, 0x00, 0x00, 0x00, 0x00, 0x00, 0x00, 0x00, 0x00,
  0x00, 0x00, 0x00, 0x00, 0x00, 0x00, 0x00, 0x00, 0x00, 0x00, 0x00, 0x20,
  0x00, 0x00, 0xc9, 0x00, 0x00, 0xff, 0x00, 0x00, 0xcb, 0x00, 0x00, 0x20,
  0x00, 0x00, 0x00, 0x00, 0x00, 0x00, 0x00, 0x00, 0x00, 0x00, 0x00, 0x00,
  0x00, 0x00, 0x00, 0x00, 0x00, 0x00, 0x00, 0x00, 0x18, 0x00, 0x00, 0x93,
  0x00, 0x00, 0xf3, 0x00, 0x00, 0xff, 0x00, 0x00, 0xf4, 0x00, 0x00, 0xd0,
  0x00, 0x00, 0xad, 0x00, 0x00, 0x98, 0x00, 0x00, 0x93, 0x00, 0x00, 0x9f,
  0x00, 0x00, 0xb6, 0x00, 0x00, 0xd5, 0x00, 0x00, 0xf2, 0x00, 0x00, 0xff,
  0x00, 0x00, 0xff, 0x00, 0x00, 0xfe, 0x00, 0x00, 0xd6, 0x00, 0x00, 0x7b,
  0x00, 0x00, 0x1d, 0x00, 0x00, 0x00, 0x00, 0x00, 0x08, 0x00, 0x00, 0xba,
  0x00, 0x00, 0xf9, 0x00, 0x00, 0x41, 0x00, 0x00, 0x00, 0x00, 0x00, 0x00,
  0x00, 0x00, 0x00, 0x00, 0x00, 0x00, 0x00, 0x00, 0x00, 0x00, 0x00, 0x00,
  0x00, 0x00, 0x00, 0x00, 0x00, 0x00, 0x00, 0x00, 0x88, 0x00, 0x00, 0xff,
  0x00, 0x00, 0x71, 0x00, 0x00, 0x00, 0x00, 0x00, 0x3c, 0x00, 0x00, 0xf5,
  0x00, 0x00, 0xce, 0x00, 0x00, 0x34, 0x00, 0x00, 0x29, 0x00, 0x00, 0x2a,
  0x00, 0x00, 0x2a, 0x00, 0x00, 0x2a, 0x00, 0x00, 0x29, 0x00, 0x00, 0x6b,
  0x00, 0x00, 0xfb, 0x00, 0x00, 0xbc, 0x00, 0x00, 0x0b, 0x00, 0x00, 0x00,
  0x00, 0x00, 0x9b, 0x00, 0x00, 0xff, 0x00, 0x00, 0x61, 0x00, 0x00, 0x00,
  0x00, 0x00, 0x4b, 0x00, 0x00, 0xfd, 0x00, 0x00, 0xad, 0x00, 0x00, 0x04,
  0x00, 0x00, 0x00, 0x00, 0x00, 0x00, 0x00, 0x00, 0x03, 0x00, 0x00, 0x40,
  0x00, 0x00, 0x56, 0x00, 0x00, 0x55, 0x00, 0x00, 0x55, 0x00, 0x00, 0x56,
  0x00, 0x00, 0x3f, 0x00, 0x00, 0x00, 0x00, 0x00, 0x61, 0x00, 0x00, 0xff,
  0x00, 0x00, 0x9a, 0x00, 0x00, 0x00, 0x00, 0x00, 0x21, 0x00, 0x00, 0xe2,
  0x00, 0x00, 0xdd, 0x00, 0x00, 0x1c, 0x00, 0x00, 0x00, 0x00, 0x00, 0x37,
  0x00, 0x00, 0xed, 0x00, 0x00, 0xe0, 0x00, 0x00, 0x27, 0x00, 0x00, 0x00,
  0x00, 0x00, 0x00, 0x00, 0x00, 0x75, 0x00, 0x00, 0xff, 0x00, 0x00, 0x84,
  0x00, 0x00, 0x00, 0x00, 0x00, 0x00, 0x00, 0x00, 0x00, 0x00, 0x00, 0x00,
  0x00, 0x00, 0x00, 0x00, 0x00, 0x00, 0x00, 0x00, 0x00, 0x00, 0x00, 0x00,
  0x00, 0x00, 0x00, 0x00, 0x00, 0x00, 0x00, 0x00, 0x00, 0x00, 0x00, 0x00,
  0x00, 0x00, 0x00, 0x00, 0x00, 0x00, 0x00, 0x00, 0x00, 0x00, 0x00, 0x00,
  0x00, 0x00, 0x00, 0x00, 0x00, 0x00, 0x00, 0x00, 0x00, 0x00, 0x00, 0x00,
  0x00, 0x00, 0x00, 0x00, 0x00, 0x00, 0x00, 0x00, 0x00, 0x00, 0x00, 0x53,
  0x00, 0x00, 0x60, 0x00, 0x00, 0x00, 0x00, 0x00, 0x00, 0x00, 0x00, 0x00,
  0x00, 0x00, 0x00, 0x00, 0x00, 0x00, 0x00, 0x00, 0x00, 0x00, 0x00, 0x00,
  0x00, 0x00, 0x00, 0x00, 0x00, 0x00, 0x00, 0x00, 0x00, 0x00, 0x00, 0x00,
  0x00, 0x00, 0x31, 0x00, 0x00, 0xc1, 0x00, 0x00, 0xff, 0x00, 0x00, 0xb4,
  0x00, 0x00, 0x20, 0x00, 0x00, 0x00, 0x00, 0x00, 0x00, 0x00, 0x00, 0x00,
  0x00, 0x00, 0x00, 0x00, 0x00, 0x00, 0x00, 0x00, 0x00, 0x00, 0x00, 0x05,
  0x00, 0x00, 0x48, 0x00, 0x00, 0xaa, 0x00, 0x00, 0xe9, 0x00, 0x00, 0xff,
  0x00, 0x00, 0xff, 0x00, 0x00, 0xff, 0x00, 0x00, 0xff, 0x00, 0x00, 0xff,
  0x00, 0x00, 0xff, 0x00, 0x00, 0xff, 0x00, 0x00, 0xfa, 0x00, 0x00, 0xe2,
  0x00, 0x00, 0xb1, 0x00, 0x00, 0x65, 0x00, 0x00, 0x1e, 0x00, 0x00, 0x00,
  0x00, 0x00, 0x00, 0x00, 0x00, 0x00, 0x00, 0x00, 0x1a, 0x00, 0x00, 0xda,
  0x00, 0x00, 0xe5, 0x00, 0x00, 0x24, 0x00, 0x00, 0x00, 0x00, 0x00, 0x00,
  0x00, 0x00, 0x00, 0x00, 0x00, 0x00, 0x00, 0x00, 0x00, 0x00, 0x00, 0x00,
  0x00, 0x00, 0x00, 0x00, 0x00, 0x05, 0x00, 0x00, 0xae, 0x00, 0x00, 0xfd,
  0x00, 0x00, 0x4b, 0x00, 0x00, 0x00, 0x00, 0x00, 0x5f, 0x00, 0x00, 0xfe,
  0x00, 0x00, 0xfb, 0x00, 0x00, 0xec, 0x00, 0x00, 0xeb, 0x00, 0x00, 0xeb,
  0x00, 0x00, 0xe8, 0x00, 0x00, 0xe7, 0x00, 0x00, 0xeb, 0x00, 0x00, 0xf9,
  0x00, 0x00, 0xd1, 0x00, 0x00, 0x40, 0x00, 0x00, 0x00, 0x00, 0x00, 0x0a,
  0x00, 0x00, 0xbf, 0x00, 0x00, 0xf7, 0x00, 0x00, 0x3e, 0x00, 0x00, 0x00,
  0x00, 0x00, 0x71, 0x00, 0x00, 0xff, 0x00, 0x00, 0x87, 0x00, 0x00, 0x00,
  0x00, 0x00, 0x00, 0x00, 0x00, 0x00, 0x00, 0x00, 0x14, 0x00, 0x00, 0xcd,
  0x00, 0x00, 0xfd, 0x00, 0x00, 0xfb, 0x00, 0x00, 0xfb, 0x00, 0x00, 0xff,
  0x00, 0x00, 0xa5, 0x00, 0x00, 0x01, 0x00, 0x00, 0x88, 0x00, 0x00, 0xff,
  0x00, 0x00, 0x73, 0x00, 0x00, 0x00, 0x00, 0x00, 0x3d, 0x00, 0x00, 0xf7,
  0x00, 0x00, 0xbf, 0x00, 0x00, 0x0a, 0x00, 0x00, 0x00, 0x00, 0x00, 0x04,
  0x00, 0x00, 0xa0, 0x00, 0x00, 0xff, 0x00, 0x00, 0x7d, 0x00, 0x00, 0x00,
  0x00, 0x00, 0x00, 0x00, 0x00, 0x9c, 0x00, 0x00, 0xff, 0x00, 0x00, 0x5e,
  0x00, 0x00, 0x00, 0x00, 0x00, 0x00, 0x00, 0x00, 0x00, 0x00, 0x00, 0x00,
  0x00, 0x00, 0x00, 0x00, 0x00, 0x00, 0x00, 0x00, 0x00, 0x00, 0x00, 0x00,
  0x00, 0x00, 0x00, 0x00, 0x00, 0x00, 0x00, 0x00, 0x00, 0x00, 0x00, 0x00,
  0x00, 0x00, 0x00, 0x00, 0x00, 0x00, 0x00, 0x00, 0x00, 0x00, 0x00, 0x00,
  0x00, 0x00, 0x00, 0x00, 0x00, 0x00, 0x00, 0x00, 0x00, 0x00, 0x00, 0x00,
  0x00, 0x00, 0x00, 0x00, 0x00, 0x00, 0x00, 0x00, 0x06, 0x00, 0x00, 0x6b,
  0x00, 0x00, 0x19, 0x00, 0x00, 0x00, 0x00, 0x00, 0x00, 0x00, 0x00, 0x00,
  0x00, 0x00, 0x00, 0x00, 0x00, 0x00, 0x00, 0x00, 0x00, 0x00, 0x00, 0x00,
  0x00, 0x00, 0x00, 0x00, 0x00, 0x00, 0x00, 0x00, 0x00, 0x00, 0x00, 0x00,
  0x00, 0x00, 0x00, 0x00, 0x00, 0x19, 0x00, 0x00, 0x81, 0x00, 0x00, 0xe0,
  0x00, 0x00, 0xc8, 0x00, 0x00, 0x4d, 0x00, 0x00, 0x07, 0x00, 0x00, 0x00,
  0x00, 0x00, 0x00, 0x00, 0x00, 0x00, 0x00, 0x00, 0x00, 0x00, 0x00, 0x00,
  0x00, 0x00, 0x00, 0x00, 0x00, 0x06, 0x00, 0x00, 0x2d, 0x00, 0x00, 0x61,
  0x00, 0x00, 0x8b, 0x00, 0x00, 0xa5, 0x00, 0x00, 0xad, 0x00, 0x00, 0xa8,
  0x00, 0x00, 0x95, 0x00, 0x00, 0x77, 0x00, 0x00, 0x4f, 0x00, 0x00, 0x25,
  0x00, 0x00, 0x07, 0x00, 0x00, 0x00, 0x00, 0x00, 0x00, 0x00, 0x00, 0x26,
  0x00, 0x00, 0x3d, 0x00, 0x00, 0x00, 0x00, 0x00, 0x33, 0x00, 0x00, 0xf1,
  0x00, 0x00, 0xc9, 0x00, 0x00, 0x0f, 0x00, 0x00, 0x00, 0x00, 0x00, 0x00,
  0x00, 0x00, 0x00, 0x00, 0x00, 0x00, 0x00, 0x00, 0x00, 0x00, 0x00, 0x00,
  0x00, 0x00, 0x00, 0x00, 0x00, 0x13, 0x00, 0x00, 0xd0, 0x00, 0x00, 0xec,
  0x00, 0x00, 0x2c, 0x00, 0x00, 0x00, 0x00, 0x00, 0x85, 0x00, 0x00, 0xff,
  0x00, 0x00, 0xc1, 0x00, 0x00, 0x96, 0x00, 0x00, 0x97, 0x00, 0x00, 0xa7,
  0x00, 0x00, 0xf6, 0x00, 0x00, 0xf4, 0x00, 0x00, 0x91, 0x00, 0x00, 0x6b,
  0x00, 0x00, 0x23, 0x00, 0x00, 0x00, 0x00, 0x00, 0x00, 0x00, 0x00, 0x1d,
  0x00, 0x00, 0xde, 0x00, 0x00, 0xe2, 0x00, 0x00, 0x21, 0x00, 0x00, 0x00,
  0x00, 0x00, 0x98, 0x00, 0x00, 0xff, 0x00, 0x00, 0x60, 0x00, 0x00, 0x00,
  0x00, 0x00, 0x00, 0x00, 0x00, 0x00, 0x00, 0x00, 0x0c, 0x00, 0x00, 0x57,
  0x00, 0x00, 0x64, 0x00, 0x00, 0x61, 0x00, 0x00, 0xb3, 0x00, 0x00, 0xff,
  0x00, 0x00, 0x81, 0x00, 0x00, 0x02, 0x00, 0x00, 0xaf, 0x00, 0x00, 0xfd,
  0x00, 0x00, 0x4d, 0x00, 0x00, 0x00, 0x00, 0x00, 0x61, 0x00, 0x00, 0xff,
  0x00, 0x00, 0x9a, 0x00, 0x00, 0x00, 0x00, 0x00, 0x00, 0x00, 0x00, 0x00,
  0x00, 0x00, 0x40, 0x00, 0x00, 0xf2, 0x00, 0x00, 0xd6, 0x00, 0x00, 0x1d,
  0x00, 0x00, 0x09, 0x00, 0x00, 0xc0, 0x00, 0x00, 0xf6, 0x00, 0x00, 0x3b,
  0x00, 0x00, 0x00, 0x00, 0x00, 0x00, 0x00, 0x00, 0x00, 0x00, 0x00, 0x00,
  0x00, 0x00, 0x00, 0x00, 0x00, 0x00, 0x00, 0x00, 0x00, 0x00, 0x00, 0x00,
  0x00, 0x00, 0x00, 0x00, 0x00, 0x00, 0x00, 0x00, 0x00, 0x00, 0x00, 0x00,
  0x00, 0x00, 0x00, 0x00, 0x00, 0x00, 0x00, 0x00, 0x00, 0x00, 0x00, 0x00,
  0x00, 0x00, 0x00, 0x00, 0x00, 0x00, 0x00, 0x00, 0x00, 0x00, 0x00, 0x00,
  0x00, 0x00, 0x00, 0x00, 0x00, 0x00, 0x00, 0x00, 0x21, 0x00, 0x00, 0x49,
  0x00, 0x00, 0x00, 0x00, 0x00, 0x00, 0x00, 0x00, 0x00, 0x00, 0x00, 0x00,
  0x00, 0x00, 0x00, 0x00, 0x00, 0x00, 0x00, 0x00, 0x00, 0x00, 0x00, 0x00,
  0x00, 0x00, 0x00, 0x00, 0x00, 0x00, 0x00, 0x00, 0x00, 0x00, 0x00, 0x00,
  0x00, 0x00, 0x01, 0x00, 0x00, 0x0b, 0x00, 0x00, 0x02, 0x00, 0x00, 0x23,
  0x00, 0x00, 0x73, 0x00, 0x00, 0xaa, 0x00, 0x00, 0x8e, 0x00, 0x00, 0x49,
  0x00, 0x00, 0x18, 0x00, 0x00, 0x04, 0x00, 0x00, 0x00, 0x00, 0x00, 0x00,
  0x00, 0x00, 0x00, 0x00, 0x00, 0x00, 0x00, 0x00, 0x00, 0x00, 0x00, 0x00,
  0x00, 0x00, 0x00, 0x00, 0x00, 0x01, 0x00, 0x00, 0x03, 0x00, 0x00, 0x02,
  0x00, 0x00, 0x00, 0x00, 0x00, 0x00, 0x00, 0x00, 0x00, 0x00, 0x00, 0x00,
  0x00, 0x00, 0x02, 0x00, 0x00, 0x2b, 0x00, 0x00, 0x83, 0x00, 0x00, 0xd7,
  0x00, 0x00, 0x71, 0x00, 0x00, 0x00, 0x00, 0x00, 0x55, 0x00, 0x00, 0xff,
  0x00, 0x00, 0xa6, 0x00, 0x00, 0x02, 0x00, 0x00, 0x00, 0x00, 0x00, 0x00,
  0x00, 0x00, 0x00, 0x00, 0x00, 0x00, 0x00, 0x00, 0x00, 0x00, 0x00, 0x00,
  0x00, 0x00, 0x00, 0x00, 0x00, 0x2a, 0x00, 0x00, 0xea, 0x00, 0x00, 0xd2,
  0x00, 0x00, 0x14, 0x00, 0x00, 0x03, 0x00, 0x00, 0xac, 0x00, 0x00, 0xfe,
  0x00, 0x00, 0x4f, 0x00, 0x00, 0x00, 0x00, 0x00, 0x00, 0x00, 0x00, 0x0a,
  0x00, 0x00, 0xb4, 0x00, 0x00, 0xff, 0x00, 0x00, 0x62, 0x00, 0x00, 0x00,
  0x00, 0x00, 0x00, 0x00, 0x00, 0x00, 0x00, 0x00, 0x00, 0x00, 0x00, 0x38,
  0x00, 0x00, 0xf4, 0x00, 0x00, 0xc5, 0x00, 0x00, 0x0d, 0x00, 0x00, 0x08,
  0x00, 0x00, 0xbd, 0x00, 0x00, 0xf7, 0x00, 0x00, 0x3d, 0x00, 0x00, 0x00,
  0x00, 0x00, 0x00, 0x00, 0x00, 0x00, 0x00, 0x00, 0x00, 0x00, 0x00, 0x00,
  0x00, 0x00, 0x00, 0x00, 0x00, 0x00, 0x00, 0x00, 0x9e, 0x00, 0x00, 0xff,
  0x00, 0x00, 0x5a, 0x00, 0x00, 0x0f, 0x00, 0x00, 0xd0, 0x00, 0x00, 0xed,
  0x00, 0x00, 0x2e, 0x00, 0x00, 0x00, 0x00, 0x00, 0x88, 0x00, 0x00, 0xff,
  0x00, 0x00, 0x73, 0x00, 0x00, 0x00, 0x00, 0x00, 0x00, 0x00, 0x00, 0x00,
  0x00, 0x00, 0x07, 0x00, 0x00, 0xab, 0x00, 0x00, 0xff, 0x00, 0x00, 0x6c,
  0x00, 0x00, 0x1b, 0x00, 0x00, 0xde, 0x00, 0x00, 0xe1, 0x00, 0x00, 0x1f,
  0x00, 0x00, 0x00, 0x00, 0x00, 0x00, 0x00, 0x00, 0x00, 0x00, 0x00, 0x00,
  0x00, 0x00, 0x00, 0x00, 0x00, 0x00, 0x00, 0x00, 0x00, 0x00, 0x00, 0x00,
  0x00, 0x00, 0x00, 0x00, 0x00, 0x00, 0x00, 0x00, 0x00, 0x00, 0x00, 0x00,
  0x00, 0x00, 0x00, 0x00, 0x00, 0x00, 0x00, 0x00, 0x00, 0x00, 0x00, 0x00,
  0x00, 0x00, 0x00, 0x00, 0x00, 0x00, 0x00, 0x00, 0x00, 0x00, 0x00, 0x00,
  0x00, 0x00, 0x00, 0x00, 0x00, 0x00, 0x00, 0x00, 0x31, 0x00, 0x00, 0x1b,
  0x00, 0x00, 0x00, 0x00, 0x00, 0x00, 0x00, 0x00, 0x00, 0x00, 0x00, 0x00,
  0x00, 0x00, 0x00, 0x00, 0x00, 0x00, 0x00, 0x00, 0x00, 0x00, 0x00, 0x00,
  0x00, 0x00, 0x00, 0x00, 0x00, 0x00, 0x00, 0x00, 0x00, 0x00, 0x00, 0x00,
  0x00, 0x00, 0x00, 0x00, 0x00, 0x1f, 0x00, 0x00, 0x54, 0x00, 0x00, 0x30,
  0x00, 0x00, 0x04, 0x00, 0x00, 0x07, 0x00, 0x00, 0x2a, 0x00, 0x00, 0x4d,
  0x00, 0x00, 0x53, 0x00, 0x00, 0x41, 0x00, 0x00, 0x29, 0x00, 0x00, 0x16,
  0x00, 0x00, 0x0b, 0x00, 0x00, 0x03, 0x00, 0x00, 0x01, 0x00, 0x00, 0x00,
  0x00, 0x00, 0x00, 0x00, 0x00, 0x00, 0x00, 0x00, 0x00, 0x00, 0x00, 0x00,
  0x00, 0x00, 0x00, 0x00, 0x00, 0x01, 0x00, 0x00, 0x19, 0x00, 0x00, 0x51,
  0x00, 0x00, 0xa2, 0x00, 0x00, 0xdc, 0x00, 0x00, 0xc2, 0x00, 0x00, 0x5f,
  0x00, 0x00, 0x0f, 0x00, 0x00, 0x00, 0x00, 0x00, 0x7b, 0x00, 0x00, 0xff,
  0x00, 0x00, 0x7f, 0x00, 0x00, 0x00, 0x00, 0x00, 0x00, 0x00, 0x00, 0x00,
  0x00, 0x00, 0x00, 0x00, 0x00, 0x00, 0x00, 0x00, 0x00, 0x00, 0x00, 0x00,
  0x00, 0x00, 0x00, 0x00, 0x00, 0x49, 0x00, 0x00, 0xfc, 0x00, 0x00, 0xb1,
  0x00, 0x00, 0x04, 0x00, 0x00, 0x11, 0x00, 0x00, 0xce, 0x00, 0x00, 0xee,
  0x00, 0x00, 0x2f, 0x00, 0x00, 0x00, 0x00, 0x00, 0x00, 0x00, 0x00, 0x00,
  0x00, 0x00, 0x56, 0x00, 0x00, 0xfc, 0x00, 0x00, 0xc5, 0x00, 0x00, 0x12,
  0x00, 0x00, 0x00, 0x00, 0x00, 0x00, 0x00, 0x00, 0x00, 0x00, 0x00, 0x5a,
  0x00, 0x00, 0xff, 0x00, 0x00, 0xa2, 0x00, 0x00, 0x00, 0x00, 0x00, 0x1b,
  0x00, 0x00, 0xdc, 0x00, 0x00, 0xe2, 0x00, 0x00, 0x20, 0x00, 0x00, 0x00,
  0x00, 0x00, 0x00, 0x00, 0x00, 0x00, 0x00, 0x00, 0x00, 0x00, 0x00, 0x00,
  0x00, 0x00, 0x00, 0x00, 0x00, 0x0c, 0x00, 0x00, 0xc4, 0x00, 0x00, 0xf5,
  0x00, 0x00, 0x36, 0x00, 0x00, 0x27, 0x00, 0x00, 0xeb, 0x00, 0x00, 0xd4,
  0x00, 0x00, 0x15, 0x00, 0x00, 0x03, 0x00, 0x00, 0xae, 0x00, 0x00, 0xfe,
  0x00, 0x00, 0x4e, 0x00, 0x00, 0x00, 0x00, 0x00, 0x00, 0x00, 0x00, 0x00,
  0x00, 0x00, 0x00, 0x00, 0x00, 0x4a, 0x00, 0x00, 0xf7, 0x00, 0x00, 0xc8,
  0x00, 0x00, 0x4e, 0x00, 0x00, 0xf3, 0x00, 0x00, 0xc3, 0x00, 0x00, 0x0c,
  0x00, 0x00, 0x00, 0x00, 0x00, 0x00, 0x00, 0x00, 0x00, 0x00, 0x00, 0x00,
  0x00, 0x00, 0x00, 0x00, 0x00, 0x00, 0x00, 0x00, 0x00, 0x00, 0x00, 0x00,
  0x00, 0x00, 0x00, 0x00, 0x00, 0x00, 0x00, 0x00, 0x00, 0x00, 0x00, 0x00,
  0x00, 0x00, 0x00, 0x00, 0x00, 0x00, 0x00, 0x00, 0x00, 0x00, 0x00, 0x00,
  0x00, 0x00, 0x00, 0x00, 0x00, 0x00, 0x00, 0x00, 0x00, 0x00, 0x00, 0x00,
  0x00, 0x00, 0x00, 0x00, 0x00, 0x00, 0x00, 0x00, 0x25, 0x00, 0x00, 0x04,
  0x00, 0x00, 0x00, 0x00, 0x00, 0x00, 0x00, 0x00, 0x00, 0x00, 0x00, 0x00,
  0x00, 0x00, 0x00, 0x00, 0x00, 0x00, 0x00, 0x00, 0x00, 0x00, 0x00, 0x00,
  0x00, 0x00, 0x00, 0x00, 0x00, 0x00, 0x00, 0x00, 0x00, 0x00, 0x00, 0x00,
  0x00, 0x00, 0x00, 0x00, 0x00, 0x00, 0x00, 0x00, 0x25, 0x00, 0x00, 0x83,
  0x00, 0x00, 0xa0, 0x00, 0x00, 0x6f, 0x00, 0x00, 0x37, 0x00, 0x00, 0x15,
  0x00, 0x00, 0x07, 0x00, 0x00, 0x08, 0x00, 0x00, 0x0a, 0x00, 0x00, 0x0b,
  0x00, 0x00, 0x06, 0x00, 0x00, 0x02, 0x00, 0x00, 0x00, 0x00, 0x00, 0x00,
  0x00, 0x00, 0x00, 0x00, 0x00, 0x05, 0x00, 0x00, 0x15, 0x00, 0x00, 0x32,
  0x00, 0x00, 0x61, 0x00, 0x00, 0x9f, 0x00, 0x00, 0xd6, 0x00, 0x00, 0xe2,
  0x00, 0x00, 0xac, 0x00, 0x00, 0x52, 0x00, 0x00, 0x23, 0x00, 0x00, 0x44,
  0x00, 0x00, 0x14, 0x00, 0x00, 0x00, 0x00, 0x00, 0xa2, 0x00, 0x00, 0xff,
  0x00, 0x00, 0x59, 0x00, 0x00, 0x00, 0x00, 0x00, 0x00, 0x00, 0x00, 0x00,
  0x00, 0x00, 0x00, 0x00, 0x00, 0x00, 0x00, 0x00, 0x00, 0x00, 0x00, 0x00,
  0x00, 0x00, 0x00, 0x00, 0x00, 0x6e, 0x00, 0x00, 0xff, 0x00, 0x00, 0x8b,
  0x00, 0x00, 0x00, 0x00, 0x00, 0x28, 0x00, 0x00, 0xe9, 0x00, 0x00, 0xd6,
  0x00, 0x00, 0x17, 0x00, 0x00, 0x00, 0x00, 0x00, 0x00, 0x00, 0x00, 0x00,
  0x00, 0x00, 0x12, 0x00, 0x00, 0xc6, 0x00, 0x00, 0xfd, 0x00, 0x00, 0x59,
  0x00, 0x00, 0x00, 0x00, 0x00, 0x00, 0x00, 0x00, 0x00, 0x00, 0x00, 0x81,
  0x00, 0x00, 0xff, 0x00, 0x00, 0x7b, 0x00, 0x00, 0x00, 0x00, 0x00, 0x35,
  0x00, 0x00, 0xf3, 0x00, 0x00, 0xc4, 0x00, 0x00, 0x0d, 0x00, 0x00, 0x00,
  0x00, 0x00, 0x00, 0x00, 0x00, 0x00, 0x00, 0x00, 0x00, 0x00, 0x00, 0x00,
  0x00, 0x00, 0x00, 0x00, 0x00, 0x20, 0x00, 0x00, 0xe1, 0x00, 0x00, 0xdf,
  0x00, 0x00, 0x1a, 0x00, 0x00, 0x47, 0x00, 0x00, 0xfc, 0x00, 0x00, 0xb3,
  0x00, 0x00, 0x05, 0x00, 0x00, 0x12, 0x00, 0x00, 0xd0, 0x00, 0x00, 0xed,
  0x00, 0x00, 0x2e, 0x00, 0x00, 0x00, 0x00, 0x00, 0x00, 0x00, 0x00, 0x00,
  0x00, 0x00, 0x00, 0x00, 0x00, 0x0b, 0x00, 0x00, 0xb5, 0x00, 0x00, 0xfa,
  0x00, 0x00, 0xaf, 0x00, 0x00, 0xfc, 0x00, 0x00, 0x9f, 0x00, 0x00, 0x01,
  0x00, 0x00, 0x00, 0x00, 0x00, 0x00, 0x00, 0x00, 0x00, 0x00, 0x00, 0x00,
  0x00, 0x00, 0x00, 0x00, 0x00, 0x00, 0x00, 0x00, 0x00, 0x00, 0x00, 0x00,
  0x00, 0x00, 0x00, 0x00, 0x00, 0x00, 0x00, 0x00, 0x00, 0x00, 0x00, 0x00,
  0x00, 0x00, 0x00, 0x00, 0x00, 0x00, 0x00, 0x00, 0x00, 0x00, 0x00, 0x00,
  0x00, 0x00, 0x00, 0x00, 0x00, 0x00, 0x00, 0x00, 0x00, 0x00, 0x00, 0x00,
  0x00, 0x00, 0x00, 0x00, 0x00, 0x00, 0x00, 0x00, 0x0a, 0x00, 0x00, 0x00,
  0x00, 0x00, 0x00, 0x00, 0x00, 0x00, 0x00, 0x00, 0x00, 0x00, 0x00, 0x00,
  0x00, 0x00, 0x00, 0x00, 0x00, 0x00, 0x00, 0x00, 0x00, 0x00, 0x00, 0x00,
  0x00, 0x00, 0x00, 0x00, 0x00, 0x00, 0x00, 0x00, 0x00, 0x00, 0x00, 0x00,
  0x00, 0x00, 0x00, 0x00, 0x00, 0x00, 0x00, 0x00, 0x00, 0x00, 0x00, 0x07,
  0x00, 0x00, 0x49, 0x00, 0x00, 0xa7, 0x00, 0x00, 0xda, 0x00, 0x00, 0xd6,
  0x00, 0x00, 0xbb, 0x00, 0x00, 0x9c, 0x00, 0x00, 0x82, 0x00, 0x00, 0x70,
  0x00, 0x00, 0x64, 0x00, 0x00, 0x63, 0x00, 0x00, 0x6a, 0x00, 0x00, 0x7b,
  0x00, 0x00, 0x94, 0x00, 0x00, 0xb5, 0x00, 0x00, 0xd5, 0x00, 0x00, 0xec,
  0x00, 0x00, 0xe8, 0x00, 0x00, 0xbf, 0x00, 0x00, 0x78, 0x00, 0x00, 0x39,
  0x00, 0x00, 0x36, 0x00, 0x00, 0x75, 0x00, 0x00, 0xc9, 0x00, 0x00, 0xd2,
  0x00, 0x00, 0x1b, 0x00, 0x00, 0x0c, 0x00, 0x00, 0xc6, 0x00, 0x00, 0xf5,
  0x00, 0x00, 0x38, 0x00, 0x00, 0x00, 0x00, 0x00, 0x00, 0x00, 0x00, 0x00,
  0x00, 0x00, 0x00, 0x00, 0x00, 0x00, 0x00, 0x00, 0x00, 0x00, 0x00, 0x00,
  0x00, 0x00, 0x00, 0x00, 0x00, 0x98, 0x00, 0x00, 0xff, 0x00, 0x00, 0x64,
  0x00, 0x00, 0x00, 0x00, 0x00, 0x46, 0x00, 0x00, 0xfb, 0x00, 0x00, 0xb5,
  0x00, 0x00, 0x07, 0x00, 0x00, 0x00, 0x00, 0x00, 0x00, 0x00, 0x00, 0x00,
  0x00, 0x00, 0x00, 0x00, 0x00, 0x6c, 0x00, 0x00, 0xff, 0x00, 0x00, 0xc0,
  0x00, 0x00, 0x19, 0x00, 0x00, 0x00, 0x00, 0x00, 0x03, 0x00, 0x00, 0xa7,
  0x00, 0x00, 0xff, 0x00, 0x00, 0x55, 0x00, 0x00, 0x00, 0x00, 0x00, 0x58,
  0x00, 0x00, 0xff, 0x00, 0x00, 0xa4, 0x00, 0x00, 0x00, 0x00, 0x00, 0x00,
  0x00, 0x00, 0x00, 0x00, 0x00, 0x00, 0x00, 0x00, 0x00, 0x00, 0x00, 0x00,
  0x00, 0x00, 0x00, 0x00, 0x00, 0x3f, 0x00, 0x00, 0xf7, 0x00, 0x00, 0xc2,
  0x00, 0x00, 0x07, 0x00, 0x00, 0x6d, 0x00, 0x00, 0xff, 0x00, 0x00, 0x8d,
  0x00, 0x00, 0x00, 0x00, 0x00, 0x29, 0x00, 0x00, 0xea, 0x00, 0x00, 0xd4,
  0x00, 0x00, 0x16, 0x00, 0x00, 0x00, 0x00, 0x00, 0x00, 0x00, 0x00, 0x00,
  0x00, 0x00, 0x00, 0x00, 0x00, 0x00, 0x00, 0x00, 0x54, 0x00, 0x00, 0xf8,
  0x00, 0x00, 0xf9, 0x00, 0x00, 0xff, 0x00, 0x00, 0x78, 0x00, 0x00, 0x00,
  0x00, 0x00, 0x00, 0x00, 0x00, 0x00, 0x00, 0x00, 0x00, 0x00, 0x00, 0x00,
  0x00, 0x00, 0x00, 0x00, 0x00, 0x00, 0x00, 0x00, 0x00, 0x00, 0x00, 0x00,
  0x00, 0x00, 0x00, 0x00, 0x00, 0x00, 0x00, 0x00, 0x00, 0x00, 0x00, 0x00,
  0x00, 0x00, 0x00, 0x00, 0x00, 0x00, 0x00, 0x00, 0x00, 0x00, 0x00, 0x00,
  0x00, 0x00, 0x00, 0x00, 0x00, 0x00, 0x00, 0x00, 0x00, 0x00, 0x00, 0x00,
  0x00, 0x00, 0x00, 0x00, 0x00, 0x00, 0x00, 0x00, 0x00, 0x00, 0x00, 0x00,
  0x00, 0x00, 0x00, 0x00, 0x00, 0x00, 0x00, 0x00, 0x00, 0x00, 0x00, 0x00,
  0x00, 0x00, 0x00, 0x00, 0x00, 0x00, 0x00, 0x00, 0x00, 0x00, 0x00, 0x00,
  0x00, 0x00, 0x00, 0x00, 0x00, 0x00, 0x00, 0x00, 0x00, 0x00, 0x00, 0x00,
  0x00, 0x00, 0x00, 0x00, 0x00, 0x00, 0x00, 0x00, 0x00, 0x00, 0x00, 0x00,
  0x00, 0x00, 0x00, 0x00, 0x00, 0x06, 0x00, 0x00, 0x31, 0x00, 0x00, 0x73,
  0x00, 0x00, 0xae, 0x00, 0x00, 0xd5, 0x00, 0x00, 0xe9, 0x00, 0x00, 0xf3,
  0x00, 0x00, 0xf5, 0x00, 0x00, 0xf5, 0x00, 0x00, 0xf3, 0x00, 0x00, 0xed,
  0x00, 0x00, 0xde, 0x00, 0x00, 0xc2, 0x00, 0x00, 0x96, 0x00, 0x00, 0x61,
  0x00, 0x00, 0x38, 0x00, 0x00, 0x35, 0x00, 0x00, 0x63, 0x00, 0x00, 0xae,
  0x00, 0x00, 0xe8, 0x00, 0x00, 0xff, 0x00, 0x00, 0xff, 0x00, 0x00, 0xbd,
  0x00, 0x00, 0x08, 0x00, 0x00, 0x13, 0x00, 0x00, 0xd1, 0x00, 0x00, 0xfe,
  0x00, 0x00, 0x9b, 0x00, 0x00, 0x6e, 0x00, 0x00, 0x70, 0x00, 0x00, 0x70,
  0x00, 0x00, 0x70, 0x00, 0x00, 0x70, 0x00, 0x00, 0x70, 0x00, 0x00, 0x6f,
  0x00, 0x00, 0x84, 0x00, 0x00, 0xe9, 0x00, 0x00, 0xe6, 0x00, 0x00, 0x31,
  0x00, 0x00, 0x00, 0x00, 0x00, 0x6b, 0x00, 0x00, 0xff, 0x00, 0x00, 0x90,
  0x00, 0x00, 0x00, 0x00, 0x00, 0x00, 0x00, 0x00, 0x00, 0x00, 0x00, 0x00,
  0x00, 0x00, 0x00, 0x00, 0x00, 0x1d, 0x00, 0x00, 0xd5, 0x00, 0x00, 0xff,
  0x00, 0x00, 0xb3, 0x00, 0x00, 0x13, 0x00, 0x00, 0x0e, 0x00, 0x00, 0xca,
  0x00, 0x00, 0xf2, 0x00, 0x00, 0x33, 0x00, 0x00, 0x00, 0x00, 0x00, 0x66,
  0x00, 0x00, 0xff, 0x00, 0x00, 0xd5, 0x00, 0x00, 0x76, 0x00, 0x00, 0x70,
  0x00, 0x00, 0x70, 0x00, 0x00, 0x70, 0x00, 0x00, 0x70, 0x00, 0x00, 0x70,
  0x00, 0x00, 0x72, 0x00, 0x00, 0xbc, 0x00, 0x00, 0xff, 0x00, 0x00, 0x84,
  0x00, 0x00, 0x00, 0x00, 0x00, 0x96, 0x00, 0x00, 0xff, 0x00, 0x00, 0x66,
  0x00, 0x00, 0x00, 0x00, 0x00, 0x49, 0x00, 0x00, 0xfc, 0x00, 0x00, 0xb4,
  0x00, 0x00, 0x06, 0x00, 0x00, 0x00, 0x00, 0x00, 0x00, 0x00, 0x00, 0x00,
  0x00, 0x00, 0x00, 0x00, 0x00, 0x00, 0x00, 0x00, 0x0f, 0x00, 0x00, 0xbe,
  0x00, 0x00, 0xff, 0x00, 0x00, 0xfb, 0x00, 0x00, 0x52, 0x00, 0x00, 0x00,
  0x00, 0x00, 0x00, 0x00, 0x00, 0x00, 0x00, 0x00, 0x00, 0x00, 0x00, 0x00,
  0x00, 0x00, 0x00, 0x00, 0x00, 0x00, 0x00, 0x00, 0x00, 0x00, 0x00, 0x00,
  0x00, 0x00, 0x00, 0x00, 0x00, 0x00, 0x00, 0x00, 0x00, 0x00, 0x00, 0x00,
  0x00, 0x00, 0x00, 0x00, 0x00, 0x00, 0x00, 0x00, 0x00, 0x00, 0x00, 0x00,
  0x00, 0x00, 0x00, 0x00, 0x00, 0x00, 0x00, 0x00, 0x00, 0x00, 0x00, 0x00,
  0x00, 0x00, 0x00, 0x00, 0x00, 0x00, 0x00, 0x00, 0x00, 0x00, 0x00, 0x00,
  0x00, 0x00, 0x00, 0x00, 0x00, 0x00, 0x00, 0x00, 0x00, 0x00, 0x00, 0x00,
  0x00, 0x00, 0x00, 0x00, 0x00, 0x00, 0x00, 0x00, 0x00, 0x00, 0x00, 0x00,
  0x00, 0x00, 0x00, 0x00, 0x00, 0x00, 0x00, 0x00, 0x00, 0x00, 0x00, 0x00,
  0x00, 0x00, 0x00, 0x00, 0x00, 0x00, 0x00, 0x00, 0x00, 0x00, 0x00, 0x00,
  0x00, 0x00, 0x00, 0x00, 0x00, 0x00, 0x00, 0x00, 0x00, 0x00, 0x00, 0x00,
  0x00, 0x00, 0x04, 0x00, 0x00, 0x14, 0x00, 0x00, 0x27, 0x00, 0x00, 0x37,
  0x00, 0x00, 0x40, 0x00, 0x00, 0x40, 0x00, 0x00, 0x38, 0x00, 0x00, 0x29,
  0x00, 0x00, 0x1d, 0x00, 0x00, 0x1e, 0x00, 0x00, 0x3a, 0x00, 0x00, 0x6f,
  0x00, 0x00, 0xb0, 0x00, 0x00, 0xe5, 0x00, 0x00, 0xff, 0x00, 0x00, 0xff,
  0x00, 0x00, 0xff, 0x00, 0x00, 0xff, 0x00, 0x00, 0xfc, 0x00, 0x00, 0x8c,
  0x00, 0x00, 0x00, 0x00, 0x00, 0x01, 0x00, 0x00, 0x65, 0x00, 0x00, 0xe8,
  0x00, 0x00, 0xfb, 0x00, 0x00, 0xf9, 0x00, 0x00, 0xf9, 0x00, 0x00, 0xf9,
  0x00, 0x00, 0xf9, 0x00, 0x00, 0xf9, 0x00, 0x00, 0xf9, 0x00, 0x00, 0xf9,
  0x00, 0x00, 0xfa, 0x00, 0x00, 0xd4, 0x00, 0x00, 0x52, 0x00, 0x00, 0x01,
  0x00, 0x00, 0x00, 0x00, 0x00, 0x8d, 0x00, 0x00, 0xfc, 0x00, 0x00, 0x67,
  0x00, 0x00, 0x00, 0x00, 0x00, 0x00, 0x00, 0x00, 0x00, 0x00, 0x00, 0x00,
  0x00, 0x00, 0x00, 0x00, 0x00, 0x00, 0x00, 0x00, 0x55, 0x00, 0x00, 0xe1,
  0x00, 0x00, 0xd7, 0x00, 0x00, 0x19, 0x00, 0x00, 0x21, 0x00, 0x00, 0xde,
  0x00, 0x00, 0xd3, 0x00, 0x00, 0x19, 0x00, 0x00, 0x00, 0x00, 0x00, 0x1d,
  0x00, 0x00, 0xb4, 0x00, 0x00, 0xf9, 0x00, 0x00, 0xfa, 0x00, 0x00, 0xf9,
  0x00, 0x00, 0xf9, 0x00, 0x00, 0xf9, 0x00, 0x00, 0xf9, 0x00, 0x00, 0xf9,
  0x00, 0x00, 0xfa, 0x00, 0x00, 0xf0, 0x00, 0x00, 0x92, 0x00, 0x00, 0x14,
  0x00, 0x00, 0x07, 0x00, 0x00, 0xb5, 0x00, 0x00, 0xf2, 0x00, 0x00, 0x41,
  0x00, 0x00, 0x00, 0x00, 0x00, 0x69, 0x00, 0x00, 0xfb, 0x00, 0x00, 0x8a,
  0x00, 0x00, 0x00, 0x00, 0x00, 0x00, 0x00, 0x00, 0x00, 0x00, 0x00, 0x00,
  0x00, 0x00, 0x00, 0x00, 0x00, 0x00, 0x00, 0x00, 0x00, 0x00, 0x00, 0x5d,
  0x00, 0x00, 0xf4, 0x00, 0x00, 0xe6, 0x00, 0x00, 0x30, 0x00, 0x00, 0x00,
  0x00, 0x00, 0x00, 0x00, 0x00, 0x00, 0x00, 0x00, 0x00, 0x00, 0x00, 0x00,
  0x00, 0x00, 0x00, 0x00, 0x00, 0x00, 0x00, 0x00, 0x00, 0x00, 0x00, 0x00,
  0x00, 0x00, 0x00, 0x00, 0x00, 0x00, 0x00, 0x00, 0x00, 0x00, 0x00, 0x00,
  0x00, 0x00, 0x00, 0x00, 0x00, 0x00, 0x00, 0x00, 0x00, 0x00, 0x00, 0x00,
  0x00, 0x00, 0x00, 0x00, 0x00, 0x00, 0x00, 0x00, 0x00, 0x00, 0x00, 0x00,
  0x00, 0x00, 0x00, 0x00, 0x00, 0x00, 0x00, 0x00, 0x00, 0x00, 0x00, 0x00,
  0x00, 0x00, 0x00, 0x00, 0x00, 0x00, 0x00, 0x00, 0x00, 0x00, 0x00, 0x00,
  0x00, 0x00, 0x00, 0x00, 0x00, 0x00, 0x00, 0x00, 0x00, 0x00, 0x00, 0x00,
  0x00, 0x00, 0x00, 0x00, 0x00, 0x00, 0x00, 0x00, 0x00, 0x00, 0x00, 0x00,
  0x00, 0x00, 0x00, 0x00, 0x00, 0x00, 0x00, 0x00, 0x00, 0x00, 0x00, 0x00,
  0x00, 0x00, 0x00, 0x00, 0x00, 0x00, 0x00, 0x00, 0x00, 0x00, 0x00, 0x00,
  0x00, 0x00, 0x00, 0x00, 0x00, 0x00, 0x00, 0x00, 0x00, 0x00, 0x00, 0x00,
  0x00, 0x00, 0x00, 0x00, 0x00, 0x00, 0x00, 0x00, 0x1a, 0x00, 0x00, 0x58,
  0x00, 0x00, 0x95, 0x00, 0x00, 0xca, 0x00, 0x00, 0xed, 0x00, 0x00, 0xfd,
  0x00, 0x00, 0xfc, 0x00, 0x00, 0xf2, 0x00, 0x00, 0xe5, 0x00, 0x00, 0xcf,
  0x00, 0x00, 0xae, 0x00, 0x00, 0x81, 0x00, 0x00, 0x4d, 0x00, 0x00, 0x17,
  0x00, 0x00, 0x00, 0x00, 0x00, 0x00, 0x00, 0x00, 0x02, 0x00, 0x00, 0x31,
  0x00, 0x00, 0x49, 0x00, 0x00, 0x49, 0x00, 0x00, 0x49, 0x00, 0x00, 0x49,
  0x00, 0x00, 0x48, 0x00, 0x00, 0x49, 0x00, 0x00, 0x49, 0x00, 0x00, 0x49,
  0x00, 0x00, 0x46, 0x00, 0x00, 0x1e, 0x00, 0x00, 0x00, 0x00, 0x00, 0x00,
  0x00, 0x00, 0x00, 0x00, 0x00, 0x30, 0x00, 0x00, 0x49, 0x00, 0x00, 0x18,
  0x00, 0x00, 0x00, 0x00, 0x00, 0x00, 0x00, 0x00, 0x00, 0x00, 0x00, 0x00,
  0x00, 0x00, 0x00, 0x00, 0x00, 0x00, 0x00, 0x00, 0x00, 0x00, 0x00, 0x2a,
  0x00, 0x00, 0x3a, 0x00, 0x00, 0x04, 0x00, 0x00, 0x0d, 0x00, 0x00, 0x42,
  0x00, 0x00, 0x38, 0x00, 0x00, 0x04, 0x00, 0x00, 0x00, 0x00, 0x00, 0x00,
  0x00, 0x00, 0x15, 0x00, 0x00, 0x43, 0x00, 0x00, 0x49, 0x00, 0x00, 0x49,
  0x00, 0x00, 0x49, 0x00, 0x00, 0x48, 0x00, 0x00, 0x48, 0x00, 0x00, 0x48,
  0x00, 0x00, 0x49, 0x00, 0x00, 0x35, 0x00, 0x00, 0x06, 0x00, 0x00, 0x00,
  0x00, 0x00, 0x04, 0x00, 0x00, 0x3a, 0x00, 0x00, 0x44, 0x00, 0x00, 0x0e,
  0x00, 0x00, 0x00, 0x00, 0x00, 0x24, 0x00, 0x00, 0x47, 0x00, 0x00, 0x21,
  0x00, 0x00, 0x00, 0x00, 0x00, 0x00, 0x00, 0x00, 0x00, 0x00, 0x00, 0x00,
  0x00, 0x00, 0x00, 0x00, 0x00, 0x00, 0x00, 0x00, 0x00, 0x00, 0x00, 0x0b,
  0x00, 0x00, 0x40, 0x00, 0x00, 0x3e, 0x00, 0x00, 0x09, 0x00, 0x00, 0x00,
  0x00, 0x00, 0x00, 0x00, 0x00, 0x00, 0x00, 0x00, 0x00, 0x00, 0x00, 0x00,
  0x00, 0x00, 0x00, 0x00, 0x00, 0x00, 0x00, 0x00, 0x00, 0x00, 0x00, 0x00,
  0x00, 0x00, 0x00, 0x00, 0x00, 0x00, 0x00, 0x00, 0x00, 0x00, 0x00, 0x00,
  0x00, 0x00, 0x00, 0x00, 0x00, 0x00, 0x00, 0x00, 0x00, 0x00, 0x00, 0x00,
  0x00, 0x00, 0x00, 0x00, 0x00, 0x00, 0x00, 0x00, 0x00, 0x00, 0x00, 0x00,
  0x00, 0x00, 0x00, 0x00, 0x00, 0x00, 0x00, 0x00, 0x00, 0x00, 0x00, 0x00,
  0x00, 0x00, 0x00, 0x00, 0x00, 0x00, 0x00, 0x00, 0x00, 0x00, 0x00, 0x00,
  0x00, 0x00, 0x00, 0x00, 0x00, 0x00, 0x00, 0x00, 0x00, 0x00, 0x00, 0x00,
  0x00, 0x00, 0x00, 0x00, 0x00, 0x00, 0x00, 0x00, 0x00, 0x00, 0x00, 0x00,
  0x00, 0x00, 0x00, 0x00, 0x00, 0x00, 0x00, 0x00, 0x00, 0x00, 0x00, 0x00,
  0x00, 0x00, 0x00, 0x00, 0x00, 0x00, 0x00, 0x00, 0x00, 0x00, 0x00, 0x00,
  0x00, 0x00, 0x00, 0x00, 0x00, 0x00, 0x00, 0x00, 0x00, 0x00, 0x00, 0x00,
  0x00, 0x00, 0x00, 0x00, 0x00, 0x00, 0x00, 0x00, 0x12, 0x00, 0x00, 0x33,
  0x00, 0x00, 0x47, 0x00, 0x00, 0x51, 0x00, 0x00, 0x52, 0x00, 0x00, 0x4f,
  0x00, 0x00, 0x47, 0x00, 0x00, 0x38, 0x00, 0x00, 0x25, 0x00, 0x00, 0x13,
  0x00, 0x00, 0x05, 0x00, 0x00, 0x00, 0x00, 0x00, 0x00, 0x00, 0x00, 0x00,
  0x00, 0x00, 0x00, 0x00, 0x00, 0x00, 0x00, 0x00, 0x00, 0x00, 0x00, 0x00,
  0x00, 0x00, 0x05, 0x00, 0x00, 0x00, 0x00, 0x00, 0x00, 0x00, 0x00, 0x00,
  0x00, 0x00, 0x05, 0x00, 0x00, 0x00, 0x00, 0x00, 0x00, 0x00, 0x00, 0x03,
  0x00, 0x00, 0x02, 0x00, 0x00, 0x00, 0x00, 0x00, 0x00, 0x00, 0x00, 0x08,
  0x00, 0x00, 0x08, 0x00, 0x00, 0x00, 0x00, 0x00, 0x00, 0x00, 0x00, 0x00,
  0x00, 0x00, 0x0b, 0x00, 0x00, 0x06, 0x00, 0x00, 0x00, 0x00, 0x00, 0x00,
  0x00, 0x00, 0x08, 0x00, 0x00, 0x0e, 0x00, 0x00, 0x0f, 0x00, 0x00, 0x07,
  0x00, 0x00, 0x00, 0x00, 0x00, 0x00, 0x00, 0x00, 0x07, 0x00, 0x00, 0x02,
  0x00, 0x00, 0x00, 0x00, 0x00, 0x04, 0x00, 0x00, 0x0a, 0x00, 0x00, 0x00,
  0x00, 0x00, 0x00, 0x00, 0x00, 0x06, 0x00, 0x00, 0x00, 0x00, 0x00, 0x00,
  0x00, 0x00, 0x00, 0x00, 0x00, 0x0a, 0x00, 0x00, 0x0b, 0x00, 0x00, 0x0a,
  0x00, 0x00, 0x02, 0x00, 0x00, 0x00, 0x00, 0x00, 0x00, 0x00, 0x00, 0x01,
  0x00, 0x00, 0x0b, 0x00, 0x00, 0x0c, 0x00, 0x00, 0x0b, 0x00, 0x00, 0x05,
  0x00, 0x00, 0x00, 0x00, 0x00, 0x00, 0x00, 0x00, 0x00, 0x00, 0x00, 0x08,
  0x00, 0x00, 0x02, 0x00, 0x00, 0x00, 0x00, 0x00, 0x08, 0x00, 0x00, 0x03,
  0x00, 0x00, 0x00, 0x00, 0x00, 0x00, 0x00, 0x00, 0x0b, 0x00, 0x00, 0x0e,
  0x00, 0x00, 0x08, 0x00, 0x00, 0x00, 0x00, 0x00, 0x00, 0x00, 0x00, 0x00,
  0x00, 0x00, 0x00, 0x00, 0x00, 0x00, 0x00, 0x00, 0x00, 0x00, 0x00, 0x00,
  0x00, 0x00, 0x00, 0x00, 0x00, 0x00, 0x00, 0x00, 0x00, 0x00, 0x00, 0x00,
  0x00, 0x00, 0x00, 0x00, 0x00, 0x00, 0x00, 0x00, 0x00, 0x00, 0x00, 0x00,
  0x00, 0x00, 0x00, 0x00, 0x00, 0x00, 0x00, 0x00, 0x00, 0x00, 0x00, 0x00,
  0x00, 0x00, 0x00, 0x00, 0x00, 0x00, 0x00, 0x00, 0x00, 0x00, 0x00, 0x00,
  0x00, 0x00, 0x00, 0x00, 0x00, 0x00, 0x00, 0x00, 0x00, 0x00, 0x00, 0x00,
  0x00, 0x00, 0x00, 0x00, 0x00, 0x00, 0x00, 0x00, 0x00, 0x00, 0x00, 0x00,
  0x00, 0x00, 0x00, 0x00, 0x00, 0x00, 0x00, 0x00, 0x00, 0x00, 0x00, 0x00,
  0x00, 0x00, 0x00, 0x00, 0x00, 0x00, 0x00, 0x00, 0x00, 0x00, 0x00, 0x00,
  0x00, 0x00, 0x00, 0x00, 0x00, 0x00, 0x00, 0x00, 0x00, 0x00, 0x00, 0x00,
  0x00, 0x00, 0x00, 0x00, 0x00, 0x00, 0x00, 0x00, 0x00, 0x00, 0x00, 0x00,
  0x00, 0x00, 0x00, 0x00, 0x00, 0x00, 0x00, 0x00, 0x00, 0x00, 0x00, 0x00,
  0x00, 0x00, 0x00, 0x00, 0x00, 0x00, 0x00, 0x00, 0x00, 0x00, 0x00, 0x00,
  0x00, 0x00, 0x00, 0x00, 0x00, 0x00, 0x00, 0x00, 0x00, 0x00, 0x00, 0x00,
  0x00, 0x00, 0x00, 0x00, 0x00, 0x00, 0x00, 0x00, 0x00, 0x00, 0x00, 0x00,
  0x00, 0x00, 0x00, 0x00, 0x00, 0x00, 0x00, 0x00, 0x00, 0x00, 0x00, 0x00,
  0x00, 0x00, 0x00, 0x00, 0x00, 0x00, 0x00, 0x00, 0x00, 0x00, 0x00, 0x3f,
  0x00, 0x00, 0x99, 0x00, 0x00, 0x0e, 0x00, 0x00, 0x00, 0x00, 0x00, 0x52,
  0x00, 0x00, 0x90, 0x00, 0x00, 0x06, 0x00, 0x00, 0x05, 0x00, 0x00, 0x8c,
  0x00, 0x00, 0x54, 0x00, 0x00, 0x00, 0x00, 0x00, 0x0b, 0x00, 0x00, 0x9b,
  0x00, 0x00, 0xa6, 0x00, 0x00, 0x13, 0x00, 0x00, 0x00, 0x00, 0x00, 0x53,
  0x00, 0x00, 0xc2, 0x00, 0x00, 0x58, 0x00, 0x00, 0x00, 0x00, 0x00, 0x09,
  0x00, 0x00, 0x94, 0x00, 0x00, 0xad, 0x00, 0x00, 0xa2, 0x00, 0x00, 0xb4,
  0x00, 0x00, 0x3c, 0x00, 0x00, 0x00, 0x00, 0x00, 0x78, 0x00, 0x00, 0x73,
  0x00, 0x00, 0x02, 0x00, 0x00, 0x7c, 0x00, 0x00, 0xaf, 0x00, 0x00, 0x15,
  0x00, 0x00, 0x37, 0x00, 0x00, 0xa2, 0x00, 0x00, 0x1c, 0x00, 0x00, 0x09,
  0x00, 0x00, 0x88, 0x00, 0x00, 0xac, 0x00, 0x00, 0xa3, 0x00, 0x00, 0xad,
  0x00, 0x00, 0x9c, 0x00, 0x00, 0x13, 0x00, 0x00, 0x00, 0x00, 0x00, 0x2b,
  0x00, 0x00, 0xb2, 0x00, 0x00, 0xa3, 0x00, 0x00, 0xaa, 0x00, 0x00, 0x9d,
  0x00, 0x00, 0x14, 0x00, 0x00, 0x00, 0x00, 0x00, 0x28, 0x00, 0x00, 0xa2,
  0x00, 0x00, 0x22, 0x00, 0x00, 0x58, 0x00, 0x00, 0x9f, 0x00, 0x00, 0x23,
  0x00, 0x00, 0x00, 0x00, 0x00, 0x62, 0x00, 0x00, 0xae, 0x00, 0x00, 0xa3,
  0x00, 0x00, 0xaf, 0x00, 0x00, 0x4b, 0x00, 0x00, 0x00, 0x00, 0x00, 0x00,
  0x00, 0x00, 0x00, 0x00, 0x00, 0x00, 0x00, 0x00, 0x00, 0x00, 0x00, 0x00,
  0x00, 0x00, 0x00, 0x00, 0x00, 0x00, 0x00, 0x00, 0x00, 0x00, 0x00, 0x00,
  0x00, 0x00, 0x00, 0x00, 0x00, 0x00, 0x00, 0x00, 0x00, 0x00, 0x00, 0x00,
  0x00, 0x00, 0x00, 0x00, 0x00, 0x00, 0x00, 0x00, 0x00, 0x00, 0x00, 0x00,
  0x00, 0x00, 0x00, 0x00, 0x00, 0x00, 0x00, 0x00, 0x00, 0x00, 0x00, 0x00,
  0x00, 0x00, 0x00, 0x00, 0x00, 0x00, 0x00, 0x00, 0x00, 0x00, 0x00, 0x00,
  0x00, 0x00, 0x00, 0x00, 0x00, 0x00, 0x00, 0x00, 0x00, 0x00, 0x00, 0x00,
  0x00, 0x00, 0x00, 0x00, 0x00, 0x00, 0x00, 0x00, 0x00, 0x00, 0x00, 0x00,
  0x00, 0x00, 0x00, 0x00, 0x00, 0x00, 0x00, 0x00, 0x00, 0x00, 0x00, 0x00,
  0x00, 0x00, 0x00, 0x00, 0x00, 0x00, 0x00, 0x00, 0x00, 0x00, 0x00, 0x00,
  0x00, 0x00, 0x00, 0x00, 0x00, 0x00, 0x00, 0x00, 0x00, 0x00, 0x00, 0x00,
  0x00, 0x00, 0x00, 0x00, 0x00, 0x00, 0x00, 0x00, 0x00, 0x00, 0x00, 0x00,
  0x00, 0x00, 0x00, 0x00, 0x00, 0x00, 0x00, 0x00, 0x00, 0x00, 0x00, 0x00,
  0x00, 0x00, 0x00, 0x00, 0x00, 0x00, 0x00, 0x00, 0x00, 0x00, 0x00, 0x00,
  0x00, 0x00, 0x00, 0x00, 0x00, 0x00, 0x00, 0x00, 0x00, 0x00, 0x00, 0x00,
  0x00, 0x00, 0x00, 0x00, 0x00, 0x00, 0x00, 0x00, 0x00, 0x00, 0x00, 0x00,
  0x00, 0x00, 0x00, 0x00, 0x00, 0x00, 0x00, 0x00, 0x00, 0x00, 0x00, 0x7b,
  0x00, 0x00, 0xb4, 0x00, 0x00, 0x06, 0x00, 0x00, 0x00, 0x00, 0x00, 0x95,
  0x00, 0x00, 0xa0, 0x00, 0x00, 0x00, 0x00, 0x00, 0x18, 0x00, 0x00, 0xd1,
  0x00, 0x00, 0x4e, 0x00, 0x00, 0x00, 0x00, 0x00, 0x25, 0x00, 0x00, 0xe0,
  0x00, 0x00, 0xef, 0x00, 0x00, 0x59, 0x00, 0x00, 0x3f, 0x00, 0x00, 0xd6,
  0x00, 0x00, 0xf8, 0x00, 0x00, 0x53, 0x00, 0x00, 0x00, 0x00, 0x00, 0x21,
  0x00, 0x00, 0xdb, 0x00, 0x00, 0x8e, 0x00, 0x00, 0x74, 0x00, 0x00, 0xe4,
  0x00, 0x00, 0x51, 0x00, 0x00, 0x00, 0x00, 0x00, 0x74, 0x00, 0x00, 0xb9,
  0x00, 0x00, 0x4b, 0x00, 0x00, 0xd2, 0x00, 0x00, 0xe1, 0x00, 0x00, 0x4e,
  0x00, 0x00, 0xac, 0x00, 0x00, 0x84, 0x00, 0x00, 0x00, 0x00, 0x00, 0x2e,
  0x00, 0x00, 0xd8, 0x00, 0x00, 0x48, 0x00, 0x00, 0x1a, 0x00, 0x00, 0x6a,
  0x00, 0x00, 0xd3, 0x00, 0x00, 0x18, 0x00, 0x00, 0x00, 0x00, 0x00, 0x5f,
  0x00, 0x00, 0xdf, 0x00, 0x00, 0x6d, 0x00, 0x00, 0x94, 0x00, 0x00, 0xd1,
  0x00, 0x00, 0x18, 0x00, 0x00, 0x00, 0x00, 0x00, 0x57, 0x00, 0x00, 0xe6,
  0x00, 0x00, 0xa5, 0x00, 0x00, 0xba, 0x00, 0x00, 0x43, 0x00, 0x00, 0x04,
  0x00, 0x00, 0x08, 0x00, 0x00, 0xbb, 0x00, 0x00, 0xbe, 0x00, 0x00, 0x86,
  0x00, 0x00, 0x9a, 0x00, 0x00, 0x3a, 0x00, 0x00, 0x00, 0x00, 0x00, 0x00,
  0x00, 0x00, 0x00, 0x00, 0x00, 0x00, 0x00, 0x00, 0x00, 0x00, 0x00, 0x00,
  0x00, 0x00, 0x00, 0x00, 0x00, 0x00, 0x00, 0x00, 0x00, 0x00, 0x00, 0x00,
  0x00, 0x00, 0x00, 0x00, 0x00, 0x00, 0x00, 0x00, 0x00, 0x00, 0x00, 0x00,
  0x00, 0x00, 0x00, 0x00, 0x00, 0x00, 0x00, 0x00, 0x00, 0x00, 0x00, 0x00,
  0x00, 0x00, 0x00, 0x00, 0x00, 0x00, 0x00, 0x00, 0x00, 0x00, 0x00, 0x00,
  0x00, 0x00, 0x00, 0x00, 0x00, 0x00, 0x00, 0x00, 0x00, 0x00, 0x00, 0x00,
  0x00, 0x00, 0x00, 0x00, 0x00, 0x00, 0x00, 0x00, 0x00, 0x00, 0x00, 0x00,
  0x00, 0x00, 0x00, 0x00, 0x00, 0x00, 0x00, 0x00, 0x00, 0x00, 0x00, 0x00,
  0x00, 0x00, 0x00, 0x00, 0x00, 0x00, 0x00, 0x00, 0x00, 0x00, 0x00, 0x00,
  0x00, 0x00, 0x00, 0x00, 0x00, 0x00, 0x00, 0x00, 0x00, 0x00, 0x00, 0x00,
  0x00, 0x00, 0x00, 0x00, 0x00, 0x00, 0x00, 0x00, 0x00, 0x00, 0x00, 0x00,
  0x00, 0x00, 0x00, 0x00, 0x00, 0x00, 0x00, 0x00, 0x00, 0x00, 0x00, 0x00,
  0x00, 0x00, 0x00, 0x00, 0x00, 0x00, 0x00, 0x00, 0x00, 0x00, 0x00, 0x00,
  0x00, 0x00, 0x00, 0x00, 0x00, 0x00, 0x00, 0x00, 0x00, 0x00, 0x00, 0x00,
  0x00, 0x00, 0x00, 0x00, 0x00, 0x00, 0x00, 0x00, 0x00, 0x00, 0x00, 0x00,
  0x00, 0x00, 0x00, 0x00, 0x00, 0x00, 0x00, 0x00, 0x00, 0x00, 0x00, 0x00,
  0x00, 0x00, 0x11, 0x00, 0x00, 0x4a, 0x00, 0x00, 0x21, 0x00, 0x00, 0xaf,
  0x00, 0x00, 0x85, 0x00, 0x00, 0x00, 0x00, 0x00, 0x0a, 0x00, 0x00, 0xbe,
  0x00, 0x00, 0x7e, 0x00, 0x00, 0x0f, 0x00, 0x00, 0x4a, 0x00, 0x00, 0xd6,
  0x00, 0x00, 0x26, 0x00, 0x00, 0x00, 0x00, 0x00, 0x4c, 0x00, 0x00, 0xcf,
  0x00, 0x00, 0x8e, 0x00, 0x00, 0xce, 0x00, 0x00, 0xc2, 0x00, 0x00, 0x93,
  0x00, 0x00, 0xd7, 0x00, 0x00, 0x2b, 0x00, 0x00, 0x00, 0x00, 0x00, 0x46,
  0x00, 0x00, 0xe3, 0x00, 0x00, 0x99, 0x00, 0x00, 0x91, 0x00, 0x00, 0x77,
  0x00, 0x00, 0x12, 0x00, 0x00, 0x00, 0x00, 0x00, 0x3b, 0x00, 0x00, 0xd9,
  0x00, 0x00, 0xcb, 0x00, 0x00, 0x6b, 0x00, 0x00, 0xa9, 0x00, 0x00, 0xce,
  0x00, 0x00, 0xb0, 0x00, 0x00, 0x14, 0x00, 0x00, 0x00, 0x00, 0x00, 0x57,
  0x00, 0x00, 0xcf, 0x00, 0x00, 0x26, 0x00, 0x00, 0x0f, 0x00, 0x00, 0x86,
  0x00, 0x00, 0xb0, 0x00, 0x00, 0x05, 0x00, 0x00, 0x00, 0x00, 0x00, 0x8d,
  0x00, 0x00, 0xd2, 0x00, 0x00, 0xaf, 0x00, 0x00, 0xeb, 0x00, 0x00, 0x6c,
  0x00, 0x00, 0x01, 0x00, 0x00, 0x00, 0x00, 0x00, 0x86, 0x00, 0x00, 0xca,
  0x00, 0x00, 0xb7, 0x00, 0x00, 0xb1, 0x00, 0x00, 0x16, 0x00, 0x00, 0x00,
  0x00, 0x00, 0x13, 0x00, 0x00, 0x76, 0x00, 0x00, 0x87, 0x00, 0x00, 0x94,
  0x00, 0x00, 0xe1, 0x00, 0x00, 0x3f, 0x00, 0x00, 0x00, 0x00, 0x00, 0x00,
  0x00, 0x00, 0x00, 0x00, 0x00, 0x00, 0x00, 0x00, 0x00, 0x00, 0x00, 0x00,
  0x00, 0x00, 0x00, 0x00, 0x00, 0x00, 0x00, 0x00, 0x00, 0x00, 0x00, 0x00,
  0x00, 0x00, 0x00, 0x00, 0x00, 0x00, 0x00, 0x00, 0x00, 0x00, 0x00, 0x00,
  0x00, 0x00, 0x00, 0x00, 0x00, 0x00, 0x00, 0x00, 0x00, 0x00, 0x00, 0x00,
  0x00, 0x00, 0x00, 0x00, 0x00, 0x00, 0x00, 0x00, 0x00, 0x00, 0x00, 0x00,
  0x00, 0x00, 0x00, 0x00, 0x00, 0x00, 0x00, 0x00, 0x00, 0x00, 0x00, 0x00,
  0x00, 0x00, 0x00, 0x00, 0x00, 0x00, 0x00, 0x00, 0x00, 0x00, 0x00, 0x00,
  0x00, 0x00, 0x00, 0x00, 0x00, 0x00, 0x00, 0x00, 0x00, 0x00, 0x00, 0x00,
  0x00, 0x00, 0x00, 0x00, 0x00, 0x00, 0x00, 0x00, 0x00, 0x00, 0x00, 0x00,
  0x00, 0x00, 0x00, 0x00, 0x00, 0x00, 0x00, 0x00, 0x00, 0x00, 0x00, 0x00,
  0x00, 0x00, 0x00, 0x00, 0x00, 0x00, 0x00, 0x00, 0x00, 0x00, 0x00, 0x00,
  0x00, 0x00, 0x00, 0x00, 0x00, 0x00, 0x00, 0x00, 0x00, 0x00, 0x00, 0x00,
  0x00, 0x00, 0x00, 0x00, 0x00, 0x00, 0x00, 0x00, 0x00, 0x00, 0x00, 0x00,
  0x00, 0x00, 0x00, 0x00, 0x00, 0x00, 0x00, 0x00, 0x00, 0x00, 0x00, 0x00,
  0x00, 0x00, 0x00, 0x00, 0x00, 0x00, 0x00, 0x00, 0x00, 0x00, 0x00, 0x00,
  0x00, 0x00, 0x00, 0x00, 0x00, 0x00, 0x00, 0x00, 0x00, 0x00, 0x00, 0x00,
  0x00, 0x00, 0x28, 0x00, 0x00, 0xcb, 0x00, 0x00, 0xc6, 0x00, 0x00, 0xcf,
  0x00, 0x00, 0x43, 0x00, 0x00, 0x00, 0x00, 0x00, 0x0d, 0x00, 0x00, 0xb3,
  0x00, 0x00, 0xd2, 0x00, 0x00, 0xbd, 0x00, 0x00, 0xce, 0x00, 0x00, 0xa2,
  0x00, 0x00, 0x0a, 0x00, 0x00, 0x00, 0x00, 0x00, 0x6a, 0x00, 0x00, 0xad,
  0x00, 0x00, 0x29, 0x00, 0x00, 0xd2, 0x00, 0x00, 0x7c, 0x00, 0x00, 0x54,
  0x00, 0x00, 0xbe, 0x00, 0x00, 0x11, 0x00, 0x00, 0x00, 0x00, 0x00, 0x64,
  0x00, 0x00, 0xb3, 0x00, 0x00, 0x0a, 0x00, 0x00, 0x00, 0x00, 0x00, 0x00,
  0x00, 0x00, 0x00, 0x00, 0x00, 0x00, 0x00, 0x00, 0x16, 0x00, 0x00, 0xca,
  0x00, 0x00, 0xb6, 0x00, 0x00, 0x0c, 0x00, 0x00, 0x7c, 0x00, 0x00, 0xe6,
  0x00, 0x00, 0x44, 0x00, 0x00, 0x00, 0x00, 0x00, 0x00, 0x00, 0x00, 0x55,
  0x00, 0x00, 0xdb, 0x00, 0x00, 0xbd, 0x00, 0x00, 0xbb, 0x00, 0x00, 0xd3,
  0x00, 0x00, 0x68, 0x00, 0x00, 0x00, 0x00, 0x00, 0x04, 0x00, 0x00, 0xa8,
  0x00, 0x00, 0x73, 0x00, 0x00, 0x17, 0x00, 0x00, 0xaf, 0x00, 0x00, 0x81,
  0x00, 0x00, 0x00, 0x00, 0x00, 0x03, 0x00, 0x00, 0xa0, 0x00, 0x00, 0x77,
  0x00, 0x00, 0x1d, 0x00, 0x00, 0xb9, 0x00, 0x00, 0x77, 0x00, 0x00, 0x00,
  0x00, 0x00, 0x34, 0x00, 0x00, 0xc8, 0x00, 0x00, 0xbd, 0x00, 0x00, 0xc3,
  0x00, 0x00, 0xbf, 0x00, 0x00, 0x1f, 0x00, 0x00, 0x00, 0x00, 0x00, 0x00,
  0x00, 0x00, 0x00, 0x00, 0x00, 0x00, 0x00, 0x00, 0x00, 0x00, 0x00, 0x00,
  0x00, 0x00, 0x00, 0x00, 0x00, 0x00, 0x00, 0x00, 0x00, 0x00, 0x00, 0x00,
  0x00, 0x00, 0x00, 0x00, 0x00, 0x00, 0x00, 0x00, 0x00, 0x00, 0x00, 0x00,
  0x00, 0x00, 0x00, 0x00, 0x00, 0x00, 0x00, 0x00, 0x00, 0x00, 0x00, 0x00,
  0x00, 0x00, 0x00, 0x00, 0x00, 0x00, 0x00, 0x00, 0x00, 0x00, 0x00, 0x00,
  0x00, 0x00, 0x00, 0x00, 0x00, 0x00, 0x00, 0x00, 0x00, 0x00, 0x00, 0x00,
  0x00, 0x00, 0x00, 0x00, 0x00, 0x00, 0x00, 0x00, 0x00, 0x00, 0x00, 0x00,
  0x00, 0x00, 0x00, 0x00, 0x00, 0x00, 0x00, 0x00, 0x00, 0x00, 0x00, 0x00,
  0x00, 0x00, 0x00, 0x00, 0x00, 0x00, 0x00, 0x00, 0x00, 0x00, 0x00, 0x00,
  0x00, 0x00, 0x00, 0x00, 0x00, 0x00, 0x00, 0x00, 0x00, 0x00, 0x00, 0x00,
  0x00, 0x00, 0x00, 0x00, 0x00, 0x00, 0x00, 0x00, 0x00, 0x00, 0x00, 0x00,
  0x00, 0x00, 0x00, 0x00, 0x00, 0x00, 0x00, 0x00, 0x00, 0x00, 0x00, 0x00,
  0x00, 0x00, 0x00, 0x00, 0x00, 0x00, 0x00, 0x00, 0x00, 0x00, 0x00, 0x00,
  0x00, 0x00, 0x00, 0x00, 0x00, 0x00, 0x00, 0x00, 0x00, 0x00, 0x00, 0x00,
  0x00, 0x00, 0x00, 0x00, 0x00, 0x00, 0x00, 0x00, 0x00, 0x00, 0x00, 0x00,
  0x00, 0x00, 0x00, 0x00, 0x00, 0x00, 0x00, 0x00, 0x00, 0x00, 0x00, 0x00,
  0x00, 0x00, 0x00, 0x00, 0x00, 0x00, 0x00, 0x00, 0x00, 0x00, 0x00, 0x00,
  0x00, 0x00, 0x00, 0x00, 0x00, 0x00, 0x00, 0x00, 0x00, 0x00, 0x00, 0x00,
  0x00, 0x00, 0x00, 0x00, 0x00, 0x00, 0x00, 0x00, 0x00, 0x00, 0x00, 0x00,
  0x00, 0x00, 0x00, 0x00, 0x00, 0x00, 0x00, 0x00, 0x00, 0x00, 0x00, 0x00,
  0x00, 0x00, 0x00, 0x00, 0x00, 0x00, 0x00, 0x00, 0x00, 0x00, 0x00, 0x00,
  0x00, 0x00, 0x00, 0x00, 0x00, 0x00, 0x00, 0x00, 0x00, 0x00, 0x00, 0x00,
  0x00, 0x00, 0x00, 0x00, 0x00, 0x00, 0x00, 0x00, 0x00, 0x00, 0x00, 0x00,
  0x00, 0x00, 0x00, 0x00, 0x00, 0x00, 0x00, 0x00, 0x00, 0x00, 0x00, 0x00,
  0x00, 0x00, 0x00, 0x00, 0x00, 0x00, 0x00, 0x00, 0x00, 0x00, 0x00, 0x00,
  0x00, 0x00, 0x00, 0x00, 0x00, 0x00, 0x00, 0x00, 0x00, 0x00, 0x00, 0x00,
  0x00, 0x00, 0x00, 0x00, 0x00, 0x00, 0x00, 0x00, 0x00, 0x00, 0x00, 0x00,
  0x00, 0x00, 0x00, 0x00, 0x00, 0x00, 0x00, 0x00, 0x00, 0x00, 0x00, 0x00,
  0x00, 0x00, 0x00, 0x00, 0x00, 0x00, 0x00, 0x00, 0x00, 0x00, 0x00, 0x00,
  0x00, 0x00, 0x00, 0x00, 0x00, 0x00, 0x00, 0x00, 0x00, 0x00, 0x00, 0x00,
  0x00, 0x00, 0x00, 0x00, 0x00, 0x00, 0x00, 0x00, 0x00, 0x00, 0x00, 0x00,
  0x00, 0x00, 0x00, 0x00, 0x00, 0x00, 0x00, 0x00, 0x00, 0x00, 0x00, 0x00,
  0x00, 0x00, 0x00, 0x00, 0x00, 0x00, 0x00, 0x00, 0x00, 0x00, 0x00, 0x00,
  0x00, 0x00, 0x00, 0x00, 0x00, 0x00, 0x00, 0x00, 0x00, 0x00, 0x00, 0x00,
  0x00, 0x00, 0x00, 0x00, 0x00, 0x00, 0x00, 0x00, 0x00, 0x00, 0x00, 0x00,
  0x00, 0x00, 0x00, 0x00, 0x00, 0x00, 0x00, 0x00, 0x00, 0x00, 0x00, 0x00,
  0x00, 0x00, 0x00, 0x00, 0x00, 0x00, 0x00, 0x00, 0x00, 0x00, 0x00, 0x00,
  0x00, 0x00, 0x00, 0x00, 0x00, 0x00, 0x00, 0x00, 0x00, 0x00, 0x00, 0x00,
  0x00, 0x00, 0x00, 0x00, 0x00, 0x00, 0x00, 0x00, 0x00, 0x00, 0x00, 0x00,
  0x00, 0x00, 0x00, 0x00, 0x00, 0x00, 0x00, 0x00, 0x00, 0x00, 0x00, 0x00,
  0x00, 0x00, 0x00, 0x00, 0x00, 0x00, 0x00, 0x00, 0x00, 0x00, 0x00, 0x00,
  0x00, 0x00, 0x00, 0x00, 0x00, 0x00, 0x00, 0x00, 0x00, 0x00, 0x00, 0x00,
  0x00, 0x00, 0x00, 0x00, 0x00, 0x00, 0x00, 0x00, 0x00, 0x00, 0x00, 0x00,
  0x00, 0x00, 0x00, 0x00, 0x00, 0x00, 0x00, 0x00, 0x00, 0x00, 0x00, 0x00,
  0x00, 0x00, 0x00, 0x00, 0x00, 0x00, 0x00, 0x00, 0x00, 0x00, 0x00, 0x00,
  0x00, 0x00, 0x00, 0x00, 0x00, 0x00, 0x00, 0x00, 0x00, 0x00, 0x00, 0x00,
  0x00, 0x00, 0x00, 0x00, 0x00, 0x00, 0x00, 0x00, 0x00, 0x00, 0x00, 0x00,
  0x00, 0x00, 0x00, 0x00, 0x00, 0x00, 0x00, 0x00, 0x00, 0x00, 0x00, 0x00,
  0x00, 0x00, 0x00, 0x00, 0x00, 0x00, 0x00, 0x00, 0x00, 0x00, 0x00, 0x00,
  0x00, 0x00, 0x00, 0x00, 0x00, 0x00, 0x00, 0x00, 0x00, 0x00, 0x00, 0x00,
  0x00, 0x00, 0x00, 0x00, 0x00, 0x00, 0x00, 0x00, 0x00, 0x00, 0x00, 0x00,
  0x00, 0x00, 0x00, 0x00, 0x00, 0x00, 0x00, 0x00, 0x00, 0x00, 0x00, 0x00,
  0x00, 0x00, 0x00, 0x00, 0x00, 0x00, 0x00, 0x00, 0x00, 0x00, 0x00, 0x00,
  0x00, 0x00, 0x00, 0x00, 0x00, 0x00, 0x00, 0x00, 0x00, 0x00, 0x00, 0x00,
  0x00, 0x00, 0x00, 0x00, 0x00, 0x00, 0x00, 0x00, 0x00, 0x00, 0x00, 0x00,
  0x00, 0x00, 0x00, 0x00, 0x00, 0x00, 0x00, 0x00, 0x00, 0x00, 0x00, 0x00,
  0x00, 0x00, 0x00, 0x00, 0x00, 0x00, 0x00, 0x00, 0x00, 0x00, 0x00, 0x00,
  0x00, 0x00, 0x00, 0x00, 0x00, 0x00, 0x00, 0x00, 0x00, 0x00, 0x00, 0x00,
  0x00, 0x00, 0x00, 0x00, 0x00, 0x00, 0x00, 0x00, 0x00, 0x00, 0x00, 0x00,
  0x00, 0x00, 0x00, 0x00, 0x00, 0x00, 0x00, 0x00, 0x00, 0x00, 0x00, 0x00,
  0x00, 0x00, 0x00, 0x00, 0x00, 0x00, 0x00, 0x00, 0x00, 0x00, 0x00, 0x00,
  0x00, 0x00, 0x00, 0x00, 0x00, 0x00, 0x00, 0x00, 0x00, 0x00, 0x00, 0x00,
  0x00, 0x00, 0x00, 0x00, 0x00, 0x00, 0x00, 0x00, 0x00, 0x00, 0x00, 0x00,
  0x00, 0x00, 0x00, 0x00, 0x00, 0x00, 0x00, 0x00, 0x00, 0x00, 0x00, 0x00,
  0x00, 0x00, 0x00, 0x00, 0x00, 0x00, 0x00, 0x00, 0x00, 0x00, 0x00, 0x00,
  0x00, 0x00, 0x00, 0x00, 0x00, 0x00, 0x00, 0x00, 0x00, 0x00, 0x00, 0x00,
  0x00, 0x00, 0x00, 0x00, 0x00, 0x00, 0x00, 0x00, 0x00, 0x00, 0x00, 0x00,
  0x00, 0x00, 0x00, 0x00, 0x00, 0x00, 0x00, 0x00, 0x00, 0x00, 0x00, 0x00,
  0x00, 0x00, 0x00, 0x00, 0x00, 0x00, 0x00, 0x00, 0x00, 0x00, 0x00, 0x00
};

const lv_img_dsc_t sc_pad_logo_origin = {
  .header.cf = LV_IMG_CF_TRUE_COLOR_ALPHA,
  .header.always_zero = 0,
  .header.reserved = 0,
  .header.w = 132,
  .header.h = 48,
  .data_size = 6336 * LV_IMG_PX_SIZE_ALPHA_BYTE,
  .data = sc_pad_logo_origin_map,
};

static const uint8_t sc_pad_logo_crusader_map[] = {
  0x00, 0x00, 0x00, 0x00, 0x00, 0x00, 0x00, 0x00, 0x00, 0x00, 0x00, 0x00,
  0x00, 0x00, 0x00, 0x00, 0x00, 0x00, 0x00, 0x00, 0x00, 0x00, 0x00, 0x00,
  0x00, 0x00, 0x00, 0x00, 0x00, 0x00, 0x00, 0x00, 0x00, 0x00, 0x00, 0x00,
  0x00, 0x00, 0x00, 0x00, 0x00, 0x00, 0x00, 0x00, 0x00, 0x00, 0x00, 0x00,
  0x00, 0x00, 0x00, 0x00, 0x00, 0x00, 0x00, 0x00, 0x00, 0x00, 0x00, 0x00,
  0x00, 0x00, 0x00, 0x00, 0x00, 0x00, 0x00, 0x00, 0x00, 0x00, 0x00, 0x00,
  0x00, 0x00, 0x00, 0x00, 0x00, 0x00, 0x00, 0x00, 0x00, 0x00, 0x00, 0x00,
  0x00, 0x00, 0x00, 0x00, 0x00, 0x00, 0x00, 0x00, 0x00, 0x00, 0x00, 0x00,
  0x00, 0x00, 0x00, 0x00, 0x00, 0x00, 0x00, 0x00, 0x00, 0x00, 0x00, 0x00,
  0x00, 0x00, 0x00, 0x00, 0x00, 0x00, 0x00, 0x00, 0x00, 0x00, 0x00, 0x00,
  0x00, 0x00, 0x00, 0x00, 0x00, 0x00, 0x00, 0x00, 0x00, 0x00, 0x00, 0x00,
  0x00, 0x00, 0x00, 0x00, 0x00, 0x00, 0x00, 0x00, 0x00, 0x00, 0x00, 0x00,
  0x00, 0x00, 0x00, 0x00, 0x00, 0x00, 0x00, 0x00, 0x00, 0x00, 0x00, 0x00,
  0x00, 0x00, 0x00, 0x00, 0x00, 0x00, 0x00, 0x00, 0x00, 0x00, 0x00, 0x00,
  0x00, 0x00, 0x00, 0x00, 0x00, 0x00, 0x00, 0x00, 0x00, 0x00, 0x00, 0x00,
  0x00, 0x00, 0x00, 0x00, 0x00, 0x00, 0x00, 0x00, 0x00, 0x00, 0x00, 0x00,
  0x00, 0x00, 0x00, 0x00, 0x00, 0x00, 0x00, 0x00, 0x00, 0x00, 0x00, 0x00,
  0x00, 0x00, 0x00, 0x00, 0x00, 0x00, 0x00, 0x00, 0x00, 0x00, 0x00, 0x00,
  0x00, 0x00, 0x00, 0x00, 0x00, 0x00, 0x00, 0x00, 0x00, 0x00, 0x00, 0x00,
  0x00, 0x00, 0x00, 0x00, 0x00, 0x00, 0x00, 0x00, 0x00, 0x00, 0x00, 0x00,
  0x00, 0x00, 0x00, 0x00, 0x00, 0x00, 0x00, 0x00, 0x00, 0x00, 0x00, 0x00,
  0x00, 0x00, 0x00, 0x00, 0x00, 0x00, 0x00, 0x00, 0x00, 0x00, 0x00, 0x00,
  0x00, 0x00, 0x00, 0x00, 0x00, 0x00, 0x00, 0x00, 0x00, 0x00, 0x00, 0x00,
  0x00, 0x00, 0x00, 0x00, 0x00, 0x00, 0x00, 0x00, 0x00, 0x00, 0x00, 0x00,
  0x00, 0x00, 0x00, 0x00, 0x00, 0x00, 0x00, 0x00, 0x00, 0x00, 0x00, 0x00,
  0x00, 0x00, 0x00, 0x00, 0x00, 0x00, 0x00, 0x00, 0x00, 0x00, 0x00, 0x00,
  0x00, 0x00, 0x00, 0x00, 0x00, 0x00, 0x00, 0x00, 0x00, 0x00, 0x00, 0x00,
  0x00, 0x00, 0x00, 0x00, 0x00, 0x00, 0x00, 0x00, 0x00, 0x00, 0x00, 0x00,
  0x00, 0x00, 0x00, 0x00, 0x00, 0x00, 0x00, 0x00, 0x00, 0x00, 0x00, 0x00,
  0x00, 0x00, 0x00, 0x00, 0x00, 0x00, 0x00, 0x00, 0x00, 0x00, 0x00, 0x00,
  0x00, 0x00, 0x00, 0x00, 0x00, 0x00, 0x00, 0x00, 0x00, 0x00, 0x00, 0x00,
  0x00, 0x00, 0x00, 0x00, 0x00, 0x00, 0x00, 0x00, 0x00, 0x00, 0x00, 0x00,
  0x00, 0x00, 0x00, 0x00, 0x00, 0x00, 0x00, 0x00, 0x00, 0x00, 0x00, 0x00,
  0x00, 0x00, 0x00, 0x00, 0x00, 0x00, 0x00, 0x00, 0x00, 0x00, 0x00, 0x00,
  0x00, 0x00, 0x00, 0x00, 0x00, 0x00, 0x00, 0x00, 0x00, 0x00, 0x00, 0x00,
  0x00, 0x00, 0x00, 0x00, 0x00, 0x00, 0x00, 0x00, 0x00, 0x00, 0x00, 0x00,
  0x00, 0x00, 0x00, 0x00, 0x00, 0x00, 0x00, 0x00, 0x00, 0x00, 0x00, 0x00,
  0x00, 0x00, 0x00, 0x00, 0x00, 0x00, 0x00, 0x00, 0x00, 0x00, 0x00, 0x00,
  0x00, 0x00, 0x00, 0x00, 0x00, 0x00, 0x00, 0x00, 0x00, 0x00, 0x00, 0x00,
  0x00, 0x00, 0x00, 0x00, 0x00, 0x00, 0x00, 0x00, 0x00, 0x00, 0x00, 0x00,
  0x00, 0x00, 0x00, 0x00, 0x00, 0x00, 0x00, 0x00, 0x00, 0x00, 0x00, 0x00,
  0x00, 0x00, 0x00, 0x00, 0x00, 0x00, 0x00, 0x00, 0x00, 0x00, 0x00, 0x00,
  0x00, 0x00, 0x00, 0x00, 0x00, 0x00, 0x00, 0x00, 0x00, 0x00, 0x00, 0x00,
  0x00, 0x00, 0x00, 0x00, 0x00, 0x00, 0x00, 0x00, 0x00, 0x00, 0x00, 0x00,
  0x00, 0x00, 0x00, 0x00, 0x00, 0x00, 0x00, 0x00, 0x00, 0x00, 0x00, 0x00,
  0x00, 0x00, 0x00, 0x00, 0x00, 0x00, 0x00, 0x00, 0x00, 0x00, 0x00, 0x00,
  0x00, 0x00, 0x00, 0x00, 0x00, 0x00, 0x00, 0x00, 0x00, 0x00, 0x00, 0x00,
  0x00, 0x00, 0x00, 0x00, 0x00, 0x00, 0x00, 0x00, 0x00, 0x00, 0x00, 0x00,
  0x00, 0x00, 0x00, 0x00, 0x00, 0x00, 0x00, 0x00, 0x00, 0x00, 0x00, 0x00,
  0x00, 0x00, 0x00, 0x00, 0x00, 0x00, 0x00, 0x00, 0x00, 0x00, 0x00, 0x00,
  0x00, 0x00, 0x00, 0x00, 0x00, 0x00, 0x00, 0x00, 0x00, 0x00, 0x00, 0x00,
  0x00, 0x00, 0x00, 0x00, 0x00, 0x00, 0x00, 0x00, 0x00, 0x00, 0x00, 0x00,
  0x00, 0x00, 0x00, 0x00, 0x00, 0x00, 0x00, 0x00, 0x00, 0x00, 0x00, 0x00,
  0x00, 0x00, 0x00, 0x00, 0x00, 0x00, 0x00, 0x00, 0x00, 0x00, 0x00, 0x00,
  0x00, 0x00, 0x00, 0x00, 0x00, 0x00, 0x00, 0x00, 0x00, 0x00, 0x00, 0x00,
  0x00, 0x00, 0x00, 0x00, 0x00, 0x00, 0x00, 0x00, 0x00, 0x00, 0x00, 0x00,
  0x00, 0x00, 0x00, 0x00, 0x00, 0x00, 0x00, 0x00, 0x00, 0x00, 0x00, 0x00,
  0x00, 0x00, 0x00, 0x00, 0x00, 0x00, 0x00, 0x00, 0x00, 0x00, 0x00, 0x00,
  0x00, 0x00, 0x00, 0x00, 0x00, 0x00, 0x00, 0x00, 0x00, 0x00, 0x00, 0x00,
  0x00, 0x00, 0x00, 0x00, 0x00, 0x00, 0x00, 0x00, 0x00, 0x00, 0x00, 0x00,
  0x00, 0x00, 0x00, 0x00, 0x00, 0x00, 0x00, 0x00, 0x00, 0x00, 0x00, 0x00,
  0x00, 0x00, 0x00, 0x00, 0x00, 0x00, 0x00, 0x00, 0x00, 0x00, 0x00, 0x00,
  0x00, 0x00, 0x00, 0x00, 0x00, 0x00, 0x00, 0x00, 0x00, 0x00, 0x00, 0x00,
  0x00, 0x00, 0x00, 0x00, 0x00, 0x00, 0x00, 0x00, 0x00, 0x00, 0x00, 0x00,
  0x00, 0x00, 0x00, 0x00, 0x00, 0x00, 0x00, 0x00, 0x00, 0x00, 0x00, 0x00,
  0x00, 0x00, 0x00, 0x00, 0x00, 0x00, 0x00, 0x00, 0x00, 0x00, 0x00, 0x00,
  0x00, 0x00, 0x00, 0x00, 0x00, 0x00, 0x00, 0x00, 0x00, 0x00, 0x00, 0x00,
  0x00, 0x00, 0x00, 0x00, 0x00, 0x00, 0x00, 0x00, 0x00, 0x00, 0x00, 0x00,
  0x00, 0x00, 0x00, 0x00, 0x00, 0x00, 0x00, 0x00, 0x00, 0x00, 0x00, 0x00,
  0x00, 0x00, 0x00, 0x00, 0x00, 0x00, 0x00, 0x00, 0x00, 0x00, 0x00, 0x00,
  0x00, 0x00, 0x00, 0x00, 0x00, 0x00, 0x00, 0x00, 0x00, 0x00, 0x00, 0x00,
  0x00, 0x00, 0x00, 0x00, 0x00, 0x00, 0x00, 0x00, 0x00, 0x00, 0x00, 0x00,
  0x00, 0x00, 0x00, 0x00, 0x00, 0x00, 0x00, 0x00, 0x00, 0x00, 0x00, 0x00,
  0x00, 0x00, 0x00, 0x00, 0x00, 0x00, 0x00, 0x00, 0x00, 0x00, 0x00, 0x00,
  0x00, 0x00, 0x00, 0x00, 0x00, 0x00, 0x00, 0x00, 0x00, 0x00, 0x00, 0x00,
  0x00, 0x00, 0x00, 0x00, 0x00, 0x00, 0x00, 0x00, 0x00, 0x00, 0x00, 0x00,
  0x00, 0x00, 0x00, 0x00, 0x00, 0x00, 0x00, 0x00, 0x00, 0x00, 0x00, 0x00,
  0x00, 0x00, 0x00, 0x00, 0x00, 0x00, 0x00, 0x00, 0x00, 0x00, 0x00, 0x00,
  0x00, 0x00, 0x00, 0x00, 0x00, 0x00, 0x00, 0x00, 0x00, 0x00, 0x00, 0x00,
  0x00, 0x00, 0x00, 0x00, 0x00, 0x00, 0x00, 0x00, 0x00, 0x00, 0x00, 0x00,
  0x00, 0x00, 0x00, 0x00, 0x00, 0x00, 0x00, 0x00, 0x00, 0x00, 0x00, 0x00,
  0x00, 0x00, 0x00, 0x00, 0x00, 0x00, 0x09, 0x32, 0x00, 0xea, 0x31, 0x00,
  0x09, 0x32, 0x71, 0x09, 0x32, 0xeb, 0x09, 0x32, 0xa0, 0x09, 0x32, 0x0c,
  0x09, 0x32, 0x00, 0x00, 0x00, 0x00, 0x00, 0x00, 0x00, 0x00, 0x00, 0x00,
  0x00, 0x00, 0x00, 0x00, 0x00, 0x00, 0x00, 0x00, 0x00, 0x00, 0x00, 0x00,
  0x00, 0x00, 0x00, 0x00, 0x00, 0x00, 0x00, 0x00, 0x00, 0x00, 0x00, 0x00,
  0x00, 0x00, 0x00, 0x00, 0x00, 0x00, 0x00, 0x00, 0x00, 0x00, 0x00, 0x00,
  0x00, 0x00, 0x00, 0x00, 0x00, 0x00, 0x00, 0x00, 0x00, 0x00, 0x00, 0x00,
  0x00, 0x00, 0x00, 0x00, 0x00, 0x00, 0x00, 0x00, 0x00, 0x00, 0x00, 0x00,
  0x00, 0x00, 0x00, 0x00, 0x00, 0x00, 0x00, 0x00, 0x00, 0x00, 0x00, 0x00,
  0x00, 0x00, 0x00, 0x00, 0x00, 0x00, 0x00, 0x00, 0x00, 0x00, 0x00, 0x00,
  0x00, 0x00, 0x00, 0x00, 0x00, 0x00, 0x00, 0x00, 0x00, 0x00, 0x00, 0x00,
  0x00, 0x00, 0x00, 0x00, 0x00, 0x00, 0x00, 0x00, 0x00, 0x00, 0x00, 0x00,
  0x00, 0x00, 0x00, 0x00, 0x00, 0x00, 0x00, 0x00, 0x00, 0x00, 0x00, 0x00,
  0x00, 0x00, 0x00, 0x00, 0x00, 0x00, 0x00, 0x00, 0x00, 0x00, 0x00, 0x00,
  0x00, 0x00, 0x00, 0x00, 0x00, 0x00, 0x00, 0x00, 0x00, 0x00, 0x00, 0x00,
  0x00, 0x00, 0x00, 0x00, 0x00, 0x00, 0x00, 0x00, 0x00, 0x00, 0x00, 0x00,
  0x00, 0x00, 0x00, 0x00, 0x00, 0x00, 0x00, 0x00, 0x00, 0x00, 0x00, 0x00,
  0x00, 0x00, 0x00, 0x00, 0x00, 0x00, 0x00, 0x00, 0x00, 0x00, 0x00, 0x00,
  0x00, 0x00, 0x00, 0x00, 0x00, 0x00, 0x00, 0x00, 0x00, 0x00, 0x00, 0x00,
  0x00, 0x00, 0x00, 0x00, 0x00, 0x00, 0x00, 0x00, 0x00, 0x00, 0x00, 0x00,
  0x00, 0x00, 0x00, 0x00, 0x00, 0x00, 0x00, 0x00, 0x00, 0x00, 0x00, 0x00,
  0x00, 0x00, 0x00, 0x00, 0x00, 0x00, 0x00, 0x00, 0x00, 0x00, 0x00, 0x00,
  0x00, 0x00, 0x00, 0x00, 0x00, 0x00, 0x00, 0x00, 0x00, 0x00, 0x00, 0x00,
  0x00, 0x00, 0x00, 0x00, 0x00, 0x00, 0x00, 0x00, 0x00, 0x00, 0x00, 0x00,
  0x00, 0x00, 0x00, 0x00, 0x00, 0x00, 0x00, 0x00, 0x00, 0x00, 0x00, 0x00,
  0x00, 0x00, 0x00, 0x00, 0x00, 0x00, 0x00, 0x00, 0x00, 0x00, 0x00, 0x00,
  0x00, 0x00, 0x00, 0x00, 0x00, 0x00, 0x00, 0x00, 0x00, 0x00, 0x00, 0x00,
  0x00, 0x00, 0x00, 0x00, 0x00, 0x00, 0x00, 0x00, 0x00, 0x00, 0x00, 0x00,
  0x00, 0x00, 0x00, 0x00, 0x00, 0x00, 0x00, 0x00, 0x00, 0x00, 0x00, 0x00,
  0x00, 0x00, 0x00, 0x00, 0x00, 0x00, 0x00, 0x00, 0x00, 0x00, 0x00, 0x00,
  0x00, 0x00, 0x00, 0x00, 0x00, 0x00, 0x00, 0x00, 0x00, 0x00, 0x00, 0x00,
  0x00, 0x00, 0x00, 0x00, 0x00, 0x00, 0x00, 0x00, 0x00, 0x00, 0x00, 0x00,
  0x00, 0x00, 0x00, 0x00, 0x00, 0x00, 0x00, 0x00, 0x00, 0x00, 0x00, 0x00,
  0x00, 0x00, 0x00, 0x00, 0x00, 0x00, 0x09, 0x32, 0x00, 0x09, 0x32, 0x0b,
  0x09, 0x32, 0xc2, 0x09, 0x32, 0xff, 0x09, 0x32, 0xea, 0x09, 0x32, 0x2a,
  0x09, 0x32, 0x00, 0x00, 0x00, 0x00, 0x00, 0x00, 0x00, 0x00, 0x00, 0x00,
  0x00, 0x00, 0x00, 0x00, 0x00, 0x00, 0x00, 0x00, 0x00, 0x00, 0x00, 0x00,
  0x00, 0x00, 0x00, 0x00, 0x00, 0x00, 0x00, 0x00, 0x00, 0x00, 0x00, 0x00,
  0x00, 0x00, 0x00, 0x00, 0x00, 0x00, 0x00, 0x00, 0x00, 0x00, 0x00, 0x00,
  0x00, 0x00, 0x00, 0x00, 0x00, 0x00, 0x00, 0x00, 0x00, 0x00, 0x00, 0x00,
  0x00, 0x00, 0x00, 0x00, 0x00, 0x00, 0x00, 0x00, 0x00, 0x00, 0x00, 0x00,
  0x00, 0x00, 0x00, 0x00, 0x00, 0x00, 0x00, 0x00, 0x00, 0x00, 0x00, 0x00,
  0x00, 0x00, 0x00, 0x00, 0x00, 0x00, 0x00, 0x00, 0x00, 0x00, 0x00, 0x00,
  0x00, 0x00, 0x00, 0x00, 0x00, 0x00, 0x00, 0x00, 0x00, 0x00, 0x00, 0x00,
  0x00, 0x00, 0x00, 0x00, 0x00, 0x00, 0x00, 0x00, 0x00, 0x00, 0x00, 0x00,
  0x00, 0x00, 0x00, 0x00, 0x00, 0x00, 0x00, 0x00, 0x00, 0x00, 0x00, 0x00,
  0x00, 0x00, 0x00, 0x00, 0x00, 0x00, 0x00, 0x00, 0x00, 0x00, 0x00, 0x00,
  0x00, 0x00, 0x00, 0x00, 0x00, 0x00, 0x00, 0x00, 0x00, 0x00, 0x00, 0x00,
  0x00, 0x00, 0x00, 0x00, 0x00, 0x00, 0x00, 0x00, 0x00, 0x00, 0x00, 0x00,
  0x00, 0x00, 0x00, 0x00, 0x00, 0x00, 0x00, 0x00, 0x00, 0x00, 0x00, 0x00,
  0x00, 0x00, 0x00, 0x00, 0x00, 0x00, 0x00, 0x00, 0x00, 0x00, 0x00, 0x00,
  0x00, 0x00, 0x00, 0x00, 0x00, 0x00, 0x00, 0x00, 0x00, 0x00, 0x00, 0x00,
  0x00, 0x00, 0x00, 0x00, 0x00, 0x00, 0x00, 0x00, 0x00, 0x00, 0x00, 0x00,
  0x00, 0x00, 0x00, 0x00, 0x00, 0x00, 0x00, 0x00, 0x00, 0x00, 0x00, 0x00,
  0x00, 0x00, 0x00, 0x00, 0x00, 0x00, 0x00, 0x00, 0x00, 0x00, 0x00, 0x00,
  0x00, 0x00, 0x00, 0x00, 0x00, 0x00, 0x00, 0x00, 0x00, 0x00, 0x00, 0x00,
  0x00, 0x00, 0x00, 0x00, 0x00, 0x00, 0x00, 0x00, 0x00, 0x00, 0x00, 0x00,
  0x00, 0x00, 0x00, 0x00, 0x00, 0x00, 0x00, 0x00, 0x00, 0x00, 0x00, 0x00,
  0x00, 0x00, 0x00, 0x00, 0x00, 0x00, 0x00, 0x00, 0x00, 0x00, 0x00, 0x00,
  0x00, 0x00, 0x00, 0x00, 0x00, 0x00, 0x00, 0x00, 0x00, 0x00, 0x00, 0x00,
  0x00, 0x00, 0x00, 0x00, 0x00, 0x00, 0x00, 0x00, 0x00, 0x00, 0x00, 0x00,
  0x00, 0x00, 0x00, 0x00, 0x00, 0x00, 0x00, 0x00, 0x00, 0x00, 0x00, 0x00,
  0x00, 0x00, 0x00, 0x00, 0x00, 0x00, 0x00, 0x00, 0x00, 0x00, 0x00, 0x00,
  0x00, 0x00, 0x00, 0x00, 0x00, 0x00, 0x00, 0x00, 0x00, 0x00, 0x00, 0x00,
  0x00, 0x00, 0x00, 0x00, 0x00, 0x00, 0x00, 0x00, 0x00, 0x00, 0x00, 0x00,
  0x00, 0x00, 0x00, 0x00, 0x00, 0x00, 0x00, 0x00, 0x00, 0x00, 0x00, 0x00,
  0x00, 0x00, 0x00, 0x00, 0x00, 0x00, 0x09, 0x32, 0x00, 0xe9, 0x31, 0x00,
  0x09, 0x32, 0x8b, 0x09, 0x32, 0xff, 0x09, 0x32, 0xbf, 0x09, 0x32, 0x0f,
  0x09, 0x32, 0x00, 0x00, 0x00, 0x00, 0x00, 0x00, 0x00, 0x00, 0x00, 0x00,
  0x00, 0x00, 0x00, 0x00, 0x00, 0x00, 0x00, 0x00, 0x00, 0x00, 0x00, 0x00,
  0x00, 0x00, 0x00, 0x00, 0x00, 0x00, 0x00, 0x00, 0x00, 0x00, 0x00, 0x00,
  0x00, 0x00, 0x00, 0x00, 0x00, 0x00, 0x00, 0x00, 0x00, 0x00, 0x00, 0x00,
  0x00, 0x00, 0x00, 0x00, 0x00, 0x00, 0x00, 0x00, 0x00, 0x00, 0x00, 0x00,
  0x00, 0x00, 0x00, 0x00, 0x00, 0x00, 0x00, 0x00, 0x00, 0x00, 0x00, 0x00,
  0x00, 0x00, 0x00, 0x00, 0x00, 0x00, 0x00, 0x00, 0x00, 0x00, 0x00, 0x00,
  0x00, 0x00, 0x00, 0x00, 0x00, 0x00, 0x00, 0x00, 0x00, 0x00, 0x00, 0x00,
  0x00, 0x00, 0x00, 0x00, 0x00, 0x00, 0x00, 0x00, 0x00, 0x00, 0x00, 0x00,
  0x00, 0x00, 0x00, 0x00, 0x00, 0x00, 0x00, 0x00, 0x00, 0x00, 0x00, 0x00,
  0x00, 0x00, 0x00, 0x00, 0x00, 0x00, 0x00, 0x00, 0x00, 0x00, 0x00, 0x00,
  0x00, 0x00, 0x00, 0x00, 0x00, 0x00, 0x00, 0x00, 0x00, 0x00, 0x00, 0x00,
  0x00, 0x00, 0x00, 0x00, 0x00, 0x00, 0x00, 0x00, 0x00, 0x00, 0x00, 0x00,
  0x00, 0x00, 0x00, 0x00, 0x00, 0x00, 0x00, 0x00, 0x00, 0x00, 0x00, 0x00,
  0x00, 0x00, 0x00, 0x00, 0x00, 0x00, 0x00, 0x00, 0x00, 0x00, 0x00, 0x00,
  0x00, 0x00, 0x00, 0x00, 0x00, 0x00, 0x00, 0x00, 0x00, 0x00, 0x00, 0x00,
  0x00, 0x00, 0x00, 0x00, 0x00, 0x00, 0x00, 0x00, 0x00, 0x00, 0x00, 0x00,
  0x00, 0x00, 0x00, 0x00, 0x00, 0x00, 0x00, 0x00, 0x00, 0x00, 0x00, 0x00,
  0x00, 0x00, 0x00, 0x00, 0x00, 0x00, 0x00, 0x00, 0x00, 0x00, 0x00, 0x00,
  0x00, 0x00, 0x00, 0x00, 0x00, 0x00, 0x00, 0x00, 0x00, 0x00, 0x00, 0x00,
  0x00, 0x00, 0x00, 0x00, 0x00, 0x00, 0x00, 0x00, 0x00, 0x00, 0x00, 0x00,
  0x00, 0x00, 0x00, 0x00, 0x00, 0x00, 0x00, 0x00, 0x00, 0x00, 0x00, 0x00,
  0x00, 0x00, 0x00, 0x00, 0x00, 0x00, 0x00, 0x00, 0x00, 0x00, 0x00, 0x00,
  0x00, 0x00, 0x00, 0x00, 0x00, 0x00, 0x00, 0x00, 0x00, 0x00, 0x00, 0x00,
  0x00, 0x00, 0x00, 0x00, 0x00, 0x00, 0x00, 0x00, 0x00, 0x00, 0x00, 0x00,
  0x00, 0x00, 0x00, 0x00, 0x00, 0x00, 0x00, 0x00, 0x00, 0x00, 0x00, 0x00,
  0x00, 0x00, 0x00, 0x00, 0x00, 0x00, 0x00, 0x00, 0x00, 0x00, 0x00, 0x00,
  0x00, 0x00, 0x00, 0x00, 0x00, 0x00, 0x00, 0x00, 0x00, 0x00, 0x00, 0x00,
  0x00, 0x00, 0x00, 0x00, 0x00, 0x00, 0x00, 0x00, 0x00, 0x00, 0x00, 0x00,
  0x00, 0x00, 0x00, 0x00, 0x00, 0x00, 0x00, 0x00, 0x00, 0x00, 0x00, 0x00,
  0x00, 0x00, 0x00, 0x00, 0x00, 0x00, 0x00, 0x00, 0x00, 0x00, 0x00, 0x00,
  0x00, 0x00, 0x00, 0x00, 0x00, 0x00, 0x09, 0x32, 0x00, 0x09, 0x32, 0x00,
  0x09, 0x32, 0x62, 0x09, 0x32, 0xff, 0x09, 0x32, 0x9c, 0x0a, 0x32, 0x00,
  0xe9, 0x31, 0x00, 0x00, 0x00, 0x00, 0x00, 0x00, 0x00, 0x00, 0x00, 0x00,
  0x00, 0x00, 0x00, 0x00, 0x00, 0x00, 0x00, 0x00, 0x00, 0x00, 0x00, 0x00,
  0x00, 0x00, 0x00, 0x00, 0x00, 0x00, 0x00, 0x00, 0x00, 0x00, 0x00, 0x00,
  0x00, 0x00, 0x00, 0x00, 0x00, 0x00, 0x00, 0x00, 0x00, 0x00, 0x00, 0x00,
  0x00, 0x00, 0x00, 0x00, 0x00, 0x00, 0x00, 0x00, 0x00, 0x00, 0x00, 0x00,
  0x00, 0x00, 0x00, 0x00, 0x00, 0x00, 0x00, 0x00, 0x00, 0x00, 0x00, 0x00,
  0x00, 0x00, 0x00, 0x00, 0x00, 0x00, 0x00, 0x00, 0x00, 0x00, 0x00, 0x00,
  0x00, 0x00, 0x00, 0x00, 0x00, 0x00, 0x00, 0x00, 0x00, 0x00, 0x00, 0x00,
  0x00, 0x00, 0x00, 0x00, 0x00, 0x00, 0x00, 0x00, 0x00, 0x00, 0x00, 0x00,
  0x00, 0x00, 0x00, 0x00, 0x00, 0x00, 0x00, 0x00, 0x00, 0x00, 0x00, 0x00,
  0x00, 0x00, 0x00, 0x00, 0x00, 0x00, 0x00, 0x00, 0x00, 0x00, 0x00, 0x00,
  0x00, 0x00, 0x00, 0x00, 0x00, 0x00, 0x00, 0x00, 0x00, 0x00, 0x00, 0x00,
  0x00, 0x00, 0x00, 0x00, 0x00, 0x00, 0x00, 0x00, 0x00, 0x00, 0x00, 0x00,
  0x00, 0x00, 0x00, 0x00, 0x00, 0x00, 0x00, 0x00, 0x00, 0x00, 0x00, 0x00,
  0x00, 0x00, 0x00, 0x00, 0x00, 0x00, 0x00, 0x00, 0x00, 0x00, 0x00, 0x00,
  0x00, 0x00, 0x00, 0x00, 0x00, 0x00, 0x00, 0x00, 0x00, 0x00, 0x00, 0x00,
  0x00, 0x00, 0x00, 0x00, 0x00, 0x00, 0x00, 0x00, 0x00, 0x00, 0x00, 0x00,
  0x00, 0x00, 0x00, 0x00, 0x00, 0x00, 0x00, 0x00, 0x00, 0x00, 0x00, 0x00,
  0x00, 0x00, 0x00, 0x00, 0x00, 0x00, 0x00, 0x00, 0x00, 0x00, 0x00, 0x00,
  0x00, 0x00, 0x00, 0x00, 0x00, 0x00, 0x00, 0x00, 0x00, 0x00, 0x00, 0x00,
  0x00, 0x00, 0x00, 0x00, 0x00, 0x00, 0x00, 0x00, 0x00, 0x00, 0x00, 0x00,
  0x00, 0x00, 0x00, 0x00, 0x00, 0x00, 0x00, 0x00, 0x00, 0x00, 0x00, 0x00,
  0x00, 0x00, 0x00, 0x00, 0x00, 0x00, 0x00, 0x00, 0x00, 0x00, 0x00, 0x00,
  0x00, 0x00, 0x00, 0x00, 0x00, 0x00, 0x00, 0x00, 0x00, 0x00, 0x00, 0x00,
  0x00, 0x00, 0x00, 0x00, 0x00, 0x00, 0x00, 0x00, 0x00, 0x00, 0x00, 0x00,
  0x00, 0x00, 0x00, 0x00, 0x00, 0x00, 0x00, 0x00, 0x00, 0x00, 0x00, 0x00,
  0x00, 0x00, 0x00, 0x00, 0x00, 0x00, 0x00, 0x00, 0x00, 0x00, 0x00, 0x00,
  0x00, 0x00, 0x00, 0x00, 0x00, 0x00, 0x00, 0x00, 0x00, 0x00, 0x00, 0x00,
  0x00, 0x00, 0x00, 0x00, 0x00, 0x00, 0x00, 0x00, 0x00, 0x00, 0x00, 0x00,
  0x00, 0x00, 0x00, 0x00, 0x00, 0x00, 0x00, 0x00, 0x00, 0x00, 0x00, 0x00,
  0x00, 0x00, 0x00, 0x00, 0x00, 0x00, 0x00, 0x00, 0x00, 0x00, 0x00, 0x00,
  0x00, 0x00, 0x00, 0x00, 0x00, 0x00, 0xe9, 0x31, 0x00, 0x09, 0x32, 0x00,
  0x09, 0x32, 0x63, 0x09, 0x32, 0xff, 0x09, 0x32, 0x9d, 0x8b, 0x32, 0x00,
  0xe9, 0x31, 0x00, 0x00, 0x00, 0x00, 0x00, 0x00, 0x00, 0x00, 0x00, 0x00,
  0x00, 0x00, 0x00, 0x00, 0x00, 0x00, 0x00, 0x00, 0x00, 0x00, 0x00, 0x00,
  0x00, 0x00, 0x00, 0x00, 0x00, 0x00, 0x00, 0x00, 0x00, 0x00, 0x00, 0x00,
  0x00, 0x00, 0x00, 0x00, 0x00, 0x00, 0x00, 0x00, 0x00, 0x00, 0x00, 0x00,
  0x00, 0x00, 0x00, 0x00, 0x00, 0x00, 0x00, 0x00, 0x00, 0x00, 0x00, 0x00,
  0x00, 0x00, 0x00, 0x00, 0x00, 0x00, 0x00, 0x00, 0x00, 0x00, 0x00, 0x00,
  0x00, 0x00, 0x00, 0x00, 0x00, 0x00, 0x00, 0x00, 0x00, 0x00, 0x00, 0x00,
  0x00, 0x00, 0x00, 0x00, 0x00, 0x00, 0x00, 0x00, 0x00, 0x00, 0x00, 0x00,
  0x00, 0x00, 0x00, 0x00, 0x00, 0x00, 0x00, 0x00, 0x00, 0x00, 0x00, 0x00,
  0x00, 0x00, 0x00, 0x00, 0x00, 0x00, 0x00, 0x00, 0x00, 0x00, 0x00, 0x00,
  0x00, 0x00, 0x00, 0x00, 0x00, 0x00, 0x00, 0x00, 0x00, 0x00, 0x00, 0x00,
  0x00, 0x00, 0x00, 0x00, 0x00, 0x00, 0x00, 0x00, 0x00, 0x00, 0x00, 0x00,
  0x00, 0x00, 0x00, 0x00, 0x00, 0x00, 0x00, 0x00, 0x00, 0x00, 0x00, 0x00,
  0x00, 0x00, 0x00, 0x00, 0x00, 0x00, 0x00, 0x00, 0x00, 0x00, 0x00, 0x00,
  0x00, 0x00, 0x00, 0x00, 0x00, 0x00, 0x00, 0x00, 0x00, 0x00, 0x00, 0x00,
  0x00, 0x00, 0x00, 0x00, 0x00, 0x00, 0x00, 0x00, 0x00, 0x00, 0x00, 0x00,
  0x00, 0x00, 0x00, 0x00, 0x00, 0x00, 0x00, 0x00, 0x00, 0x00, 0x00, 0x00,
  0x00, 0x00, 0x00, 0x00, 0x00, 0x00, 0x00, 0x00, 0x00, 0x00, 0x00, 0x00,
  0x00, 0x00, 0x00, 0x00, 0x00, 0x00, 0x00, 0x00, 0x00, 0x00, 0x00, 0x00,
  0x00, 0x00, 0x00, 0x00, 0x00, 0x00, 0x00, 0x00, 0x00, 0x00, 0x00, 0x00,
  0x00, 0x00, 0x00, 0x00, 0x00, 0x00, 0x00, 0x00, 0x00, 0x00, 0x00, 0x00,
  0x00, 0x00, 0x00, 0x00, 0x00, 0x00, 0x00, 0x00, 0x00, 0x00, 0x00, 0x00,
  0x00, 0x00, 0x00, 0x00, 0x00, 0x00, 0x00, 0x00, 0x00, 0x00, 0x00, 0x00,
  0x00, 0x00, 0x00, 0x00, 0x00, 0x00, 0x00, 0x00, 0x00, 0x00, 0x00, 0x00,
  0x00, 0x00, 0x00, 0x00, 0x00, 0x00, 0x00, 0x00, 0x00, 0x00, 0x00, 0x00,
  0x00, 0x00, 0x00, 0x00, 0x00, 0x00, 0x00, 0x00, 0x00, 0x00, 0x00, 0x00,
  0x00, 0x00, 0x00, 0x00, 0x00, 0x00, 0x00, 0x00, 0x00, 0x00, 0x00, 0x00,
  0x00, 0x00, 0x00, 0x00, 0x00, 0x00, 0x00, 0x00, 0x00, 0x00, 0x00, 0x00,
  0x00, 0x00, 0x00, 0x00, 0x00, 0x00, 0x00, 0x00, 0x00, 0x00, 0x00, 0x00,
  0x00, 0x00, 0x00, 0x00, 0x00, 0x00, 0x00, 0x00, 0x00, 0x00, 0x00, 0x00,
  0x00, 0x00, 0x00, 0x00, 0x00, 0x00, 0x00, 0x00, 0x00, 0x00, 0x00, 0x00,
  0x00, 0x00, 0x00, 0x00, 0x00, 0x00, 0x00, 0x00, 0x00, 0x09, 0x32, 0x00,
  0x09, 0x32, 0x63, 0x09, 0x32, 0xff, 0x09, 0x32, 0x9d, 0x8b, 0x32, 0x00,
  0xe9, 0x31, 0x00, 0x00, 0x00, 0x00, 0x00, 0x00, 0x00, 0x00, 0x00, 0x00,
  0x00, 0x00, 0x00, 0x00, 0x00, 0x00, 0x00, 0x00, 0x00, 0x00, 0x00, 0x00,
  0x00, 0x00, 0x00, 0x00, 0x00, 0x00, 0x00, 0x00, 0x00, 0x00, 0x00, 0x00,
  0x00, 0x00, 0x00, 0x00, 0x00, 0x00, 0x00, 0x00, 0x00, 0x00, 0x00, 0x00,
  0x00, 0x00, 0x00, 0x00, 0x00, 0x00, 0x00, 0x00, 0x00, 0x00, 0x00, 0x00,
  0x00, 0x00, 0x00, 0x00, 0x00, 0x00, 0x00, 0x00, 0x00, 0x00, 0x00, 0x00,
  0x00, 0x00, 0x00, 0x00, 0x00, 0x00, 0x00, 0x00, 0x00, 0x00, 0x00, 0x00,
  0x00, 0x00, 0x00, 0x00, 0x00, 0x00, 0x00, 0x00, 0x00, 0x00, 0x00, 0x00,
  0x00, 0x00, 0x00, 0x00, 0x00, 0x00, 0x00, 0x00, 0x00, 0x00, 0x00, 0x00,
  0x00, 0x00, 0x00, 0x00, 0x00, 0x00, 0x00, 0x00, 0x00, 0x00, 0x00, 0x00,
  0x00, 0x00, 0x00, 0x00, 0x00, 0x00, 0x00, 0x00, 0x00, 0x00, 0x00, 0x00,
  0x00, 0x00, 0x00, 0x00, 0x00, 0x00, 0x00, 0x00, 0x00, 0x00, 0x00, 0x00,
  0x00, 0x00, 0x00, 0x00, 0x00, 0x00, 0x00, 0x00, 0x00, 0x00, 0x00, 0x00,
  0x00, 0x00, 0x00, 0x00, 0x00, 0x00, 0x00, 0x00, 0x00, 0x00, 0x00, 0x00,
  0x00, 0x00, 0x00, 0x00, 0x00, 0x00, 0x00, 0x00, 0x00, 0x00, 0x00, 0x00,
  0x00, 0x00, 0x00, 0x00, 0x00, 0x00, 0x00, 0x00, 0x00, 0x00, 0x00, 0x00,
  0x00, 0x00, 0x00, 0x00, 0x00, 0x00, 0x00, 0x00, 0x00, 0x00, 0x00, 0x00,
  0x00, 0x00, 0x00, 0x00, 0x00, 0x00, 0x00, 0x00, 0x00, 0x00, 0x00, 0x00,
  0x00, 0x00, 0x00, 0x00, 0x00, 0x00, 0x00, 0x00, 0x00, 0x00, 0x00, 0x00,
  0x00, 0x00, 0x00, 0x00, 0x00, 0x00, 0x00, 0x00, 0x00, 0x00, 0x00, 0x00,
  0x00, 0x00, 0x00, 0x00, 0x00, 0x00, 0x00, 0x00, 0x00, 0x00, 0x00, 0x00,
  0x00, 0x00, 0x00, 0x00, 0x00, 0x00, 0x00, 0x00, 0x00, 0x00, 0x00, 0x00,
  0x00, 0x00, 0x00, 0x00, 0x00, 0x00, 0x00, 0x00, 0x00, 0x00, 0x00, 0x00,
  0x00, 0x00, 0x00, 0x00, 0x00, 0x00, 0x00, 0x00, 0x00, 0x00, 0x00, 0x00,
  0x00, 0x00, 0x00, 0x00, 0x00, 0x00, 0x00, 0x00, 0x00, 0x00, 0x00, 0x00,
  0x00, 0x00, 0x00, 0x00, 0x00, 0x00, 0x00, 0x00, 0x00, 0x00, 0x00, 0x00,
  0x00, 0x00, 0x00, 0x00, 0x00, 0x00, 0x00, 0x00, 0x00, 0x00, 0x00, 0x00,
  0x00, 0x00, 0x00, 0x00, 0x00, 0x00, 0x00, 0x00, 0x00, 0x00, 0x00, 0x00,
  0x00, 0x00, 0x00, 0x00, 0x00, 0x00, 0x00, 0x00, 0x00, 0x00, 0x00, 0x00,
  0x00, 0x00, 0x00, 0x00, 0x00, 0x00, 0x00, 0x00, 0x00, 0x00, 0x00, 0x00,
  0x00, 0x00, 0x00, 0x0a, 0x32, 0x00, 0x0a, 0x32, 0x00, 0xe9, 0x31, 0x00,
  0xe9, 0x31, 0x00, 0xe9, 0x31, 0x00, 0xe9, 0x31, 0x00, 0x09, 0x32, 0x00,
  0x09, 0x32, 0x63, 0x09, 0x32, 0xff, 0x09, 0x32, 0x9d, 0x4b, 0x32, 0x00,
  0x09, 0x32, 0x00, 0x09, 0x32, 0x00, 0x09, 0x32, 0x00, 0x09, 0x32, 0x00,
  0x09, 0x32, 0x00, 0x09, 0x32, 0x00, 0x00, 0x00, 0x00, 0x00, 0x00, 0x00,
  0x00, 0x00, 0x00, 0x00, 0x00, 0x00, 0x00, 0x00, 0x00, 0x00, 0x00, 0x00,
  0x00, 0x00, 0x00, 0x00, 0x00, 0x00, 0x00, 0x00, 0x00, 0x00, 0x00, 0x00,
  0x00, 0x00, 0x00, 0x00, 0x00, 0x00, 0x00, 0x00, 0x00, 0x00, 0x00, 0x00,
  0x00, 0x00, 0x00, 0x00, 0x00, 0x00, 0x00, 0x00, 0x00, 0x00, 0x00, 0x00,
  0x00, 0x00, 0x00, 0x00, 0x00, 0x00, 0x00, 0x00, 0x00, 0x00, 0x00, 0x00,
  0x00, 0x00, 0x00, 0x00, 0x00, 0x00, 0x00, 0x00, 0x00, 0x00, 0x00, 0x00,
  0x00, 0x00, 0x00, 0x00, 0x00, 0x00, 0x00, 0x00, 0x00, 0x00, 0x00, 0x00,
  0x00, 0x00, 0x00, 0x00, 0x00, 0x00, 0x00, 0x00, 0x00, 0x00, 0x00, 0x00,
  0x00, 0x00, 0x00, 0x00, 0x00, 0x00, 0x00, 0x00, 0x00, 0x00, 0x00, 0x00,
  0x00, 0x00, 0x00, 0x00, 0x00, 0x00, 0x00, 0x00, 0x00, 0x00, 0x00, 0x00,
  0x00, 0x00, 0x00, 0x00, 0x00, 0x00, 0x00, 0x00, 0x00, 0x00, 0x00, 0x00,
  0x00, 0x00, 0x00, 0x00, 0x00, 0x00, 0x00, 0x00, 0x00, 0x00, 0x00, 0x00,
  0x00, 0x00, 0x00, 0x00, 0x00, 0x00, 0x00, 0x00, 0x00, 0x00, 0x00, 0x00,
  0x00, 0x00, 0x00, 0x00, 0x00, 0x00, 0x00, 0x00, 0x00, 0x00, 0x00, 0x00,
  0x00, 0x00, 0x00, 0x00, 0x00, 0x00, 0x00, 0x00, 0x00, 0x00, 0x00, 0x00,
  0x00, 0x00, 0x00, 0x00, 0x00, 0x00, 0x00, 0x00, 0x00, 0x00, 0x00, 0x00,
  0x00, 0x00, 0x00, 0x00, 0x00, 0x00, 0x00, 0x00, 0x00, 0x00, 0x00, 0x00,
  0x00, 0x00, 0x00, 0x00, 0x00, 0x00, 0x00, 0x00, 0x00, 0x00, 0x00, 0x00,
  0x00, 0x00, 0x00, 0x00, 0x00, 0x00, 0x00, 0x00, 0x00, 0x00, 0x00, 0x00,
  0x00, 0x00, 0x00, 0x00, 0x00, 0x00, 0x00, 0x00, 0x00, 0x00, 0x00, 0x00,
  0x00, 0x00, 0x00, 0x00, 0x00, 0x00, 0x00, 0x00, 0x00, 0x00, 0x00, 0x00,
  0x00, 0x00, 0x00, 0x00, 0x00, 0x00, 0x00, 0x00, 0x00, 0x00, 0x00, 0x00,
  0x00, 0x00, 0x00, 0x00, 0x00, 0x00, 0x00, 0x00, 0x00, 0x00, 0x00, 0x00,
  0x00, 0x00, 0x00, 0x00, 0x00, 0x00, 0x00, 0x00, 0x00, 0x00, 0x00, 0x00,
  0x00, 0x00, 0x00, 0x00, 0x00, 0x00, 0x00, 0x00, 0x00, 0x00, 0x00, 0x00,
  0x00, 0x00, 0x00, 0x00, 0x00, 0x00, 0x00, 0x00, 0x00, 0x00, 0x00, 0x00,
  0x00, 0x00, 0x00, 0x00, 0x00, 0x00, 0x00, 0x00, 0x00, 0x00, 0x00, 0x00,
  0x00, 0x00, 0x00, 0x00, 0x00, 0x00, 0x00, 0x00, 0x00, 0x00, 0x00, 0x00,
  0x00, 0x00, 0x00, 0x0a, 0x32, 0x00, 0xc2, 0x51, 0x00, 0x09, 0x32, 0x02,
  0xe9, 0x31, 0x01, 0x0a, 0x32, 0x00, 0x0a, 0x32, 0x00, 0x09, 0x32, 0x00,
  0x09, 0x32, 0x62, 0x09, 0x32, 0xff, 0x09, 0x32, 0x9d, 0x0a, 0x32, 0x00,
  0x09, 0x32, 0x00, 0x09, 0x32, 0x00, 0x09, 0x32, 0x00, 0x09, 0x32, 0x02,
  0x09, 0x32, 0x00, 0x09, 0x32, 0x00, 0x00, 0x00, 0x00, 0x00, 0x00, 0x00,
  0x00, 0x00, 0x00, 0x00, 0x00, 0x00, 0x00, 0x00, 0x00, 0x00, 0x00, 0x00,
  0x00, 0x00, 0x00, 0x00, 0x00, 0x00, 0x00, 0x00, 0x00, 0x00, 0x00, 0x00,
  0x00, 0x00, 0x00, 0x00, 0x00, 0x00, 0x00, 0x00, 0x00, 0x00, 0x00, 0x00,
  0x00, 0x00, 0x00, 0x00, 0x00, 0x00, 0x00, 0x00, 0x00, 0x00, 0x00, 0x00,
  0x00, 0x00, 0x00, 0x00, 0x00, 0x00, 0x00, 0x00, 0x00, 0x00, 0x00, 0x00,
  0x00, 0x00, 0x00, 0x00, 0x00, 0x00, 0x00, 0x00, 0x00, 0x00, 0x00, 0x00,
  0x00, 0x00, 0x00, 0x00, 0x00, 0x00, 0x00, 0x00, 0x00, 0x00, 0x00, 0x00,
  0x00, 0x00, 0x00, 0x00, 0x00, 0x00, 0x00, 0x00, 0x00, 0x00, 0x00, 0x00,
  0x00, 0x00, 0x00, 0x00, 0x00, 0x00, 0x00, 0x00, 0x00, 0x00, 0x00, 0x00,
  0x00, 0x00, 0x00, 0x00, 0x00, 0x00, 0x00, 0x00, 0x00, 0x00, 0x00, 0x00,
  0x00, 0x00, 0x00, 0x00, 0x00, 0x00, 0x00, 0x00, 0x00, 0x00, 0x00, 0x00,
  0x00, 0x00, 0x00, 0x00, 0x00, 0x00, 0x00, 0x00, 0x00, 0x00, 0x00, 0x00,
  0x00, 0x00, 0x00, 0x00, 0x00, 0x00, 0x00, 0x00, 0x00, 0x00, 0x00, 0x00,
  0x00, 0x00, 0x00, 0x00, 0x00, 0x00, 0x00, 0x00, 0x00, 0x00, 0x00, 0x00,
  0x00, 0x00, 0x00, 0x00, 0x00, 0x00, 0x00, 0x00, 0x00, 0x00, 0x00, 0x00,
  0x00, 0x00, 0x00, 0x00, 0x00, 0x00, 0x00, 0x00, 0x00, 0x00, 0x00, 0x00,
  0x00, 0x00, 0x00, 0x00, 0x00, 0x00, 0x00, 0x00, 0x00, 0x00, 0x00, 0x00,
  0x00, 0x00, 0x00, 0x00, 0x00, 0x00, 0x00, 0x00, 0x00, 0x00, 0x00, 0x00,
  0x00, 0x00, 0x00, 0x00, 0x00, 0x00, 0x00, 0x00, 0x00, 0x00, 0x00, 0x00,
  0x00, 0x00, 0x00, 0x00, 0x00, 0x00, 0x00, 0x00, 0x00, 0x00, 0x00, 0x00,
  0x00, 0x00, 0x00, 0x00, 0x00, 0x00, 0x00, 0x00, 0x00, 0x00, 0x00, 0x00,
  0x00, 0x00, 0x00, 0x00, 0x00, 0x00, 0x00, 0x00, 0x00, 0x00, 0x00, 0x00,
  0x00, 0x00, 0x00, 0x00, 0x00, 0x00, 0x00, 0x00, 0x00, 0x00, 0x00, 0x00,
  0x00, 0x00, 0x00, 0x00, 0x00, 0x00, 0x00, 0x00, 0x00, 0x00, 0x00, 0x00,
  0x00, 0x00, 0x00, 0x00, 0x00, 0x00, 0x00, 0x00, 0x00, 0x00, 0x00, 0x00,
  0x00, 0x00, 0x00, 0x00, 0x00, 0x00, 0x00, 0x00, 0x00, 0x00, 0x00, 0x00,
  0x00, 0x00, 0x00, 0x00, 0x00, 0x00, 0x00, 0x00, 0x00, 0x00, 0x00, 0x00,
  0x00, 0x00, 0x00, 0x00, 0x00, 0x00, 0x00, 0x00, 0x00, 0x00, 0x00, 0x00,
  0x00, 0x00, 0x00, 0x0a, 0x32, 0x00, 0x09, 0x32, 0x00, 0x09, 0x32, 0x25,
  0x09, 0x32, 0x81, 0x09, 0x32, 0x9c, 0x09, 0x32, 0x9b, 0x09, 0x32, 0x98,
  0x09, 0x32, 0xc0, 0x09, 0x32, 0xff, 0x09, 0x32, 0xd9, 0x09, 0x32, 0x9c,
  0x09, 0x32, 0x9d, 0x09, 0x32, 0x9f, 0x09, 0x32, 0x92, 0x09, 0x32, 0x41,
  0x0a, 0x32, 0x01, 0x09, 0x32, 0x00, 0x00, 0x00, 0x00, 0x00, 0x00, 0x00,
  0x00, 0x00, 0x00, 0x00, 0x00, 0x00, 0x00, 0x00, 0x00, 0x00, 0x00, 0x00,
  0x00, 0x00, 0x00, 0x00, 0x00, 0x00, 0x00, 0x00, 0x00, 0x00, 0x00, 0x00,
  0x00, 0x00, 0x00, 0x00, 0x00, 0x00, 0x00, 0x00, 0x00, 0x00, 0x00, 0x00,
  0x00, 0x00, 0x00, 0x00, 0x00, 0x00, 0x00, 0x00, 0x00, 0x00, 0x00, 0x00,
  0x00, 0x00, 0x00, 0x00, 0x00, 0x00, 0x00, 0x00, 0x00, 0x00, 0x00, 0x00,
  0x00, 0x00, 0x00, 0x00, 0x00, 0x00, 0x00, 0x00, 0x00, 0x00, 0x00, 0x00,
  0x00, 0x00, 0x00, 0x00, 0x00, 0x00, 0x00, 0x00, 0x00, 0x00, 0x00, 0x00,
  0x00, 0x00, 0x00, 0x00, 0x00, 0x00, 0x00, 0x00, 0x00, 0x00, 0x00, 0x00,
  0x00, 0x00, 0x00, 0x00, 0x00, 0x00, 0x00, 0x00, 0x00, 0x00, 0x00, 0x00,
  0x00, 0x00, 0x00, 0x00, 0x00, 0x00, 0x00, 0x00, 0x00, 0x00, 0x00, 0x00,
  0x00, 0x00, 0x00, 0x00, 0x00, 0x00, 0x00, 0x00, 0x00, 0x00, 0x00, 0x00,
  0x00, 0x00, 0x00, 0x00, 0x00, 0x00, 0x00, 0x00, 0x00, 0x00, 0x00, 0x00,
  0x00, 0x00, 0x00, 0x00, 0x00, 0x00, 0x00, 0x00, 0x00, 0x00, 0x00, 0x00,
  0x00, 0x00, 0x00, 0x00, 0x00, 0x00, 0x00, 0x00, 0x00, 0x00, 0x00, 0x00,
  0x00, 0x00, 0x00, 0x00, 0x00, 0x00, 0x00, 0x00, 0x00, 0x00, 0x00, 0x00,
  0x00, 0x00, 0x00, 0x00, 0x00, 0x00, 0x00, 0x00, 0x00, 0x00, 0x00, 0x00,
  0x00, 0x00, 0x00, 0x00, 0x00, 0x00, 0x00, 0x00, 0x00, 0x00, 0x00, 0x00,
  0x00, 0x00, 0x00, 0x00, 0x00, 0x00, 0x00, 0x00, 0x00, 0x00, 0x00, 0x00,
  0x00, 0x00, 0x00, 0x00, 0x00, 0x00, 0x00, 0x00, 0x00, 0x00, 0x00, 0x00,
  0x00, 0x00, 0x00, 0x00, 0x00, 0x00, 0x00, 0x00, 0x00, 0x00, 0x00, 0x00,
  0x00, 0x00, 0x00, 0x00, 0x00, 0x00, 0x00, 0x00, 0x00, 0x00, 0x00, 0x00,
  0x00, 0x00, 0x00, 0x00, 0x00, 0x00, 0x00, 0x00, 0x00, 0x00, 0x00, 0x00,
  0x00, 0x00, 0x00, 0x00, 0x00, 0x00, 0x00, 0x00, 0x00, 0x00, 0x00, 0x00,
  0x00, 0x00, 0x00, 0x00, 0x00, 0x00, 0x00, 0x00, 0x00, 0x00, 0x00, 0x00,
  0x00, 0x00, 0x00, 0x00, 0x00, 0x00, 0x00, 0x00, 0x00, 0x00, 0x00, 0x00,
  0x00, 0x00, 0x00, 0x00, 0x00, 0x00, 0x00, 0x00, 0x00, 0x00, 0x00, 0x00,
  0x00, 0x00, 0x00, 0x00, 0x00, 0x00, 0x00, 0x00, 0x00, 0x00, 0x00, 0x00,
  0x00, 0x00, 0x00, 0x00, 0x00, 0x00, 0x00, 0x00, 0x00, 0x00, 0x00, 0x00,
  0x00, 0x00, 0x00, 0x0a, 0x32, 0x00, 0x09, 0x32, 0x00, 0x09, 0x32, 0x04,
  0x09, 0x32, 0x3e, 0x09, 0x32, 0xb2, 0x09, 0x32, 0xde, 0x09, 0x32, 0xe9,
  0x09, 0x32, 0xff, 0x09, 0x32, 0xff, 0x09, 0x32, 0xff, 0x09, 0x32, 0xf2,
  0x09, 0x32, 0xe0, 0x09, 0x32, 0xc9, 0x09, 0x32, 0x5d, 0x09, 0x32, 0x0c,
  0x09, 0x32, 0x00, 0x0a, 0x32, 0x00, 0x00, 0x00, 0x00, 0x00, 0x00, 0x00,
  0x00, 0x00, 0x00, 0x00, 0x00, 0x00, 0x00, 0x00, 0x00, 0x00, 0x00, 0x00,
  0x00, 0x00, 0x00, 0x00, 0x00, 0x00, 0x00, 0x00, 0x00, 0x00, 0x00, 0x00,
  0x00, 0x00, 0x00, 0x00, 0x00, 0x00, 0x00, 0x00, 0x00, 0x00, 0x00, 0x00,
  0x00, 0x00, 0x00, 0x00, 0x00, 0x00, 0x00, 0x00, 0x00, 0x00, 0x00, 0x00,
  0x00, 0x00, 0x00, 0x00, 0x00, 0x00, 0x00, 0x00, 0x00, 0x00, 0x00, 0x00,
  0x00, 0x00, 0x00, 0x00, 0x00, 0x00, 0x00, 0x00, 0x00, 0x00, 0x00, 0x00,
  0x00, 0x00, 0x00, 0x00, 0x00, 0x00, 0x00, 0x00, 0x00, 0x00, 0x00, 0x00,
  0x00, 0x00, 0x00, 0x00, 0x00, 0x00, 0x00, 0x00, 0x00, 0x00, 0x00, 0x00,
  0x00, 0x00, 0x00, 0x00, 0x00, 0x00, 0x00, 0x00, 0x00, 0x00, 0x00, 0x00,
  0x00, 0x00, 0x00, 0x00, 0x00, 0x00, 0x00, 0x00, 0x00, 0x00, 0x00, 0x00,
  0x00, 0x00, 0x00, 0x00, 0x00, 0x00, 0x00, 0x00, 0x00, 0x00, 0x00, 0x00,
  0x00, 0x00, 0x00, 0x00, 0x00, 0x00, 0x00, 0x00, 0x00, 0x00, 0x00, 0x00,
  0x00, 0x00, 0x00, 0x00, 0x00, 0x00, 0x00, 0x00, 0x00, 0x00, 0x00, 0x00,
  0x00, 0x00, 0x00, 0x00, 0x00, 0x00, 0x00, 0x00, 0x00, 0x00, 0x00, 0x00,
  0x00, 0x00, 0x00, 0x00, 0x00, 0x00, 0x00, 0x00, 0x00, 0x00, 0x00, 0x00,
  0x00, 0x00, 0x00, 0x00, 0x00, 0x00, 0x00, 0x00, 0x00, 0x00, 0x00, 0x00,
  0x00, 0x00, 0x00, 0x00, 0x00, 0x00, 0x00, 0x00, 0x00, 0x00, 0x00, 0x00,
  0x00, 0x00, 0x00, 0x00, 0x00, 0x00, 0x00, 0x00, 0x00, 0x00, 0x00, 0x00,
  0x00, 0x00, 0x00, 0x00, 0x00, 0x00, 0x00, 0x00, 0x00, 0x00, 0x00, 0x00,
  0x00, 0x00, 0x00, 0x00, 0x00, 0x00, 0x00, 0x00, 0x00, 0x00, 0x00, 0x00,
  0x00, 0x00, 0x00, 0x00, 0x00, 0x00, 0x00, 0x00, 0x00, 0x00, 0x00, 0x00,
  0x00, 0x00, 0x00, 0x00, 0x00, 0x00, 0x00, 0x00, 0x00, 0x00, 0x00, 0x00,
  0x00, 0x00, 0x00, 0x00, 0x00, 0x00, 0x00, 0x00, 0x00, 0x00, 0x00, 0x00,
  0x00, 0x00, 0x00, 0x00, 0x00, 0x00, 0x00, 0x00, 0x00, 0x00, 0x00, 0x00,
  0x00, 0x00, 0x00, 0x00, 0x00, 0x00, 0x00, 0x00, 0x00, 0x00, 0x00, 0x00,
  0x00, 0x00, 0x00, 0x00, 0x00, 0x00, 0x00, 0x00, 0x00, 0x00, 0x00, 0x00,
  0x00, 0x00, 0x00, 0x00, 0x00, 0x00, 0x00, 0x00, 0x00, 0x00, 0x00, 0x00,
  0x00, 0x00, 0x00, 0x00, 0x00, 0x00, 0x00, 0x00, 0x00, 0x00, 0x00, 0x00,
  0x00, 0x00, 0x00, 0x00, 0x00, 0x00, 0x09, 0x32, 0x00, 0x09, 0x32, 0x00,
  0x09, 0x32, 0x00, 0x09, 0x32, 0x09, 0x09, 0x32, 0x17, 0x09, 0x32, 0x39,
  0x09, 0x32, 0x82, 0x09, 0x32, 0x76, 0x09, 0x32, 0x7d, 0x09, 0x32, 0x4f,
  0x09, 0x32, 0x19, 0x09, 0x32, 0x10, 0x09, 0x32, 0x00, 0x09, 0x32, 0x00,
  0x09, 0x32, 0x00, 0x0a, 0x32, 0x00, 0x00, 0x00, 0x00, 0x00, 0x00, 0x00,
  0x00, 0x00, 0x00, 0x00, 0x00, 0x00, 0x00, 0x00, 0x00, 0x00, 0x00, 0x00,
  0x00, 0x00, 0x00, 0x00, 0x00, 0x00, 0x00, 0x00, 0x00, 0x00, 0x00, 0x00,
  0x00, 0x00, 0x00, 0x00, 0x00, 0x00, 0x00, 0x00, 0x00, 0x00, 0x00, 0x00,
  0x00, 0x00, 0x00, 0x00, 0x00, 0x00, 0x00, 0x00, 0x00, 0x00, 0x00, 0x00,
  0x00, 0x00, 0x00, 0x00, 0x00, 0x00, 0x00, 0x00, 0x00, 0x00, 0x00, 0x00,
  0x00, 0x00, 0x00, 0x00, 0x00, 0x00, 0x00, 0x00, 0x00, 0x00, 0x00, 0x00,
  0x00, 0x00, 0x00, 0x00, 0x00, 0x00, 0x00, 0x00, 0x00, 0x00, 0x00, 0x00,
  0x00, 0x00, 0x00, 0x00, 0x00, 0x00, 0x00, 0x00, 0x00, 0x00, 0x00, 0x00,
  0x00, 0x00, 0x00, 0x00, 0x00, 0x00, 0x00, 0x00, 0x00, 0x00, 0x00, 0x00,
  0x00, 0x00, 0x00, 0x00, 0x00, 0x00, 0x00, 0x00, 0x00, 0x00, 0x00, 0x00,
  0x00, 0x00, 0x00, 0x00, 0x00, 0x00, 0x00, 0x00, 0x00, 0x00, 0x00, 0x00,
  0x00, 0x00, 0x00, 0x00, 0x00, 0x00, 0x00, 0x00, 0x00, 0x00, 0x00, 0x00,
  0x00, 0x00, 0x00, 0x00, 0x00, 0x00, 0x00, 0x00, 0x00, 0x00, 0x00, 0x00,
  0x00, 0x00, 0x00, 0x00, 0x00, 0x00, 0x00, 0x00, 0x00, 0x00, 0x00, 0x00,
  0x00, 0x00, 0x00, 0x00, 0x00, 0x00, 0x00, 0x00, 0x00, 0x00, 0x00, 0x00,
  0x00, 0x00, 0x00, 0x00, 0x00, 0x00, 0x00, 0x00, 0x00, 0x00, 0x00, 0x00,
  0x00, 0x00, 0x00, 0x00, 0x00, 0x00, 0x00, 0x00, 0x00, 0x00, 0x00, 0x00,
  0x00, 0x00, 0x00, 0x00, 0x00, 0x00, 0x00, 0x00, 0x00, 0x00, 0x00, 0x00,
  0x00, 0x00, 0x00, 0x00, 0x00, 0x00, 0x00, 0x00, 0x00, 0x00, 0x00, 0x00,
  0x00, 0x00, 0x00, 0x00, 0x00, 0x00, 0x00, 0x00, 0x00, 0x00, 0x00, 0x00,
  0x00, 0x00, 0x00, 0x00, 0x00, 0x00, 0x00, 0x00, 0x00, 0x00, 0x00, 0x00,
  0x00, 0x00, 0x00, 0x00, 0x00, 0x00, 0x00, 0x00, 0x00, 0x00, 0x00, 0x00,
  0x00, 0x00, 0x00, 0x00, 0x00, 0x00, 0x00, 0x00, 0x00, 0x00, 0x00, 0x00,
  0x00, 0x00, 0x00, 0x00, 0x00, 0x00, 0x00, 0x00, 0x00, 0x00, 0x00, 0x00,
  0x00, 0x00, 0x00, 0x00, 0x00, 0x00, 0x00, 0x00, 0x00, 0x00, 0x00, 0x00,
  0x00, 0x00, 0x00, 0x00, 0x00, 0x00, 0x00, 0x00, 0x00, 0x00, 0x00, 0x00,
  0x00, 0x00, 0x00, 0x00, 0x00, 0x00, 0x00, 0x00, 0x00, 0x00, 0x00, 0x00,
  0x00, 0x00, 0x00, 0x00, 0x00, 0x00, 0x00, 0x00, 0x00, 0x00, 0x00, 0x00,
  0x00, 0x00, 0x00, 0x00, 0x00, 0x00, 0x9a, 0x1b, 0x00, 0x9a, 0x13, 0x00,
  0xbb, 0x13, 0x00, 0x57, 0x1b, 0x00, 0xe8, 0x39, 0x00, 0x0a, 0x32, 0x10,
  0x09, 0x32, 0x52, 0x09, 0x32, 0x66, 0x09, 0x32, 0x5f, 0x09, 0x32, 0x24,
  0xff, 0x07, 0x00, 0xd2, 0x22, 0x00, 0x9a, 0x13, 0x00, 0x78, 0x1b, 0x00,
  0x9a, 0x13, 0x00, 0x00, 0x00, 0x00, 0x00, 0x00, 0x00, 0x00, 0x00, 0x00,
  0x00, 0x00, 0x00, 0x00, 0x00, 0x00, 0x00, 0x00, 0x00, 0x00, 0x00, 0x00,
  0x00, 0x00, 0x00, 0x00, 0x00, 0x00, 0x00, 0x00, 0x00, 0x00, 0x00, 0x00,
  0x00, 0x00, 0x00, 0x00, 0x00, 0x00, 0x00, 0x00, 0x00, 0x00, 0x00, 0x00,
  0x00, 0x00, 0x00, 0x00, 0x00, 0x00, 0x00, 0x00, 0x00, 0x00, 0x00, 0x00,
  0x00, 0x00, 0x00, 0x00, 0x00, 0x00, 0x00, 0x00, 0x00, 0x00, 0x00, 0x00,
  0x00, 0x00, 0x00, 0x00, 0x00, 0x00, 0x00, 0x00, 0x00, 0x00, 0x00, 0x00,
  0x00, 0x00, 0x00, 0x00, 0x00, 0x00, 0x00, 0x00, 0x00, 0x00, 0x00, 0x00,
  0x00, 0x00, 0x00, 0x00, 0x00, 0x00, 0x00, 0x00, 0x00, 0x00, 0x00, 0x00,
  0x00, 0x00, 0x00, 0x00, 0x00, 0x00, 0x00, 0x00, 0x00, 0x00, 0x00, 0x00,
  0x00, 0x00, 0x00, 0x00, 0x00, 0x00, 0x00, 0x00, 0x00, 0x00, 0x00, 0x00,
  0x00, 0x00, 0x00, 0x00, 0x00, 0x00, 0x00, 0x00, 0x00, 0x00, 0x00, 0x00,
  0x00, 0x00, 0x00, 0x00, 0x00, 0x00, 0x00, 0x00, 0x00, 0x00, 0x00, 0x00,
  0x00, 0x00, 0x00, 0x00, 0x00, 0x00, 0x00, 0x00, 0x00, 0x00, 0x00, 0x00,
  0x00, 0x00, 0x00, 0x00, 0x00, 0x00, 0x00, 0x00, 0x00, 0x00, 0x00, 0x00,
  0x00, 0x00, 0x00, 0x00, 0x00, 0x00, 0x00, 0x00, 0x00, 0x00, 0x00, 0x00,
  0x00, 0x00, 0x00, 0x00, 0x00, 0x00, 0x00, 0x00, 0x00, 0x00, 0x00, 0x00,
  0x00, 0x00, 0x00, 0x00, 0x00, 0x00, 0x00, 0x00, 0x00, 0x00, 0x00, 0x00,
  0x00, 0x00, 0x00, 0x00, 0x00, 0x00, 0x00, 0x00, 0x00, 0x00, 0x00, 0x00,
  0x00, 0x00, 0x00, 0x00, 0x00, 0x00, 0x00, 0x00, 0x00, 0x00, 0x00, 0x00,
  0x00, 0x00, 0x00, 0x00, 0x00, 0x00, 0x00, 0x00, 0x00, 0x00, 0x00, 0x00,
  0x00, 0x00, 0x00, 0x00, 0x00, 0x00, 0x00, 0x00, 0x00, 0x00, 0x00, 0x00,
  0x00, 0x00, 0x00, 0x00, 0x00, 0x00, 0x00, 0x00, 0x00, 0x00, 0x00, 0x00,
  0x00, 0x00, 0x00, 0x00, 0x00, 0x00, 0x00, 0x00, 0x00, 0x00, 0x00, 0x00,
  0x00, 0x00, 0x00, 0x00, 0x00, 0x00, 0x00, 0x00, 0x00, 0x00, 0x00, 0x00,
  0x00, 0x00, 0x00, 0x00, 0x00, 0x00, 0x00, 0x00, 0x00, 0x00, 0x00, 0x00,
  0x00, 0x00, 0x00, 0x00, 0x00, 0x00, 0x00, 0x00, 0x00, 0x00, 0x00, 0x00,
  0x00, 0x00, 0x00, 0x00, 0x00, 0x00, 0x00, 0x00, 0x00, 0x00, 0x00, 0x00,
  0x00, 0x00, 0x00, 0x00, 0x00, 0x00, 0x00, 0x00, 0x00, 0x00, 0x00, 0x00,
  0x00, 0x00, 0x00, 0x9a, 0x13, 0x00, 0x9a, 0x13, 0x00, 0x9a, 0x13, 0x00,
  0x9a, 0x13, 0x04, 0x9a, 0x13, 0x4d, 0xbb, 0x13, 0x5d, 0x0a, 0x32, 0x40,
  0x09, 0x32, 0xf4, 0x09, 0x32, 0xff, 0x09, 0x32, 0xff, 0xe9, 0x31, 0x73,
  0xbb, 0x13, 0x4c, 0x9a, 0x13, 0x81, 0x9a, 0x13, 0x1e, 0x9a, 0x13, 0x00,
  0x9a, 0x13, 0x00, 0x9a, 0x13, 0x00, 0x00, 0x00, 0x00, 0x00, 0x00, 0x00,
  0x00, 0x00, 0x00, 0x00, 0x00, 0x00, 0x00, 0x00, 0x00, 0x00, 0x00, 0x00,
  0x00, 0x00, 0x00, 0x00, 0x00, 0x00, 0x00, 0x00, 0x00, 0x00, 0x00, 0x00,
  0x00, 0x00, 0x00, 0x00, 0x00, 0x00, 0x00, 0x00, 0x00, 0x00, 0x00, 0x00,
  0x00, 0x00, 0x00, 0x00, 0x00, 0x00, 0x00, 0x00, 0x00, 0x00, 0x00, 0x00,
  0x00, 0x00, 0x00, 0x00, 0x00, 0x00, 0x00, 0x00, 0x00, 0x00, 0x00, 0x00,
  0x00, 0x00, 0x00, 0x00, 0x00, 0x00, 0x00, 0x00, 0x00, 0x00, 0x00, 0x00,
  0x00, 0x00, 0x00, 0x00, 0x00, 0x00, 0x00, 0x00, 0x00, 0x00, 0x00, 0x00,
  0x00, 0x00, 0x00, 0x00, 0x00, 0x00, 0x00, 0x00, 0x00, 0x00, 0x00, 0x00,
  0x00, 0x00, 0x00, 0x00, 0x00, 0x00, 0x00, 0x00, 0x00, 0x00, 0x00, 0x00,
  0x00, 0x00, 0x00, 0x00, 0x00, 0x00, 0x00, 0x00, 0x00, 0x00, 0x00, 0x00,
  0x00, 0x00, 0x00, 0x00, 0x00, 0x00, 0x00, 0x00, 0x00, 0x00, 0x00, 0x00,
  0x00, 0x00, 0x00, 0x00, 0x00, 0x00, 0x00, 0x00, 0x00, 0x00, 0x00, 0x00,
  0x00, 0x00, 0x00, 0x00, 0x00, 0x00, 0x00, 0x00, 0x00, 0x00, 0x00, 0x00,
  0x00, 0x00, 0x00, 0x00, 0x00, 0x00, 0x00, 0x00, 0x00, 0x00, 0x00, 0x00,
  0x00, 0x00, 0x00, 0x00, 0x00, 0x00, 0x00, 0x00, 0x00, 0x00, 0x00, 0x00,
  0x00, 0x00, 0x00, 0x00, 0x00, 0x00, 0x00, 0x00, 0x00, 0x00, 0x00, 0x00,
  0x00, 0x00, 0x00, 0x00, 0x00, 0x00, 0x00, 0x00, 0x00, 0x00, 0x00, 0x00,
  0x00, 0x00, 0x00, 0x00, 0x00, 0x00, 0x00, 0x00, 0x00, 0x00, 0x00, 0x00,
  0x00, 0x00, 0x00, 0x00, 0x00, 0x00, 0x00, 0x00, 0x00, 0x00, 0x00, 0x00,
  0x00, 0x00, 0x00, 0x00, 0x00, 0x00, 0x00, 0x00, 0x00, 0x00, 0x00, 0x00,
  0x00, 0x00, 0x00, 0x00, 0x00, 0x00, 0x00, 0x00, 0x00, 0x00, 0x00, 0x00,
  0x00, 0x00, 0x00, 0x00, 0x00, 0x00, 0x00, 0x00, 0x00, 0x00, 0x00, 0x00,
  0x00, 0x00, 0x00, 0x00, 0x00, 0x00, 0x00, 0x00, 0x00, 0x00, 0x00, 0x00,
  0x00, 0x00, 0x00, 0x00, 0x00, 0x00, 0x00, 0x00, 0x00, 0x00, 0x00, 0x00,
  0x00, 0x00, 0x00, 0x00, 0x00, 0x00, 0x00, 0x00, 0x00, 0x00, 0x00, 0x00,
  0x00, 0x00, 0x00, 0x00, 0x00, 0x00, 0x00, 0x00, 0x00, 0x00, 0x00, 0x00,
  0x00, 0x00, 0x00, 0x00, 0x00, 0x00, 0x00, 0x00, 0x00, 0x00, 0x00, 0x00,
  0x00, 0x00, 0x00, 0x00, 0x00, 0x00, 0x00, 0x00, 0x00, 0x00, 0x00, 0x00,
  0x00, 0x00, 0x00, 0x9a, 0x13, 0x00, 0x9a, 0x13, 0x00, 0x9a, 0x13, 0x10,
  0x9a, 0x13, 0x8c, 0x9a, 0x13, 0xf7, 0x9b, 0x13, 0xa0, 0x0a, 0x32, 0x41,
  0x09, 0x32, 0xf6, 0x09, 0x32, 0xff, 0x09, 0x32, 0xff, 0xe9, 0x31, 0x73,
  0xbb, 0x13, 0x6a, 0x9a, 0x13, 0xff, 0x9a, 0x13, 0xce, 0x9a, 0x13, 0x44,
  0x9a, 0x13, 0x00, 0x9a, 0x13, 0x00, 0x9a, 0x13, 0x00, 0x00, 0x00, 0x00,
  0x00, 0x00, 0x00, 0x00, 0x00, 0x00, 0x00, 0x00, 0x00, 0x00, 0x00, 0x00,
  0x00, 0x00, 0x00, 0x00, 0x00, 0x00, 0x00, 0x00, 0x00, 0x00, 0x00, 0x00,
  0x00, 0x00, 0x00, 0x00, 0x00, 0x00, 0x00, 0x00, 0x00, 0x00, 0x00, 0x00,
  0x00, 0x00, 0x00, 0x00, 0x00, 0x00, 0x00, 0x00, 0x00, 0x00, 0x00, 0x00,
  0x00, 0x00, 0x00, 0x00, 0x00, 0x00, 0x00, 0x00, 0x00, 0x00, 0x00, 0x00,
  0x00, 0x00, 0x00, 0x00, 0x00, 0x00, 0x00, 0x00, 0x00, 0x00, 0x00, 0x00,
  0x00, 0x00, 0x00, 0x00, 0x00, 0x00, 0x00, 0x00, 0x00, 0x00, 0x00, 0x00,
  0x00, 0x00, 0x00, 0x00, 0x00, 0x00, 0x00, 0x00, 0x00, 0x00, 0x00, 0x00,
  0x00, 0x00, 0x00, 0x00, 0x00, 0x00, 0x00, 0x00, 0x00, 0x00, 0x00, 0x00,
  0x00, 0x00, 0x00, 0x00, 0x00, 0x00, 0x00, 0x00, 0x00, 0x00, 0x00, 0x00,
  0x00, 0x00, 0x00, 0x00, 0x00, 0x00, 0x00, 0x00, 0x00, 0x00, 0x00, 0x00,
  0x00, 0x00, 0x00, 0x00, 0x00, 0x00, 0x00, 0x00, 0x00, 0x00, 0x00, 0x00,
  0x00, 0x00, 0x00, 0x00, 0x00, 0x00, 0x00, 0x00, 0x00, 0x00, 0x00, 0x00,
  0x00, 0x00, 0x00, 0x00, 0x00, 0x00, 0x00, 0x00, 0x00, 0x00, 0x00, 0x00,
  0x00, 0x00, 0x00, 0x00, 0x00, 0x00, 0x00, 0x00, 0x00, 0x00, 0x00, 0x00,
  0x00, 0x00, 0x00, 0x00, 0x00, 0x00, 0x00, 0x00, 0x00, 0x00, 0x00, 0x00,
  0x00, 0x00, 0x00, 0x00, 0x00, 0x00, 0x00, 0x00, 0x00, 0x00, 0x00, 0x00,
  0x00, 0x00, 0x00, 0x00, 0x00, 0x00, 0x00, 0x00, 0x00, 0x00, 0x00, 0x00,
  0x00, 0x00, 0x00, 0x00, 0x00, 0x00, 0x00, 0x00, 0x00, 0x00, 0x00, 0x00,
  0x00, 0x00, 0x00, 0x00, 0x00, 0x00, 0x00, 0x00, 0x00, 0x00, 0x00, 0x00,
  0x00, 0x00, 0x00, 0x00, 0x00, 0x00, 0x00, 0x00, 0x00, 0x00, 0x00, 0x00,
  0x00, 0x00, 0x00, 0x00, 0x00, 0x00, 0x00, 0x00, 0x00, 0x00, 0x00, 0x00,
  0x00, 0x00, 0x00, 0x00, 0x00, 0x00, 0x00, 0x00, 0x00, 0x00, 0x00, 0x00,
  0x00, 0x00, 0x00, 0x00, 0x00, 0x00, 0x00, 0x00, 0x00, 0x00, 0x00, 0x00,
  0x00, 0x00, 0x00, 0x00, 0x00, 0x00, 0x00, 0x00, 0x00, 0x00, 0x00, 0x00,
  0x00, 0x00, 0x00, 0x00, 0x00, 0x00, 0x00, 0x00, 0x00, 0x00, 0x00, 0x00,
  0x00, 0x00, 0x00, 0x00, 0x00, 0x00, 0x00, 0x00, 0x00, 0x00, 0x00, 0x00,
  0x00, 0x00, 0x00, 0x00, 0x00, 0x00, 0x00, 0x00, 0x00, 0x00, 0x00, 0x00,
  0x9a, 0x13, 0x00, 0x9a, 0x13, 0x00, 0x9a, 0x13, 0x0c, 0x9a, 0x13, 0x9b,
  0x9a, 0x13, 0xff, 0x9a, 0x13, 0xff, 0x9b, 0x13, 0x9d, 0x0a, 0x32, 0x41,
  0x09, 0x32, 0xf6, 0x09, 0x32, 0xff, 0x09, 0x32, 0xff, 0xe9, 0x31, 0x73,
  0xbb, 0x13, 0x68, 0x9a, 0x13, 0xff, 0x9a, 0x13, 0xff, 0x9a, 0x13, 0xe3,
  0x9a, 0x13, 0x45, 0x9a, 0x13, 0x00, 0x9a, 0x13, 0x00, 0x00, 0x00, 0x00,
  0x00, 0x00, 0x00, 0x00, 0x00, 0x00, 0x00, 0x00, 0x00, 0x00, 0x00, 0x00,
  0x00, 0x00, 0x00, 0x00, 0x00, 0x00, 0x00, 0x00, 0x00, 0x00, 0x00, 0x00,
  0x00, 0x00, 0x00, 0x00, 0x00, 0x00, 0x00, 0x00, 0x00, 0x00, 0x00, 0x00,
  0x00, 0x00, 0x00, 0x00, 0x00, 0x00, 0x00, 0x00, 0x00, 0x00, 0x00, 0x00,
  0x00, 0x00, 0x00, 0x00, 0x00, 0x00, 0x00, 0x00, 0x00, 0x00, 0x00, 0x00,
  0x00, 0x00, 0x00, 0x00, 0x00, 0x00, 0x00, 0x00, 0x00, 0x00, 0x00, 0x00,
  0x00, 0x00, 0x00, 0x00, 0x00, 0x00, 0x00, 0x00, 0x00, 0x00, 0x00, 0x00,
  0x00, 0x00, 0x00, 0x00, 0x00, 0x00, 0x00, 0x00, 0x00, 0x00, 0x00, 0x00,
  0x00, 0x00, 0x00, 0x00, 0x00, 0x00, 0x00, 0x00, 0x00, 0x00, 0x00, 0x00,
  0x00, 0x00, 0x00, 0x00, 0x00, 0x00, 0x00, 0x00, 0x00, 0x00, 0x00, 0x00,
  0x00, 0x00, 0x00, 0x00, 0x00, 0x00, 0x00, 0x00, 0x00, 0x00, 0x00, 0x00,
  0x00, 0x00, 0x00, 0x00, 0x00, 0x00, 0x00, 0x00, 0x00, 0x00, 0x00, 0x00,
  0x00, 0x00, 0x00, 0x00, 0x00, 0x00, 0x00, 0x00, 0x00, 0x00, 0x00, 0x00,
  0x00, 0x00, 0x00, 0x00, 0x00, 0x00, 0x00, 0x00, 0x00, 0x00, 0x00, 0x00,
  0x00, 0x00, 0x00, 0x00, 0x00, 0x00, 0x00, 0x00, 0x00, 0x00, 0x00, 0x00,
  0x00, 0x00, 0x00, 0x00, 0x00, 0x00, 0x00, 0x00, 0x00, 0x00, 0x00, 0x00,
  0x00, 0x00, 0x00, 0x00, 0x00, 0x00, 0x00, 0x00, 0x00, 0x00, 0x00, 0x00,
  0x00, 0x00, 0x00, 0x00, 0x00, 0x00, 0x00, 0x00, 0x00, 0x00, 0x00, 0x00,
  0x00, 0x00, 0x00, 0x00, 0x00, 0x00, 0x00, 0x00, 0x00, 0x00, 0x00, 0x00,
  0x00, 0x00, 0x00, 0x00, 0x00, 0x00, 0x00, 0x00, 0x00, 0x00, 0x00, 0x00,
  0x00, 0x00, 0x00, 0x00, 0x00, 0x00, 0x00, 0x00, 0x00, 0x00, 0x00, 0x00,
  0x00, 0x00, 0x00, 0x00, 0x00, 0x00, 0x00, 0x00, 0x00, 0x00, 0x00, 0x00,
  0x00, 0x00, 0x00, 0x00, 0x00, 0x00, 0x00, 0x00, 0x00, 0x00, 0x00, 0x00,
  0x00, 0x00, 0x00, 0x00, 0x00, 0x00, 0x00, 0x00, 0x00, 0x00, 0x00, 0x00,
  0x00, 0x00, 0x00, 0x00, 0x00, 0x00, 0x00, 0x00, 0x00, 0x00, 0x00, 0x00,
  0x00, 0x00, 0x00, 0x00, 0x00, 0x00, 0x00, 0x00, 0x00, 0x00, 0x00, 0x00,
  0x00, 0x00, 0x00, 0x00, 0x00, 0x00, 0x00, 0x00, 0x00, 0x00, 0x00, 0x00,
  0x00, 0x00, 0x00, 0x00, 0x00, 0x00, 0x00, 0x00, 0x00, 0x00, 0x00, 0x00,
  0x9a, 0x13, 0x00, 0x9a, 0x13, 0x00, 0x9a, 0x13, 0x72, 0x9a, 0x13, 0xfd,
  0x9a, 0x13, 0xff, 0x9a, 0x13, 0xff, 0x9b, 0x13, 0x9f, 0x0a, 0x32, 0x41,
  0x09, 0x32, 0xf6, 0x09, 0x32, 0xff, 0x09, 0x32, 0xff, 0xe9, 0x31, 0x73,
  0xbb, 0x13, 0x69, 0x9a, 0x13, 0xff, 0x9a, 0x13, 0xff, 0x9a, 0x13, 0xff,
  0x9a, 0x13, 0xcf, 0x9a, 0x13, 0x1f, 0x9a, 0x13, 0x00, 0x9a, 0x13, 0x00,
  0x00, 0x00, 0x00, 0x00, 0x00, 0x00, 0x00, 0x00, 0x00, 0x00, 0x00, 0x00,
  0x00, 0x00, 0x00, 0x00, 0x00, 0x00, 0x00, 0x00, 0x00, 0x00, 0x00, 0x00,
  0x00, 0x00, 0x00, 0x00, 0x00, 0x00, 0x00, 0x00, 0x00, 0x00, 0x00, 0x00,
  0x00, 0x00, 0x00, 0x00, 0x00, 0x00, 0x00, 0x00, 0x00, 0x00, 0x00, 0x00,
  0x00, 0x00, 0x00, 0x00, 0x00, 0x00, 0x00, 0x00, 0x00, 0x00, 0x00, 0x00,
  0x00, 0x00, 0x00, 0x00, 0x00, 0x00, 0x00, 0x00, 0x00, 0x00, 0x00, 0x00,
  0x00, 0x00, 0x00, 0x00, 0x00, 0x00, 0x00, 0x00, 0x00, 0x00, 0x00, 0x00,
  0x00, 0x00, 0x00, 0x00, 0x00, 0x00, 0x00, 0x00, 0x00, 0x00, 0x00, 0x00,
  0x00, 0x00, 0x00, 0x00, 0x00, 0x00, 0x00, 0x00, 0x00, 0x00, 0x00, 0x00,
  0x00, 0x00, 0x00, 0x00, 0x00, 0x00, 0x00, 0x00, 0x00, 0x00, 0x00, 0x00,
  0x00, 0x00, 0x00, 0x00, 0x00, 0x00, 0x00, 0x00, 0x00, 0x00, 0x00, 0x00,
  0x00, 0x00, 0x00, 0x00, 0x00, 0x00, 0x00, 0x00, 0x00, 0x00, 0x00, 0x00,
  0x00, 0x00, 0x00, 0x00, 0x00, 0x00, 0x00, 0x00, 0x00, 0x00, 0x00, 0x00,
  0x00, 0x00, 0x00, 0x00, 0x00, 0x00, 0x00, 0x00, 0x00, 0x00, 0x00, 0x00,
  0x00, 0x00, 0x00, 0x00, 0x00, 0x00, 0x00, 0x00, 0x00, 0x00, 0x00, 0x00,
  0x00, 0x00, 0x00, 0x00, 0x00, 0x00, 0x00, 0x00, 0x00, 0x00, 0x00, 0x00,
  0x00, 0x00, 0x00, 0x00, 0x00, 0x00, 0x00, 0x00, 0x00, 0x00, 0x00, 0x00,
  0x00, 0x00, 0x00, 0x00, 0x00, 0x00, 0x00, 0x00, 0x00, 0x00, 0x00, 0x00,
  0x00, 0x00, 0x00, 0x00, 0x00, 0x00, 0x00, 0x00, 0x00, 0x00, 0x00, 0x00,
  0x00, 0x00, 0x00, 0x00, 0x00, 0x00, 0x00, 0x00, 0x00, 0x00, 0x00, 0x00,
  0x00, 0x00, 0x00, 0x00, 0x00, 0x00, 0x00, 0x00, 0x00, 0x00, 0x00, 0x00,
  0x00, 0x00, 0x00, 0x00, 0x00, 0x00, 0x00, 0x00, 0x00, 0x00, 0x00, 0x00,
  0x00, 0x00, 0x00, 0x00, 0x00, 0x00, 0x00, 0x00, 0x00, 0x00, 0x00, 0x00,
  0x00, 0x00, 0x00, 0x00, 0x00, 0x00, 0x00, 0x00, 0x00, 0x00, 0x00, 0x00,
  0x00, 0x00, 0x00, 0x00, 0x00, 0x00, 0x00, 0x00, 0x00, 0x00, 0x00, 0x00,
  0x00, 0x00, 0x00, 0x00, 0x00, 0x00, 0x00, 0x00, 0x00, 0x00, 0x00, 0x00,
  0x00, 0x00, 0x00, 0x00, 0x00, 0x00, 0x00, 0x00, 0x00, 0x00, 0x00, 0x00,
  0x00, 0x00, 0x00, 0x00, 0x00, 0x00, 0x00, 0x00, 0x00, 0x9a, 0x13, 0x00,
  0x9a, 0x13, 0x00, 0x9a, 0x13, 0x24, 0x9a, 0x13, 0xdd, 0x9a, 0x13, 0xff,
  0x9a, 0x13, 0xff, 0x9a, 0x13, 0xfe, 0xbb, 0x13, 0x79, 0xe9, 0x31, 0x3f,
  0x09, 0x32, 0xf6, 0x09, 0x32, 0xff, 0x09, 0x32, 0xff, 0xe9, 0x31, 0x75,
  0xbb, 0x13, 0x34, 0x9a, 0x13, 0xdd, 0x9a, 0x13, 0xff, 0x9a, 0x13, 0xff,
  0x9a, 0x13, 0xff, 0x9a, 0x13, 0x82, 0x9a, 0x13, 0x00, 0x9a, 0x13, 0x00,
  0x00, 0x00, 0x00, 0x00, 0x00, 0x00, 0x00, 0x00, 0x00, 0x00, 0x00, 0x00,
  0x00, 0x00, 0x00, 0x00, 0x00, 0x00, 0x00, 0x00, 0x00, 0x00, 0x00, 0x00,
  0x00, 0x00, 0x00, 0x00, 0x00, 0x00, 0x00, 0x00, 0x00, 0x00, 0x00, 0x00,
  0x00, 0x00, 0x00, 0x00, 0x00, 0x00, 0x00, 0x00, 0x00, 0x00, 0x00, 0x00,
  0x00, 0x00, 0x00, 0x00, 0x00, 0x00, 0x00, 0x00, 0x00, 0x00, 0x00, 0x00,
  0x00, 0x00, 0x00, 0x00, 0x00, 0x00, 0x00, 0x00, 0x00, 0x00, 0x00, 0x00,
  0x00, 0x00, 0x00, 0x00, 0x00, 0x00, 0x00, 0x00, 0x00, 0x00, 0x00, 0x00,
  0x00, 0x00, 0x00, 0x00, 0x00, 0x00, 0x00, 0x00, 0x00, 0x00, 0x00, 0x00,
  0x00, 0x00, 0x00, 0x00, 0x00, 0x00, 0x00, 0x00, 0x00, 0x00, 0x00, 0x00,
  0x00, 0x00, 0x00, 0x00, 0x00, 0x00, 0x00, 0x00, 0x00, 0x00, 0x00, 0x00,
  0x00, 0x00, 0x00, 0x00, 0x00, 0x00, 0x00, 0x00, 0x00, 0x00, 0x00, 0x00,
  0x00, 0x00, 0x00, 0x00, 0x00, 0x00, 0x00, 0x00, 0x00, 0x00, 0x00, 0x00,
  0x00, 0x00, 0x00, 0x00, 0x00, 0x00, 0x00, 0x00, 0x00, 0x00, 0x00, 0x00,
  0x00, 0x00, 0x00, 0x00, 0x00, 0x00, 0x00, 0x00, 0x00, 0x00, 0x00, 0x00,
  0x00, 0x00, 0x00, 0x00, 0x00, 0x00, 0x00, 0x00, 0x00, 0x00, 0x00, 0x00,
  0x00, 0x00, 0x00, 0x00, 0x00, 0x00, 0x00, 0x00, 0x00, 0x00, 0x00, 0x00,
  0x00, 0x00, 0x00, 0x00, 0x00, 0x00, 0x00, 0x00, 0x00, 0x00, 0x00, 0x00,
  0x00, 0x00, 0x00, 0x00, 0x00, 0x00, 0x00, 0x00, 0x00, 0x00, 0x00, 0x00,
  0x00, 0x00, 0x00, 0x00, 0x00, 0x00, 0x00, 0x00, 0x00, 0x00, 0x00, 0x00,
  0x00, 0x00, 0x00, 0x00, 0x00, 0x00, 0x00, 0x00, 0x00, 0x00, 0x00, 0x00,
  0x00, 0x00, 0x00, 0x00, 0x00, 0x00, 0x00, 0x00, 0x00, 0x00, 0x00, 0x00,
  0x00, 0x00, 0x00, 0x00, 0x00, 0x00, 0x00, 0x00, 0x00, 0x00, 0x00, 0x00,
  0x00, 0x00, 0x00, 0x00, 0x00, 0x00, 0x00, 0x00, 0x00, 0x00, 0x00, 0x00,
  0x00, 0x00, 0x00, 0x00, 0x00, 0x00, 0x00, 0x00, 0x00, 0x00, 0x00, 0x00,
  0x00, 0x00, 0x00, 0x00, 0x00, 0x00, 0x00, 0x00, 0x00, 0x00, 0x00, 0x00,
  0x00, 0x00, 0x00, 0x00, 0x00, 0x00, 0x00, 0x00, 0x00, 0x00, 0x00, 0x00,
  0x00, 0x00, 0x00, 0x00, 0x00, 0x00, 0x00, 0x00, 0x00, 0x00, 0x00, 0x00,
  0x00, 0x00, 0x00, 0x00, 0x00, 0x00, 0x00, 0x00, 0x00, 0x9b, 0x13, 0x00,
  0x9a, 0x13, 0x00, 0x9a, 0x13, 0x6c, 0x9a, 0x13, 0xff, 0x9a, 0x13, 0xff,
  0x9a, 0x13, 0xff, 0x9a, 0x13, 0xb2, 0x1f, 0x0c, 0x0d, 0xe9, 0x31, 0x3f,
  0x09, 0x32, 0xf6, 0x09, 0x32, 0xff, 0x09, 0x32, 0xff, 0x09, 0x32, 0x78,
  0xb0, 0x2a, 0x00, 0x9a, 0x13, 0x50, 0x9a, 0x13, 0xe8, 0x9a, 0x13, 0xf4,
  0x9a, 0x13, 0xf6, 0x9a, 0x13, 0xc7, 0x9a, 0x13, 0x14, 0x9a, 0x13, 0x00,
  0x00, 0x00, 0x00, 0x00, 0x00, 0x00, 0x00, 0x00, 0x00, 0x00, 0x00, 0x00,
  0x00, 0x00, 0x00, 0x00, 0x00, 0x00, 0x00, 0x00, 0x00, 0x00, 0x00, 0x00,
  0x00, 0x00, 0x00, 0x00, 0x00, 0x00, 0x00, 0x00, 0x00, 0x00, 0x00, 0x00,
  0x00, 0x00, 0x00, 0x00, 0x00, 0x00, 0x00, 0x00, 0x00, 0x00, 0x00, 0x00,
  0x00, 0x00, 0x00, 0x00, 0x00, 0x00, 0x00, 0x00, 0x00, 0x00, 0x00, 0x00,
  0x00, 0x00, 0x00, 0x00, 0x00, 0x00, 0x00, 0x00, 0x00, 0x00, 0x00, 0x00,
  0x00, 0x00, 0x00, 0x00, 0x00, 0x00, 0x00, 0x00, 0x00, 0x00, 0x00, 0x00,
  0x00, 0x00, 0x00, 0x00, 0x00, 0x00, 0x00, 0x00, 0x00, 0x00, 0x00, 0x00,
  0x00, 0x00, 0x00, 0x00, 0x00, 0x00, 0x00, 0x00, 0x00, 0x00, 0x00, 0x00,
  0x00, 0x00, 0x00, 0x00, 0x00, 0x00, 0x00, 0x00, 0x00, 0x00, 0x00, 0x00,
  0x00, 0x00, 0x00, 0x00, 0x00, 0x00, 0x00, 0x00, 0x00, 0x00, 0x00, 0x00,
  0x00, 0x00, 0x00, 0x00, 0x00, 0x00, 0x00, 0x00, 0x00, 0x00, 0x00, 0x00,
  0x00, 0x00, 0x00, 0x00, 0x00, 0x00, 0x00, 0x00, 0x00, 0x00, 0x00, 0x00,
  0x00, 0x00, 0x00, 0x00, 0x00, 0x00, 0x00, 0x00, 0x00, 0x00, 0x00, 0x00,
  0x00, 0x00, 0x00, 0x00, 0x00, 0x00, 0x00, 0x00, 0x00, 0x00, 0x00, 0x00,
  0x00, 0x00, 0x00, 0x00, 0x00, 0x00, 0x00, 0x00, 0x00, 0x00, 0x00, 0x00,
  0x00, 0x00, 0x00, 0x00, 0x00, 0x00, 0x00, 0x00, 0x00, 0x00, 0x00, 0x00,
  0x00, 0x00, 0x00, 0x00, 0x00, 0x00, 0x00, 0x00, 0x00, 0x00, 0x00, 0x00,
  0x00, 0x00, 0x00, 0x00, 0x00, 0x00, 0x00, 0x00, 0x00, 0x00, 0x00, 0x00,
  0x00, 0x00, 0x00, 0x00, 0x00, 0x00, 0x00, 0x00, 0x00, 0x00, 0x00, 0x00,
  0x00, 0x00, 0x00, 0x00, 0x00, 0x00, 0x00, 0x00, 0x00, 0x00, 0x00, 0x00,
  0x00, 0x00, 0x00, 0x00, 0x00, 0x00, 0x00, 0x00, 0x00, 0x00, 0x00, 0x00,
  0x00, 0x00, 0x00, 0x00, 0x00, 0x00, 0x00, 0x00, 0x00, 0x00, 0x00, 0x00,
  0x00, 0x00, 0x00, 0x00, 0x00, 0x00, 0x00, 0x00, 0x00, 0x00, 0x00, 0x00,
  0x00, 0x00, 0x00, 0x00, 0x00, 0x00, 0x00, 0x00, 0x00, 0x00, 0x00, 0x00,
  0x00, 0x00, 0x00, 0x00, 0x00, 0x00, 0x00, 0x00, 0x00, 0x00, 0x00, 0x00,
  0x00, 0x00, 0x00, 0x00, 0x00, 0x00, 0x00, 0x00, 0x00, 0x00, 0x00, 0x00,
  0x00, 0x00, 0x00, 0x00, 0x00, 0x00, 0x00, 0x00, 0x00, 0x9a, 0x13, 0x00,
  0x9a, 0x13, 0x02, 0x9a, 0x13, 0xa7, 0x9a, 0x13, 0xff, 0x9a, 0x13, 0xff,
  0x9a, 0x13, 0xf5, 0x9a, 0x13, 0x48, 0xd2, 0x22, 0x00, 0x09, 0x32, 0x40,
  0x09, 0x32, 0xf6, 0x09, 0x32, 0xff, 0x09, 0x32, 0xff, 0x09, 0x32, 0x78,
  0x2b, 0x32, 0x00, 0x9a, 0x13, 0x04, 0x9a, 0x13, 0x32, 0x9a, 0x13, 0x3c,
  0x9a, 0x13, 0x3b, 0x9a, 0x13, 0x36, 0x9a, 0x13, 0x0a, 0x9a, 0x13, 0x00,
  0x00, 0x00, 0x00, 0x00, 0x00, 0x00, 0x00, 0x00, 0x00, 0x00, 0x00, 0x00,
  0x00, 0x00, 0x00, 0x00, 0x00, 0x00, 0x00, 0x00, 0x00, 0x00, 0x00, 0x00,
  0x00, 0x00, 0x00, 0x00, 0x00, 0x00, 0x00, 0x00, 0x00, 0x00, 0x00, 0x00,
  0x00, 0x00, 0x00, 0x00, 0x00, 0x00, 0x00, 0x00, 0x00, 0x00, 0x00, 0x00,
  0x00, 0x00, 0x00, 0x00, 0x00, 0x00, 0x00, 0x00, 0x00, 0x00, 0x00, 0x00,
  0x00, 0x00, 0x00, 0x00, 0x00, 0x00, 0x00, 0x00, 0x00, 0x00, 0x00, 0x00,
  0x00, 0x00, 0x00, 0x00, 0x00, 0x00, 0x00, 0x00, 0x00, 0x00, 0x00, 0x00,
  0x00, 0x00, 0x00, 0x00, 0x00, 0x00, 0x00, 0x00, 0x00, 0x00, 0x00, 0x00,
  0x00, 0x00, 0x00, 0x00, 0x00, 0x00, 0x00, 0x00, 0x00, 0x00, 0x00, 0x00,
  0x00, 0x00, 0x00, 0x00, 0x00, 0x00, 0x00, 0x00, 0x00, 0x00, 0x00, 0x00,
  0x00, 0x00, 0x00, 0x00, 0x00, 0x00, 0x00, 0x00, 0x00, 0x00, 0x00, 0x00,
  0x00, 0x00, 0x00, 0x00, 0x00, 0x00, 0x00, 0x00, 0x00, 0x00, 0x00, 0x00,
  0x00, 0x00, 0x00, 0x00, 0x00, 0x00, 0x00, 0x00, 0x00, 0x00, 0x00, 0x00,
  0x00, 0x00, 0x00, 0x00, 0x00, 0x00, 0x00, 0x00, 0x00, 0x00, 0x00, 0x00,
  0x00, 0x00, 0x00, 0x00, 0x00, 0x00, 0x00, 0x00, 0x00, 0x00, 0x00, 0x00,
  0x00, 0x00, 0x00, 0x00, 0x00, 0x00, 0x00, 0x00, 0x00, 0x00, 0x00, 0x00,
  0x00, 0x00, 0x00, 0x00, 0x00, 0x00, 0x00, 0x00, 0x00, 0x00, 0x00, 0x00,
  0x00, 0x00, 0x00, 0x00, 0x00, 0x00, 0x00, 0x00, 0x00, 0x00, 0x00, 0x00,
  0x00, 0x00, 0x00, 0x00, 0x00, 0x00, 0x00, 0x00, 0x00, 0x00, 0x00, 0x00,
  0x00, 0x00, 0x00, 0x00, 0x00, 0x00, 0x00, 0x00, 0x00, 0x00, 0x00, 0x00,
  0x00, 0x00, 0x00, 0x00, 0x00, 0x00, 0x00, 0x00, 0x00, 0x00, 0x00, 0x00,
  0x00, 0x00, 0x00, 0x00, 0x00, 0x00, 0x00, 0x00, 0x00, 0x00, 0x00, 0x00,
  0x00, 0x00, 0x00, 0x00, 0x00, 0x00, 0x00, 0x00, 0x00, 0x00, 0x00, 0x00,
  0x00, 0x00, 0x00, 0x00, 0x00, 0x00, 0x00, 0x00, 0x00, 0x00, 0x00, 0x00,
  0x00, 0x00, 0x00, 0x00, 0x00, 0x00, 0x00, 0x00, 0x00, 0x00, 0x00, 0x00,
  0x00, 0x00, 0x00, 0x00, 0x00, 0x00, 0x00, 0x00, 0x00, 0x00, 0x00, 0x00,
  0x00, 0x00, 0x00, 0x00, 0x00, 0x00, 0x00, 0x00, 0x00, 0x00, 0x00, 0x00,
  0x00, 0x00, 0x00, 0x00, 0x00, 0x00, 0x00, 0x00, 0x00, 0x9a, 0x13, 0x00,
  0x9a, 0x13, 0x0b, 0x9a, 0x13, 0xc3, 0x9a, 0x13, 0xff, 0x9a, 0x13, 0xff,
  0x9a, 0x13, 0xdc, 0x9a, 0x13, 0x1b, 0x8f, 0x2a, 0x00, 0x09, 0x32, 0x40,
  0x09, 0x32, 0xf6, 0x09, 0x32, 0xff, 0x09, 0x32, 0xff, 0x09, 0x32, 0x78,
  0x09, 0x32, 0x00, 0x9a, 0x13, 0x00, 0x9a, 0x13, 0x00, 0x9a, 0x13, 0x00,
  0x9a, 0x13, 0x00, 0x9a, 0x13, 0x00, 0x9a, 0x13, 0x00, 0x9a, 0x13, 0x00,
  0x00, 0x00, 0x00, 0x00, 0x00, 0x00, 0x00, 0x00, 0x00, 0x00, 0x00, 0x00,
  0x00, 0x00, 0x00, 0x00, 0x00, 0x00, 0x00, 0x00, 0x00, 0x00, 0x00, 0x00,
  0x00, 0x00, 0x00, 0x00, 0x00, 0x00, 0x00, 0x00, 0x00, 0x00, 0x00, 0x00,
  0x00, 0x00, 0x00, 0x00, 0x00, 0x00, 0x00, 0x00, 0x00, 0x00, 0x00, 0x00,
  0x00, 0x00, 0x00, 0x00, 0x00, 0x00, 0x00, 0x00, 0x00, 0x00, 0x00, 0x00,
  0x00, 0x00, 0x00, 0x00, 0x00, 0x00, 0x00, 0x00, 0x00, 0x00, 0x00, 0x00,
  0x00, 0x00, 0x00, 0x00, 0x00, 0x00, 0x00, 0x00, 0x00, 0x00, 0x00, 0x00,
  0x00, 0x00, 0x00, 0x00, 0x00, 0x00, 0x00, 0x00, 0x00, 0x00, 0x00, 0x00,
  0x00, 0x00, 0x00, 0x00, 0x00, 0x00, 0x00, 0x00, 0x00, 0x00, 0x00, 0x00,
  0x00, 0x00, 0x00, 0x00, 0x00, 0x00, 0x00, 0x00, 0x00, 0x00, 0x00, 0x00,
  0x00, 0x00, 0x00, 0x00, 0x00, 0x00, 0x00, 0x00, 0x00, 0x00, 0x00, 0x00,
  0x00, 0x00, 0x00, 0x00, 0x00, 0x00, 0x00, 0x00, 0x00, 0x00, 0x00, 0x00,
  0x00, 0x00, 0x00, 0x00, 0x00, 0x00, 0x00, 0x00, 0x00, 0x00, 0x00, 0x00,
  0x00, 0x00, 0x00, 0x00, 0x00, 0x00, 0x00, 0x00, 0x00, 0x00, 0x00, 0x00,
  0x00, 0x00, 0x00, 0x00, 0x00, 0x00, 0x00, 0x00, 0x00, 0x00, 0x00, 0x00,
  0x00, 0x00, 0x00, 0x00, 0x00, 0x00, 0x00, 0x00, 0x00, 0x00, 0x00, 0x00,
  0x00, 0x00, 0x00, 0x00, 0x00, 0x00, 0x00, 0x00, 0x00, 0x00, 0x00, 0x00,
  0x00, 0x00, 0x00, 0x00, 0x00, 0x00, 0x00, 0x00, 0x00, 0x00, 0x00, 0x00,
  0x00, 0x00, 0x00, 0x00, 0x00, 0x00, 0x00, 0x00, 0x00, 0x00, 0x00, 0x00,
  0x00, 0x00, 0x00, 0x00, 0x00, 0x00, 0x00, 0x00, 0x00, 0x00, 0x00, 0x00,
  0x00, 0x00, 0x00, 0x00, 0x00, 0x00, 0x00, 0x00, 0x00, 0x00, 0x00, 0x00,
  0x00, 0x00, 0x00, 0x00, 0x00, 0x00, 0x00, 0x00, 0x00, 0x00, 0x00, 0x00,
  0x00, 0x00, 0x00, 0x00, 0x00, 0x00, 0x00, 0x00, 0x00, 0x00, 0x00, 0x00,
  0x00, 0x00, 0x00, 0x00, 0x00, 0x00, 0x00, 0x00, 0x00, 0x00, 0x00, 0x00,
  0x00, 0x00, 0x00, 0x00, 0x00, 0x00, 0x00, 0x00, 0x00, 0x00, 0x00, 0x00,
  0x00, 0x00, 0x00, 0x00, 0x00, 0x00, 0x00, 0x00, 0x00, 0x00, 0x00, 0x00,
  0x00, 0x00, 0x00, 0x00, 0x00, 0x00, 0x00, 0x00, 0x00, 0x00, 0x00, 0x00,
  0x00, 0x00, 0x00, 0x00, 0x00, 0x00, 0x00, 0x00, 0x00, 0x9a, 0x13, 0x00,
  0x9a, 0x13, 0x0d, 0x9a, 0x13, 0xc7, 0x9a, 0x13, 0xff, 0x9a, 0x13, 0xff,
  0x9a, 0x13, 0xd7, 0x9a, 0x13, 0x17, 0x6e, 0x2a, 0x00, 0x09, 0x32, 0x40,
  0x09, 0x32, 0xf6, 0x09, 0x32, 0xff, 0x09, 0x32, 0xff, 0x09, 0x32, 0x78,
  0x09, 0x32, 0x00, 0x9a, 0x13, 0x00, 0x9a, 0x13, 0x00, 0x9a, 0x13, 0x00,
  0x9a, 0x13, 0x00, 0x9a, 0x13, 0x00, 0x9a, 0x13, 0x00, 0x9a, 0x13, 0x00,
  0x00, 0x00, 0x00, 0x00, 0x00, 0x00, 0x00, 0x00, 0x00, 0x00, 0x00, 0x00,
  0x00, 0x00, 0x00, 0x00, 0x00, 0x00, 0x00, 0x00, 0x00, 0x00, 0x00, 0x00,
  0x00, 0x00, 0x00, 0x00, 0x00, 0x00, 0x00, 0x00, 0x00, 0x00, 0x00, 0x00,
  0x00, 0x00, 0x00, 0x00, 0x00, 0x00, 0x00, 0x00, 0x00, 0x00, 0x00, 0x00,
  0x00, 0x00, 0x00, 0x00, 0x00, 0x00, 0x00, 0x00, 0x00, 0x00, 0x00, 0x00,
  0x00, 0x00, 0x00, 0x00, 0x00, 0x00, 0x00, 0x00, 0x00, 0x00, 0x00, 0x00,
  0x00, 0x00, 0x00, 0x00, 0x00, 0x00, 0x00, 0x00, 0x00, 0x00, 0x00, 0x00,
  0x00, 0x00, 0x00, 0x00, 0x00, 0x00, 0x00, 0x00, 0x00, 0x00, 0x00, 0x00,
  0x00, 0x00, 0x00, 0x00, 0x00, 0x00, 0x00, 0x00, 0x00, 0x00, 0x00, 0x00,
  0x00, 0x00, 0x00, 0x00, 0x00, 0x00, 0x00, 0x00, 0x00, 0x00, 0x00, 0x00,
  0x00, 0x00, 0x00, 0x00, 0x00, 0x00, 0x00, 0x00, 0x00, 0x00, 0x00, 0x00,
  0x00, 0x00, 0x00, 0x00, 0x00, 0x00, 0x00, 0x00, 0x00, 0x00, 0x00, 0x00,
  0x00, 0x00, 0x00, 0x00, 0x00, 0x00, 0x00, 0x00, 0x00, 0x00, 0x00, 0x00,
  0x00, 0x00, 0x00, 0x00, 0x00, 0x00, 0x00, 0x00, 0x00, 0x00, 0x00, 0x00,
  0x00, 0x00, 0x00, 0x00, 0x00, 0x00, 0x00, 0x00, 0x00, 0x00, 0x00, 0x00,
  0x00, 0x00, 0x00, 0x00, 0x00, 0x00, 0x00, 0x00, 0x00, 0x00, 0x00, 0x00,
  0x00, 0x00, 0x00, 0x00, 0x00, 0x00, 0x00, 0x00, 0x00, 0x00, 0x00, 0x00,
  0x00, 0x00, 0x00, 0x00, 0x00, 0x00, 0x00, 0x00, 0x00, 0x00, 0x00, 0x00,
  0x00, 0x00, 0x00, 0x00, 0x00, 0x00, 0x00, 0x00, 0x00, 0x00, 0x00, 0x00,
  0x00, 0x00, 0x00, 0x00, 0x00, 0x00, 0x00, 0x00, 0x00, 0x00, 0x00, 0x00,
  0x00, 0x00, 0x00, 0x00, 0x00, 0x00, 0x00, 0x00, 0x00, 0x00, 0x00, 0x00,
  0x00, 0x00, 0x00, 0x00, 0x00, 0x00, 0x00, 0x00, 0x00, 0x00, 0x00, 0x00,
  0x00, 0x00, 0x00, 0x00, 0x00, 0x00, 0x00, 0x00, 0x00, 0x00, 0x00, 0x00,
  0x00, 0x00, 0x00, 0x00, 0x00, 0x00, 0x00, 0x00, 0x00, 0x00, 0x00, 0x00,
  0x00, 0x00, 0x00, 0x00, 0x00, 0x00, 0x00, 0x00, 0x00, 0x00, 0x00, 0x00,
  0x00, 0x00, 0x00, 0x00, 0x00, 0x00, 0x00, 0x00, 0x00, 0x00, 0x00, 0x00,
  0x00, 0x00, 0x00, 0x00, 0x00, 0x00, 0x00, 0x00, 0x00, 0x00, 0x00, 0x00,
  0x00, 0x00, 0x00, 0x00, 0x00, 0x00, 0x00, 0x00, 0x00, 0x9a, 0x13, 0x00,
  0x9a, 0x13, 0x06, 0x9a, 0x13, 0xb4, 0x9a, 0x13, 0xff, 0x9a, 0x13, 0xff,
  0x9a, 0x13, 0xed, 0x9a, 0x13, 0x32, 0xb1, 0x2a, 0x00, 0x09, 0x32, 0x40,
  0x09, 0x32, 0xf6, 0x09, 0x32, 0xff, 0x09, 0x32, 0xff, 0x09, 0x32, 0x78,
  0x0a, 0x32, 0x00, 0x9a, 0x13, 0x00, 0x9a, 0x13, 0x0a, 0x9a, 0x13, 0x0d,
  0x9a, 0x13, 0x0d, 0x9a, 0x13, 0x0d, 0x9a, 0x13, 0x03, 0x9a, 0x13, 0x00,
  0x00, 0x00, 0x00, 0x00, 0x00, 0x00, 0x00, 0x00, 0x00, 0x00, 0x00, 0x00,
  0x00, 0x00, 0x00, 0x00, 0x00, 0x00, 0x00, 0x00, 0x00, 0x00, 0x00, 0x00,
  0x00, 0x00, 0x00, 0x00, 0x00, 0x00, 0x00, 0x00, 0x00, 0x00, 0x00, 0x00,
  0x00, 0x00, 0x00, 0x00, 0x00, 0x00, 0x00, 0x00, 0x00, 0x00, 0x00, 0x00,
  0x00, 0x00, 0x00, 0x00, 0x00, 0x00, 0x00, 0x00, 0x00, 0x00, 0x00, 0x00,
  0x00, 0x00, 0x00, 0x00, 0x00, 0x00, 0x00, 0x00, 0x00, 0x00, 0x00, 0x00,
  0x00, 0x00, 0x00, 0x00, 0x00, 0x00, 0x00, 0x00, 0x00, 0x00, 0x00, 0x00,
  0x00, 0x00, 0x00, 0x00, 0x00, 0x00, 0x00, 0x00, 0x00, 0x00, 0x00, 0x00,
  0x00, 0x00, 0x00, 0x00, 0x00, 0x00, 0x00, 0x00, 0x00, 0x00, 0x00, 0x00,
  0x00, 0x00, 0x00, 0x00, 0x00, 0x00, 0x00, 0x00, 0x00, 0x00, 0x00, 0x00,
  0x00, 0x00, 0x00, 0x00, 0x00, 0x00, 0x00, 0x00, 0x00, 0x00, 0x00, 0x00,
  0x00, 0x00, 0x00, 0x00, 0x00, 0x00, 0x00, 0x00, 0x00, 0x00, 0x00, 0x00,
  0x00, 0x00, 0x00, 0x00, 0x00, 0x00, 0x00, 0x00, 0x00, 0x00, 0x00, 0x00,
  0x00, 0x00, 0x00, 0x00, 0x00, 0x00, 0x00, 0x00, 0x00, 0x00, 0x00, 0x00,
  0x00, 0x00, 0x00, 0x00, 0x00, 0x00, 0x00, 0x00, 0x00, 0x00, 0x00, 0x00,
  0x00, 0x00, 0x00, 0x00, 0x00, 0x00, 0x00, 0x00, 0x00, 0x00, 0x00, 0x00,
  0x00, 0x00, 0x00, 0x00, 0x00, 0x00, 0x00, 0x00, 0x00, 0x00, 0x00, 0x00,
  0x00, 0x00, 0x00, 0x00, 0x00, 0x00, 0x00, 0x00, 0x00, 0x00, 0x00, 0x00,
  0x00, 0x00, 0x00, 0x00, 0x00, 0x00, 0x00, 0x00, 0x00, 0x00, 0x00, 0x00,
  0x00, 0x00, 0x00, 0x00, 0x00, 0x00, 0x00, 0x00, 0x00, 0x00, 0x00, 0x00,
  0x00, 0x00, 0x00, 0x00, 0x00, 0x00, 0x00, 0x00, 0x00, 0x00, 0x00, 0x00,
  0x00, 0x00, 0x00, 0x00, 0x00, 0x00, 0x00, 0x00, 0x00, 0x00, 0x00, 0x00,
  0x00, 0x00, 0x00, 0x00, 0x00, 0x00, 0x00, 0x00, 0x00, 0x00, 0x00, 0x00,
  0x00, 0x00, 0x00, 0x00, 0x00, 0x00, 0x00, 0x00, 0x00, 0x00, 0x00, 0x00,
  0x00, 0x00, 0x00, 0x00, 0x00, 0x00, 0x00, 0x00, 0x00, 0x00, 0x00, 0x00,
  0x00, 0x00, 0x00, 0x00, 0x00, 0x00, 0x00, 0x00, 0x00, 0x00, 0x00, 0x00,
  0x00, 0x00, 0x00, 0x00, 0x00, 0x00, 0x00, 0x00, 0x00, 0x00, 0x00, 0x00,
  0x00, 0x00, 0x00, 0x00, 0x00, 0x00, 0x00, 0x00, 0x00, 0x9a, 0x13, 0x00,
  0x9a, 0x13, 0x00, 0x9a, 0x13, 0x85, 0x9a, 0x13, 0xff, 0x9a, 0x13, 0xff,
  0x9a, 0x13, 0xff, 0x9a, 0x13, 0x8a, 0x0a, 0x32, 0x00, 0x09, 0x32, 0x3f,
  0x09, 0x32, 0xf9, 0x09, 0x32, 0xff, 0x09, 0x32, 0xff, 0x09, 0x32, 0x79,
  0xd1, 0x22, 0x00, 0x9a, 0x13, 0x29, 0x9a, 0x13, 0xb6, 0x9a, 0x13, 0xc8,
  0x9a, 0x13, 0xc9, 0x9a, 0x13, 0xad, 0x9a, 0x13, 0x17, 0x9a, 0x13, 0x00,
  0x00, 0x00, 0x00, 0x00, 0x00, 0x00, 0x00, 0x00, 0x00, 0x00, 0x00, 0x00,
  0x00, 0x00, 0x00, 0x00, 0x00, 0x00, 0x00, 0x00, 0x00, 0x00, 0x00, 0x00,
  0x00, 0x00, 0x00, 0x00, 0x00, 0x00, 0x00, 0x00, 0x00, 0x00, 0x00, 0x00,
  0x00, 0x00, 0x00, 0x00, 0x00, 0x00, 0x00, 0x00, 0x00, 0x00, 0x00, 0x00,
  0x00, 0x00, 0x00, 0x00, 0x00, 0x00, 0x00, 0x00, 0x00, 0x00, 0x00, 0x00,
  0x00, 0x00, 0x00, 0x00, 0x00, 0x00, 0x00, 0x00, 0x00, 0x00, 0x00, 0x00,
  0x00, 0x00, 0x00, 0x00, 0x00, 0x00, 0x00, 0x00, 0x00, 0x00, 0x00, 0x00,
  0x00, 0x00, 0x00, 0x00, 0x00, 0x00, 0x00, 0x00, 0x00, 0x00, 0x00, 0x00,
  0x00, 0x00, 0x00, 0x00, 0x00, 0x00, 0x00, 0x00, 0x00, 0x00, 0x00, 0x00,
  0x00, 0x00, 0x00, 0x00, 0x00, 0x00, 0x00, 0x00, 0x00, 0x00, 0x00, 0x00,
  0x00, 0x00, 0x00, 0x00, 0x00, 0x00, 0x00, 0x00, 0x00, 0x00, 0x00, 0x00,
  0x00, 0x00, 0x00, 0x00, 0x00, 0x00, 0x00, 0x00, 0x00, 0x00, 0x00, 0x00,
  0x00, 0x00, 0x00, 0x00, 0x00, 0x00, 0x00, 0x00, 0x00, 0x00, 0x00, 0x00,
  0x00, 0x00, 0x00, 0x00, 0x00, 0x00, 0x00, 0x00, 0x00, 0x00, 0x00, 0x00,
  0x00, 0x00, 0x00, 0x00, 0x00, 0x00, 0x00, 0x00, 0x00, 0x00, 0x00, 0x00,
  0x00, 0x00, 0x00, 0x00, 0x00, 0x00, 0x00, 0x00, 0x00, 0x00, 0x00, 0x00,
  0x00, 0x00, 0x00, 0x00, 0x00, 0x00, 0x00, 0x00, 0x00, 0x00, 0x00, 0x00,
  0x00, 0x00, 0x00, 0x00, 0x00, 0x00, 0x00, 0x00, 0x00, 0x00, 0x00, 0x00,
  0x00, 0x00, 0x00, 0x00, 0x00, 0x00, 0x00, 0x00, 0x00, 0x00, 0x00, 0x00,
  0x00, 0x00, 0x00, 0x00, 0x00, 0x00, 0x00, 0x00, 0x00, 0x00, 0x00, 0x00,
  0x00, 0x00, 0x00, 0x00, 0x00, 0x00, 0x00, 0x00, 0x00, 0x00, 0x00, 0x00,
  0x00, 0x00, 0x00, 0x00, 0x00, 0x00, 0x00, 0x00, 0x00, 0x00, 0x00, 0x00,
  0x00, 0x00, 0x00, 0x00, 0x00, 0x00, 0x00, 0x00, 0x00, 0x00, 0x00, 0x00,
  0x00, 0x00, 0x00, 0x00, 0x00, 0x00, 0x00, 0x00, 0x00, 0x00, 0x00, 0x00,
  0x00, 0x00, 0x00, 0x00, 0x00, 0x00, 0x00, 0x00, 0x00, 0x00, 0x00, 0x00,
  0x00, 0x00, 0x00, 0x00, 0x00, 0x00, 0x00, 0x00, 0x00, 0x00, 0x00, 0x00,
  0x00, 0x00, 0x00, 0x00, 0x00, 0x00, 0x00, 0x00, 0x00, 0x00, 0x00, 0x00,
  0x00, 0x00, 0x00, 0x00, 0x00, 0x00, 0x00, 0x00, 0x00, 0x9a, 0x13, 0x00,
  0x9a, 0x13, 0x00, 0x9a, 0x13, 0x3c, 0x9a, 0x13, 0xf0, 0x9a, 0x13, 0xff,
  0x9a, 0x13, 0xff, 0x9a, 0x13, 0xef, 0x9a, 0x13, 0x5e, 0x2b, 0x32, 0x1a,
  0xe9, 0x31, 0x87, 0xe9, 0x31, 0xba, 0xe9, 0x31, 0xab, 0xe8, 0x39, 0x3a,
  0xbc, 0x13, 0x1b, 0x9a, 0x13, 0xb2, 0x9a, 0x13, 0xff, 0x9a, 0x13, 0xff,
  0x9a, 0x13, 0xff, 0x9a, 0x13, 0xa6, 0x9a, 0x13, 0x05, 0x9a, 0x13, 0x00,
  0x00, 0x00, 0x00, 0x00, 0x00, 0x00, 0x00, 0x00, 0x00, 0x00, 0x00, 0x00,
  0x00, 0x00, 0x00, 0x00, 0x00, 0x00, 0x00, 0x00, 0x00, 0x00, 0x00, 0x00,
  0x00, 0x00, 0x00, 0x00, 0x00, 0x00, 0x00, 0x00, 0x00, 0x00, 0x00, 0x00,
  0x00, 0x00, 0x00, 0x00, 0x00, 0x00, 0x00, 0x00, 0x00, 0x00, 0x00, 0x00,
  0x00, 0x00, 0x00, 0x00, 0x00, 0x00, 0x00, 0x00, 0x00, 0x00, 0x00, 0x00,
  0x00, 0x00, 0x00, 0x00, 0x00, 0x00, 0x00, 0x00, 0x00, 0x00, 0x00, 0x00,
  0x00, 0x00, 0x00, 0x00, 0x00, 0x00, 0x00, 0x00, 0x00, 0x00, 0x00, 0x00,
  0x00, 0x00, 0x00, 0x00, 0x00, 0x00, 0x00, 0x00, 0x00, 0x00, 0x00, 0x00,
  0x00, 0x00, 0x00, 0x00, 0x00, 0x00, 0x00, 0x00, 0x00, 0x00, 0x00, 0x00,
  0x00, 0x00, 0x00, 0x00, 0x00, 0x00, 0x00, 0x00, 0x00, 0x00, 0x00, 0x00,
  0x00, 0x00, 0x00, 0x00, 0x00, 0x00, 0x00, 0x00, 0x00, 0x00, 0x00, 0x00,
  0x00, 0x00, 0x00, 0x00, 0x00, 0x00, 0x00, 0x00, 0x00, 0x00, 0x00, 0x00,
  0x00, 0x00, 0x00, 0x00, 0x00, 0x00, 0x00, 0x00, 0x00, 0x00, 0x00, 0x00,
  0x00, 0x00, 0x00, 0x00, 0x00, 0x00, 0x00, 0x00, 0x00, 0x00, 0x00, 0x00,
  0x00, 0x00, 0x00, 0x00, 0x00, 0x00, 0x00, 0x00, 0x00, 0x00, 0x00, 0x00,
  0x00, 0x00, 0x00, 0x00, 0x00, 0x00, 0x00, 0x00, 0x00, 0x00, 0x00, 0x00,
  0x00, 0x00, 0x00, 0x00, 0x00, 0x00, 0x00, 0x00, 0x00, 0x00, 0x00, 0x00,
  0x00, 0x00, 0x00, 0x00, 0x00, 0x00, 0x00, 0x00, 0x00, 0x00, 0x00, 0x00,
  0x00, 0x00, 0x00, 0x00, 0x00, 0x00, 0x00, 0x00, 0x00, 0x00, 0x00, 0x00,
  0x00, 0x00, 0x00, 0x00, 0x00, 0x00, 0x00, 0x00, 0x00, 0x00, 0x00, 0x00,
  0x00, 0x00, 0x00, 0x00, 0x00, 0x00, 0x00, 0x00, 0x00, 0x00, 0x00, 0x00,
  0x00, 0x00, 0x00, 0x00, 0x00, 0x00, 0x00, 0x00, 0x00, 0x00, 0x00, 0x00,
  0x00, 0x00, 0x00, 0x00, 0x00, 0x00, 0x00, 0x00, 0x00, 0x00, 0x00, 0x00,
  0x00, 0x00, 0x00, 0x00, 0x00, 0x00, 0x00, 0x00, 0x00, 0x00, 0x00, 0x00,
  0x00, 0x00, 0x00, 0x00, 0x00, 0x00, 0x00, 0x00, 0x00, 0x00, 0x00, 0x00,
  0x00, 0x00, 0x00, 0x00, 0x00, 0x00, 0x00, 0x00, 0x00, 0x00, 0x00, 0x00,
  0x00, 0x00, 0x00, 0x00, 0x00, 0x00, 0x00, 0x00, 0x00, 0x00, 0x00, 0x00,
  0x00, 0x00, 0x00, 0x00, 0x00, 0x00, 0x00, 0x00, 0x00, 0x9a, 0x13, 0x00,
  0x9a, 0x13, 0x00, 0x9a, 0x13, 0x06, 0x9a, 0x13, 0x9f, 0x9a, 0x13, 0xff,
  0x9a, 0x13, 0xff, 0x9a, 0x13, 0xff, 0x9a, 0x13, 0xf1, 0x9a, 0x13, 0x95,
  0x9a, 0x13, 0x43, 0x57, 0x1b, 0x2f, 0x79, 0x1b, 0x33, 0x9a, 0x13, 0x63,
  0x9a, 0x13, 0xca, 0x9a, 0x13, 0xff, 0x9a, 0x13, 0xff, 0x9a, 0x13, 0xff,
  0x9a, 0x13, 0xeb, 0x9a, 0x13, 0x3c, 0x9a, 0x13, 0x00, 0x9a, 0x13, 0x00,
  0x00, 0x00, 0x00, 0x00, 0x00, 0x00, 0x00, 0x00, 0x00, 0x00, 0x00, 0x00,
  0x00, 0x00, 0x00, 0x00, 0x00, 0x00, 0x00, 0x00, 0x00, 0x00, 0x00, 0x00,
  0x00, 0x00, 0x00, 0x00, 0x00, 0x00, 0x00, 0x00, 0x00, 0x00, 0x00, 0x00,
  0x00, 0x00, 0x00, 0x00, 0x00, 0x00, 0x00, 0x00, 0x00, 0x00, 0x00, 0x00,
  0x00, 0x00, 0x00, 0x00, 0x00, 0x00, 0x00, 0x00, 0x00, 0x00, 0x00, 0x00,
  0x00, 0x00, 0x00, 0x00, 0x00, 0x00, 0x00, 0x00, 0x00, 0x00, 0x00, 0x00,
  0x00, 0x00, 0x00, 0x00, 0x00, 0x00, 0x00, 0x00, 0x00, 0x00, 0x00, 0x00,
  0x00, 0x00, 0x00, 0x00, 0x00, 0x00, 0x00, 0x00, 0x00, 0x00, 0x00, 0x00,
  0x00, 0x00, 0x00, 0x00, 0x00, 0x00, 0x00, 0x00, 0x00, 0x00, 0x00, 0x00,
  0x00, 0x00, 0x00, 0x00, 0x00, 0x00, 0x00, 0x00, 0x00, 0x00, 0x00, 0x00,
  0x00, 0x00, 0x00, 0x00, 0x00, 0x00, 0x00, 0x00, 0x00, 0x00, 0x00, 0x00,
  0x00, 0x00, 0x00, 0x00, 0x00, 0x00, 0x00, 0x00, 0x00, 0x00, 0x00, 0x00,
  0x00, 0x00, 0x00, 0x00, 0x00, 0x00, 0x00, 0x00, 0x00, 0x00, 0x00, 0x00,
  0x00, 0x00, 0x00, 0x00, 0x00, 0x00, 0x00, 0x00, 0x00, 0x00, 0x00, 0x00,
  0x00, 0x00, 0x00, 0x00, 0x00, 0x00, 0x00, 0x00, 0x00, 0x00, 0x00, 0x00,
  0x00, 0x00, 0x00, 0x00, 0x00, 0x00, 0x00, 0x00, 0x00, 0x00, 0x00, 0x00,
  0x00, 0x00, 0x00, 0x00, 0x00, 0x00, 0x00, 0x00, 0x00, 0x00, 0x00, 0x00,
  0x00, 0x00, 0x00, 0x00, 0x00, 0x00, 0x00, 0x00, 0x00, 0x00, 0x00, 0x00,
  0x00, 0x00, 0x00, 0x00, 0x00, 0x00, 0x00, 0x00, 0x00, 0x00, 0x00, 0x00,
  0x00, 0x00, 0x00, 0x00, 0x00, 0x00, 0x00, 0x00, 0x00, 0x00, 0x00, 0x00,
  0x00, 0x00, 0x00, 0x00, 0x00, 0x00, 0x00, 0x00, 0x00, 0x00, 0x00, 0x00,
  0x00, 0x00, 0x00, 0x00, 0x00, 0x00, 0x00, 0x00, 0x00, 0x00, 0x00, 0x00,
  0x00, 0x00, 0x00, 0x00, 0x00, 0x00, 0x00, 0x00, 0x00, 0x00, 0x00, 0x00,
  0x00, 0x00, 0x00, 0x00, 0x00, 0x00, 0x00, 0x00, 0x00, 0x00, 0x00, 0x00,
  0x00, 0x00, 0x00, 0x00, 0x00, 0x00, 0x00, 0x00, 0x00, 0x00, 0x00, 0x00,
  0x00, 0x00, 0x00, 0x00, 0x00, 0x00, 0x00, 0x00, 0x00, 0x00, 0x00, 0x00,
  0x00, 0x00, 0x00, 0x00, 0x00, 0x00, 0x00, 0x00, 0x00, 0x00, 0x00, 0x00,
  0x00, 0x00, 0x00, 0x00, 0x00, 0x00, 0x00, 0x00, 0x00, 0x00, 0x00, 0x00,
  0x9a, 0x13, 0x00, 0x9a, 0x13, 0x00, 0x9a, 0x13, 0x25, 0x9a, 0x13, 0xcd,
  0x9a, 0x13, 0xff, 0x9a, 0x13, 0xff, 0x9a, 0x13, 0xff, 0x9a, 0x13, 0xff,
  0x9a, 0x13, 0xf6, 0x9a, 0x13, 0xe7, 0x9a, 0x13, 0xec, 0x9a, 0x13, 0xfd,
  0x9a, 0x13, 0xff, 0x9a, 0x13, 0xff, 0x9a, 0x13, 0xff, 0x9a, 0x13, 0xfa,
  0x9a, 0x13, 0x76, 0x9a, 0x13, 0x01, 0x9a, 0x13, 0x00, 0x9a, 0x13, 0x00,
  0x00, 0x00, 0x00, 0x00, 0x00, 0x00, 0x00, 0x00, 0x00, 0x00, 0x00, 0x00,
  0x00, 0x00, 0x00, 0x00, 0x00, 0x00, 0x00, 0x00, 0x00, 0x00, 0x00, 0x00,
  0x00, 0x00, 0x00, 0x00, 0x00, 0x00, 0x00, 0x00, 0x00, 0x00, 0x00, 0x00,
  0x00, 0x00, 0x00, 0x00, 0x00, 0x00, 0x00, 0x00, 0x00, 0x00, 0x00, 0x00,
  0x00, 0x00, 0x00, 0x00, 0x00, 0x00, 0x00, 0x00, 0x00, 0x00, 0x00, 0x00,
  0x00, 0x00, 0x00, 0x00, 0x00, 0x00, 0x00, 0x00, 0x00, 0x00, 0x00, 0x00,
  0x00, 0x00, 0x00, 0x00, 0x00, 0x00, 0x00, 0x00, 0x00, 0x00, 0x00, 0x00,
  0x00, 0x00, 0x00, 0x00, 0x00, 0x00, 0x00, 0x00, 0x00, 0x00, 0x00, 0x00,
  0x00, 0x00, 0x00, 0x00, 0x00, 0x00, 0x00, 0x00, 0x00, 0x00, 0x00, 0x00,
  0x00, 0x00, 0x00, 0x00, 0x00, 0x00, 0x00, 0x00, 0x00, 0x00, 0x00, 0x00,
  0x00, 0x00, 0x00, 0x00, 0x00, 0x00, 0x00, 0x00, 0x00, 0x00, 0x00, 0x00,
  0x00, 0x00, 0x00, 0x00, 0x00, 0x00, 0x00, 0x00, 0x00, 0x00, 0x00, 0x00,
  0x00, 0x00, 0x00, 0x00, 0x00, 0x00, 0x00, 0x00, 0x00, 0x00, 0x00, 0x00,
  0x00, 0x00, 0x00, 0x00, 0x00, 0x00, 0x00, 0x00, 0x00, 0x00, 0x00, 0x00,
  0x00, 0x00, 0x00, 0x00, 0x00, 0x00, 0x00, 0x00, 0x00, 0x00, 0x00, 0x00,
  0x00, 0x00, 0x00, 0x00, 0x00, 0x00, 0x00, 0x00, 0x00, 0x00, 0x00, 0x00,
  0x00, 0x00, 0x00, 0x00, 0x00, 0x00, 0x00, 0x00, 0x00, 0x00, 0x00, 0x00,
  0x00, 0x00, 0x00, 0x00, 0x00, 0x00, 0x00, 0x00, 0x00, 0x00, 0x00, 0x00,
  0x00, 0x00, 0x00, 0x00, 0x00, 0x00, 0x00, 0x00, 0x00, 0x00, 0x00, 0x00,
  0x00, 0x00, 0x00, 0x00, 0x00, 0x00, 0x00, 0x00, 0x00, 0x00, 0x00, 0x00,
  0x00, 0x00, 0x00, 0x00, 0x00, 0x00, 0x00, 0x00, 0x00, 0x00, 0x00, 0x00,
  0x00, 0x00, 0x00, 0x00, 0x00, 0x00, 0x00, 0x00, 0x00, 0x00, 0x00, 0x00,
  0x00, 0x00, 0x00, 0x00, 0x00, 0x00, 0x00, 0x00, 0x00, 0x00, 0x00, 0x00,
  0x00, 0x00, 0x00, 0x00, 0x00, 0x00, 0x00, 0x00, 0x00, 0x00, 0x00, 0x00,
  0x00, 0x00, 0x00, 0x00, 0x00, 0x00, 0x00, 0x00, 0x00, 0x00, 0x00, 0x00,
  0x00, 0x00, 0x00, 0x00, 0x00, 0x00, 0x00, 0x00, 0x00, 0x00, 0x00, 0x00,
  0x00, 0x00, 0x00, 0x00, 0x00, 0x00, 0x00, 0x00, 0x00, 0x00, 0x00, 0x00,
  0x00, 0x00, 0x00, 0x00, 0x00, 0x00, 0x00, 0x00, 0x00, 0x00, 0x00, 0x00,
  0x9a, 0x13, 0x00, 0x9a, 0x13, 0x00, 0x9a, 0x13, 0x00, 0x9a, 0x13, 0x34,
  0x9a, 0x13, 0xc9, 0x9a, 0x13, 0xff, 0x9a, 0x13, 0xff, 0x9a, 0x13, 0xff,
  0x9a, 0x13, 0xff, 0x9a, 0x13, 0xff, 0x9a, 0x13, 0xff, 0x9a, 0x13, 0xff,
  0x9a, 0x13, 0xff, 0x9a, 0x13, 0xff, 0x9a, 0x13, 0xf4, 0x9a, 0x13, 0x7f,
  0x9a, 0x13, 0x08, 0x9a, 0x13, 0x00, 0x9a, 0x13, 0x00, 0x00, 0x00, 0x00,
  0x00, 0x00, 0x00, 0x00, 0x00, 0x00, 0x00, 0x00, 0x00, 0x00, 0x00, 0x00,
  0x00, 0x00, 0x00, 0x00, 0x00, 0x00, 0x00, 0x00, 0x00, 0x00, 0x00, 0x00,
  0x00, 0x00, 0x00, 0x00, 0x00, 0x00, 0x00, 0x00, 0x00, 0x00, 0x00, 0x00,
  0x00, 0x00, 0x00, 0x00, 0x00, 0x00, 0x00, 0x00, 0x00, 0x00, 0x00, 0x00,
  0x00, 0x00, 0x00, 0x00, 0x00, 0x00, 0x00, 0x00, 0x00, 0x00, 0x00, 0x00,
  0x00, 0x00, 0x00, 0x00, 0x00, 0x00, 0x00, 0x00, 0x00, 0x00, 0x00, 0x00,
  0x00, 0x00, 0x00, 0x00, 0x00, 0x00, 0x00, 0x00, 0x00, 0x00, 0x00, 0x00,
  0x00, 0x00, 0x00, 0x00, 0x00, 0x00, 0x00, 0x00, 0x00, 0x00, 0x00, 0x00,
  0x00, 0x00, 0x00, 0x00, 0x00, 0x00, 0x00, 0x00, 0x00, 0x00, 0x00, 0x00,
  0x00, 0x00, 0x00, 0x00, 0x00, 0x00, 0x00, 0x00, 0x00, 0x00, 0x00, 0x00,
  0x00, 0x00, 0x00, 0x00, 0x00, 0x00, 0x00, 0x00, 0x00, 0x00, 0x00, 0x00,
  0x00, 0x00, 0x00, 0x00, 0x00, 0x00, 0x00, 0x00, 0x00, 0x00, 0x00, 0x00,
  0x00, 0x00, 0x00, 0x00, 0x00, 0x00, 0x00, 0x00, 0x00, 0x00, 0x00, 0x00,
  0x00, 0x00, 0x00, 0x00, 0x00, 0x00, 0x00, 0x00, 0x00, 0x00, 0x00, 0x00,
  0x00, 0x00, 0x00, 0x00, 0x00, 0x00, 0x00, 0x00, 0x00, 0x00, 0x00, 0x00,
  0x00, 0x00, 0x00, 0x00, 0x00, 0x00, 0x00, 0x00, 0x00, 0x00, 0x00, 0x00,
  0x00, 0x00, 0x00, 0x00, 0x00, 0x00, 0x00, 0x00, 0x00, 0x00, 0x00, 0x00,
  0x00, 0x00, 0x00, 0x00, 0x00, 0x00, 0x00, 0x00, 0x00, 0x00, 0x00, 0x00,
  0x00, 0x00, 0x00, 0x00, 0x00, 0x00, 0x00, 0x00, 0x00, 0x00, 0x00, 0x00,
  0x00, 0x00, 0x00, 0x00, 0x00, 0x00, 0x00, 0x00, 0x00, 0x00, 0x00, 0x00,
  0x00, 0x00, 0x00, 0x00, 0x00, 0x00, 0x00, 0x00, 0x00, 0x00, 0x00, 0x00,
  0x00, 0x00, 0x00, 0x00, 0x00, 0x00, 0x00, 0x00, 0x00, 0x00, 0x00, 0x00,
  0x00, 0x00, 0x00, 0x00, 0x00, 0x00, 0x00, 0x00, 0x00, 0x00, 0x00, 0x00,
  0x00, 0x00, 0x00, 0x00, 0x00, 0x00, 0x00, 0x00, 0x00, 0x00, 0x00, 0x00,
  0x00, 0x00, 0x00, 0x00, 0x00, 0x00, 0x00, 0x00, 0x00, 0x00, 0x00, 0x00,
  0x00, 0x00, 0x00, 0x00, 0x00, 0x00, 0x00, 0x00, 0x00, 0x00, 0x00, 0x00,
  0x00, 0x00, 0x00, 0x00, 0x00, 0x00, 0x00, 0x00, 0x00, 0x00, 0x00, 0x00,
  0x00, 0x00, 0x00, 0x00, 0x00, 0x00, 0x00, 0x00, 0x00, 0x00, 0x00, 0x00,
  0x00, 0x00, 0x00, 0x9a, 0x13, 0x00, 0x9a, 0x13, 0x00, 0x9a, 0x13, 0x00,
  0x9a, 0x13, 0x1f, 0x9a, 0x13, 0x8f, 0x9a, 0x13, 0xe5, 0x9a, 0x13, 0xff,
  0x9a, 0x13, 0xff, 0x9a, 0x13, 0xff, 0x9a, 0x13, 0xff, 0x9a, 0x13, 0xff,
  0x9a, 0x13, 0xf7, 0x9a, 0x13, 0xc3, 0x9a, 0x13, 0x52, 0x9a, 0x13, 0x04,
  0x9a, 0x13, 0x00, 0x9a, 0x13, 0x00, 0x00, 0x00, 0x00, 0x00, 0x00, 0x00,
  0x00, 0x00, 0x00, 0x00, 0x00, 0x00, 0x00, 0x00, 0x00, 0x00, 0x00, 0x00,
  0x00, 0x00, 0x00, 0x00, 0x00, 0x00, 0x00, 0x00, 0x00, 0x00, 0x00, 0x00,
  0x00, 0x00, 0x00, 0x00, 0x00, 0x00, 0x00, 0x00, 0x00, 0x00, 0x00, 0x00,
  0x00, 0x00, 0x00, 0x00, 0x00, 0x00, 0x00, 0x00, 0x00, 0x00, 0x00, 0x00,
  0x00, 0x00, 0x00, 0x00, 0x00, 0x00, 0x00, 0x00, 0x00, 0x00, 0x00, 0x00,
  0x00, 0x00, 0x00, 0x00, 0x00, 0x00, 0x00, 0x00, 0x00, 0x00, 0x00, 0x00,
  0x00, 0x00, 0x00, 0x00, 0x00, 0x00, 0x00, 0x00, 0x00, 0x00, 0x00, 0x00,
  0x00, 0x00, 0x00, 0x00, 0x00, 0x00, 0x00, 0x00, 0x00, 0x00, 0x00, 0x00,
  0x00, 0x00, 0x00, 0x00, 0x00, 0x00, 0x00, 0x00, 0x00, 0x00, 0x00, 0x00,
  0x00, 0x00, 0x00, 0x00, 0x00, 0x00, 0x00, 0x00, 0x00, 0x00, 0x00, 0x00,
  0x00, 0x00, 0x00, 0x00, 0x00, 0x00, 0x00, 0x00, 0x00, 0x00, 0x00, 0x00,
  0x00, 0x00, 0x00, 0x00, 0x00, 0x00, 0x00, 0x00, 0x00, 0x00, 0x00, 0x00,
  0x00, 0x00, 0x00, 0x00, 0x00, 0x00, 0x00, 0x00, 0x00, 0x00, 0x00, 0x00,
  0x00, 0x00, 0x00, 0x00, 0x00, 0x00, 0x00, 0x00, 0x00, 0x00, 0x00, 0x00,
  0x00, 0x00, 0x00, 0x00, 0x00, 0x00, 0x00, 0x00, 0x00, 0x00, 0x00, 0x00,
  0x00, 0x00, 0x00, 0x00, 0x00, 0x00, 0x00, 0x00, 0x00, 0x00, 0x00, 0x00,
  0x00, 0x00, 0x00, 0x00, 0x00, 0x00, 0x00, 0x00, 0x00, 0x00, 0x00, 0x00,
  0x00, 0x00, 0x00, 0x00, 0x00, 0x00, 0x00, 0x00, 0x00, 0x00, 0x00, 0x00,
  0x00, 0x00, 0x00, 0x00, 0x00, 0x00, 0x00, 0x00, 0x00, 0x00, 0x00, 0x00,
  0x00, 0x00, 0x00, 0x00, 0x00, 0x00, 0x00, 0x00, 0x00, 0x00, 0x00, 0x00,
  0x00, 0x00, 0x00, 0x00, 0x00, 0x00, 0x00, 0x00, 0x00, 0x00, 0x00, 0x00,
  0x00, 0x00, 0x00, 0x00, 0x00, 0x00, 0x00, 0x00, 0x00, 0x00, 0x00, 0x00,
  0x00, 0x00, 0x00, 0x00, 0x00, 0x00, 0x00, 0x00, 0x00, 0x00, 0x00, 0x00,
  0x00, 0x00, 0x00, 0x00, 0x00, 0x00, 0x00, 0x00, 0x00, 0x00, 0x00, 0x00,
  0x00, 0x00, 0x00, 0x00, 0x00, 0x00, 0x00, 0x00, 0x00, 0x00, 0x00, 0x00,
  0x00, 0x00, 0x00, 0x00, 0x00, 0x00, 0x00, 0x00, 0x00, 0x00, 0x00, 0x00,
  0x00, 0x00, 0x00, 0x0a, 0x32, 0x00, 0x09, 0x32, 0x00, 0x09, 0x32, 0x00,
  0x09, 0x32, 0x00, 0x09, 0x32, 0x00, 0x09, 0x32, 0x00, 0x09, 0x32, 0x00,
  0x09, 0x32, 0x00, 0x09, 0x32, 0x00, 0x21, 0x41, 0x00, 0xbb, 0x13, 0x00,
  0x9a, 0x13, 0x00, 0x9a, 0x13, 0x02, 0x9a, 0x13, 0x2a, 0x9a, 0x13, 0x69,
  0x9a, 0x13, 0x97, 0x9a, 0x13, 0xa9, 0x9a, 0x13, 0xa3, 0x9a, 0x13, 0x83,
  0x9a, 0x13, 0x4a, 0x9a, 0x13, 0x11, 0x9a, 0x13, 0x00, 0x9a, 0x13, 0x00,
  0xbc, 0x13, 0x00, 0x09, 0x32, 0x00, 0x09, 0x32, 0x00, 0x09, 0x32, 0x00,
  0x09, 0x32, 0x00, 0x09, 0x32, 0x00, 0x09, 0x32, 0x00, 0x09, 0x32, 0x00,
  0x09, 0x32, 0x00, 0x0a, 0x32, 0x00, 0x00, 0x00, 0x00, 0x00, 0x00, 0x00,
  0x00, 0x00, 0x00, 0x00, 0x00, 0x00, 0x00, 0x00, 0x00, 0x00, 0x00, 0x00,
  0x00, 0x00, 0x00, 0x00, 0x00, 0x00, 0x00, 0x00, 0x00, 0x00, 0x00, 0x00,
  0x00, 0x00, 0x00, 0x00, 0x00, 0x00, 0x00, 0x00, 0x00, 0x00, 0x00, 0x00,
  0x00, 0x00, 0x00, 0x00, 0x00, 0x00, 0x00, 0x00, 0x00, 0x00, 0x00, 0x00,
  0x00, 0x00, 0x00, 0x00, 0x00, 0x00, 0x00, 0x00, 0x00, 0x00, 0x00, 0x00,
  0x00, 0x00, 0x00, 0x00, 0x00, 0x00, 0x00, 0x00, 0x00, 0x00, 0x00, 0x00,
  0x00, 0x00, 0x00, 0x00, 0x00, 0x00, 0x00, 0x00, 0x00, 0x00, 0x00, 0x00,
  0x00, 0x00, 0x00, 0x00, 0x00, 0x00, 0x00, 0x00, 0x00, 0x00, 0x00, 0x00,
  0x00, 0x00, 0x00, 0x00, 0x00, 0x00, 0x00, 0x00, 0x00, 0x00, 0x00, 0x00,
  0x00, 0x00, 0x00, 0x00, 0x00, 0x00, 0x00, 0x00, 0x00, 0x00, 0x00, 0x00,
  0x00, 0x00, 0x00, 0x00, 0x00, 0x00, 0x00, 0x00, 0x00, 0x00, 0x00, 0x00,
  0x00, 0x00, 0x00, 0x00, 0x00, 0x00, 0x00, 0x00, 0x00, 0x00, 0x00, 0x00,
  0x00, 0x00, 0x00, 0x00, 0x00, 0x00, 0x00, 0x00, 0x00, 0x00, 0x00, 0x00,
  0x00, 0x00, 0x00, 0x00, 0x00, 0x00, 0x00, 0x00, 0x00, 0x00, 0x00, 0x00,
  0x00, 0x00, 0x00, 0x00, 0x00, 0x00, 0x00, 0x00, 0x00, 0x00, 0x00, 0x00,
  0x00, 0x00, 0x00, 0x00, 0x00, 0x00, 0x00, 0x00, 0x00, 0x00, 0x00, 0x00,
  0x00, 0x00, 0x00, 0x00, 0x00, 0x00, 0x00, 0x00, 0x00, 0x00, 0x00, 0x00,
  0x00, 0x00, 0x00, 0x00, 0x00, 0x00, 0x00, 0x00, 0x00, 0x00, 0x00, 0x00,
  0x00, 0x00, 0x00, 0x00, 0x00, 0x00, 0x00, 0x00, 0x00, 0x00, 0x00, 0x00,
  0x00, 0x00, 0x00, 0x00, 0x00, 0x00, 0x00, 0x00, 0x00, 0x00, 0x00, 0x00,
  0x00, 0x00, 0x00, 0x00, 0x00, 0x00, 0x00, 0x00, 0x00, 0x00, 0x00, 0x00,
  0x00, 0x00, 0x00, 0x00, 0x00, 0x00, 0x00, 0x00, 0x00, 0x00, 0x00, 0x00,
  0x00, 0x00, 0x00, 0x00, 0x00, 0x00, 0x00, 0x00, 0x00, 0x00, 0x00, 0x00,
  0x00, 0x00, 0x00, 0x00, 0x00, 0x00, 0x00, 0x00, 0x00, 0x00, 0x00, 0x00,
  0x00, 0x00, 0x00, 0x09, 0x32, 0x00, 0xe9, 0x31, 0x00, 0x09, 0x32, 0x00,
  0x09, 0x32, 0x00, 0x09, 0x32, 0x00, 0x09, 0x32, 0x00, 0x09, 0x32, 0x00,
  0x09, 0x32, 0x00, 0x09, 0x32, 0x00, 0x09, 0x32, 0x00, 0x09, 0x32, 0x00,
  0x09, 0x32, 0x00, 0x90, 0x2a, 0x00, 0xf3, 0x22, 0x00, 0x79, 0x1b, 0x00,
  0x8f, 0x2a, 0x00, 0x9a, 0x13, 0x02, 0x3f, 0x06, 0x00, 0xf3, 0x22, 0x00,
  0x57, 0x1b, 0x00, 0x9b, 0x13, 0x00, 0xe9, 0x31, 0x00, 0x09, 0x32, 0x00,
  0x09, 0x32, 0x00, 0x09, 0x32, 0x00, 0x09, 0x32, 0x00, 0x09, 0x32, 0x00,
  0x09, 0x32, 0x00, 0x09, 0x32, 0x00, 0x09, 0x32, 0x00, 0x09, 0x32, 0x00,
  0x09, 0x32, 0x00, 0x09, 0x32, 0x00, 0x00, 0x00, 0x00, 0x00, 0x00, 0x00,
  0x00, 0x00, 0x00, 0x00, 0x00, 0x00, 0x00, 0x00, 0x00, 0x00, 0x00, 0x00,
  0x00, 0x00, 0x00, 0x00, 0x00, 0x00, 0x00, 0x00, 0x00, 0x00, 0x00, 0x00,
  0x00, 0x00, 0x00, 0x00, 0x00, 0x00, 0x00, 0x00, 0x00, 0x00, 0x00, 0x00,
  0x00, 0x00, 0x00, 0x00, 0x00, 0x00, 0x00, 0x00, 0x00, 0x00, 0x00, 0x00,
  0x00, 0x00, 0x00, 0x00, 0x00, 0x00, 0x00, 0x00, 0x00, 0x00, 0x00, 0x00,
  0x00, 0x00, 0x00, 0x00, 0x00, 0x00, 0x00, 0x00, 0x00, 0x00, 0x00, 0x00,
  0x00, 0x00, 0x00, 0x00, 0x00, 0x00, 0x00, 0x00, 0x00, 0x00, 0x00, 0x00,
  0x00, 0x00, 0x00, 0x00, 0x00, 0x00, 0x00, 0x00, 0x00, 0x00, 0x00, 0x00,
  0x00, 0x00, 0x00, 0x00, 0x00, 0x00, 0x00, 0x00, 0x00, 0x00, 0x00, 0x00,
  0x00, 0x00, 0x00, 0x00, 0x00, 0x00, 0x00, 0x00, 0x00, 0x00, 0x00, 0x00,
  0x00, 0x00, 0x00, 0x00, 0x00, 0x00, 0x00, 0x00, 0x00, 0x00, 0x00, 0x00,
  0x00, 0x00, 0x00, 0x00, 0x00, 0x00, 0x00, 0x00, 0x00, 0x00, 0x00, 0x00,
  0x00, 0x00, 0x00, 0x00, 0x00, 0x00, 0x00, 0x00, 0x00, 0x00, 0x00, 0x00,
  0x00, 0x00, 0x00, 0x00, 0x00, 0x00, 0x00, 0x00, 0x00, 0x00, 0x00, 0x00,
  0x00, 0x00, 0x00, 0x00, 0x00, 0x00, 0x00, 0x00, 0x00, 0x00, 0x00, 0x00,
  0x00, 0x00, 0x00, 0x00, 0x00, 0x00, 0x00, 0x00, 0x00, 0x00, 0x00, 0x00,
  0x00, 0x00, 0x00, 0x00, 0x00, 0x00, 0x00, 0x00, 0x00, 0x00, 0x00, 0x00,
  0x00, 0x00, 0x00, 0x00, 0x00, 0x00, 0x00, 0x00, 0x00, 0x00, 0x00, 0x00,
  0x00, 0x00, 0x00, 0x00, 0x00, 0x00, 0x00, 0x00, 0x00, 0x00, 0x00, 0x00,
  0x00, 0x00, 0x00, 0x00, 0x00, 0x00, 0x00, 0x00, 0x00, 0x00, 0x00, 0x00,
  0x00, 0x00, 0x00, 0x00, 0x00, 0x00, 0x00, 0x00, 0x00, 0x00, 0x00, 0x00,
  0x00, 0x00, 0x00, 0x00, 0x00, 0x00, 0x00, 0x00, 0x00, 0x00, 0x00, 0x00,
  0x00, 0x00, 0x00, 0x00, 0x00, 0x00, 0x00, 0x00, 0x00, 0x00, 0x00, 0x00,
  0x00, 0x00, 0x00, 0x00, 0x00, 0x00, 0x00, 0x00, 0x00, 0x00, 0x00, 0x00,
  0x00, 0x00, 0x00, 0x09, 0x32, 0x3a, 0x09, 0x32, 0x9c, 0x09, 0x32, 0x62,
  0x09, 0x32, 0x09, 0x09, 0x32, 0x6d, 0x09, 0x32, 0x95, 0x09, 0x32, 0x6f,
  0x09, 0x32, 0x0a, 0x09, 0x32, 0x3b, 0x09, 0x32, 0x5a, 0x09, 0x32, 0x1f,
  0x09, 0x32, 0x6d, 0x09, 0x32, 0x0d, 0x09, 0x32, 0x57, 0x09, 0x32, 0x9f,
  0x09, 0x32, 0x3a, 0x0a, 0x32, 0x00, 0x09, 0x32, 0x23, 0x09, 0x32, 0x87,
  0x09, 0x32, 0x2a, 0x0a, 0x32, 0x00, 0x09, 0x32, 0x5f, 0x09, 0x32, 0x95,
  0x09, 0x32, 0x68, 0x09, 0x32, 0x07, 0x09, 0x32, 0x3a, 0x09, 0x32, 0x92,
  0x09, 0x32, 0x95, 0x09, 0x32, 0x46, 0x09, 0x32, 0x61, 0x09, 0x32, 0x95,
  0x09, 0x32, 0x76, 0x09, 0x32, 0x14, 0x00, 0x00, 0x00, 0x00, 0x00, 0x00,
  0x00, 0x00, 0x00, 0x00, 0x00, 0x00, 0x00, 0x00, 0x00, 0x00, 0x00, 0x00,
  0x00, 0x00, 0x00, 0x00, 0x00, 0x00, 0x00, 0x00, 0x00, 0x00, 0x00, 0x00,
  0x00, 0x00, 0x00, 0x00, 0x00, 0x00, 0x00, 0x00, 0x00, 0x00, 0x00, 0x00,
  0x00, 0x00, 0x00, 0x00, 0x00, 0x00, 0x00, 0x00, 0x00, 0x00, 0x00, 0x00,
  0x00, 0x00, 0x00, 0x00, 0x00, 0x00, 0x00, 0x00, 0x00, 0x00, 0x00, 0x00,
  0x00, 0x00, 0x00, 0x00, 0x00, 0x00, 0x00, 0x00, 0x00, 0x00, 0x00, 0x00,
  0x00, 0x00, 0x00, 0x00, 0x00, 0x00, 0x00, 0x00, 0x00, 0x00, 0x00, 0x00,
  0x00, 0x00, 0x00, 0x00, 0x00, 0x00, 0x00, 0x00, 0x00, 0x00, 0x00, 0x00,
  0x00, 0x00, 0x00, 0x00, 0x00, 0x00, 0x00, 0x00, 0x00, 0x00, 0x00, 0x00,
  0x00, 0x00, 0x00, 0x00, 0x00, 0x00, 0x00, 0x00, 0x00, 0x00, 0x00, 0x00,
  0x00, 0x00, 0x00, 0x00, 0x00, 0x00, 0x00, 0x00, 0x00, 0x00, 0x00, 0x00,
  0x00, 0x00, 0x00, 0x00, 0x00, 0x00, 0x00, 0x00, 0x00, 0x00, 0x00, 0x00,
  0x00, 0x00, 0x00, 0x00, 0x00, 0x00, 0x00, 0x00, 0x00, 0x00, 0x00, 0x00,
  0x00, 0x00, 0x00, 0x00, 0x00, 0x00, 0x00, 0x00, 0x00, 0x00, 0x00, 0x00,
  0x00, 0x00, 0x00, 0x00, 0x00, 0x00, 0x00, 0x00, 0x00, 0x00, 0x00, 0x00,
  0x00, 0x00, 0x00, 0x00, 0x00, 0x00, 0x00, 0x00, 0x00, 0x00, 0x00, 0x00,
  0x00, 0x00, 0x00, 0x00, 0x00, 0x00, 0x00, 0x00, 0x00, 0x00, 0x00, 0x00,
  0x00, 0x00, 0x00, 0x00, 0x00, 0x00, 0x00, 0x00, 0x00, 0x00, 0x00, 0x00,
  0x00, 0x00, 0x00, 0x00, 0x00, 0x00, 0x00, 0x00, 0x00, 0x00, 0x00, 0x00,
  0x00, 0x00, 0x00, 0x00, 0x00, 0x00, 0x00, 0x00, 0x00, 0x00, 0x00, 0x00,
  0x00, 0x00, 0x00, 0x00, 0x00, 0x00, 0x00, 0x00, 0x00, 0x00, 0x00, 0x00,
  0x00, 0x00, 0x00, 0x00, 0x00, 0x00, 0x00, 0x00, 0x00, 0x00, 0x00, 0x00,
  0x00, 0x00, 0x00, 0x00, 0x00, 0x00, 0x00, 0x00, 0x00, 0x00, 0x00, 0x00,
  0x00, 0x00, 0x00, 0x00, 0x00, 0x00, 0x00, 0x00, 0x00, 0x00, 0x00, 0x00,
  0x00, 0x00, 0x00, 0x09, 0x32, 0xc7, 0x09, 0x32, 0xd4, 0x09, 0x32, 0xd9,
  0x09, 0x32, 0x3d, 0x09, 0x32, 0xc1, 0x09, 0x32, 0xd9, 0x09, 0x32, 0xe8,
  0x09, 0x32, 0x4e, 0x09, 0x32, 0x68, 0x09, 0x32, 0xa2, 0x09, 0x32, 0x37,
  0x09, 0x32, 0xc4, 0x09, 0x32, 0x37, 0x09, 0x32, 0xd2, 0x09, 0x32, 0xd5,
  0x09, 0x32, 0xb5, 0x09, 0x32, 0x06, 0x09, 0x32, 0x50, 0x09, 0x32, 0xfe,
  0x09, 0x32, 0x5f, 0x0a, 0x32, 0x00, 0x09, 0x32, 0xab, 0x09, 0x32, 0xe6,
  0x09, 0x32, 0xe8, 0x09, 0x32, 0x56, 0x09, 0x32, 0x68, 0x09, 0x32, 0xea,
  0x09, 0x32, 0xbf, 0x09, 0x32, 0x5b, 0x09, 0x32, 0xaf, 0x09, 0x32, 0xdd,
  0x09, 0x32, 0xe6, 0x09, 0x32, 0x73, 0x00, 0x00, 0x00, 0x00, 0x00, 0x00,
  0x00, 0x00, 0x00, 0x00, 0x00, 0x00, 0x00, 0x00, 0x00, 0x00, 0x00, 0x00,
  0x00, 0x00, 0x00, 0x00, 0x00, 0x00, 0x00, 0x00, 0x00, 0x00, 0x00, 0x00,
  0x00, 0x00, 0x00, 0x00, 0x00, 0x00, 0x00, 0x00, 0x00, 0x00, 0x00, 0x00,
  0x00, 0x00, 0x00, 0x00, 0x00, 0x00, 0x00, 0x00, 0x00, 0x00, 0x00, 0x00,
  0x00, 0x00, 0x00, 0x00, 0x00, 0x00, 0x00, 0x00, 0x00, 0x00, 0x00, 0x00,
  0x00, 0x00, 0x00, 0x00, 0x00, 0x00, 0x00, 0x00, 0x00, 0x00, 0x00, 0x00,
  0x00, 0x00, 0x00, 0x00, 0x00, 0x00, 0x00, 0x00, 0x00, 0x00, 0x00, 0x00,
  0x00, 0x00, 0x00, 0x00, 0x00, 0x00, 0x00, 0x00, 0x00, 0x00, 0x00, 0x00,
  0x00, 0x00, 0x00, 0x00, 0x00, 0x00, 0x00, 0x00, 0x00, 0x00, 0x00, 0x00,
  0x00, 0x00, 0x00, 0x00, 0x00, 0x00, 0x00, 0x00, 0x00, 0x00, 0x00, 0x00,
  0x00, 0x00, 0x00, 0x00, 0x00, 0x00, 0x00, 0x00, 0x00, 0x00, 0x00, 0x00,
  0x00, 0x00, 0x00, 0x00, 0x00, 0x00, 0x00, 0x00, 0x00, 0x00, 0x00, 0x00,
  0x00, 0x00, 0x00, 0x00, 0x00, 0x00, 0x00, 0x00, 0x00, 0x00, 0x00, 0x00,
  0x00, 0x00, 0x00, 0x00, 0x00, 0x00, 0x00, 0x00, 0x00, 0x00, 0x00, 0x00,
  0x00, 0x00, 0x00, 0x00, 0x00, 0x00, 0x00, 0x00, 0x00, 0x00, 0x00, 0x00,
  0x00, 0x00, 0x00, 0x00, 0x00, 0x00, 0x00, 0x00, 0x00, 0x00, 0x00, 0x00,
  0x00, 0x00, 0x00, 0x00, 0x00, 0x00, 0x00, 0x00, 0x00, 0x00, 0x00, 0x00,
  0x00, 0x00, 0x00, 0x00, 0x00, 0x00, 0x00, 0x00, 0x00, 0x00, 0x00, 0x00,
  0x00, 0x00, 0x00, 0x00, 0x00, 0x00, 0x00, 0x00, 0x00, 0x00, 0x00, 0x00,
  0x00, 0x00, 0x00, 0x00, 0x00, 0x00, 0x00, 0x00, 0x00, 0x00, 0x00, 0x00,
  0x00, 0x00, 0x00, 0x00, 0x00, 0x00, 0x00, 0x00, 0x00, 0x00, 0x00, 0x00,
  0x00, 0x00, 0x00, 0x00, 0x00, 0x00, 0x00, 0x00, 0x00, 0x00, 0x00, 0x00,
  0x00, 0x00, 0x00, 0x00, 0x00, 0x00, 0x00, 0x00, 0x00, 0x00, 0x00, 0x00,
  0x00, 0x00, 0x00, 0x00, 0x00, 0x00, 0x00, 0x00, 0x00, 0x00, 0x00, 0x00,
  0x00, 0x00, 0x00, 0x09, 0x32, 0xe1, 0x09, 0x32, 0x45, 0x09, 0x32, 0xb7,
  0x09, 0x32, 0x5f, 0x09, 0x32, 0xb7, 0x09, 0x32, 0x4d, 0x09, 0x32, 0x97,
  0x09, 0x32, 0x7f, 0x09, 0x32, 0x66, 0x09, 0x32, 0x9f, 0x09, 0x32, 0x37,
  0x09, 0x32, 0xbf, 0x09, 0x32, 0x58, 0x09, 0x32, 0xbf, 0x09, 0x32, 0x42,
  0x09, 0x32, 0xca, 0x09, 0x32, 0x18, 0x09, 0x32, 0x67, 0x09, 0x32, 0xfd,
  0x09, 0x32, 0x79, 0x0a, 0x32, 0x00, 0x09, 0x32, 0xa8, 0x09, 0x32, 0x69,
  0x09, 0x32, 0x8d, 0x09, 0x32, 0x93, 0x09, 0x32, 0x6b, 0x09, 0x32, 0xa3,
  0x09, 0x32, 0x07, 0x09, 0x32, 0x07, 0x09, 0x32, 0xae, 0x09, 0x32, 0x5e,
  0x09, 0x32, 0x82, 0x09, 0x32, 0xab, 0x00, 0x00, 0x00, 0x00, 0x00, 0x00,
  0x00, 0x00, 0x00, 0x00, 0x00, 0x00, 0x00, 0x00, 0x00, 0x00, 0x00, 0x00,
  0x00, 0x00, 0x00, 0x00, 0x00, 0x00, 0x00, 0x00, 0x00, 0x00, 0x00, 0x00,
  0x00, 0x00, 0x00, 0x00, 0x00, 0x00, 0x00, 0x00, 0x00, 0x00, 0x00, 0x00,
  0x00, 0x00, 0x00, 0x00, 0x00, 0x00, 0x00, 0x00, 0x00, 0x00, 0x00, 0x00,
  0x00, 0x00, 0x00, 0x00, 0x00, 0x00, 0x00, 0x00, 0x00, 0x00, 0x00, 0x00,
  0x00, 0x00, 0x00, 0x00, 0x00, 0x00, 0x00, 0x00, 0x00, 0x00, 0x00, 0x00,
  0x00, 0x00, 0x00, 0x00, 0x00, 0x00, 0x00, 0x00, 0x00, 0x00, 0x00, 0x00,
  0x00, 0x00, 0x00, 0x00, 0x00, 0x00, 0x00, 0x00, 0x00, 0x00, 0x00, 0x00,
  0x00, 0x00, 0x00, 0x00, 0x00, 0x00, 0x00, 0x00, 0x00, 0x00, 0x00, 0x00,
  0x00, 0x00, 0x00, 0x00, 0x00, 0x00, 0x00, 0x00, 0x00, 0x00, 0x00, 0x00,
  0x00, 0x00, 0x00, 0x00, 0x00, 0x00, 0x00, 0x00, 0x00, 0x00, 0x00, 0x00,
  0x00, 0x00, 0x00, 0x00, 0x00, 0x00, 0x00, 0x00, 0x00, 0x00, 0x00, 0x00,
  0x00, 0x00, 0x00, 0x00, 0x00, 0x00, 0x00, 0x00, 0x00, 0x00, 0x00, 0x00,
  0x00, 0x00, 0x00, 0x00, 0x00, 0x00, 0x00, 0x00, 0x00, 0x00, 0x00, 0x00,
  0x00, 0x00, 0x00, 0x00, 0x00, 0x00, 0x00, 0x00, 0x00, 0x00, 0x00, 0x00,
  0x00, 0x00, 0x00, 0x00, 0x00, 0x00, 0x00, 0x00, 0x00, 0x00, 0x00, 0x00,
  0x00, 0x00, 0x00, 0x00, 0x00, 0x00, 0x00, 0x00, 0x00, 0x00, 0x00, 0x00,
  0x00, 0x00, 0x00, 0x00, 0x00, 0x00, 0x00, 0x00, 0x00, 0x00, 0x00, 0x00,
  0x00, 0x00, 0x00, 0x00, 0x00, 0x00, 0x00, 0x00, 0x00, 0x00, 0x00, 0x00,
  0x00, 0x00, 0x00, 0x00, 0x00, 0x00, 0x00, 0x00, 0x00, 0x00, 0x00, 0x00,
  0x00, 0x00, 0x00, 0x00, 0x00, 0x00, 0x00, 0x00, 0x00, 0x00, 0x00, 0x00,
  0x00, 0x00, 0x00, 0x00, 0x00, 0x00, 0x00, 0x00, 0x00, 0x00, 0x00, 0x00,
  0x00, 0x00, 0x00, 0x00, 0x00, 0x00, 0x00, 0x00, 0x00, 0x00, 0x00, 0x00,
  0x00, 0x00, 0x00, 0x00, 0x00, 0x00, 0x00, 0x00, 0x00, 0x00, 0x00, 0x00,
  0x00, 0x00, 0x00, 0x09, 0x32, 0xdf, 0x09, 0x32, 0x37, 0x09, 0x32, 0x95,
  0x09, 0x32, 0x53, 0x09, 0x32, 0xb7, 0x09, 0x32, 0x42, 0x09, 0x32, 0x7e,
  0x09, 0x32, 0x89, 0x09, 0x32, 0x67, 0x09, 0x32, 0x9f, 0x09, 0x32, 0x37,
  0x09, 0x32, 0xbf, 0x09, 0x32, 0x53, 0x09, 0x32, 0xc8, 0x09, 0x32, 0x31,
  0x09, 0x32, 0x79, 0x09, 0x32, 0x10, 0x09, 0x32, 0x81, 0x09, 0x32, 0xda,
  0x09, 0x32, 0x92, 0xe9, 0x31, 0x01, 0x09, 0x32, 0xa8, 0x09, 0x32, 0x5f,
  0x09, 0x32, 0x71, 0x09, 0x32, 0x97, 0x09, 0x32, 0x6c, 0x09, 0x32, 0x9f,
  0x09, 0x32, 0x00, 0x09, 0x32, 0x03, 0x09, 0x32, 0xae, 0x09, 0x32, 0x56,
  0x09, 0x32, 0x67, 0x09, 0x32, 0xb5, 0x00, 0x00, 0x00, 0x00, 0x00, 0x00,
  0x00, 0x00, 0x00, 0x00, 0x00, 0x00, 0x00, 0x00, 0x00, 0x00, 0x00, 0x00,
  0x00, 0x00, 0x00, 0x00, 0x00, 0x00, 0x00, 0x00, 0x00, 0x00, 0x00, 0x00,
  0x00, 0x00, 0x00, 0x00, 0x00, 0x00, 0x00, 0x00, 0x00, 0x00, 0x00, 0x00,
  0x00, 0x00, 0x00, 0x00, 0x00, 0x00, 0x00, 0x00, 0x00, 0x00, 0x00, 0x00,
  0x00, 0x00, 0x00, 0x00, 0x00, 0x00, 0x00, 0x00, 0x00, 0x00, 0x00, 0x00,
  0x00, 0x00, 0x00, 0x00, 0x00, 0x00, 0x00, 0x00, 0x00, 0x00, 0x00, 0x00,
  0x00, 0x00, 0x00, 0x00, 0x00, 0x00, 0x00, 0x00, 0x00, 0x00, 0x00, 0x00,
  0x00, 0x00, 0x00, 0x00, 0x00, 0x00, 0x00, 0x00, 0x00, 0x00, 0x00, 0x00,
  0x00, 0x00, 0x00, 0x00, 0x00, 0x00, 0x00, 0x00, 0x00, 0x00, 0x00, 0x00,
  0x00, 0x00, 0x00, 0x00, 0x00, 0x00, 0x00, 0x00, 0x00, 0x00, 0x00, 0x00,
  0x00, 0x00, 0x00, 0x00, 0x00, 0x00, 0x00, 0x00, 0x00, 0x00, 0x00, 0x00,
  0x00, 0x00, 0x00, 0x00, 0x00, 0x00, 0x00, 0x00, 0x00, 0x00, 0x00, 0x00,
  0x00, 0x00, 0x00, 0x00, 0x00, 0x00, 0x00, 0x00, 0x00, 0x00, 0x00, 0x00,
  0x00, 0x00, 0x00, 0x00, 0x00, 0x00, 0x00, 0x00, 0x00, 0x00, 0x00, 0x00,
  0x00, 0x00, 0x00, 0x00, 0x00, 0x00, 0x00, 0x00, 0x00, 0x00, 0x00, 0x00,
  0x00, 0x00, 0x00, 0x00, 0x00, 0x00, 0x00, 0x00, 0x00, 0x00, 0x00, 0x00,
  0x00, 0x00, 0x00, 0x00, 0x00, 0x00, 0x00, 0x00, 0x00, 0x00, 0x00, 0x00,
  0x00, 0x00, 0x00, 0x00, 0x00, 0x00, 0x00, 0x00, 0x00, 0x00, 0x00, 0x00,
  0x00, 0x00, 0x00, 0x00, 0x00, 0x00, 0x00, 0x00, 0x00, 0x00, 0x00, 0x00,
  0x00, 0x00, 0x00, 0x00, 0x00, 0x00, 0x00, 0x00, 0x00, 0x00, 0x00, 0x00,
  0x00, 0x00, 0x00, 0x00, 0x00, 0x00, 0x00, 0x00, 0x00, 0x00, 0x00, 0x00,
  0x00, 0x00, 0x00, 0x00, 0x00, 0x00, 0x00, 0x00, 0x00, 0x00, 0x00, 0x00,
  0x00, 0x00, 0x00, 0x00, 0x00, 0x00, 0x00, 0x00, 0x00, 0x00, 0x00, 0x00,
  0x00, 0x00, 0x00, 0x00, 0x00, 0x00, 0x00, 0x00, 0x00, 0x00, 0x00, 0x00,
  0x00, 0x00, 0x00, 0x09, 0x32, 0xdf, 0x09, 0x32, 0x33, 0x09, 0x32, 0x0e,
  0x09, 0x32, 0x14, 0x09, 0x32, 0xbb, 0x09, 0x32, 0x5c, 0x09, 0x32, 0xa2,
  0x09, 0x32, 0x81, 0x09, 0x32, 0x66, 0x09, 0x32, 0x9f, 0x09, 0x32, 0x37,
  0x09, 0x32, 0xc1, 0x09, 0x32, 0x2d, 0x09, 0x32, 0xce, 0x09, 0x32, 0x72,
  0x09, 0x32, 0x00, 0x09, 0x32, 0x00, 0x09, 0x32, 0x99, 0x09, 0x32, 0xab,
  0x09, 0x32, 0xa7, 0xe9, 0x31, 0x07, 0x09, 0x32, 0xa8, 0x09, 0x32, 0x5f,
  0x09, 0x32, 0x72, 0x09, 0x32, 0x97, 0x09, 0x32, 0x6a, 0x09, 0x32, 0xb9,
  0x09, 0x32, 0x3f, 0x09, 0x32, 0x13, 0x09, 0x32, 0xad, 0x09, 0x32, 0x6c,
  0x09, 0x32, 0x8e, 0x09, 0x32, 0xae, 0x00, 0x00, 0x00, 0x00, 0x00, 0x00,
  0x00, 0x00, 0x00, 0x00, 0x00, 0x00, 0x00, 0x00, 0x00, 0x00, 0x00, 0x00,
  0x00, 0x00, 0x00, 0x00, 0x00, 0x00, 0x00, 0x00, 0x00, 0x00, 0x00, 0x00,
  0x00, 0x00, 0x00, 0x00, 0x00, 0x00, 0x00, 0x00, 0x00, 0x00, 0x00, 0x00,
  0x00, 0x00, 0x00, 0x00, 0x00, 0x00, 0x00, 0x00, 0x00, 0x00, 0x00, 0x00,
  0x00, 0x00, 0x00, 0x00, 0x00, 0x00, 0x00, 0x00, 0x00, 0x00, 0x00, 0x00,
  0x00, 0x00, 0x00, 0x00, 0x00, 0x00, 0x00, 0x00, 0x00, 0x00, 0x00, 0x00,
  0x00, 0x00, 0x00, 0x00, 0x00, 0x00, 0x00, 0x00, 0x00, 0x00, 0x00, 0x00,
  0x00, 0x00, 0x00, 0x00, 0x00, 0x00, 0x00, 0x00, 0x00, 0x00, 0x00, 0x00,
  0x00, 0x00, 0x00, 0x00, 0x00, 0x00, 0x00, 0x00, 0x00, 0x00, 0x00, 0x00,
  0x00, 0x00, 0x00, 0x00, 0x00, 0x00, 0x00, 0x00, 0x00, 0x00, 0x00, 0x00,
  0x00, 0x00, 0x00, 0x00, 0x00, 0x00, 0x00, 0x00, 0x00, 0x00, 0x00, 0x00,
  0x00, 0x00, 0x00, 0x00, 0x00, 0x00, 0x00, 0x00, 0x00, 0x00, 0x00, 0x00,
  0x00, 0x00, 0x00, 0x00, 0x00, 0x00, 0x00, 0x00, 0x00, 0x00, 0x00, 0x00,
  0x00, 0x00, 0x00, 0x00, 0x00, 0x00, 0x00, 0x00, 0x00, 0x00, 0x00, 0x00,
  0x00, 0x00, 0x00, 0x00, 0x00, 0x00, 0x00, 0x00, 0x00, 0x00, 0x00, 0x00,
  0x00, 0x00, 0x00, 0x00, 0x00, 0x00, 0x00, 0x00, 0x00, 0x00, 0x00, 0x00,
  0x00, 0x00, 0x00, 0x00, 0x00, 0x00, 0x00, 0x00, 0x00, 0x00, 0x00, 0x00,
  0x00, 0x00, 0x00, 0x00, 0x00, 0x00, 0x00, 0x00, 0x00, 0x00, 0x00, 0x00,
  0x00, 0x00, 0x00, 0x00, 0x00, 0x00, 0x00, 0x00, 0x00, 0x00, 0x00, 0x00,
  0x00, 0x00, 0x00, 0x00, 0x00, 0x00, 0x00, 0x00, 0x00, 0x00, 0x00, 0x00,
  0x00, 0x00, 0x00, 0x00, 0x00, 0x00, 0x00, 0x00, 0x00, 0x00, 0x00, 0x00,
  0x00, 0x00, 0x00, 0x00, 0x00, 0x00, 0x00, 0x00, 0x00, 0x00, 0x00, 0x00,
  0x00, 0x00, 0x00, 0x00, 0x00, 0x00, 0x00, 0x00, 0x00, 0x00, 0x00, 0x00,
  0x00, 0x00, 0x00, 0x00, 0x00, 0x00, 0x00, 0x00, 0x00, 0x00, 0x00, 0x00,
  0x00, 0x00, 0x00, 0x09, 0x32, 0xdf, 0x09, 0x32, 0x33, 0x09, 0x32, 0x00,
  0x09, 0x32, 0x0a, 0x09, 0x32, 0xc2, 0x09, 0x32, 0xed, 0x09, 0x32, 0xe8,
  0x09, 0x32, 0x45, 0x09, 0x32, 0x66, 0x09, 0x32, 0x9f, 0x09, 0x32, 0x37,
  0x09, 0x32, 0xc3, 0x09, 0x32, 0x13, 0x09, 0x32, 0x6a, 0x09, 0x32, 0xde,
  0x09, 0x32, 0x34, 0x09, 0x32, 0x04, 0x09, 0x32, 0xab, 0x09, 0x32, 0x7f,
  0x09, 0x32, 0xb7, 0x09, 0x32, 0x12, 0x09, 0x32, 0xa7, 0x09, 0x32, 0x5f,
  0x09, 0x32, 0x72, 0x09, 0x32, 0x97, 0x09, 0x32, 0x68, 0x09, 0x32, 0xf9,
  0x09, 0x32, 0xdf, 0x09, 0x32, 0x3a, 0x09, 0x32, 0xac, 0x09, 0x32, 0xef,
  0x09, 0x32, 0xea, 0x09, 0x32, 0x67, 0x00, 0x00, 0x00, 0x00, 0x00, 0x00,
  0x00, 0x00, 0x00, 0x00, 0x00, 0x00, 0x00, 0x00, 0x00, 0x00, 0x00, 0x00,
  0x00, 0x00, 0x00, 0x00, 0x00, 0x00, 0x00, 0x00, 0x00, 0x00, 0x00, 0x00,
  0x00, 0x00, 0x00, 0x00, 0x00, 0x00, 0x00, 0x00, 0x00, 0x00, 0x00, 0x00,
  0x00, 0x00, 0x00, 0x00, 0x00, 0x00, 0x00, 0x00, 0x00, 0x00, 0x00, 0x00,
  0x00, 0x00, 0x00, 0x00, 0x00, 0x00, 0x00, 0x00, 0x00, 0x00, 0x00, 0x00,
  0x00, 0x00, 0x00, 0x00, 0x00, 0x00, 0x00, 0x00, 0x00, 0x00, 0x00, 0x00,
  0x00, 0x00, 0x00, 0x00, 0x00, 0x00, 0x00, 0x00, 0x00, 0x00, 0x00, 0x00,
  0x00, 0x00, 0x00, 0x00, 0x00, 0x00, 0x00, 0x00, 0x00, 0x00, 0x00, 0x00,
  0x00, 0x00, 0x00, 0x00, 0x00, 0x00, 0x00, 0x00, 0x00, 0x00, 0x00, 0x00,
  0x00, 0x00, 0x00, 0x00, 0x00, 0x00, 0x00, 0x00, 0x00, 0x00, 0x00, 0x00,
  0x00, 0x00, 0x00, 0x00, 0x00, 0x00, 0x00, 0x00, 0x00, 0x00, 0x00, 0x00,
  0x00, 0x00, 0x00, 0x00, 0x00, 0x00, 0x00, 0x00, 0x00, 0x00, 0x00, 0x00,
  0x00, 0x00, 0x00, 0x00, 0x00, 0x00, 0x00, 0x00, 0x00, 0x00, 0x00, 0x00,
  0x00, 0x00, 0x00, 0x00, 0x00, 0x00, 0x00, 0x00, 0x00, 0x00, 0x00, 0x00,
  0x00, 0x00, 0x00, 0x00, 0x00, 0x00, 0x00, 0x00, 0x00, 0x00, 0x00, 0x00,
  0x00, 0x00, 0x00, 0x00, 0x00, 0x00, 0x00, 0x00, 0x00, 0x00, 0x00, 0x00,
  0x00, 0x00, 0x00, 0x00, 0x00, 0x00, 0x00, 0x00, 0x00, 0x00, 0x00, 0x00,
  0x00, 0x00, 0x00, 0x00, 0x00, 0x00, 0x00, 0x00, 0x00, 0x00, 0x00, 0x00,
  0x00, 0x00, 0x00, 0x00, 0x00, 0x00, 0x00, 0x00, 0x00, 0x00, 0x00, 0x00,
  0x00, 0x00, 0x00, 0x00, 0x00, 0x00, 0x00, 0x00, 0x00, 0x00, 0x00, 0x00,
  0x00, 0x00, 0x00, 0x00, 0x00, 0x00, 0x00, 0x00, 0x00, 0x00, 0x00, 0x00,
  0x00, 0x00, 0x00, 0x00, 0x00, 0x00, 0x00, 0x00, 0x00, 0x00, 0x00, 0x00,
  0x00, 0x00, 0x00, 0x00, 0x00, 0x00, 0x00, 0x00, 0x00, 0x00, 0x00, 0x00,
  0x00, 0x00, 0x00, 0x00, 0x00, 0x00, 0x00, 0x00, 0x00, 0x00, 0x00, 0x00,
  0x00, 0x00, 0x00, 0x09, 0x32, 0xdf, 0x09, 0x32, 0x33, 0x09, 0x32, 0x00,
  0x09, 0x32, 0x0c, 0x09, 0x32, 0xbc, 0x09, 0x32, 0xb3, 0x09, 0x32, 0xca,
  0x09, 0x32, 0x13, 0x09, 0x32, 0x68, 0x09, 0x32, 0x9f, 0x09, 0x32, 0x37,
  0x09, 0x32, 0xc3, 0x09, 0x32, 0x12, 0x09, 0x32, 0x06, 0x09, 0x32, 0xae,
  0x09, 0x32, 0xa3, 0x09, 0x32, 0x15, 0x09, 0x32, 0xba, 0x09, 0x32, 0x65,
  0x09, 0x32, 0xc2, 0x09, 0x32, 0x20, 0x09, 0x32, 0xa6, 0x09, 0x32, 0x5f,
  0x09, 0x32, 0x72, 0x09, 0x32, 0x97, 0x09, 0x32, 0x6b, 0x09, 0x32, 0xb6,
  0x09, 0x32, 0x37, 0x09, 0x32, 0x11, 0x09, 0x32, 0xad, 0x09, 0x32, 0xb6,
  0x09, 0x32, 0xce, 0x09, 0x32, 0x29, 0x00, 0x00, 0x00, 0x00, 0x00, 0x00,
  0x00, 0x00, 0x00, 0x00, 0x00, 0x00, 0x00, 0x00, 0x00, 0x00, 0x00, 0x00,
  0x00, 0x00, 0x00, 0x00, 0x00, 0x00, 0x00, 0x00, 0x00, 0x00, 0x00, 0x00,
  0x00, 0x00, 0x00, 0x00, 0x00, 0x00, 0x00, 0x00, 0x00, 0x00, 0x00, 0x00,
  0x00, 0x00, 0x00, 0x00, 0x00, 0x00, 0x00, 0x00, 0x00, 0x00, 0x00, 0x00,
  0x00, 0x00, 0x00, 0x00, 0x00, 0x00, 0x00, 0x00, 0x00, 0x00, 0x00, 0x00,
  0x00, 0x00, 0x00, 0x00, 0x00, 0x00, 0x00, 0x00, 0x00, 0x00, 0x00, 0x00,
  0x00, 0x00, 0x00, 0x00, 0x00, 0x00, 0x00, 0x00, 0x00, 0x00, 0x00, 0x00,
  0x00, 0x00, 0x00, 0x00, 0x00, 0x00, 0x00, 0x00, 0x00, 0x00, 0x00, 0x00,
  0x00, 0x00, 0x00, 0x00, 0x00, 0x00, 0x00, 0x00, 0x00, 0x00, 0x00, 0x00,
  0x00, 0x00, 0x00, 0x00, 0x00, 0x00, 0x00, 0x00, 0x00, 0x00, 0x00, 0x00,
  0x00, 0x00, 0x00, 0x00, 0x00, 0x00, 0x00, 0x00, 0x00, 0x00, 0x00, 0x00,
  0x00, 0x00, 0x00, 0x00, 0x00, 0x00, 0x00, 0x00, 0x00, 0x00, 0x00, 0x00,
  0x00, 0x00, 0x00, 0x00, 0x00, 0x00, 0x00, 0x00, 0x00, 0x00, 0x00, 0x00,
  0x00, 0x00, 0x00, 0x00, 0x00, 0x00, 0x00, 0x00, 0x00, 0x00, 0x00, 0x00,
  0x00, 0x00, 0x00, 0x00, 0x00, 0x00, 0x00, 0x00, 0x00, 0x00, 0x00, 0x00,
  0x00, 0x00, 0x00, 0x00, 0x00, 0x00, 0x00, 0x00, 0x00, 0x00, 0x00, 0x00,
  0x00, 0x00, 0x00, 0x00, 0x00, 0x00, 0x00, 0x00, 0x00, 0x00, 0x00, 0x00,
  0x00, 0x00, 0x00, 0x00, 0x00, 0x00, 0x00, 0x00, 0x00, 0x00, 0x00, 0x00,
  0x00, 0x00, 0x00, 0x00, 0x00, 0x00, 0x00, 0x00, 0x00, 0x00, 0x00, 0x00,
  0x00, 0x00, 0x00, 0x00, 0x00, 0x00, 0x00, 0x00, 0x00, 0x00, 0x00, 0x00,
  0x00, 0x00, 0x00, 0x00, 0x00, 0x00, 0x00, 0x00, 0x00, 0x00, 0x00, 0x00,
  0x00, 0x00, 0x00, 0x00, 0x00, 0x00, 0x00, 0x00, 0x00, 0x00, 0x00, 0x00,
  0x00, 0x00, 0x00, 0x00, 0x00, 0x00, 0x00, 0x00, 0x00, 0x00, 0x00, 0x00,
  0x00, 0x00, 0x00, 0x00, 0x00, 0x00, 0x00, 0x00, 0x00, 0x00, 0x00, 0x00,
  0x00, 0x00, 0x00, 0x09, 0x32, 0xdf, 0x09, 0x32, 0x37, 0x09, 0x32, 0x72,
  0x09, 0x32, 0x43, 0x09, 0x32, 0xb6, 0x09, 0x32, 0x60, 0x09, 0x32, 0xc4,
  0x09, 0x32, 0x30, 0x09, 0x32, 0x67, 0x09, 0x32, 0x9f, 0x09, 0x32, 0x36,
  0x09, 0x32, 0xc1, 0x09, 0x32, 0x37, 0x09, 0x32, 0x47, 0x09, 0x32, 0x45,
  0x09, 0x32, 0xcc, 0x09, 0x32, 0x3a, 0x09, 0x32, 0xd9, 0x09, 0x32, 0xe1,
  0x09, 0x32, 0xe7, 0x09, 0x32, 0x32, 0x09, 0x32, 0xa5, 0x09, 0x32, 0x5f,
  0x09, 0x32, 0x71, 0x09, 0x32, 0x97, 0x09, 0x32, 0x6c, 0x09, 0x32, 0x9f,
  0xe9, 0x31, 0x00, 0x09, 0x32, 0x03, 0x09, 0x32, 0xad, 0x09, 0x32, 0x69,
  0x09, 0x32, 0xba, 0x09, 0x32, 0x4f, 0x00, 0x00, 0x00, 0x00, 0x00, 0x00,
  0x00, 0x00, 0x00, 0x00, 0x00, 0x00, 0x00, 0x00, 0x00, 0x00, 0x00, 0x00,
  0x00, 0x00, 0x00, 0x00, 0x00, 0x00, 0x00, 0x00, 0x00, 0x00, 0x00, 0x00,
  0x00, 0x00, 0x00, 0x00, 0x00, 0x00, 0x00, 0x00, 0x00, 0x00, 0x00, 0x00,
  0x00, 0x00, 0x00, 0x00, 0x00, 0x00, 0x00, 0x00, 0x00, 0x00, 0x00, 0x00,
  0x00, 0x00, 0x00, 0x00, 0x00, 0x00, 0x00, 0x00, 0x00, 0x00, 0x00, 0x00,
  0x00, 0x00, 0x00, 0x00, 0x00, 0x00, 0x00, 0x00, 0x00, 0x00, 0x00, 0x00,
  0x00, 0x00, 0x00, 0x00, 0x00, 0x00, 0x00, 0x00, 0x00, 0x00, 0x00, 0x00,
  0x00, 0x00, 0x00, 0x00, 0x00, 0x00, 0x00, 0x00, 0x00, 0x00, 0x00, 0x00,
  0x00, 0x00, 0x00, 0x00, 0x00, 0x00, 0x00, 0x00, 0x00, 0x00, 0x00, 0x00,
  0x00, 0x00, 0x00, 0x00, 0x00, 0x00, 0x00, 0x00, 0x00, 0x00, 0x00, 0x00,
  0x00, 0x00, 0x00, 0x00, 0x00, 0x00, 0x00, 0x00, 0x00, 0x00, 0x00, 0x00,
  0x00, 0x00, 0x00, 0x00, 0x00, 0x00, 0x00, 0x00, 0x00, 0x00, 0x00, 0x00,
  0x00, 0x00, 0x00, 0x00, 0x00, 0x00, 0x00, 0x00, 0x00, 0x00, 0x00, 0x00,
  0x00, 0x00, 0x00, 0x00, 0x00, 0x00, 0x00, 0x00, 0x00, 0x00, 0x00, 0x00,
  0x00, 0x00, 0x00, 0x00, 0x00, 0x00, 0x00, 0x00, 0x00, 0x00, 0x00, 0x00,
  0x00, 0x00, 0x00, 0x00, 0x00, 0x00, 0x00, 0x00, 0x00, 0x00, 0x00, 0x00,
  0x00, 0x00, 0x00, 0x00, 0x00, 0x00, 0x00, 0x00, 0x00, 0x00, 0x00, 0x00,
  0x00, 0x00, 0x00, 0x00, 0x00, 0x00, 0x00, 0x00, 0x00, 0x00, 0x00, 0x00,
  0x00, 0x00, 0x00, 0x00, 0x00, 0x00, 0x00, 0x00, 0x00, 0x00, 0x00, 0x00,
  0x00, 0x00, 0x00, 0x00, 0x00, 0x00, 0x00, 0x00, 0x00, 0x00, 0x00, 0x00,
  0x00, 0x00, 0x00, 0x00, 0x00, 0x00, 0x00, 0x00, 0x00, 0x00, 0x00, 0x00,
  0x00, 0x00, 0x00, 0x00, 0x00, 0x00, 0x00, 0x00, 0x00, 0x00, 0x00, 0x00,
  0x00, 0x00, 0x00, 0x00, 0x00, 0x00, 0x00, 0x00, 0x00, 0x00, 0x00, 0x00,
  0x00, 0x00, 0x00, 0x00, 0x00, 0x00, 0x00, 0x00, 0x00, 0x00, 0x00, 0x00,
  0x00, 0x00, 0x00, 0x09, 0x32, 0xdf, 0x09, 0x32, 0x37, 0x09, 0x32, 0xb2,
  0x09, 0x32, 0x61, 0x09, 0x32, 0xb6, 0x09, 0x32, 0x4e, 0x09, 0x32, 0xb0,
  0x09, 0x32, 0x5a, 0x09, 0x32, 0x66, 0x09, 0x32, 0xa0, 0x09, 0x32, 0x36,
  0x09, 0x32, 0xbf, 0x09, 0x32, 0x68, 0x09, 0x32, 0xb7, 0x09, 0x32, 0x27,
  0x09, 0x32, 0xc5, 0x09, 0x32, 0x5a, 0x09, 0x32, 0xd0, 0x09, 0x32, 0x93,
  0x09, 0x32, 0xd7, 0x09, 0x32, 0x4a, 0x09, 0x32, 0xa4, 0x09, 0x32, 0x5e,
  0x09, 0x32, 0x78, 0x09, 0x32, 0x96, 0x09, 0x32, 0x6b, 0x09, 0x32, 0x9f,
  0x09, 0x32, 0x00, 0x09, 0x32, 0x02, 0x09, 0x32, 0xae, 0x09, 0x32, 0x5c,
  0x09, 0x32, 0x9e, 0x09, 0x32, 0x82, 0x00, 0x00, 0x00, 0x00, 0x00, 0x00,
  0x00, 0x00, 0x00, 0x00, 0x00, 0x00, 0x00, 0x00, 0x00, 0x00, 0x00, 0x00,
  0x00, 0x00, 0x00, 0x00, 0x00, 0x00, 0x00, 0x00, 0x00, 0x00, 0x00, 0x00,
  0x00, 0x00, 0x00, 0x00, 0x00, 0x00, 0x00, 0x00, 0x00, 0x00, 0x00, 0x00,
  0x00, 0x00, 0x00, 0x00, 0x00, 0x00, 0x00, 0x00, 0x00, 0x00, 0x00, 0x00,
  0x00, 0x00, 0x00, 0x00, 0x00, 0x00, 0x00, 0x00, 0x00, 0x00, 0x00, 0x00,
  0x00, 0x00, 0x00, 0x00, 0x00, 0x00, 0x00, 0x00, 0x00, 0x00, 0x00, 0x00,
  0x00, 0x00, 0x00, 0x00, 0x00, 0x00, 0x00, 0x00, 0x00, 0x00, 0x00, 0x00,
  0x00, 0x00, 0x00, 0x00, 0x00, 0x00, 0x00, 0x00, 0x00, 0x00, 0x00, 0x00,
  0x00, 0x00, 0x00, 0x00, 0x00, 0x00, 0x00, 0x00, 0x00, 0x00, 0x00, 0x00,
  0x00, 0x00, 0x00, 0x00, 0x00, 0x00, 0x00, 0x00, 0x00, 0x00, 0x00, 0x00,
  0x00, 0x00, 0x00, 0x00, 0x00, 0x00, 0x00, 0x00, 0x00, 0x00, 0x00, 0x00,
  0x00, 0x00, 0x00, 0x00, 0x00, 0x00, 0x00, 0x00, 0x00, 0x00, 0x00, 0x00,
  0x00, 0x00, 0x00, 0x00, 0x00, 0x00, 0x00, 0x00, 0x00, 0x00, 0x00, 0x00,
  0x00, 0x00, 0x00, 0x00, 0x00, 0x00, 0x00, 0x00, 0x00, 0x00, 0x00, 0x00,
  0x00, 0x00, 0x00, 0x00, 0x00, 0x00, 0x00, 0x00, 0x00, 0x00, 0x00, 0x00,
  0x00, 0x00, 0x00, 0x00, 0x00, 0x00, 0x00, 0x00, 0x00, 0x00, 0x00, 0x00,
  0x00, 0x00, 0x00, 0x00, 0x00, 0x00, 0x00, 0x00, 0x00, 0x00, 0x00, 0x00,
  0x00, 0x00, 0x00, 0x00, 0x00, 0x00, 0x00, 0x00, 0x00, 0x00, 0x00, 0x00,
  0x00, 0x00, 0x00, 0x00, 0x00, 0x00, 0x00, 0x00, 0x00, 0x00, 0x00, 0x00,
  0x00, 0x00, 0x00, 0x00, 0x00, 0x00, 0x00, 0x00, 0x00, 0x00, 0x00, 0x00,
  0x00, 0x00, 0x00, 0x00, 0x00, 0x00, 0x00, 0x00, 0x00, 0x00, 0x00, 0x00,
  0x00, 0x00, 0x00, 0x00, 0x00, 0x00, 0x00, 0x00, 0x00, 0x00, 0x00, 0x00,
  0x00, 0x00, 0x00, 0x00, 0x00, 0x00, 0x00, 0x00, 0x00, 0x00, 0x00, 0x00,
  0x00, 0x00, 0x00, 0x00, 0x00, 0x00, 0x00, 0x00, 0x00, 0x00, 0x00, 0x00,
  0x00, 0x00, 0x00, 0x09, 0x32, 0xe0, 0x09, 0x32, 0x90, 0x09, 0x32, 0xcf,
  0x09, 0x32, 0x51, 0x09, 0x32, 0xb9, 0x09, 0x32, 0x46, 0x09, 0x32, 0x8c,
  0x09, 0x32, 0x8a, 0x09, 0x32, 0x54, 0x09, 0x32, 0xd0, 0x09, 0x32, 0x97,
  0x09, 0x32, 0xbd, 0x09, 0x32, 0x4d, 0x09, 0x32, 0xd5, 0x09, 0x32, 0x8a,
  0x09, 0x32, 0xc6, 0x09, 0x32, 0x64, 0x09, 0x32, 0xae, 0x09, 0x32, 0x06,
  0x09, 0x32, 0xa5, 0x09, 0x32, 0x69, 0x09, 0x32, 0xa6, 0x09, 0x32, 0xb5,
  0x09, 0x32, 0xd2, 0x09, 0x32, 0x74, 0x09, 0x32, 0x68, 0x09, 0x32, 0xd3,
  0x09, 0x32, 0x83, 0x09, 0x32, 0x44, 0x09, 0x32, 0xae, 0x09, 0x32, 0x58,
  0x09, 0x32, 0x75, 0x09, 0x32, 0xb8, 0x00, 0x00, 0x00, 0x00, 0x00, 0x00,
  0x00, 0x00, 0x00, 0x00, 0x00, 0x00, 0x00, 0x00, 0x00, 0x00, 0x00, 0x00,
  0x00, 0x00, 0x00, 0x00, 0x00, 0x00, 0x00, 0x00, 0x00, 0x00, 0x00, 0x00,
  0x00, 0x00, 0x00, 0x00, 0x00, 0x00, 0x00, 0x00, 0x00, 0x00, 0x00, 0x00,
  0x00, 0x00, 0x00, 0x00, 0x00, 0x00, 0x00, 0x00, 0x00, 0x00, 0x00, 0x00,
  0x00, 0x00, 0x00, 0x00, 0x00, 0x00, 0x00, 0x00, 0x00, 0x00, 0x00, 0x00,
  0x00, 0x00, 0x00, 0x00, 0x00, 0x00, 0x00, 0x00, 0x00, 0x00, 0x00, 0x00,
  0x00, 0x00, 0x00, 0x00, 0x00, 0x00, 0x00, 0x00, 0x00, 0x00, 0x00, 0x00,
  0x00, 0x00, 0x00, 0x00, 0x00, 0x00, 0x00, 0x00, 0x00, 0x00, 0x00, 0x00,
  0x00, 0x00, 0x00, 0x00, 0x00, 0x00, 0x00, 0x00, 0x00, 0x00, 0x00, 0x00,
  0x00, 0x00, 0x00, 0x00, 0x00, 0x00, 0x00, 0x00, 0x00, 0x00, 0x00, 0x00,
  0x00, 0x00, 0x00, 0x00, 0x00, 0x00, 0x00, 0x00, 0x00, 0x00, 0x00, 0x00,
  0x00, 0x00, 0x00, 0x00, 0x00, 0x00, 0x00, 0x00, 0x00, 0x00, 0x00, 0x00,
  0x00, 0x00, 0x00, 0x00, 0x00, 0x00, 0x00, 0x00, 0x00, 0x00, 0x00, 0x00,
  0x00, 0x00, 0x00, 0x00, 0x00, 0x00, 0x00, 0x00, 0x00, 0x00, 0x00, 0x00,
  0x00, 0x00, 0x00, 0x00, 0x00, 0x00, 0x00, 0x00, 0x00, 0x00, 0x00, 0x00,
  0x00, 0x00, 0x00, 0x00, 0x00, 0x00, 0x00, 0x00, 0x00, 0x00, 0x00, 0x00,
  0x00, 0x00, 0x00, 0x00, 0x00, 0x00, 0x00, 0x00, 0x00, 0x00, 0x00, 0x00,
  0x00, 0x00, 0x00, 0x00, 0x00, 0x00, 0x00, 0x00, 0x00, 0x00, 0x00, 0x00,
  0x00, 0x00, 0x00, 0x00, 0x00, 0x00, 0x00, 0x00, 0x00, 0x00, 0x00, 0x00,
  0x00, 0x00, 0x00, 0x00, 0x00, 0x00, 0x00, 0x00, 0x00, 0x00, 0x00, 0x00,
  0x00, 0x00, 0x00, 0x00, 0x00, 0x00, 0x00, 0x00, 0x00, 0x00, 0x00, 0x00,
  0x00, 0x00, 0x00, 0x00, 0x00, 0x00, 0x00, 0x00, 0x00, 0x00, 0x00, 0x00,
  0x00, 0x00, 0x00, 0x00, 0x00, 0x00, 0x00, 0x00, 0x00, 0x00, 0x00, 0x00,
  0x00, 0x00, 0x00, 0x00, 0x00, 0x00, 0x00, 0x00, 0x00, 0x00, 0x00, 0x00,
  0x00, 0x00, 0x00, 0x09, 0x32, 0x78, 0x09, 0x32, 0xe0, 0x09, 0x32, 0xa4,
  0x09, 0x32, 0x19, 0x09, 0x32, 0x96, 0x09, 0x32, 0x36, 0x09, 0x32, 0x50,
  0x09, 0x32, 0x8c, 0x09, 0x32, 0x1b, 0x09, 0x32, 0xb1, 0x09, 0x32, 0xe0,
  0x09, 0x32, 0x61, 0x09, 0x32, 0x0c, 0x09, 0x32, 0x9e, 0x09, 0x32, 0xe5,
  0x09, 0x32, 0x74, 0x09, 0x32, 0x4e, 0x09, 0x32, 0x81, 0x09, 0x32, 0x00,
  0x09, 0x32, 0x72, 0x09, 0x32, 0x67, 0x09, 0x32, 0x87, 0x09, 0x32, 0xd7,
  0x09, 0x32, 0xaa, 0x09, 0x32, 0x1a, 0x09, 0x32, 0x52, 0x09, 0x32, 0xd0,
  0x09, 0x32, 0xd4, 0x09, 0x32, 0x6a, 0x09, 0x32, 0x89, 0x09, 0x32, 0x46,
  0x09, 0x32, 0x3f, 0x09, 0x32, 0xae, 0x00, 0x00, 0x00, 0x00, 0x00, 0x00,
  0x00, 0x00, 0x00, 0x00, 0x00, 0x00, 0x00, 0x00, 0x00, 0x00, 0x00, 0x00,
  0x00, 0x00, 0x00, 0x00, 0x00, 0x00, 0x00, 0x00, 0x00, 0x00, 0x00, 0x00,
  0x00, 0x00, 0x00, 0x00, 0x00, 0x00, 0x00, 0x00, 0x00, 0x00, 0x00, 0x00,
  0x00, 0x00, 0x00, 0x00, 0x00, 0x00, 0x00, 0x00, 0x00, 0x00, 0x00, 0x00,
  0x00, 0x00, 0x00, 0x00, 0x00, 0x00, 0x00, 0x00, 0x00, 0x00, 0x00, 0x00,
  0x00, 0x00, 0x00, 0x00, 0x00, 0x00, 0x00, 0x00, 0x00, 0x00, 0x00, 0x00,
  0x00, 0x00, 0x00, 0x00, 0x00, 0x00, 0x00, 0x00, 0x00, 0x00, 0x00, 0x00,
  0x00, 0x00, 0x00, 0x00, 0x00, 0x00, 0x00, 0x00, 0x00, 0x00, 0x00, 0x00,
  0x00, 0x00, 0x00, 0x00, 0x00, 0x00, 0x00, 0x00, 0x00, 0x00, 0x00, 0x00,
  0x00, 0x00, 0x00, 0x00, 0x00, 0x00, 0x00, 0x00, 0x00, 0x00, 0x00, 0x00,
  0x00, 0x00, 0x00, 0x00, 0x00, 0x00, 0x00, 0x00, 0x00, 0x00, 0x00, 0x00,
  0x00, 0x00, 0x00, 0x00, 0x00, 0x00, 0x00, 0x00, 0x00, 0x00, 0x00, 0x00,
  0x00, 0x00, 0x00, 0x00, 0x00, 0x00, 0x00, 0x00, 0x00, 0x00, 0x00, 0x00,
  0x00, 0x00, 0x00, 0x00, 0x00, 0x00, 0x00, 0x00, 0x00, 0x00, 0x00, 0x00,
  0x00, 0x00, 0x00, 0x00, 0x00, 0x00, 0x00, 0x00, 0x00, 0x00, 0x00, 0x00,
  0x00, 0x00, 0x00, 0x00, 0x00, 0x00, 0x00, 0x00, 0x00, 0x00, 0x00, 0x00,
  0x00, 0x00, 0x00, 0x00, 0x00, 0x00, 0x00, 0x00, 0x00, 0x00, 0x00, 0x00,
  0x00, 0x00, 0x00, 0x00, 0x00, 0x00, 0x00, 0x00, 0x00, 0x00, 0x00, 0x00,
  0x00, 0x00, 0x00, 0x00, 0x00, 0x00, 0x00, 0x00, 0x00, 0x00, 0x00, 0x00,
  0x00, 0x00, 0x00, 0x00, 0x00, 0x00, 0x00, 0x00, 0x00, 0x00, 0x00, 0x00,
  0x00, 0x00, 0x00, 0x00, 0x00, 0x00, 0x00, 0x00, 0x00, 0x00, 0x00, 0x00,
  0x00, 0x00, 0x00, 0x00, 0x00, 0x00, 0x00, 0x00, 0x00, 0x00, 0x00, 0x00,
  0x00, 0x00, 0x00, 0x00, 0x00, 0x00, 0x00, 0x00, 0x00, 0x00, 0x00, 0x00,
  0x00, 0x00, 0x00, 0x00, 0x00, 0x00, 0x00, 0x00, 0x00, 0x00, 0x00, 0x00,
  0x00, 0x00, 0x00, 0x09, 0x32, 0x08, 0x09, 0x32, 0x1f, 0x09, 0x32, 0x11,
  0x09, 0x32, 0x06, 0x09, 0x32, 0x10, 0x09, 0x32, 0x04, 0x09, 0x32, 0x08,
  0x09, 0x32, 0x1d, 0x09, 0x32, 0x03, 0x09, 0x32, 0x0f, 0x09, 0x32, 0x21,
  0x09, 0x32, 0x07, 0x09, 0x32, 0x02, 0x09, 0x32, 0x0b, 0x09, 0x32, 0x26,
  0x09, 0x32, 0x12, 0x09, 0x32, 0x07, 0x09, 0x32, 0x0b, 0x09, 0x32, 0x10,
  0x09, 0x32, 0x13, 0x09, 0x32, 0x09, 0x09, 0x32, 0x11, 0x09, 0x32, 0x21,
  0x09, 0x32, 0x09, 0x09, 0x32, 0x00, 0x09, 0x32, 0x0b, 0x09, 0x32, 0x12,
  0x09, 0x32, 0x12, 0x09, 0x32, 0x16, 0x09, 0x32, 0x13, 0x09, 0x32, 0x05,
  0x09, 0x32, 0x08, 0x09, 0x32, 0x1e, 0x00, 0x00, 0x00, 0x00, 0x00, 0x00,
  0x00, 0x00, 0x00, 0x00, 0x00, 0x00, 0x00, 0x00, 0x00, 0x00, 0x00, 0x00,
  0x00, 0x00, 0x00, 0x00, 0x00, 0x00, 0x00, 0x00, 0x00, 0x00, 0x00, 0x00,
  0x00, 0x00, 0x00, 0x00, 0x00, 0x00, 0x00, 0x00, 0x00, 0x00, 0x00, 0x00,
  0x00, 0x00, 0x00, 0x00, 0x00, 0x00, 0x00, 0x00, 0x00, 0x00, 0x00, 0x00,
  0x00, 0x00, 0x00, 0x00, 0x00, 0x00, 0x00, 0x00, 0x00, 0x00, 0x00, 0x00,
  0x00, 0x00, 0x00, 0x00, 0x00, 0x00, 0x00, 0x00, 0x00, 0x00, 0x00, 0x00,
  0x00, 0x00, 0x00, 0x00, 0x00, 0x00, 0x00, 0x00, 0x00, 0x00, 0x00, 0x00,
  0x00, 0x00, 0x00, 0x00, 0x00, 0x00, 0x00, 0x00, 0x00, 0x00, 0x00, 0x00,
  0x00, 0x00, 0x00, 0x00, 0x00, 0x00, 0x00, 0x00, 0x00, 0x00, 0x00, 0x00,
  0x00, 0x00, 0x00, 0x00, 0x00, 0x00, 0x00, 0x00, 0x00, 0x00, 0x00, 0x00,
  0x00, 0x00, 0x00, 0x00, 0x00, 0x00, 0x00, 0x00, 0x00, 0x00, 0x00, 0x00,
  0x00, 0x00, 0x00, 0x00, 0x00, 0x00, 0x00, 0x00, 0x00, 0x00, 0x00, 0x00,
  0x00, 0x00, 0x00, 0x00, 0x00, 0x00, 0x00, 0x00, 0x00, 0x00, 0x00, 0x00,
  0x00, 0x00, 0x00, 0x00, 0x00, 0x00, 0x00, 0x00, 0x00, 0x00, 0x00, 0x00,
  0x00, 0x00, 0x00, 0x00, 0x00, 0x00, 0x00, 0x00, 0x00, 0x00, 0x00, 0x00,
  0x00, 0x00, 0x00, 0x00, 0x00, 0x00, 0x00, 0x00, 0x00, 0x00, 0x00, 0x00,
  0x00, 0x00, 0x00, 0x00, 0x00, 0x00, 0x00, 0x00, 0x00, 0x00, 0x00, 0x00,
  0x00, 0x00, 0x00, 0x00, 0x00, 0x00, 0x00, 0x00, 0x00, 0x00, 0x00, 0x00,
  0x00, 0x00, 0x00, 0x00, 0x00, 0x00, 0x00, 0x00, 0x00, 0x00, 0x00, 0x00,
  0x00, 0x00, 0x00, 0x00, 0x00, 0x00, 0x00, 0x00, 0x00, 0x00, 0x00, 0x00,
  0x00, 0x00, 0x00, 0x00, 0x00, 0x00, 0x00, 0x00, 0x00, 0x00, 0x00, 0x00,
  0x00, 0x00, 0x00, 0x00, 0x00, 0x00, 0x00, 0x00, 0x00, 0x00, 0x00, 0x00,
  0x00, 0x00, 0x00, 0x00, 0x00, 0x00, 0x00, 0x00, 0x00, 0x00, 0x00, 0x00,
  0x00, 0x00, 0x00, 0x00, 0x00, 0x00, 0x00, 0x00, 0x00, 0x00, 0x00, 0x00,
  0x00, 0x00, 0x00, 0x09, 0x32, 0x2b, 0x09, 0x32, 0x00, 0x09, 0x32, 0x24,
  0x09, 0x32, 0x53, 0x09, 0x32, 0x2d, 0x09, 0x32, 0x00, 0x09, 0x32, 0x1a,
  0x09, 0x32, 0x46, 0x09, 0x32, 0x2e, 0x09, 0x32, 0x00, 0x09, 0x32, 0x17,
  0x09, 0x32, 0x2d, 0x09, 0x32, 0x24, 0x09, 0x32, 0x00, 0x09, 0x32, 0x24,
  0x09, 0x32, 0x42, 0x09, 0x32, 0x02, 0x0a, 0x32, 0x01, 0x09, 0x32, 0x43,
  0x09, 0x32, 0x23, 0x09, 0x32, 0x00, 0x09, 0x32, 0x24, 0x09, 0x32, 0x60,
  0x09, 0x32, 0x11, 0x0a, 0x3a, 0x00, 0x09, 0x32, 0x2d, 0x09, 0x32, 0x04,
  0x09, 0x32, 0x06, 0x09, 0x32, 0x52, 0x09, 0x32, 0x1e, 0x09, 0x32, 0x00,
  0x09, 0x32, 0x20, 0x09, 0x32, 0x4f, 0x00, 0x00, 0x00, 0x00, 0x00, 0x00,
  0x00, 0x00, 0x00, 0x00, 0x00, 0x00, 0x00, 0x00, 0x00, 0x00, 0x00, 0x00,
  0x00, 0x00, 0x00, 0x00, 0x00, 0x00, 0x00, 0x00, 0x00, 0x00, 0x00, 0x00,
  0x00, 0x00, 0x00, 0x00, 0x00, 0x00, 0x00, 0x00, 0x00, 0x00, 0x00, 0x00,
  0x00, 0x00, 0x00, 0x00, 0x00, 0x00, 0x00, 0x00, 0x00, 0x00, 0x00, 0x00,
  0x00, 0x00, 0x00, 0x00, 0x00, 0x00, 0x00, 0x00, 0x00, 0x00, 0x00, 0x00,
  0x00, 0x00, 0x00, 0x00, 0x00, 0x00, 0x00, 0x00, 0x00, 0x00, 0x00, 0x00,
  0x00, 0x00, 0x00, 0x00, 0x00, 0x00, 0x00, 0x00, 0x00, 0x00, 0x00, 0x00,
  0x00, 0x00, 0x00, 0x00, 0x00, 0x00, 0x00, 0x00, 0x00, 0x00, 0x00, 0x00,
  0x00, 0x00, 0x00, 0x00, 0x00, 0x00, 0x00, 0x00, 0x00, 0x00, 0x00, 0x00,
  0x00, 0x00, 0x00, 0x00, 0x00, 0x00, 0x00, 0x00, 0x00, 0x00, 0x00, 0x00,
  0x00, 0x00, 0x00, 0x00, 0x00, 0x00, 0x00, 0x00, 0x00, 0x00, 0x00, 0x00,
  0x00, 0x00, 0x00, 0x00, 0x00, 0x00, 0x00, 0x00, 0x00, 0x00, 0x00, 0x00,
  0x00, 0x00, 0x00, 0x00, 0x00, 0x00, 0x00, 0x00, 0x00, 0x00, 0x00, 0x00,
  0x00, 0x00, 0x00, 0x00, 0x00, 0x00, 0x00, 0x00, 0x00, 0x00, 0x00, 0x00,
  0x00, 0x00, 0x00, 0x00, 0x00, 0x00, 0x00, 0x00, 0x00, 0x00, 0x00, 0x00,
  0x00, 0x00, 0x00, 0x00, 0x00, 0x00, 0x00, 0x00, 0x00, 0x00, 0x00, 0x00,
  0x00, 0x00, 0x00, 0x00, 0x00, 0x00, 0x00, 0x00, 0x00, 0x00, 0x00, 0x00,
  0x00, 0x00, 0x00, 0x00, 0x00, 0x00, 0x00, 0x00, 0x00, 0x00, 0x00, 0x00,
  0x00, 0x00, 0x00, 0x00, 0x00, 0x00, 0x00, 0x00, 0x00, 0x00, 0x00, 0x00,
  0x00, 0x00, 0x00, 0x00, 0x00, 0x00, 0x00, 0x00, 0x00, 0x00, 0x00, 0x00,
  0x00, 0x00, 0x00, 0x00, 0x00, 0x00, 0x00, 0x00, 0x00, 0x00, 0x00, 0x00,
  0x00, 0x00, 0x00, 0x00, 0x00, 0x00, 0x00, 0x00, 0x00, 0x00, 0x00, 0x00,
  0x00, 0x00, 0x00, 0x00, 0x00, 0x00, 0x00, 0x00, 0x00, 0x00, 0x00, 0x00,
  0x00, 0x00, 0x00, 0x00, 0x00, 0x00, 0x00, 0x00, 0x00, 0x00, 0x00, 0x00,
  0x00, 0x00, 0x00, 0x09, 0x32, 0x31, 0x09, 0x32, 0x00, 0xe9, 0x31, 0x20,
  0x09, 0x32, 0x51, 0x09, 0x32, 0x45, 0x09, 0x32, 0x00, 0x09, 0x32, 0x1d,
  0x09, 0x32, 0x52, 0x09, 0x32, 0x32, 0x09, 0x32, 0x00, 0x09, 0x32, 0x18,
  0x09, 0x32, 0x52, 0x09, 0x32, 0x29, 0x09, 0x32, 0x00, 0x09, 0x32, 0x1d,
  0x09, 0x32, 0x56, 0x09, 0x32, 0x08, 0x09, 0x32, 0x00, 0x09, 0x32, 0x2a,
  0x09, 0x32, 0x11, 0x09, 0x32, 0x00, 0x09, 0x32, 0x24, 0x09, 0x32, 0x5c,
  0x09, 0x32, 0x11, 0x0a, 0x3a, 0x00, 0x09, 0x32, 0x33, 0x09, 0x32, 0x06,
  0x09, 0x32, 0x08, 0x09, 0x32, 0x5d, 0x09, 0x32, 0x25, 0x09, 0x32, 0x00,
  0x09, 0x32, 0x18, 0x09, 0x32, 0x64, 0x00, 0x00, 0x00, 0x00, 0x00, 0x00,
  0x00, 0x00, 0x00, 0x00, 0x00, 0x00, 0x00, 0x00, 0x00, 0x00, 0x00, 0x00,
  0x00, 0x00, 0x00, 0x00, 0x00, 0x00, 0x00, 0x00, 0x00, 0x00, 0x00, 0x00,
  0x00, 0x00, 0x00, 0x00, 0x00, 0x00, 0x00, 0x00, 0x00, 0x00, 0x00, 0x00,
  0x00, 0x00, 0x00, 0x00, 0x00, 0x00, 0x00, 0x00, 0x00, 0x00, 0x00, 0x00,
  0x00, 0x00, 0x00, 0x00, 0x00, 0x00, 0x00, 0x00, 0x00, 0x00, 0x00, 0x00,
  0x00, 0x00, 0x00, 0x00, 0x00, 0x00, 0x00, 0x00, 0x00, 0x00, 0x00, 0x00,
  0x00, 0x00, 0x00, 0x00, 0x00, 0x00, 0x00, 0x00, 0x00, 0x00, 0x00, 0x00,
  0x00, 0x00, 0x00, 0x00, 0x00, 0x00, 0x00, 0x00, 0x00, 0x00, 0x00, 0x00,
  0x00, 0x00, 0x00, 0x00, 0x00, 0x00, 0x00, 0x00, 0x00, 0x00, 0x00, 0x00,
  0x00, 0x00, 0x00, 0x00, 0x00, 0x00, 0x00, 0x00, 0x00, 0x00, 0x00, 0x00,
  0x00, 0x00, 0x00, 0x00, 0x00, 0x00, 0x00, 0x00, 0x00, 0x00, 0x00, 0x00,
  0x00, 0x00, 0x00, 0x00, 0x00, 0x00, 0x00, 0x00, 0x00, 0x00, 0x00, 0x00,
  0x00, 0x00, 0x00, 0x00, 0x00, 0x00, 0x00, 0x00, 0x00, 0x00, 0x00, 0x00,
  0x00, 0x00, 0x00, 0x00, 0x00, 0x00, 0x00, 0x00, 0x00, 0x00, 0x00, 0x00,
  0x00, 0x00, 0x00, 0x00, 0x00, 0x00, 0x00, 0x00, 0x00, 0x00, 0x00, 0x00,
  0x00, 0x00, 0x00, 0x00, 0x00, 0x00, 0x00, 0x00, 0x00, 0x00, 0x00, 0x00,
  0x00, 0x00, 0x00, 0x00, 0x00, 0x00, 0x00, 0x00, 0x00, 0x00, 0x00, 0x00,
  0x00, 0x00, 0x00, 0x00, 0x00, 0x00, 0x00, 0x00, 0x00, 0x00, 0x00, 0x00,
  0x00, 0x00, 0x00, 0x00, 0x00, 0x00, 0x00, 0x00, 0x00, 0x00, 0x00, 0x00,
  0x00, 0x00, 0x00, 0x00, 0x00, 0x00, 0x00, 0x00, 0x00, 0x00, 0x00, 0x00,
  0x00, 0x00, 0x00, 0x00, 0x00, 0x00, 0x00, 0x00, 0x00, 0x00, 0x00, 0x00,
  0x00, 0x00, 0x00, 0x00, 0x00, 0x00, 0x00, 0x00, 0x00, 0x00, 0x00, 0x00,
  0x00, 0x00, 0x00, 0x00, 0x00, 0x00, 0x00, 0x00, 0x00, 0x00, 0x00, 0x00,
  0x00, 0x00, 0x00, 0x00, 0x00, 0x00, 0x00, 0x00, 0x00, 0x00, 0x00, 0x00,
  0x00, 0x00, 0x00, 0x00, 0x00, 0x00, 0x00, 0x00, 0x00, 0x00, 0x00, 0x00,
  0x00, 0x00, 0x00, 0x00, 0x00, 0x00, 0x00, 0x00, 0x00, 0x00, 0x00, 0x00,
  0x00, 0x00, 0x00, 0x00, 0x00, 0x00, 0x00, 0x00, 0x00, 0x00, 0x00, 0x00,
  0x00, 0x00, 0x00, 0x00, 0x00, 0x00, 0x00, 0x00, 0x00, 0x00, 0x00, 0x00,
  0x00, 0x00, 0x00, 0x00, 0x00, 0x00, 0x00, 0x00, 0x00, 0x00, 0x00, 0x00,
  0x00, 0x00, 0x00, 0x00, 0x00, 0x00, 0x00, 0x00, 0x00, 0x00, 0x00, 0x00,
  0x00, 0x00, 0x00, 0x00, 0x00, 0x00, 0x00, 0x00, 0x00, 0x00, 0x00, 0x00,
  0x00, 0x00, 0x00, 0x00, 0x00, 0x00, 0x00, 0x00, 0x00, 0x00, 0x00, 0x00,
  0x00, 0x00, 0x00, 0x00, 0x00, 0x00, 0x00, 0x00, 0x00, 0x00, 0x00, 0x00,
  0x00, 0x00, 0x00, 0x00, 0x00, 0x00, 0x00, 0x00, 0x00, 0x00, 0x00, 0x00,
  0x00, 0x00, 0x00, 0x00, 0x00, 0x00, 0x00, 0x00, 0x00, 0x00, 0x00, 0x00,
  0x00, 0x00, 0x00, 0x00, 0x00, 0x00, 0x00, 0x00, 0x00, 0x00, 0x00, 0x00,
  0x00, 0x00, 0x00, 0x00, 0x00, 0x00, 0x00, 0x00, 0x00, 0x00, 0x00, 0x00,
  0x00, 0x00, 0x00, 0x00, 0x00, 0x00, 0x00, 0x00, 0x00, 0x00, 0x00, 0x00,
  0x00, 0x00, 0x00, 0x00, 0x00, 0x00, 0x00, 0x00, 0x00, 0x00, 0x00, 0x00,
  0x00, 0x00, 0x00, 0x00, 0x00, 0x00, 0x00, 0x00, 0x00, 0x00, 0x00, 0x00,
  0x00, 0x00, 0x00, 0x00, 0x00, 0x00, 0x00, 0x00, 0x00, 0x00, 0x00, 0x00,
  0x00, 0x00, 0x00, 0x00, 0x00, 0x00, 0x00, 0x00, 0x00, 0x00, 0x00, 0x00,
  0x00, 0x00, 0x00, 0x00, 0x00, 0x00, 0x00, 0x00, 0x00, 0x00, 0x00, 0x00,
  0x00, 0x00, 0x00, 0x00, 0x00, 0x00, 0x00, 0x00, 0x00, 0x00, 0x00, 0x00,
  0x00, 0x00, 0x00, 0x00, 0x00, 0x00, 0x00, 0x00, 0x00, 0x00, 0x00, 0x00,
  0x00, 0x00, 0x00, 0x00, 0x00, 0x00, 0x00, 0x00, 0x00, 0x00, 0x00, 0x00,
  0x00, 0x00, 0x00, 0x00, 0x00, 0x00, 0x00, 0x00, 0x00, 0x00, 0x00, 0x00,
  0x00, 0x00, 0x00, 0x00, 0x00, 0x00, 0x00, 0x00, 0x00, 0x00, 0x00, 0x00,
  0x00, 0x00, 0x00, 0x00, 0x00, 0x00, 0x00, 0x00, 0x00, 0x00, 0x00, 0x00,
  0x00, 0x00, 0x00, 0x00, 0x00, 0x00, 0x00, 0x00, 0x00, 0x00, 0x00, 0x00,
  0x00, 0x00, 0x00, 0x00, 0x00, 0x00, 0x00, 0x00, 0x00, 0x00, 0x00, 0x00,
  0x00, 0x00, 0x00, 0x00, 0x00, 0x00, 0x00, 0x00, 0x00, 0x00, 0x00, 0x00,
  0x00, 0x00, 0x00, 0x00, 0x00, 0x00, 0x00, 0x00, 0x00, 0x00, 0x00, 0x00,
  0x00, 0x00, 0x00, 0x00, 0x00, 0x00, 0x00, 0x00, 0x00, 0x00, 0x00, 0x00,
  0x00, 0x00, 0x00, 0x00, 0x00, 0x00, 0x00, 0x00, 0x00, 0x00, 0x00, 0x00,
  0x00, 0x00, 0x00, 0x00, 0x00, 0x00, 0x00, 0x00, 0x00, 0x00, 0x00, 0x00,
  0x00, 0x00, 0x00, 0x00, 0x00, 0x00, 0x00, 0x00, 0x00, 0x00, 0x00, 0x00,
  0x00, 0x00, 0x00, 0x00, 0x00, 0x00, 0x00, 0x00, 0x00, 0x00, 0x00, 0x00,
  0x00, 0x00, 0x00, 0x00, 0x00, 0x00, 0x00, 0x00, 0x00, 0x00, 0x00, 0x00,
  0x00, 0x00, 0x00, 0x00, 0x00, 0x00, 0x00, 0x00, 0x00, 0x00, 0x00, 0x00,
  0x00, 0x00, 0x00, 0x00, 0x00, 0x00, 0x00, 0x00, 0x00, 0x00, 0x00, 0x00,
  0x00, 0x00, 0x00, 0x00, 0x00, 0x00, 0x00, 0x00, 0x00, 0x00, 0x00, 0x00,
  0x00, 0x00, 0x00, 0x00, 0x00, 0x00, 0x00, 0x00, 0x00, 0x00, 0x00, 0x00,
  0x00, 0x00, 0x00, 0x00, 0x00, 0x00, 0x00, 0x00, 0x00, 0x00, 0x00, 0x00,
  0x00, 0x00, 0x00, 0x00, 0x00, 0x00, 0x00, 0x00, 0x00, 0x00, 0x00, 0x00,
  0x00, 0x00, 0x00, 0x00, 0x00, 0x00, 0x00, 0x00, 0x00, 0x00, 0x00, 0x00,
  0x00, 0x00, 0x00, 0x00, 0x00, 0x00, 0x00, 0x00, 0x00, 0x00, 0x00, 0x00,
  0x00, 0x00, 0x00, 0x00, 0x00, 0x00, 0x00, 0x00, 0x00, 0x00, 0x00, 0x00,
  0x00, 0x00, 0x00, 0x00, 0x00, 0x00, 0x00, 0x00, 0x00, 0x00, 0x00, 0x00,
  0x00, 0x00, 0x00, 0x00, 0x00, 0x00, 0x00, 0x00, 0x00, 0x00, 0x00, 0x00,
  0x00, 0x00, 0x00, 0x00, 0x00, 0x00, 0x00, 0x00, 0x00, 0x00, 0x00, 0x00,
  0x00, 0x00, 0x00, 0x00, 0x00, 0x00, 0x00, 0x00, 0x00, 0x00, 0x00, 0x00,
  0x00, 0x00, 0x00, 0x00, 0x00, 0x00, 0x00, 0x00, 0x00, 0x00, 0x00, 0x00,
  0x00, 0x00, 0x00, 0x00, 0x00, 0x00, 0x00, 0x00, 0x00, 0x00, 0x00, 0x00,
  0x00, 0x00, 0x00, 0x00, 0x00, 0x00, 0x00, 0x00, 0x00, 0x00, 0x00, 0x00,
  0x00, 0x00, 0x00, 0x00, 0x00, 0x00, 0x00, 0x00, 0x00, 0x00, 0x00, 0x00,
  0x00, 0x00, 0x00, 0x00, 0x00, 0x00, 0x00, 0x00, 0x00, 0x00, 0x00, 0x00,
  0x00, 0x00, 0x00, 0x00, 0x00, 0x00, 0x00, 0x00, 0x00, 0x00, 0x00, 0x00
};

const lv_img_dsc_t sc_pad_logo_crusader = {
  .header.cf = LV_IMG_CF_TRUE_COLOR_ALPHA,
  .header.always_zero = 0,
  .header.reserved = 0,
  .header.w = 132,
  .header.h = 48,
  .data_size = 6336 * LV_IMG_PX_SIZE_ALPHA_BYTE,
  .data = sc_pad_logo_crusader_map,
};

